oid,mjd,fid,magpsf,sigmapsf,diffmaglim,isdiffpos
ZTF18aaayemw,58374.5121528,2,19.4232,0.13924032,19.8797,-1
ZTF18aaayemw,58387.4901505,2,19.4484,0.17791942,19.4998,-1
ZTF18aaayemw,58390.5089236,2,19.4387,0.115421504,20.0175,-1
ZTF18aaayemw,58422.5312616,2,19.3423,0.13521406,20.0025,-1
ZTF18aaayemw,58425.4726852,2,19.3931,0.11886792,20.0532,-1
ZTF18aaayemw,58425.5359838,1,20.0716,0.20289545,20.2799,-1
ZTF18aaayemw,58425.5499537,1,20.0944,0.290128,19.5996,-1
ZTF18aaayemw,58428.5064815,2,19.3069,0.10437629,20.5244,-1
ZTF18aaayemw,58428.5359144,1,20.0302,0.119487084,20.9966,-1
ZTF18aaayemw,58431.4915278,1,19.9688,0.17855398,20.5358,-1
ZTF18aaayemw,58431.5151968,2,19.2655,0.14523865,19.9691,-1
ZTF18aaayemw,58434.4916088,2,19.3152,0.17365426,19.8427,-1
ZTF18aaayemw,58434.5080903,1,19.8851,0.14449255,20.3496,-1
ZTF18aaayemw,58437.4950231,1,19.9406,0.133529,20.6773,-1
ZTF18aaayemw,58437.5259375,2,19.2869,0.100404,20.4687,-1
ZTF18aaayemw,58440.4653009,1,19.9341,0.113864556,20.8346,-1
ZTF18aaayemw,58440.5124537,2,19.3202,0.11656732,20.6159,-1
ZTF18aaayemw,58443.4331366,2,19.3421,0.12314924,20.1259,-1
ZTF18aaayemw,58443.5305787,1,19.9944,0.13423727,20.8115,-1
ZTF18aaayemw,58447.4509722,2,19.3603,0.16215947,19.5511,-1
ZTF18aaayemw,58447.5085764,2,19.3246,0.14653322,19.7296,-1
ZTF18aaayemw,58450.4408102,1,20.0222,0.19499941,19.9506,-1
ZTF18aaayemw,58450.5371759,2,19.2886,0.117068455,20.1971,-1
ZTF18aaayemw,58455.4837616,2,19.3311,0.10558087,20.3578,-1
ZTF18aaayemw,58455.5337269,2,19.2556,0.16777399,20.1897,-1
ZTF18aaayemw,58465.4703125,2,19.2727,0.09631646,20.3768,-1
ZTF18aaayemw,58465.5378935,1,20.0793,0.14691356,20.6522,-1
ZTF18aaayemw,58468.433206,1,20.1269,0.16480854,20.9048,-1
ZTF18aaayemw,58468.5097338,2,19.3199,0.10058215,20.587,-1
ZTF18aaayemw,58471.532581,2,19.3732,0.11865102,20.3087,-1
ZTF18aaayemw,58480.4296065,2,19.2051,0.11327698,19.9869,-1
ZTF18aaayemw,58480.4710301,1,19.9879,0.21074972,19.9721,-1
ZTF18aaayemw,58486.4252199,1,19.9065,0.218234,20.2934,-1
ZTF18aaayemw,58486.4659028,2,19.2595,0.08757853,20.4967,-1
ZTF18aaayemw,58491.2609722,2,19.3483,0.115511745,20.2666,-1
ZTF18aaayemw,58494.4721065,1,19.9864,0.12432124,20.858,-1
ZTF18aaayemw,58502.5083796,2,19.2758,0.27551,19.1358,-1
ZTF18aaayemw,58505.5300579,2,19.2131,0.233663,18.7588,-1
ZTF18aaayemw,58508.2016435,1,19.8725,0.15791851,20.4262,-1
ZTF18aaayemw,58508.2384954,2,19.312,0.121678874,20.3417,-1
ZTF18aaayemw,58511.4258218,1,19.959,0.17232747,20.4484,-1
ZTF18aaayemw,58514.4115972,2,19.3248,0.16620754,19.8815,-1
ZTF18aaayemw,58522.4014468,1,19.8719,0.11822736,20.8613,-1
ZTF18aaayemw,58526.4358449,1,19.9081,0.20016095,20.0103,-1
ZTF18aaayemw,58534.2798264,1,19.6723,0.306656,19.267,-1
ZTF18aaayemw,58534.3581134,2,19.2344,0.227154,19.1503,-1
ZTF18aaayemw,58556.2015162,2,19.2853,0.182247,19.6038,-1
ZTF18aaayemw,58559.2379977,2,19.334,0.19546558,19.523,-1
ZTF18aaayemw,58559.2983912,1,19.7361,0.256215,19.1912,-1
ZTF18aaayemw,58567.2006019,1,19.9168,0.14861906,20.7818,-1
ZTF18aaayemw,58567.2196181,2,19.2473,0.0809971,20.5722,-1
ZTF18aaayemw,58572.2204398,2,19.1602,0.15734057,19.4679,-1
ZTF18aaayemw,58575.2152315,2,19.3431,0.18932073,19.6439,-1
ZTF18aaayemw,58575.2580208,1,20.0308,0.18991995,20.3473,-1
ZTF18aaayemw,58580.2148611,2,19.3037,0.13173774,20.433,-1
ZTF18aaayemw,58584.2228704,1,19.8609,0.18588741,20.2231,-1
ZTF18aaayemw,58591.3370718,2,19.0818,0.21667488,18.8764,-1
ZTF18aaayemw,58594.1652083,2,19.2879,0.10967048,20.4734,-1
ZTF18aaayemw,58594.1806481,1,19.8846,0.1533951,20.2172,-1
ZTF18aaayemw,58598.2036227,1,20.0016,0.15796234,20.7836,-1
ZTF18aaayemw,58601.2630903,2,19.3109,0.10562671,20.4497,-1
ZTF18aaayemw,58605.216412,1,19.9874,0.16387294,20.701,-1
ZTF18aaayemw,58608.1868287,1,19.9134,0.1505822,20.7004,-1
ZTF18aaayemw,58617.2247685,2,19.2537,0.13169135,19.7629,-1
ZTF18aaayemw,58634.1804398,2,19.3359,0.12887843,20.2081,-1
ZTF18aaayemw,58634.2058333,1,19.8936,0.17425868,20.2658,-1
ZTF18aaayemw,58638.1837037,1,19.9746,0.18416922,20.2354,-1
ZTF18aaayemw,58638.2146759,2,19.3229,0.19809604,19.6659,-1
ZTF18aaayemw,58642.2170255,2,19.349,0.1641557,19.932,-1
ZTF18aaayemw,58737.5065046,1,19.8299,0.16264151,20.2776,-1
ZTF18aaayemw,58745.4892245,2,19.2353,0.17755538,19.5213,-1
ZTF18aaayemw,58745.5167593,1,19.6532,0.269591,19.491,-1
ZTF18aaayemw,58748.4922917,2,19.2761,0.15561004,19.6266,-1
ZTF18aaayemw,58748.5123611,1,19.8642,0.21248583,19.9055,-1
ZTF18aaayemw,58756.4532176,1,19.8886,0.18163352,20.1574,-1
ZTF18aaayemw,58759.4683681,1,19.9119,0.16250998,20.4031,-1
ZTF18aaayemw,58763.4436921,1,19.9856,0.1723776,20.4296,-1
ZTF18aaayemw,58766.4361227,1,19.9718,0.247486,19.7386,-1
ZTF18aaayemw,58766.5316204,2,19.2649,0.12893583,20.1043,-1
ZTF18aaayemw,58769.4728125,2,19.129,0.17786323,19.4832,-1
ZTF18aaayemw,58776.5042824,2,19.2587,0.15092704,19.813,-1
ZTF18aaayemw,58776.5357639,1,20.0944,0.298379,19.7717,-1
ZTF18aaayemw,58779.5065509,1,19.8944,0.18045509,20.3446,-1
ZTF18aaayemw,58785.4962616,2,19.3185,0.1244273,20.2633,-1
ZTF18aaayemw,58785.5279051,1,19.9624,0.16491427,20.7079,-1
ZTF18aaayemw,58788.5129977,1,19.895,0.15101866,20.6759,-1
ZTF18aaayemw,58788.5366782,2,19.3124,0.11462749,20.2849,-1
ZTF18aaayemw,58791.5109722,2,19.3457,0.110804625,20.4174,-1
ZTF18aaayemw,58794.5409491,2,19.3163,0.11663833,20.4151,-1
ZTF18aaayemw,58798.5519676,1,19.815,0.2292,20.0861,-1
ZTF18aaayemw,58799.3773264,2,19.1872,0.15046433,19.3337,-1
ZTF18aaayemw,58802.5464352,1,19.9661,0.225263,19.7505,-1
ZTF18aaayemw,58805.5109375,1,20.0806,0.297697,19.8862,-1
ZTF18aaayemw,58805.5283796,1,19.853,0.21299471,19.7879,-1
ZTF18aaayemw,58806.5472454,2,19.4162,0.11441468,20.0228,-1
ZTF18aaayemw,58812.4331829,1,20.0837,0.14172606,20.622,-1
ZTF18aaayemw,58827.446331,2,19.4413,0.2002412,19.5903,-1
ZTF18aaayemw,58828.3121991,2,19.3144,0.16283002,19.6344,-1
ZTF18aaayemw,58830.5557986,1,19.8712,0.235268,19.5643,-1
ZTF18aaayemw,58833.4173495,2,19.1936,0.16620784,19.5218,-1
ZTF18aaayemw,58833.4228009,2,19.2334,0.2162949,19.428,-1
ZTF18aaayemw,58833.5346181,1,19.6611,0.320456,19.2483,-1
ZTF18aaayemw,58835.4546991,2,19.4185,0.18981905,19.7415,-1
ZTF18aaayemw,58836.4898727,2,19.3598,0.10898658,20.3693,-1
ZTF18aaayemw,58846.4465509,2,19.3081,0.09316314,20.6237,-1
ZTF18aaayemw,58846.4950231,1,20.0766,0.14579973,20.7746,-1
ZTF18aaayemw,58849.4369907,2,19.3077,0.10677149,20.567,-1
ZTF18aaayemw,58849.4924537,1,19.9963,0.16195495,20.6051,-1
ZTF18aaayemw,58851.4485069,2,19.3243,0.11558011,20.1469,-1
ZTF18aaayemw,58852.422581,2,19.3065,0.08593866,20.6908,-1
ZTF18aaayemw,58852.4954745,1,20.0091,0.14338596,20.7747,-1
ZTF18aaayemw,58855.3646644,2,19.1712,0.141867,19.8194,-1
ZTF18aaayemw,58855.4898611,1,19.9902,0.14849463,20.4653,-1
ZTF18aaayemw,58856.3027662,2,19.3177,0.13297462,19.9824,-1
ZTF18aaayemw,58859.2775,2,19.5139,0.281949,19.2131,-1
ZTF18aaayemw,58860.2903472,2,19.3595,0.217757,19.1748,-1
ZTF18aaayemw,58860.3495833,2,19.2794,0.218813,19.2306,-1
ZTF18aaayemw,58862.3296065,2,19.2771,0.1629201,20.0723,-1
ZTF18aaayemw,58863.3441435,2,19.2804,0.122370824,20.254,-1
ZTF18aaayemw,58866.4087037,1,20.0448,0.15706183,20.6258,-1
ZTF18aaayemw,58871.224838,1,19.9777,0.14944877,20.4698,-1
ZTF18aaayemw,58871.2257407,1,20.0823,0.18687789,20.4417,-1
ZTF18aaayemw,58871.2901736,2,19.2924,0.13996373,20.3467,-1
ZTF18aaayemw,58871.3039815,2,19.2255,0.10962457,20.3368,-1
ZTF18aaayemw,58871.3088079,2,19.1862,0.094615705,20.3559,-1
ZTF18aaayemw,58872.2372685,1,19.9452,0.14043847,20.6986,-1
ZTF18aaayemw,58873.2821644,2,19.278,0.10555124,20.6562,-1
ZTF18aaayemw,58873.3441782,1,19.9139,0.14322218,20.7872,-1
ZTF18aaayemw,58874.2775694,2,19.2138,0.14899643,20.2983,-1
ZTF18aaayemw,58874.2789352,2,19.3068,0.11320564,20.317,-1
ZTF18aaayemw,58874.3420602,1,19.9736,0.15838867,20.6732,-1
ZTF18aaayemw,58874.3448264,1,20.0015,0.12054634,20.8347,-1
ZTF18aaayemw,58875.286088,2,19.3389,0.12297379,20.5254,-1
ZTF18aaayemw,58875.3223843,1,19.9636,0.1479653,20.693,-1
ZTF18aaayemw,58876.2461343,1,19.86,0.121859,20.8031,-1
ZTF18aaayemw,58876.2461343,1,19.8358,0.125513,20.7661,-1
ZTF18aaayemw,58876.2863657,2,19.2668,0.09034312,20.6289,-1
ZTF18aaayemw,58877.2366435,1,19.9236,0.16618705,20.3677,-1
ZTF18aaayemw,58877.2389352,1,19.9778,0.239899,20.2656,-1
ZTF18aaayemw,58877.3068171,2,19.26,0.10363902,20.3666,-1
ZTF18aaayemw,58877.3077083,2,19.3224,0.11635291,20.3773,-1
ZTF18aaayemw,58878.2401736,1,19.761,0.195183,19.9629,-1
ZTF18aaayemw,58878.3015394,2,19.2122,0.10758483,20.1697,-1
ZTF18aaayemw,58879.1922917,1,19.9004,0.1965612,20.1712,-1
ZTF18aaayemw,58879.2165162,1,20.1531,0.20154832,20.2361,-1
ZTF18aaayemw,58879.3057755,2,19.2569,0.15373303,19.8479,-1
ZTF18aaayemw,58880.2569792,1,20.0106,0.16048346,20.4044,-1
ZTF18aaayemw,58880.2663657,1,20.0229,0.15274747,20.5086,-1
ZTF18aaayemw,58880.3221181,2,19.238,0.109071486,20.3825,-1
ZTF18aaayemw,58880.323912,2,19.2636,0.107817724,20.4867,-1
ZTF18aaayemw,58881.223588,1,19.9444,0.20171827,20.1202,-1
ZTF18aaayemw,58881.3267708,2,19.3,0.10367614,20.518,-1
ZTF18aaayemw,58882.1855208,2,19.2947,0.15601645,19.8072,-1
ZTF18aaayemw,58883.2579167,2,19.3073,0.17861375,19.6988,-1
ZTF18aaayemw,58883.2588194,2,19.2934,0.11963703,19.8353,-1
ZTF18aaayemw,58883.4062037,1,19.9727,0.21680404,19.9874,-1
ZTF18aaayemw,58883.4071296,1,20.1714,0.29949,19.9765,-1
ZTF18aaayemw,58884.1797801,2,19.3428,0.297202,19.0046,-1
ZTF18aaayemw,58884.2878125,1,20.0606,0.271659,19.5598,-1
ZTF18aaayemw,58885.2166898,2,19.207,0.21366082,19.054,-1
ZTF18aaayemw,58886.22875,1,19.943,0.308438,19.5435,-1
ZTF18aaayemw,58886.2572917,2,19.1637,0.14265807,19.7075,-1
ZTF18aaayemw,58886.2639236,2,19.309,0.15052219,19.786,-1
ZTF18aaayemw,58887.1524306,2,19.1743,0.15187843,19.2712,-1
ZTF18aaayemw,58887.2558333,1,19.902,0.261393,19.3694,-1
ZTF18aaayemw,58890.1805671,2,19.2286,0.21482018,19.2076,-1
ZTF18aaayemw,58890.1814699,2,19.1961,0.19963042,19.2584,-1
ZTF18aaayemw,58890.2967245,1,20.1073,0.302008,19.5638,-1
ZTF18aaayemw,58890.2988773,1,19.9182,0.330827,19.4519,-1
ZTF18aaayemw,58891.2011458,1,19.9509,0.17313685,20.1661,-1
ZTF18aaayemw,58891.2892824,2,19.3021,0.12680474,20.0991,-1
ZTF18aaayemw,58892.2499421,2,19.3495,0.12921342,20.4552,-1
ZTF18aaayemw,58892.2768171,2,19.3197,0.10591841,20.1963,-1
ZTF18aaayemw,58893.2348958,1,19.9931,0.12253771,20.8327,-1
ZTF18aaayemw,58893.2377083,1,19.9995,0.13415217,20.7502,-1
ZTF18aaayemw,58893.2843056,2,19.3493,0.12352041,20.6172,-1
ZTF18aaayemw,58893.2852083,2,19.2617,0.1050424,20.6343,-1
ZTF18aaayemw,58894.2653935,2,19.3136,0.12076198,20.6605,-1
ZTF18aaayemw,58894.306331,1,19.9633,0.15300968,20.852,-1
ZTF18aaayemw,58895.2218519,1,20.0311,0.16062106,20.7707,-1
ZTF18aaayemw,58895.2663426,2,19.2859,0.10632596,20.5946,-1
ZTF18aaayemw,58896.2368866,1,20.0055,0.1416015,20.8425,-1
ZTF18aaayemw,58896.2466319,1,20.0409,0.138215,20.8235,-1
ZTF18aaayemw,58896.2599653,2,19.2748,0.08809024,20.6893,-1
ZTF18aaayemw,58896.2819329,2,19.2445,0.099725835,20.6831,-1
ZTF18aaayemw,58899.2180556,1,19.9396,0.16200832,20.837,-1
ZTF18aaayemw,58899.2423148,2,19.3215,0.10904475,20.6156,-1
ZTF18aaayemw,58899.2864468,2,19.3194,0.09728189,20.688,-1
ZTF18aaayemw,58900.2152315,2,19.3465,0.10180453,20.6256,-1
ZTF18aaayemw,58900.3080324,1,19.9771,0.14072886,20.5888,-1
ZTF18aaayemw,58903.2202894,2,19.2815,0.10089844,20.6482,-1
ZTF18aaayemw,58903.2666088,1,19.9352,0.14348377,20.832,-1
ZTF18aaayemw,58906.219838,2,19.2414,0.112819,20.1249,-1
ZTF18aaayemw,58906.2709491,1,19.8958,0.180581,20.4755,-1
ZTF18aaayemw,58909.2481134,1,19.8291,0.251663,19.9543,-1
ZTF18aaayemw,58909.3085995,2,19.3209,0.14385536,20.2485,-1
ZTF18aaayemw,58912.2198611,2,19.2283,0.10862039,20.1122,-1
ZTF18aaayemw,58912.241956,1,19.9063,0.167789,20.1756,-1
ZTF18aaayemw,58913.2032407,2,19.4767,0.17497359,19.8411,-1
ZTF18aaayemw,58915.1537963,2,19.2566,0.14624922,19.5987,-1
ZTF18aaayemw,58938.1770255,2,19.3568,0.09882057,20.4556,-1
ZTF18aaayemw,58941.166169,1,19.8,0.18720993,19.9425,-1
ZTF18aaayemw,58941.2170139,2,19.2053,0.11980565,20.0118,-1
ZTF18aaayemw,58944.1597685,2,19.3388,0.1732088,19.7718,-1
ZTF18aaayemw,58954.2175926,2,19.3106,0.11923379,20.4801,-1
ZTF18aaayemw,58962.1847917,2,19.3474,0.11112445,20.5322,-1
ZTF18aaayemw,58962.2022222,1,20.0174,0.12252018,20.7541,-1
ZTF18aaayemw,58965.2009028,1,20.0442,0.13467667,20.7647,-1
ZTF18aaayemw,58968.1802778,2,19.3698,0.10903872,20.4329,-1
ZTF18aaayemw,58971.1518171,2,19.2826,0.12776825,20.0617,-1
ZTF18aaayemw,58971.180544,2,19.3019,0.14501491,20.0693,-1
ZTF18aaayemw,58972.1667014,2,19.2638,0.12618537,19.965,-1
ZTF18aaayemw,58974.1806366,1,20.1183,0.286018,19.8467,-1
ZTF18aaayemw,58974.2282986,2,19.3942,0.14264531,19.8515,-1
ZTF18aaayemw,58980.1844329,1,19.9288,0.12343398,20.7892,-1
ZTF18aaayemw,58980.2382523,2,19.3007,0.10928316,20.4553,-1
ZTF18aaayemw,58986.1812384,1,19.9211,0.13797861,20.6184,-1
ZTF18aaayemw,58986.2411343,2,19.3732,0.10286692,20.2229,-1
ZTF18aaayemw,58993.2346644,1,20.0375,0.228293,20.1317,-1
ZTF18aaayemw,58996.1755093,1,19.8978,0.1575654,20.3432,-1
ZTF18aaayemw,58996.242338,2,19.2463,0.14582558,19.7981,-1
ZTF18aaayemw,58999.1828704,2,19.3806,0.16579537,19.7052,-1
ZTF18aaayemw,59005.2484838,2,19.1882,0.2124697,18.9629,-1
ZTF18aaayemw,59122.528912,2,19.3194,0.11475539,20.0049,-1
ZTF18aaayemw,59124.4686458,2,19.2482,0.17277355,19.6173,-1
ZTF18aaayemw,59124.5120949,1,20.1502,0.320692,19.5172,-1
ZTF18aaayemw,59126.4692593,1,20.0259,0.319006,19.5841,-1
ZTF18aaayemw,59126.5172338,2,19.373,0.12865926,19.9502,-1
ZTF18aaayemw,59128.4545486,1,19.6279,0.248247,19.4241,-1
ZTF18aaayemw,59128.5111227,2,19.4016,0.13824363,19.887,-1
ZTF18aaayemw,59130.5063194,1,20.0434,0.232346,19.9143,-1
ZTF18aaayemw,59130.5277315,2,19.2854,0.13189687,20.0336,-1
ZTF18aaayemw,59135.4690625,1,20.0467,0.15715349,20.5619,-1
ZTF18aaayemw,59135.4919213,2,19.3359,0.11310901,20.5023,-1
ZTF18aaayemw,59137.4538426,1,19.8552,0.15360904,20.4942,-1
ZTF18aaayemw,59137.5080208,2,19.3356,0.101833835,20.4735,-1
ZTF18aaayemw,59139.4507986,1,20.0023,0.19066629,20.2703,-1
ZTF18aaayemw,59139.5126968,2,19.3352,0.11255571,20.384,-1
ZTF18aaayemw,59141.4530324,1,20.0929,0.14466143,20.7706,-1
ZTF18aaayemw,59141.508044,2,19.3075,0.092949785,20.6184,-1
ZTF18aaayemw,59143.4733681,2,19.2896,0.109481715,20.5998,-1
ZTF18aaayemw,59143.515544,1,19.9678,0.122767106,20.8964,-1
ZTF18aaayemw,59145.474375,1,20.0299,0.14312887,20.9469,-1
ZTF18aaayemw,59145.4987153,2,19.2925,0.099579185,20.7166,-1
ZTF18aaayemw,59149.3897569,2,19.3284,0.19192278,19.4397,-1
ZTF18aaayemw,59149.4953472,1,19.9515,0.14405066,20.5042,-1
ZTF18aaayemw,59151.45,2,19.3305,0.16761717,19.5744,-1
ZTF18aaayemw,59151.4947454,1,20.057,0.19115432,20.1616,-1
ZTF18aaayemw,59153.4868287,2,19.3019,0.15228342,19.8362,-1
ZTF18aaayemw,59153.5251389,1,19.8702,0.2110862,19.7297,-1
ZTF18aaayemw,59156.473669,1,19.9576,0.222011,19.6954,-1
ZTF18aaayemw,59156.528669,2,19.3397,0.11712946,20.212,-1
ZTF18aaayemw,59158.4667708,1,19.7862,0.23209,19.6901,-1
ZTF18aaayemw,59165.4099884,2,19.2806,0.1082842,20.5833,-1
ZTF18aaayemw,59165.451169,1,20.073,0.13460428,20.8242,-1
ZTF18aaayemw,59168.4302778,2,19.2552,0.1172284,20.4764,-1
ZTF18aaayemw,59168.4897338,1,20.0714,0.15212475,20.7436,-1
ZTF18aaayemw,59170.4679398,1,20.06,0.16150181,20.7455,-1
ZTF18aaayemw,59170.533206,2,19.2653,0.10044341,20.5494,-1
ZTF18aaayemw,59173.425544,2,19.1359,0.306571,18.7286,-1
ZTF18aaayemw,59173.4661458,1,20.0613,0.1423747,20.7647,-1
ZTF18aaayemw,59175.4893287,2,19.4252,0.16475178,19.7178,-1
ZTF18aaayemw,59178.5170139,1,20.0474,0.17362368,20.8599,-1
ZTF18aaayemw,59180.5158796,1,19.9026,0.186175,20.1996,-1
ZTF18aaayemw,59180.5289005,2,19.2727,0.24046,19.6285,-1
ZTF18aaayemw,59182.4662731,2,19.1269,0.11525117,19.7235,-1
ZTF18aaayemw,59182.5522454,1,19.99,0.241537,19.9367,-1
ZTF18aaayemw,59185.3864005,2,19.3055,0.1175672,19.7225,-1
ZTF18aaayemw,59187.4432639,2,19.355,0.259617,19.4049,-1
ZTF18aaayemw,59187.5121296,1,19.6774,0.230653,19.3782,-1
ZTF18aaayemw,59189.4569907,2,19.3898,0.291569,18.9534,-1
ZTF18aaayemw,59189.4954051,1,20.1763,0.251826,19.8362,-1
ZTF18aaayemw,59194.4359838,1,19.8912,0.13980374,20.6151,-1
ZTF18aaayemw,59194.4691667,2,19.3166,0.13541608,20.4462,-1
ZTF18aaayemw,59196.4450347,1,19.9238,0.16369419,20.4368,-1
ZTF18aaayemw,59196.4936227,2,19.2617,0.109394014,20.2341,-1
ZTF18aaayemw,59199.4091204,2,19.3379,0.12486975,20.3777,-1
ZTF18aaayemw,59199.5319676,1,19.9687,0.14206107,20.6738,-1
ZTF18aaayemw,59202.4107523,2,19.2222,0.093547344,20.5056,-1
ZTF18aaayemw,59202.4969097,1,19.9546,0.1501727,20.5933,-1
ZTF18aaayemw,59204.4252894,2,19.2912,0.09648562,20.7362,-1
ZTF18aaayemw,59204.4463889,1,20.0127,0.135901,20.7732,-1
ZTF18aaayemw,59215.4484722,2,19.4409,0.256522,19.2282,-1
ZTF18aaayemw,59217.3438426,2,19.355,0.10329108,20.1258,-1
ZTF18aaayemw,59217.4046759,1,20.0134,0.1965096,19.9736,-1
ZTF18aaayemw,59219.2879167,1,19.8727,0.19702676,20.5363,-1
ZTF18aaayemw,59219.3458218,2,19.2287,0.09768784,20.09,-1
ZTF18aaayemw,59221.3472569,1,20.0195,0.149956,20.7579,-1
ZTF18aaayemw,59221.3703356,2,19.2724,0.098124,20.5555,-1
ZTF18aaayemw,59223.386412,1,19.986,0.15422899,20.7032,-1
ZTF18aaayemw,59225.3899653,2,19.2548,0.13245304,20.1047,-1
ZTF18aaayemw,59225.4532639,1,19.977,0.239259,20.2845,-1
ZTF18aaayemw,59227.3265509,2,19.2563,0.10372579,20.6126,-1
ZTF18aaayemw,59227.4367245,1,20.0799,0.148321,20.7767,-1
ZTF18aaayemw,59229.3389352,1,20.0709,0.320091,20.1157,-1
ZTF18aaayemw,59231.3273611,2,19.3118,0.1133789,20.3311,-1
ZTF18aaayemw,59233.3743403,1,19.9348,0.14912169,20.6554,-1
ZTF18aaayemw,59249.3285764,2,19.3834,0.12607665,20.0699,-1
ZTF18aaayemw,59251.3312616,2,19.3044,0.1026308,20.6417,-1
ZTF18aaayemw,59251.4111343,1,19.9624,0.16618893,20.6275,-1
ZTF18aaayemw,59253.2592824,1,20.0144,0.16984776,20.6293,-1
ZTF18aaayemw,59253.3234722,2,19.2466,0.09896063,20.7418,-1
ZTF18aaayemw,59256.2471181,2,19.3389,0.10777405,20.7356,-1
ZTF18aaayemw,59256.3035532,1,19.8997,0.124380775,20.8441,-1
ZTF18aaayemw,59260.2987963,1,19.9382,0.233808,19.9902,-1
ZTF18aaayemw,59260.386794,2,19.3615,0.15061353,20.0845,-1
ZTF18aaayemw,59263.2419792,2,19.134,0.204626,19.576,-1
ZTF18aaayemw,59263.3711921,1,20.0508,0.229521,20.1458,-1
ZTF18aaayemw,59265.2833449,2,19.3006,0.11314914,20.5357,-1
ZTF18aaayemw,59265.4104977,1,19.964,0.16859236,20.5674,-1
ZTF18aaayemw,59267.3268634,2,19.3302,0.1239629,19.916,-1
ZTF18aaayemw,59269.2768171,1,19.8254,0.19372515,19.6384,-1
ZTF18aaayemw,59271.2665509,2,19.3523,0.13984701,19.5664,-1
ZTF18aaayemw,59273.2439815,2,19.3389,0.18997,19.3155,-1
ZTF18aaayemw,59275.1666204,1,20.2043,0.19460124,20.3842,-1
ZTF18aaayemw,59275.270081,2,19.3827,0.1503491,19.9692,-1
ZTF18aaayemw,59278.1798264,2,19.3015,0.10108954,20.5395,-1
ZTF18aaayemw,59278.2448495,1,20.0904,0.18738784,20.3707,-1
ZTF18aaayemw,59281.2338773,2,19.271,0.1038513,20.5173,-1
ZTF18aaayemw,59281.3293519,1,19.8358,0.13662648,20.6199,-1
ZTF18aaayemw,59291.2136111,2,19.302,0.09245778,20.5994,-1
ZTF18aaayemw,59293.2235417,2,19.2346,0.10705888,20.4071,-1
ZTF18aaayemw,59293.2815741,1,20.0532,0.15066415,20.5177,-1
ZTF18aaayemw,59296.2423958,2,19.5913,0.296938,19.2443,-1
ZTF18aaayemw,59296.2803588,1,19.6593,0.247205,19.4435,-1
ZTF18aaayemw,59302.2195718,2,19.1898,0.128391,19.807,-1
ZTF18aaayemw,59304.1573843,2,19.2589,0.108349614,20.4551,-1
ZTF18aaayemw,59304.1971644,1,19.8979,0.15900591,20.2729,-1
ZTF18aaayemw,59306.2409028,2,19.2573,0.10138429,20.5396,-1
ZTF18aaayemw,59306.308287,1,19.9209,0.18217273,20.3201,-1
ZTF18aaayemw,59308.2182292,2,19.2315,0.09101074,20.5432,-1
ZTF18aaayemw,59308.2606481,1,19.9592,0.15101424,20.6284,-1
ZTF18aaayemw,59310.2020139,2,19.2587,0.12026489,20.3312,-1
ZTF18aaayemw,59312.2245602,1,19.9063,0.14758246,20.6557,-1
ZTF18aaayemw,59312.286713,2,19.2701,0.123488076,20.1387,-1
ZTF18aaayemw,59314.1766551,2,19.3018,0.10455818,20.6149,-1
ZTF18aaayemw,59314.2274884,1,20.0161,0.14556031,20.7654,-1
ZTF18aaayemw,59316.1860301,2,19.2789,0.116628245,20.7397,-1
ZTF18aaayemw,59316.2272569,1,20.0603,0.14317833,20.887,-1
ZTF18aaayemw,59319.2025694,2,19.2163,0.10956206,20.5489,-1
ZTF18aaayemw,59319.2492245,1,19.962,0.16969669,20.5455,-1
ZTF18aaayemw,59321.1814236,1,19.9516,0.15110235,20.6766,-1
ZTF18aaayemw,59321.228669,2,19.3763,0.122804984,20.5416,-1
ZTF18aaayemw,59323.1860532,1,19.9329,0.20864297,20.1296,-1
ZTF18aaayemw,59323.2176389,2,19.3639,0.14716144,20.2117,-1
ZTF18aaayemw,59325.1786111,2,19.3378,0.12317305,20.0842,-1
ZTF18aaayemw,59329.2072454,2,19.289,0.16006,19.8032,-1
ZTF18aaayemw,59329.2072454,2,19.289,0.16006002,19.8032,-1
ZTF18aaayemw,59329.2072454,2,19.289,0.16006,19.8032,-1
ZTF18aaayemw,59335.1844213,2,19.2782,0.12568073,20.2178,-1
ZTF18aaayemw,59335.2252083,1,19.9154,0.18956167,20.0771,-1
ZTF18aaayemw,59338.1813194,1,20.0193,0.16403855,20.6848,-1
ZTF18aaayemw,59338.2220949,2,19.2961,0.11318945,20.3888,-1
ZTF18aaayemw,59340.2049421,1,19.9129,0.16478546,20.5756,-1
ZTF18aaayemw,59340.2442593,2,19.3215,0.10235364,20.2915,-1
ZTF18aaayemw,59342.2459954,1,20.0697,0.221401,20.5191,-1
ZTF18aaayemw,59342.2635995,2,19.3212,0.123269275,20.121,-1
ZTF18aaayemw,59344.2020023,2,19.2967,0.10348058,20.494,-1
ZTF18aaayemw,59344.2648843,1,19.9778,0.184519,20.5064,-1
ZTF18aaayemw,59346.1850926,1,20.0926,0.1563091,20.5119,-1
ZTF18aaayemw,59346.1994213,2,19.2469,0.10594527,20.4299,-1
ZTF18aaayemw,59348.1837269,2,19.2874,0.10317364,20.4631,-1
ZTF18aaayemw,59348.2369097,1,19.946,0.14404212,20.4708,-1
ZTF18aaayemw,59350.1852546,1,19.9986,0.244567,20.1337,-1
ZTF18aaayemw,59350.2210069,2,19.2606,0.14337887,19.7293,-1
ZTF18aaayemw,59353.1848843,2,19.3311,0.1726825,20.0115,-1
ZTF18aaayemw,59353.2148032,1,20.0806,0.306117,19.8253,-1
ZTF18aaayemw,59355.2028588,2,19.3888,0.18291695,19.5661,-1
ZTF18aaayemw,59465.4993634,2,19.3858,0.158936,19.7272,-1
ZTF18aaayemw,59465.5018866,2,19.3103,0.116793,19.8809,-1
ZTF18aaayemw,59465.5044213,2,19.2152,0.147906,19.8362,-1
ZTF18aaayemw,59465.506956,2,19.2878,0.13591573,19.8793,-1
ZTF18aaayemw,59466.4997222,2,19.3027,0.13298368,20.0538,-1
ZTF18aaayemw,59466.5022454,2,19.3634,0.14103405,19.9275,-1
ZTF18aaayemw,59466.5047801,2,19.2113,0.11831236,19.9687,-1
ZTF18aaayemw,59466.5073032,2,19.2405,0.11022285,20.0501,-1
ZTF18aaayemw,59466.509838,2,19.2108,0.120292366,20.0277,-1
ZTF18aaayemw,59467.498287,2,19.1956,0.10522846,20.065,-1
ZTF18aaayemw,59467.5008218,2,19.3501,0.16094649,20.1811,-1
ZTF18aaayemw,59467.5033565,2,19.2985,0.15970528,20.2385,-1
ZTF18aaayemw,59467.5059028,2,19.3526,0.10162158,20.1685,-1
ZTF18aaayemw,59467.5084375,2,19.2989,0.142135,20.0572,-1
ZTF18aaayemw,59468.4998148,2,19.3136,0.12522776,20.2836,-1
ZTF18aaayemw,59468.5023611,2,19.2433,0.12186336,20.3282,-1
ZTF18aaayemw,59468.5048958,2,19.267,0.099603206,20.3269,-1
ZTF18aaayemw,59468.5099769,2,19.2178,0.118713394,20.3131,-1
ZTF18aaayemw,59468.5099769,2,19.2178,0.118713,20.3131,-1
ZTF18aaayemw,59469.5009375,2,19.2902,0.11836229,20.2618,-1
ZTF18aaayemw,59469.5034144,2,19.3178,0.11110524,20.2866,-1
ZTF18aaayemw,59469.5059028,2,19.3198,0.10258692,20.2325,-1
ZTF18aaayemw,59469.5083796,2,19.358,0.11262036,20.2732,-1
ZTF18aaayemw,59469.5108681,2,19.2792,0.1126027,20.3127,-1
ZTF18aaayemw,59483.4928125,2,19.2559,0.17315419,19.7213,-1
ZTF18aaayemw,59487.4742824,1,19.8352,0.276486,19.5935,-1
ZTF18aaayemw,59489.450625,2,19.5008,0.164762,19.5624,-1
ZTF18aaayemw,59489.450625,2,19.5008,0.16476204,19.5624,-1
ZTF18aaayemw,59489.5064236,1,19.9764,0.152001,20.4228,-1
ZTF18aaayemw,59489.5064236,1,19.9764,0.15200126,20.4228,-1
ZTF18aaayemw,59496.4701852,2,19.2923,0.102785595,20.2321,-1
ZTF18aaayemw,59500.4708102,1,19.9096,0.2088097,20.4149,-1
ZTF18aaayemw,59500.4904514,2,19.2598,0.1229687,20.3698,-1
ZTF18aaayemw,59503.4098958,2,19.3014,0.15568778,19.7196,-1
ZTF18aaayemw,59503.5048264,1,19.9804,0.17909683,20.4906,-1
ZTF18aaayemw,59509.4696759,2,19.4569,0.15951225,19.9795,-1
ZTF18aaayemw,59512.4773148,2,19.3173,0.099603,19.8818,-1
ZTF18aaayemw,59518.4567245,1,20.033,0.20059593,20.5841,-1
ZTF18aaayemw,59518.5187153,2,19.4046,0.10832789,20.7711,-1
ZTF18aaayemw,59522.466169,2,19.3939,0.09452314,20.7016,-1
ZTF18aaayemw,59522.5117361,1,20.013,0.11569027,20.9104,-1
ZTF18aaayemw,59524.3698264,2,19.314,0.10135826,20.4331,-1
ZTF18aaayemw,59524.5294097,1,20.0952,0.15208176,20.7771,-1
ZTF18aaayemw,59526.4551389,1,20.0878,0.15949886,20.8795,-1
ZTF18aaayemw,59526.5155324,2,19.2926,0.10333185,20.6895,-1
ZTF18aaayemw,59529.4907176,2,19.2763,0.12339588,20.2202,-1
ZTF18aaayemw,59529.5141204,1,19.9652,0.1624786,20.4601,-1
ZTF18aaayemw,59531.412037,2,19.3172,0.09188171,20.5987,-1
ZTF18aaayemw,59531.4899537,1,19.9603,0.13692784,20.7494,-1
ZTF18aaayemw,59536.4311458,1,20.0011,0.313148,19.4606,-1
ZTF18aaayemw,59536.4914931,2,19.3943,0.12958038,20.0175,-1
ZTF18aaayemw,59538.4732176,2,19.2347,0.13591352,19.8213,-1
ZTF18aaayemw,59538.4732176,2,19.2347,0.135914,19.8213,-1
ZTF18aaayemw,59550.2885417,1,19.9626,0.15367173,20.4828,-1
ZTF18aaayemw,59550.3847106,2,19.3359,0.08727556,20.6189,-1
ZTF18aaayemw,59622.2659954,1,19.9688,0.231453,19.6945,-1
ZTF18aaayemw,59622.2887384,2,19.276,0.11588699,19.9667,-1
ZTF18aaayemw,59624.2642824,1,20.0359,0.221588,19.6688,-1
ZTF18aaayemw,59624.3657986,2,19.4323,0.195415,19.7631,-1
ZTF18aaayemw,59627.3685069,2,19.5005,0.250035,19.1572,-1
ZTF18aaayemw,59629.3450579,2,19.3234,0.15017259,20.0395,-1
ZTF18aaayemw,59629.4108218,1,19.5842,0.23959,19.3663,-1
ZTF18aaayemw,59636.2240394,1,19.9407,0.12347423,20.7742,-1
ZTF18aaayemw,59636.3474769,2,19.2887,0.12634906,20.5417,-1
ZTF18aaayemw,59638.3486343,1,20.1103,0.18591216,20.2635,-1
ZTF18aaayemw,59638.3862847,2,19.2795,0.15686867,20.2076,-1
ZTF18aaayemw,59640.2653241,2,19.3036,0.10156285,20.7128,-1
ZTF18aaayemw,59640.3496296,1,19.9127,0.14566687,20.7068,-1
ZTF18aaayemw,59671.3298032,2,19.2458,0.105869,20.2824,-1
ZTF18aaayemw,59671.3298032,2,19.2523,0.09970531,20.2753,-1
ZTF18aaayemw,59671.4076273,1,19.8664,0.193702,20.2371,-1
ZTF18aaayemw,59671.4076273,1,19.8088,0.170324,20.1726,-1
ZTF18aaayemw,59674.3106713,2,19.3707,0.10567406,20.2822,-1
ZTF18aaayemw,59674.3668056,1,19.961,0.19400027,20.1916,-1
ZTF18aaayemw,59676.1752199,2,19.2673,0.16569032,20.146,-1
ZTF18aaayemw,59676.3069444,1,19.7833,0.32245,19.6791,-1
ZTF18aaayemw,59678.2193171,2,19.2288,0.1193968,19.877,-1
ZTF18aaayemw,59680.2250116,2,19.0382,0.26167,19.1697,-1
ZTF18aaayemw,59685.224456,2,19.3218,0.16849835,19.5283,-1
ZTF18aaayemw,59688.166088,2,19.1914,0.19132021,19.4388,-1
ZTF18aaayemw,59688.185625,1,19.9285,0.14098409,20.5742,-1
ZTF18aaayemw,59690.263831,1,20.2321,0.204127,20.4428,-1
ZTF18aaayemw,59694.1744444,2,19.2463,0.13727254,20.0395,-1
ZTF18aaayemw,59694.3458565,1,19.5126,0.263553,19.3721,-1
ZTF18aaayemw,59696.1840162,1,19.971,0.14542484,20.6549,-1
ZTF18aaayemw,59699.1747338,2,19.1684,0.11957853,20.2215,-1
ZTF18aaayemw,59699.2204282,1,19.9384,0.1538813,20.5654,-1
ZTF18aaayemw,59701.1805556,1,19.9907,0.1535559,20.8125,-1
ZTF18aaayemw,59701.22875,2,19.2437,0.13755721,19.9804,-1
ZTF18aaayemw,59703.1782523,1,19.9013,0.18089005,20.387,-1
ZTF18aaayemw,59703.2890509,2,19.2821,0.21608908,19.4826,-1
ZTF18aaayemw,59709.1865856,2,19.1889,0.13950677,19.9059,-1
ZTF18aaayemw,59709.2463079,2,19.3148,0.19487356,19.4448,-1
ZTF18aaayemw,59711.1778819,1,19.9974,0.253636,19.7138,-1
ZTF18aaayemw,59711.2643171,2,19.294,0.191425,19.3196,-1
ZTF18aaayemw,59713.1796528,1,19.822,0.208454,19.7733,-1
ZTF18aaayemw,59713.2205093,2,19.2795,0.20913,19.4433,-1
ZTF18aaayemw,59715.1854051,2,19.2037,0.10938379,20.3291,-1
ZTF18aaayemw,59853.4485648,2,19.241,0.11117654,20.3498,-1
ZTF18aaayemw,59853.4899884,1,19.9747,0.1269176,20.8002,-1
ZTF18aaayemw,59855.4678009,1,19.9025,0.156962,20.6619,-1
ZTF18aaayemw,59857.466956,1,19.8667,0.139756,20.5856,-1
ZTF18aaayemw,59857.497963,2,19.1624,0.11011313,20.4382,-1
ZTF18aaayemw,59860.4495833,2,19.2721,0.17326954,19.3124,-1
ZTF18aaayemw,59860.4671875,1,20.0171,0.299825,19.6918,-1
ZTF18aaayemw,59862.4970602,2,19.3491,0.20041202,19.5635,-1
ZTF18aaayemw,59865.4895833,2,19.2508,0.15547778,19.9455,-1
ZTF18aaayemw,59867.466794,1,19.6776,0.20626153,19.7347,-1
ZTF18aaayemw,59867.5134606,2,19.2087,0.18033575,19.519,-1
ZTF18aaayemw,59871.427419,2,19.3158,0.195713,19.4277,-1
ZTF18aaayemw,59871.4865509,1,20.0293,0.260845,19.92,-1
ZTF18aaayemw,59874.4676852,1,19.8625,0.14173189,20.8506,-1
ZTF18aaayemw,59874.5070833,2,19.3164,0.1042163,20.4168,-1
ZTF18aaayemw,59878.4330208,1,19.9313,0.15127973,20.5339,-1
ZTF18aaayemw,59878.4928356,2,19.2346,0.11251534,20.2924,-1
ZTF18aaayemw,59880.4075926,1,20.0286,0.248554,19.932,-1
ZTF18aaayemw,59880.4954745,2,19.2375,0.121359445,20.169,-1
ZTF18aaayemw,59883.442963,2,19.3111,0.12608175,20.2647,-1
ZTF18aaayemw,59888.4470833,1,20.1868,0.30929,19.6058,-1
ZTF18aaayemw,59893.4858449,2,19.3231,0.15150078,19.4887,-1
ZTF18aaayemw,59897.351794,2,19.3733,0.228113,19.1171,-1
ZTF18aaayemw,59897.4981944,1,19.8508,0.19276121,19.836,-1
ZTF18aaayemw,59899.4228819,1,19.3325,0.225319,19.3325,-1
ZTF18aaayemw,59899.471412,2,19.158,0.241927,19.1708,-1
ZTF18aaayemw,59901.4660995,1,19.8951,0.14816205,20.6764,-1
ZTF18aaayemw,59901.4959954,2,19.257,0.11026696,20.4488,-1
ZTF18aaayemw,59903.3888079,1,19.9938,0.21444589,20.3047,-1
ZTF18aaayemw,59903.4733565,2,19.2668,0.11480457,20.3526,-1
ZTF18aaayemw,59905.3693866,2,19.3399,0.201689,19.6214,-1
ZTF18aaayemw,59908.4471412,1,20.0435,0.232378,20.182,-1
ZTF18aaayemw,59910.4164583,2,19.1893,0.10964351,20.2512,-1
ZTF18aaayemw,59910.4896296,1,20.0608,0.143874,20.7375,-1
ZTF18aaayemw,59914.4059375,2,19.3173,0.09574408,20.5738,-1
ZTF18aaayemw,59914.4711458,1,19.8829,0.12196913,20.974,-1
ZTF18aaayemw,59923.3702546,2,19.3643,0.16825554,19.5176,-1
ZTF18aaayemw,59923.4127199,1,19.8178,0.26279,19.7542,-1
ZTF18aaayemw,59930.3876852,2,19.2387,0.095108025,20.4243,-1
ZTF18aaayemw,59930.4002546,1,20.0006,0.14866383,20.5976,-1
ZTF18aaayemw,59933.3822685,2,19.3586,0.112662636,20.1969,-1
ZTF18aaayemw,59935.3015625,2,19.2225,0.1280591,20.2068,-1
ZTF18aaayemw,59935.318044,1,19.9474,0.16457829,20.4746,-1
ZTF18aaayemw,59937.3833218,2,19.2423,0.10738608,20.2612,-1
ZTF18aaayemw,59937.4452315,1,19.931,0.11805238,20.8107,-1
ZTF18aaayemw,59965.3689236,1,19.9422,0.273788,19.9825,-1
ZTF18aaayemw,59968.3063542,2,19.3104,0.110278636,20.3782,-1
ZTF18aaayemw,59968.3452083,1,19.9327,0.20367518,20.4107,-1
ZTF18aaayemw,59970.2437731,2,19.145,0.200361,19.4267,-1
ZTF18aaayemw,59970.2809606,1,19.8161,0.278224,20.014,-1
ZTF18aaayemw,59972.3101042,2,19.3119,0.11315313,20.4186,-1
ZTF18aaayemw,59972.4298958,1,19.9476,0.225192,20.4405,-1
ZTF18aaayemw,59979.2585764,1,19.7283,0.325784,19.107,-1
ZTF18aaayemw,59979.4214005,2,19.2521,0.16514768,19.3483,-1
ZTF18aaayemw,59982.2608449,2,19.4369,0.237254,19.3874,-1
ZTF18aaayemw,59984.2007639,1,19.9924,0.260684,19.6589,-1
ZTF18aaayemw,59984.3023727,2,19.2512,0.12162399,19.9772,-1
ZTF18aaayemw,59987.3227315,2,19.2014,0.13254444,20.0622,-1
ZTF18aaayemw,59993.2845486,2,19.2146,0.13163806,19.955,-1
ZTF18aaayemw,60017.2292708,1,19.9278,0.11443308,20.8759,-1
ZTF18aaayemw,60021.2256134,2,19.1722,0.18530443,19.4758,-1
ZTF18aaayemw,60021.2815741,1,19.8871,0.13023783,20.6552,-1
ZTF18aaayemw,60031.2683912,2,19.3186,0.1591239,19.5856,-1
ZTF18aaayemw,60036.259375,2,19.3992,0.21535891,19.4605,-1
ZTF18aaayemw,60036.3045833,1,19.7481,0.247169,19.5431,-1
ZTF18aaayemw,60043.1975116,2,19.3861,0.19388603,19.6551,-1
ZTF18aaayemw,60045.1864468,1,19.9276,0.11326312,20.7973,-1
ZTF18aaayemw,60045.2486921,2,19.1821,0.10378964,20.3465,-1
ZTF18aaayemw,60049.2152778,2,19.2377,0.08931974,20.3507,-1
ZTF18aaayemw,60051.2152662,1,19.876,0.12254552,20.8498,-1
ZTF18aaayemw,60051.248669,2,19.2091,0.10146366,20.5053,-1
ZTF18aaayemw,60053.2206944,2,19.2191,0.11548,20.1519,-1
ZTF18aaayemw,60055.1984259,2,19.1981,0.0942274,20.1321,-1
ZTF18aaayemw,60055.2776736,1,20.0488,0.20804667,20.3816,-1
ZTF18aaayemw,60057.1639352,2,19.21,0.11733526,20.3682,-1
ZTF18aaayemw,60057.2128356,1,19.9707,0.13278812,20.621,-1
ZTF18aaayemw,60059.1632639,1,20.0316,0.19758448,20.4049,-1
ZTF18aaayemw,60059.2012616,2,19.303,0.13058552,20.0567,-1
ZTF18aaayemw,60061.1724884,1,20.0038,0.224537,20.2271,-1
ZTF18aaayemw,60061.1934491,2,19.228,0.15796572,19.8719,-1
ZTF18aaayemw,60063.1752315,1,19.7327,0.225181,20.0337,-1
ZTF18aaayemw,60063.2405208,2,19.2278,0.13588911,20.0223,-1
ZTF18aaayemw,60065.1810185,1,19.9204,0.255768,19.9169,-1
ZTF18aaayemw,60065.2208565,2,19.3389,0.15974337,19.7852,-1
ZTF18aaayemw,60073.1963773,2,19.2307,0.12513465,20.2771,-1
ZTF18aaayemw,60077.1740741,2,19.2684,0.12493455,20.3344,-1
ZTF18aaayemw,60077.2639583,1,19.8664,0.15594827,20.1781,-1
ZTF18aaayemw,60079.1726736,2,19.3047,0.12810199,20.1554,-1
ZTF18aaayemw,60081.2254282,1,20.0355,0.244494,19.9723,-1
ZTF18aaayemw,60081.2423611,2,19.2594,0.15021478,19.7593,-1
ZTF18aaayemw,60196.4992708,2,19.1161,0.131672,19.6892,-1
ZTF18aaayemw,60196.501794,2,19.2626,0.150983,19.6894,-1
ZTF18aaayemw,60196.5043287,2,19.3021,0.155422,19.7311,-1
ZTF18aaayemw,60196.5068634,2,19.0425,0.115333,19.7251,-1
ZTF18aaayemw,60198.4996991,2,19.1367,0.11951271,19.7188,-1
ZTF18aaayemw,60198.5022338,2,19.2074,0.12570219,19.7399,-1
ZTF18aaayemw,60198.5047801,2,19.2117,0.109477326,19.8533,-1
ZTF18aaayemw,60198.5073264,2,19.3206,0.17237262,19.8554,-1
ZTF18aaayemw,60198.5098611,2,19.309,0.15874654,19.8553,-1
ZTF18aaayemw,60199.5004282,2,19.2561,0.13308266,19.853,-1
ZTF18aaayemw,60199.5029051,2,19.2288,0.12749657,19.9209,-1
ZTF18aaayemw,60199.5053819,2,19.2327,0.12879542,19.9306,-1
ZTF18aaayemw,60199.5078588,2,19.2644,0.15357897,19.9733,-1
ZTF18aaayemw,60199.5103472,2,19.3992,0.13188605,20.0083,-1
ZTF18aaayemw,60200.5021644,2,19.2218,0.11154987,20.4036,-1
ZTF18aaayemw,60200.5046412,2,19.2153,0.110788986,20.3672,-1
ZTF18aaayemw,60200.5071528,2,19.2462,0.13946275,20.2954,-1
ZTF18aaayemw,60200.5096296,2,19.3111,0.13224165,20.2401,-1
ZTF18aaayemw,60200.5121181,2,19.2202,0.12879814,20.1146,-1
ZTF18aaayemw,60200.5121181,2,19.2202,0.128798,20.1145,-1
ZTF18aaayemw,60222.4894097,2,19.4996,0.1787735,19.6449,-1
ZTF18aaayemw,60224.4440741,1,19.9163,0.21127646,19.8846,-1
ZTF18aaayemw,60224.5058796,2,19.2218,0.11348739,20.0192,-1
ZTF18aaayemw,60230.4464815,1,19.8472,0.18016581,20.5291,-1
ZTF18aaayemw,60230.5097801,2,19.1717,0.105752885,20.4079,-1
ZTF18aaayemw,60232.4715741,1,20.0138,0.14405291,20.6725,-1
ZTF18aaayemw,60232.4898843,2,19.2701,0.10931053,20.2996,-1
ZTF18aaayemw,60234.4291088,2,19.2934,0.1155612,19.9557,-1
ZTF18aaayemw,60234.4472222,1,19.9567,0.16786034,20.6369,-1
ZTF18aaayemw,60236.4285069,1,19.9552,0.18745172,20.4463,-1
ZTF18aaayemw,60236.486956,2,19.1937,0.11498293,20.165,-1
ZTF18aaayemw,60238.4524884,1,19.9464,0.16891083,20.6324,-1
ZTF18aaayemw,60238.5133102,2,19.289,0.0959424,20.4302,-1
ZTF18aaayemw,60242.4901736,1,20.0588,0.121359885,20.983,-1
ZTF18aaayemw,60242.515544,2,19.2725,0.10412201,20.6601,-1
ZTF18aaayemw,60246.4950116,2,19.3112,0.1534959,19.5779,-1
ZTF18aaayemw,60250.4681713,1,19.7749,0.19369198,19.9586,-1
ZTF18aaayemw,60252.4325579,2,19.3312,0.12648682,19.8442,-1
ZTF18aaayemw,60252.475544,1,19.9611,0.20883742,20.0465,-1
ZTF18aaayemw,60254.4669676,1,19.9488,0.18777688,20.3099,-1
ZTF18aaayemw,60254.5192361,2,19.1691,0.100630805,20.3216,-1
ZTF18aaayemw,60258.4526968,2,19.2614,0.12753025,20.1682,-1
ZTF18aaayemw,60258.515,1,19.9087,0.1317883,20.7364,-1
ZTF18aaayemw,60260.3889005,2,19.1875,0.116425194,20.1921,-1
ZTF18aaayemw,60260.4871181,1,19.9307,0.15968311,20.5056,-1
ZTF18aaayemw,60263.4317245,2,19.2334,0.110732764,20.1913,-1
ZTF18aaayemw,60287.3686111,2,19.1839,0.19551818,19.694,-1
ZTF18aaayemw,60287.4271875,1,19.9489,0.179515,20.479,-1
ZTF18aaayemw,60289.4108565,1,19.9887,0.257841,20.1249,-1
ZTF18aaayemw,60289.4744097,2,19.1331,0.252152,18.9901,-1
ZTF18aaayemw,60291.3622801,2,19.395,0.11672586,20.2936,-1
ZTF18aaayemw,60291.403831,1,19.9624,0.13974251,20.6784,-1
ZTF18aaayemw,60292.4690856,1,19.9619,0.09864703,20.9937,-1
ZTF18aaayemw,60292.4965856,1,19.9822,0.10122831,21.1922,-1
ZTF18aaayemw,60292.5181944,1,19.9316,0.10004349,21.1481,-1
ZTF18aaayemw,60293.4220833,2,19.1865,0.15311998,19.7335,-1
ZTF18aaayemw,60293.4698148,1,20.0728,0.109351344,20.9062,-1
ZTF18aaayemw,60293.4903241,1,19.9997,0.10264408,21.0154,-1
ZTF18aaayemw,60293.5620139,1,20.0074,0.11507543,20.8263,-1
ZTF18aaayemw,60294.4042361,1,19.8932,0.101865284,20.6335,-1
ZTF18aaayemw,60294.4525579,1,19.8012,0.1286454,20.5024,-1
ZTF18aaayemw,60294.5567014,2,19.2164,0.1345528,19.601,-1
ZTF18aaayemw,60296.4375579,2,19.2629,0.11932001,20.0935,-1
ZTF18aaayemw,60296.4747685,1,19.8565,0.13321534,20.7404,-1
ZTF18aaayemw,60315.3449537,2,19.2574,0.150577,19.8803,-1
ZTF18aaayemw,60315.3955787,2,19.3088,0.12860793,20.1788,-1
ZTF18aaayemw,60322.3222222,1,20.0466,0.16886596,20.4378,-1
ZTF18aaayemw,60322.4277431,2,19.2376,0.10614482,20.3433,-1
ZTF18aaayemw,60324.3237616,2,19.1725,0.11956401,20.5242,-1
ZTF18aaayemw,60324.3639236,1,20.027,0.1706315,20.7079,-1
ZTF18aaayemw,60326.3886111,2,19.3088,0.10971003,20.3656,-1
ZTF18aaayemw,60326.4771296,1,19.8637,0.256156,19.7539,-1
ZTF18aaayemw,60328.3896412,2,19.0418,0.1557467,19.6336,-1
ZTF18aaayemw,60340.341088,2,19.2925,0.112593375,20.1697,-1
ZTF18aaayemw,60340.3795833,1,19.9549,0.19055139,20.3228,-1
ZTF18aaayemw,60352.2847338,1,19.919,0.14360532,20.7617,-1
ZTF18aaayemw,60352.3408796,2,19.2066,0.09549031,20.3913,-1
ZTF18aaayemw,60354.2691551,2,19.1727,0.13117246,19.8571,-1
ZTF18aaayemw,60354.2835417,1,19.9319,0.15099628,20.8198,-1
ZTF18aaayemw,60357.3080671,2,19.1874,0.11209469,20.364,-1
ZTF18aaayemw,60357.4076852,1,19.9748,0.12121611,20.816,-1
ZTF18aaayemw,60369.3348958,2,19.1804,0.11912685,19.9806,-1
ZTF18aaayemw,60378.2215394,2,19.1969,0.10785758,20.3102,-1
ZTF18aaayemw,60388.2205556,2,19.2171,0.15716095,19.8075,-1
ZTF18aaayemw,60391.2386806,2,19.1333,0.257421,18.8489,-1
ZTF18aaayemw,60391.2798495,1,19.8458,0.211765,19.7314,-1
ZTF18aaayemw,60397.2688426,2,19.2942,0.152368,19.8841,-1
ZTF18aaayemw,60397.3226968,1,19.6939,0.20973164,19.8222,-1
ZTF18aaayemw,60403.2795023,1,20.1373,0.18861954,20.4545,-1
ZTF18aaayemw,60407.284456,1,19.9784,0.16153313,20.2967,-1
ZTF18aaayemw,60407.395787,2,19.2594,0.13288447,19.7133,-1
ZTF18aaayemw,60416.165706,1,20.0237,0.228341,20.0856,-1
ZTF18aaayemw,60416.2143056,2,19.1748,0.11866616,19.9591,-1
ZTF18aaayemw,60418.1917593,1,19.7024,0.352201,19.2036,-1
ZTF18aaayemw,60420.2239352,1,19.7441,0.19523592,19.8697,-1
ZTF18aaayemw,60420.2606366,2,19.4117,0.21130978,19.5991,-1
ZTF18aaayemw,60422.1754282,1,19.8337,0.207809,19.8722,-1
ZTF18aaayemw,60422.283125,2,19.3347,0.193659,19.4724,-1
ZTF18aaayemw,60429.219456,2,19.2522,0.13548495,20.1539,-1
ZTF18aaayemw,60429.2412847,1,19.8411,0.16385463,20.46,-1
ZTF18aaayemw,60433.1769213,2,19.1558,0.11643959,20.1883,-1
ZTF18aaayemw,60433.2205903,1,20.0898,0.19455084,20.5673,-1
ZTF18aaayemw,60435.204838,1,19.896,0.21584311,20.2614,-1
ZTF18aaayemw,60437.1819907,1,19.9303,0.15396771,20.6066,-1
ZTF18aaayemw,60438.1983449,1,19.9265,0.13288,20.4881,-1
ZTF18aaayemw,60438.2238426,2,19.1959,0.12160437,20.0787,-1
ZTF18aaayemw,60557.5077083,2,19.2489,0.1767324,19.7273,-1
ZTF18aaayemw,60595.4470602,1,19.9081,0.15724844,20.4738,-1
ZTF18aaayemw,60595.5140394,2,19.2761,0.13292228,20.3354,-1
ZTF18aaayemw,60597.4706481,1,19.9637,0.13120458,20.6486,-1
ZTF18aaayemw,60597.5147569,2,19.1887,0.10450392,20.4714,-1
ZTF18aaayemw,60602.5087037,2,19.3771,0.18572274,19.4054,-1
ZTF18aaayemw,60604.4509144,2,19.1682,0.13062598,19.8501,-1
ZTF18aaayemw,60604.4700347,1,20.004,0.219557,20.009,-1
ZTF18aaayemw,60606.4277894,1,19.8402,0.226833,19.8749,-1
ZTF18aaayemw,60606.4516319,2,19.3458,0.14771177,19.7764,-1
ZTF18aaayemw,60608.4976736,1,19.9772,0.18564124,20.4949,-1
ZTF18aaayemw,60608.5391782,2,19.2524,0.12994094,20.0819,-1
ZTF18aaayemw,60610.4871875,2,19.2684,0.119711,20.1243,-1
ZTF18aaayemw,60614.4677546,2,19.2723,0.120717406,20.3412,-1
ZTF18aaayemw,60614.512338,1,19.9823,0.15165563,20.7562,-1
ZTF18aaayemw,60618.3891435,1,19.9732,0.234328,19.8605,-1
ZTF18aaayemw,60618.4317361,2,19.2755,0.18898928,19.7418,-1
ZTF18aaayemw,60621.5253009,2,19.4019,0.21489555,19.7693,-1
ZTF18aaayemw,60623.4944444,1,19.9179,0.15638313,20.5509,-1
ZTF18aaayemw,60625.3590509,2,19.1731,0.17016062,19.5308,-1
ZTF18aaayemw,60627.4984375,1,20.0406,0.1740907,20.6244,-1
ZTF18aaayemw,60628.4870255,2,19.1859,0.1637202,19.7603,-1
ZTF18aaayemw,60628.5349537,1,19.8312,0.1797768,20.4152,-1
ZTF18aaayemw,60637.467037,1,19.8804,0.12717791,20.5214,-1
ZTF18aaayemw,60640.3915972,1,19.9977,0.17768,20.6301,-1
ZTF18aaayemw,60640.3915972,1,19.9977,0.17768049,20.6301,-1
ZTF18aaayemw,60640.4455671,2,19.253,0.096263945,20.2717,-1
ZTF18aaayemw,60644.3909259,1,19.8068,0.138335,20.5325,-1
ZTF18aaayemw,60644.4835185,2,19.2145,0.132587,20.2582,-1
ZTF18aaayemw,60647.4269097,2,19.1165,0.182706,19.7031,-1
ZTF18aaayemw,60649.4350694,1,20.0118,0.141827,20.8386,-1
ZTF18aaayemw,60649.4744097,2,19.2704,0.102203414,20.3645,-1
ZTF18aaayemw,60651.5080208,1,19.947,0.145544,20.6129,-1
ZTF18aaayemw,60653.2604977,2,19.0728,0.170893,19.3773,-1
ZTF18aaayemw,60653.3245718,1,19.8877,0.178298,20.1407,-1
ZTF18aaayemw,60666.4087731,1,19.8476,0.16847429,20.4658,-1
ZTF18aaayemw,60668.3501852,2,19.2878,0.110889,20.2064,-1
ZTF18aaayemw,60668.4071296,1,19.9259,0.149252,20.5685,-1
ZTF18aaayemw,60674.2015741,2,19.1385,0.23167,19.1873,-1
ZTF18aaayemw,60674.4497222,1,19.9691,0.15054882,20.6602,-1
ZTF18aaayemw,60678.217037,1,19.8604,0.265117,19.4462,-1
ZTF18aaayemw,60680.3508912,1,19.8244,0.14904128,20.2958,-1
ZTF18aaayemw,60683.4111921,1,19.9077,0.21446,19.8773,-1
ZTF18aaayemw,60686.3673032,2,19.2848,0.16446106,19.7038,-1
ZTF18aaayemw,60688.3868056,2,19.2646,0.21132451,19.1652,-1
ZTF18aaayemw,60690.3284606,2,19.2166,0.265208,19.0135,-1
ZTF18aaayemw,60692.3000347,2,19.2863,0.15941268,19.6909,-1
ZTF18aaayemw,60692.3434259,1,19.7009,0.15283367,19.9962,-1
ZTF18aaayemw,60696.3229282,1,19.8587,0.286658,19.7621,-1
ZTF18aaayemw,60696.3458912,2,19.2593,0.18648566,19.8441,-1
ZTF18aaayemw,60699.3471412,1,19.9206,0.15959752,20.4545,-1
ZTF18aaayemw,60699.4793519,2,19.2276,0.12546803,19.9157,-1
ZTF18aaayemw,60723.304375,2,19.1546,0.258983,18.9045,-1
ZTF18aaayemw,60725.2653704,1,19.9199,0.15454736,20.6001,-1
ZTF18aaayemw,60727.220625,2,19.2986,0.09682176,20.4344,-1
ZTF18aaayemw,60727.25875,1,19.9225,0.14583674,20.646,-1
ZTF18aaayemw,60729.2385185,1,19.9586,0.129998,20.6616,-1
ZTF18aaayemw,60729.2647454,2,19.1906,0.12627526,20.232,-1
ZTF18aaayemw,60731.263588,1,19.9553,0.13734333,20.7198,-1
ZTF18aaayemw,60731.2766551,2,19.2295,0.08543246,20.4112,-1
ZTF18aaayemw,60733.3318866,1,19.8462,0.16156955,20.2466,-1
ZTF18aaayemw,60736.3400579,1,20.0542,0.219454,20.3377,-1
ZTF18aaayemw,60743.24375,1,19.7345,0.188361,19.8803,-1
ZTF18aaayemw,60743.3221181,2,19.369,0.17106344,19.5847,-1
ZTF18aaayemw,60750.2644676,2,19.1786,0.1375573,19.9611,-1
ZTF18aaayemw,60753.1623148,2,19.2494,0.11446899,20.3693,-1
ZTF18aaayemw,60753.223588,1,20.0168,0.15205793,20.6027,-1
ZTF18aaayemw,60755.2657986,2,19.2415,0.1475844,19.8134,-1
ZTF18aaayemw,60757.1948032,1,19.8234,0.1365578,20.7264,-1
ZTF18aaayemw,60757.2623958,2,19.1447,0.219763,19.1936,-1
ZTF18aaayemw,60759.1980208,2,19.2406,0.10375449,20.1971,-1
ZTF18aaayemw,60759.2606019,1,19.9727,0.1381186,20.6732,-1
ZTF18aaayemw,60761.1862269,1,19.9782,0.15065762,20.8827,-1
ZTF18aaayemw,60761.2566204,2,19.2102,0.105015524,20.5511,-1
ZTF18aaayemw,60770.2783912,2,19.1715,0.12874085,19.7552,-1
ZTF18aaayemw,60772.2435764,1,20.0358,0.312817,19.7295,-1
ZTF18aaayemw,60772.2906713,2,19.0424,0.17715055,19.4512,-1
ZTF18aaayemw,60776.2433449,2,19.2974,0.16165473,19.4595,-1
ZTF18aaayemw,60781.2191898,1,19.9506,0.19441815,20.4967,-1
ZTF18aaayemw,60781.2672106,2,19.2772,0.217424,19.4345,-1
ZTF18aaayemw,60786.2799306,2,19.199,0.12881115,19.9468,-1
ZTF18aaayemw,60788.2776736,1,19.8262,0.153074,20.6351,-1
ZTF18aaayemw,60788.2776736,1,19.8262,0.15307443,20.6351,-1
ZTF18aaayemw,60788.3236458,2,19.136,0.11211119,20.121,-1
ZTF18aaayemw,60790.1633218,2,19.1919,0.14434797,19.9413,-1
ZTF18aaayemw,60790.1633218,2,19.1919,0.144348,19.9413,-1
ZTF18aaayemw,60790.2864468,1,20.0252,0.16868632,20.5192,-1
ZTF18aaayemw,60796.2620486,2,19.3338,0.10326471,20.128,-1
ZTF18aaayemw,60798.2631829,2,19.3616,0.14731409,19.7631,-1
ZTF18aaayemw,60798.3313194,1,19.7618,0.224149,19.5902,-1
ZTF18aaayemw,60804.2064005,1,19.846,0.196394,19.9156,-1
ZTF18aaayemw,60810.2216667,1,19.8821,0.17461823,20.1688,-1
ZTF18aaayemw,60816.1828819,1,19.9275,0.19311737,20.3981,-1
ZTF18aaayemw,60816.2400694,2,19.3349,0.14656782,19.9755,-1
ZTF18aaayemw,60818.2155093,1,19.9783,0.18953747,20.3448,-1
ZTF18aaayemw,60818.2617593,2,19.2098,0.14442049,19.6428,-1
ZTF18aaayemw,60820.1858681,1,19.9753,0.17921078,20.2858,-1
ZTF18aaayemw,60948.475081,1,19.9067,0.16772293,20.3349,-1
ZTF18aaayemw,60948.4934028,2,19.156,0.1256557,20.0762,-1
ZTF18aaayemw,61020.4315046,1,19.9108,0.12823768,20.469,-1
ZTF18aaayemw,61020.4657986,2,19.2032,0.09763437,20.2109,-1
ZTF18aaayemw,61026.4522917,1,19.9126,0.158286,20.6949,-1
ZTF18aaayemw,61026.4769907,2,19.2912,0.1067401,20.4501,-1
ZTF18aaayemw,61029.4346412,2,19.2441,0.12724501,20.4596,-1
ZTF18aaayemw,61029.4724537,1,19.9483,0.13279559,20.8226,-1
ZTF18aaayemw,61031.3415509,1,19.9447,0.14080295,20.7735,-1
ZTF18aaayemw,61031.3987037,2,19.2224,0.12176938,20.46,-1
ZTF18aaayemw,61038.3633912,2,19.2649,0.1185936,19.9794,-1
ZTF18aaayemw,61038.4062037,1,19.9429,0.16486494,20.3992,-1
ZTF18aaayemw,61050.3597917,1,19.7723,0.221028,19.8273,-1
ZTF18aaayemw,61052.3515278,1,19.9895,0.181369,20.3156,-1
ZTF18aaayemw,61054.2846644,1,20.0186,0.19591454,20.2945,-1
ZTF18aaayemw,61054.3680671,2,19.3154,0.10579033,20.133,-1
ZTF18aaayemw,61056.3061111,2,19.2227,0.12402241,20.2143,-1
ZTF18aaayemw,61056.3440509,1,19.8837,0.1649156,20.3169,-1
ZTF18aaayemw,61058.3100463,2,19.3751,0.13891016,19.898,-1
ZTF18aaayemw,61058.3882986,1,19.7554,0.17020191,20.4088,-1
ZTF18aaayemw,61060.3027431,2,19.24,0.13018422,20.202,-1
ZTF18aaayemw,61060.3898495,1,19.8496,0.13701355,20.7018,-1
ZTF18aaayemw,61065.3248495,2,19.1793,0.119500846,20.2439,-1
ZTF18aaayemw,61065.4292824,1,20.004,0.18531987,20.4953,-1
ZTF18aaayemw,61068.2766667,1,19.9222,0.1677594,20.0886,-1
ZTF18aaayemw,61068.3280093,2,19.2194,0.14205787,20.0223,-1
ZTF18aaayemw,61070.2875347,2,19.3772,0.18928602,19.3234,-1
ZTF18aaayemw,61074.2798264,2,19.2208,0.17727813,19.4752,-1
ZTF18aaayemw,61076.198125,1,19.9189,0.269035,19.7899,-1
ZTF18aaayemw,61076.4331366,2,19.2813,0.14927201,19.951,-1
ZTF18aaayemw,61283.5173611,2,19.5821,0.28783,19.069,-1
ZTF18aaayemw,61301.5173727,2,19.7081,0.152359,20.2555,-1
ZTF18aaayemw,61305.5176389,2,19.6804,0.1390824,20.4658,-1
ZTF18aaewugy,58426.4321759,2,20.2484,0.21153416,20.326,-1
ZTF18aaewugy,58429.388669,2,20.3259,0.229078,20.4274,-1
ZTF18aaewugy,58429.5059606,2,20.316,0.20500092,20.4782,-1
ZTF18aaewugy,58465.3914236,2,20.3569,0.261529,20.2941,-1
ZTF18aaewugy,58481.4306481,2,20.482,0.282827,20.053,-1
ZTF18aaewugy,58490.2148148,2,20.2294,0.2616,20.1196,-1
ZTF18aaewugy,58493.2747569,2,20.2583,0.1878942,20.4181,-1
ZTF18aaewugy,58522.2264815,2,20.2939,0.253038,20.5909,-1
ZTF18aaewugy,58526.2273611,2,20.0507,0.19664048,20.1067,-1
ZTF18aaewugy,58547.1720833,2,20.3932,0.25894,20.5766,-1
ZTF18aaewugy,58567.1267708,2,20.2467,0.20982654,20.47,-1
ZTF18aaewugy,58756.5173611,2,20.1085,0.248856,20.0369,-1
ZTF18aaewugy,58766.5293171,2,20.1407,0.20738503,20.2621,-1
ZTF18aaewugy,58836.4574884,2,20.5338,0.313455,20.2471,-1
ZTF18aaewugy,58846.4030324,2,20.4036,0.269508,20.3819,-1
ZTF18aaewugy,58850.4474884,2,20.1078,0.267102,19.8999,-1
ZTF18aaewugy,58853.4262037,2,20.315,0.195441,20.5865,-1
ZTF18aaewugy,58862.3453704,2,20.1718,0.268467,20.0171,-1
ZTF18aaewugy,58864.24875,2,20.3106,0.17535815,20.6713,-1
ZTF18aaewugy,58867.2551505,2,20.3896,0.253895,20.3417,-1
ZTF18aaewugy,58871.2430093,2,20.2571,0.258419,20.455,-1
ZTF18aaewugy,58873.2236227,2,20.037,0.15375,20.3413,-1
ZTF18aaewugy,58874.2338773,2,20.1402,0.256642,20.1835,-1
ZTF18aaewugy,58874.2710417,2,20.3037,0.19112715,20.5967,-1
ZTF18aaewugy,58875.2485764,2,20.4,0.15277801,20.5873,-1
ZTF18aaewugy,58880.21125,2,20.1588,0.220437,20.4158,-1
ZTF18aaewugy,58881.2679514,2,20.2959,0.281578,20.2832,-1
ZTF18aaewugy,58883.2249306,2,20.0389,0.280456,19.5854,-1
ZTF18aaewugy,58891.1378356,2,20.18,0.22394,20.3414,-1
ZTF18aaewugy,58891.2647569,2,20.2853,0.23839,20.161,-1
ZTF18aaewugy,58894.2287384,2,20.2778,0.18225971,20.4271,-1
ZTF18aaewugy,58894.2408796,2,20.2151,0.18185073,20.5452,-1
ZTF18aaewugy,58898.1473611,2,20.3367,0.17415963,20.6136,-1
ZTF18aaewugy,58955.1946065,2,20.1831,0.21140403,20.3812,-1
ZTF18aaewugy,59126.5082407,2,20.0378,0.249575,19.8794,-1
ZTF18aaewugy,59128.5040394,2,20.1917,0.320682,19.6625,-1
ZTF18aaewugy,59139.5164815,2,20.1729,0.231478,20.3539,-1
ZTF18aaewugy,59141.5028472,2,20.1085,0.16281004,20.6592,-1
ZTF18aaewugy,59143.4785417,2,20.24,0.265183,20.522,-1
ZTF18aaewugy,59150.4855324,2,20.2593,0.19494875,20.5001,-1
ZTF18aaewugy,59155.4640509,2,19.8953,0.213904,19.9724,-1
ZTF18aaewugy,59163.5028009,2,20.2329,0.16939618,20.3342,-1
ZTF18aaewugy,59165.4618634,2,20.2468,0.17998028,20.582,-1
ZTF18aaewugy,59168.436875,2,20.2081,0.223353,20.4623,-1
ZTF18aaewugy,59170.5053704,2,20.1849,0.1841584,20.5176,-1
ZTF18aaewugy,59194.3799306,2,20.0466,0.177601,20.2572,-1
ZTF18aaewugy,59196.4752083,2,20.2259,0.215415,20.1204,-1
ZTF18aaewugy,59210.3866551,2,20.3282,0.277224,19.9863,-1
ZTF18aaewugy,59220.296875,2,20.2411,0.21052156,20.3137,-1
ZTF18aaewugy,59222.3392593,2,20.2683,0.228974,20.4686,-1
ZTF18aaewugy,59224.3121759,2,20.3497,0.19109452,20.4847,-1
ZTF18aaewugy,59226.3996759,2,20.3195,0.223173,20.3294,-1
ZTF18aaewugy,59228.3200347,2,20.3882,0.219489,20.6185,-1
ZTF18aaewugy,59232.3733102,2,20.371,0.1843506,20.5032,-1
ZTF18aaewugy,59248.2364236,2,20.4767,0.2050857,20.6338,-1
ZTF18aaewugy,59250.3275347,2,20.2267,0.20437181,20.0333,-1
ZTF18aaewugy,59252.2047917,2,20.3022,0.20203905,20.628,-1
ZTF18aaewugy,59254.1961227,2,20.3739,0.20138982,20.6209,-1
ZTF18aaewugy,59256.2126389,2,20.2008,0.16370791,20.6925,-1
ZTF18aaewugy,59265.2332523,2,20.1521,0.195776,20.3378,-1
ZTF18aaewugy,59267.1745023,2,20.3026,0.234791,19.9174,-1
ZTF18aaewugy,59275.2335648,2,20.2645,0.243963,19.9069,-1
ZTF18aaewugy,59281.2247917,2,20.5577,0.260521,20.4831,-1
ZTF18aaewugy,59291.2016204,2,20.2683,0.15215114,20.5035,-1
ZTF18aaewugy,59293.1726157,2,20.1509,0.20668644,20.329,-1
ZTF18aaewugy,59303.1530903,2,20.2522,0.251684,20.289,-1
ZTF18aaewugy,59306.2274421,2,20.2108,0.18253396,20.4059,-1
ZTF18aaewugy,59308.1878704,2,20.2167,0.2111798,20.4534,-1
ZTF18aaewugy,59463.5046065,2,20.2687,0.307058,19.8966,-1
ZTF18aaewugy,59463.5095602,2,20.3608,0.30915,19.9665,-1
ZTF18aaewugy,59463.512037,2,20.1636,0.24491,19.9142,-1
ZTF18aaewugy,59464.5017824,2,20.1026,0.21072035,20.0789,-1
ZTF18aaewugy,59496.4754282,2,20.2055,0.247353,20.1763,-1
ZTF18aaewugy,59509.4624653,2,20.3022,0.312981,19.9508,-1
ZTF18aaewugy,59512.3687269,2,20.1428,0.341438,19.6437,-1
ZTF18aaewugy,59518.4910185,2,20.255,0.18957049,20.6877,-1
ZTF18aaewugy,59522.4748727,2,20.2633,0.19923082,20.6714,-1
ZTF18aaewugy,59524.4616667,2,20.2473,0.19767609,20.623,-1
ZTF18aaewugy,59526.4876968,2,20.1838,0.16202097,20.5665,-1
ZTF18aaewugy,59529.4063079,2,20.2538,0.255478,20.2407,-1
ZTF18aaewugy,59531.4433796,2,20.1275,0.19580856,20.6206,-1
ZTF18aaewugy,59636.1540278,2,20.3601,0.21436222,20.537,-1
ZTF18aaewugy,59640.2332986,2,20.1304,0.17855775,20.6091,-1
ZTF18aaewugy,59674.2239931,2,20.1122,0.17936599,20.4161,-1
ZTF18aaewugy,59687.1619676,2,20.1344,0.20964377,20.1851,-1
ZTF18aaewugy,59695.207581,2,20.1802,0.21628177,20.0646,-1
ZTF18aaewugy,59829.4980208,2,20.0868,0.296689,19.9342,-1
ZTF18aaewugy,59829.5004977,2,20.2547,0.27781,19.9981,-1
ZTF18aaewugy,59829.5029745,2,20.2594,0.302338,19.928,-1
ZTF18aaewugy,59829.5054514,2,20.2798,0.291672,19.9099,-1
ZTF18aaewugy,59846.473912,2,20.2919,0.252012,20.1207,-1
ZTF18aaewugy,59848.4971412,2,20.0629,0.18449351,20.3434,-1
ZTF18aaewugy,59853.4457407,2,20.491,0.230269,20.3223,-1
ZTF18aaewugy,59856.4826736,2,20.1675,0.20124832,20.5028,-1
ZTF18aaewugy,59858.4875694,2,20.1345,0.144611,20.3474,-1
ZTF18aaewugy,59866.4937037,2,20.1043,0.23773,20.0013,-1
ZTF18aaewugy,59873.4639236,2,20.5079,0.310205,20.4653,-1
ZTF18aaewugy,59880.4646528,2,20.3626,0.223627,20.3701,-1
ZTF18aaewugy,59887.4612847,2,20.0754,0.19272472,20.2089,-1
ZTF18aaewugy,59901.4836343,2,20.1768,0.19514644,20.4429,-1
ZTF18aaewugy,59903.4256597,2,20.295,0.22343,20.4346,-1
ZTF18aaewugy,59908.4235648,2,20.2073,0.20793732,20.3836,-1
ZTF18aaewugy,59914.4021528,2,20.2286,0.17234933,20.5007,-1
ZTF18aaewugy,59932.3843634,2,20.2215,0.20536149,20.468,-1
ZTF18aaewugy,59966.2700116,2,20.335,0.281895,20.1031,-1
ZTF18aaewugy,59968.2339931,2,20.3608,0.231625,20.0575,-1
ZTF18aaewugy,59994.2278588,2,20.3363,0.21241702,20.3165,-1
ZTF18aaewugy,60013.2208681,2,20.2978,0.308413,20.0799,-1
ZTF18aaewugy,60021.1855208,2,20.2442,0.18331727,20.3013,-1
ZTF18aaewugy,60031.1573958,2,20.2829,0.22101,20.33,-1
ZTF18aaewugy,60050.1927083,2,20.4413,0.241442,20.3448,-1
ZTF18aaewugy,60055.1959954,2,20.2359,0.242858,20.267,-1
ZTF18aaewugy,60057.1817824,2,20.2107,0.19972368,20.3432,-1
ZTF18aaewugy,60194.4990741,2,20.1003,0.277008,19.7576,-1
ZTF18aaewugy,60194.5015509,2,20.1473,0.23271,19.8359,-1
ZTF18aaewugy,60195.4984028,2,20.0031,0.244852,19.6961,-1
ZTF18aaewugy,60195.5008565,2,20.0928,0.271025,19.7622,-1
ZTF18aaewugy,60196.5032292,2,20.2837,0.29186,19.7767,-1
ZTF18aaewugy,60196.5057639,2,20.2379,0.302175,19.7932,-1
ZTF18aaewugy,60212.4549306,2,19.9647,0.18756022,20.2223,-1
ZTF18aaewugy,60229.4989583,2,20.1546,0.254415,19.8621,-1
ZTF18aaewugy,60232.4860648,2,20.2423,0.19543667,20.5224,-1
ZTF18aaewugy,60238.4881019,2,20.4547,0.258594,20.491,-1
ZTF18aaewugy,60248.4891088,2,19.9127,0.269846,19.5287,-1
ZTF18aaewugy,60253.4856134,2,20.5331,0.325754,20.246,-1
ZTF18aaewugy,60258.4431713,2,20.0642,0.16772884,20.3366,-1
ZTF18aaewugy,60262.4690162,2,20.2943,0.18796818,20.6437,-1
ZTF18aaewugy,60287.3747569,2,20.1723,0.26549,20.1052,-1
ZTF18aaewugy,60291.3783102,2,20.0428,0.15913378,20.2134,-1
ZTF18aaewugy,60292.3794444,2,20.3387,0.15042444,20.6473,-1
ZTF18aaewugy,60324.2529861,2,20.1627,0.177133,20.4808,-1
ZTF18aaewugy,60326.3954861,2,20.2049,0.20801528,20.3926,-1
ZTF18aaewugy,60354.2575926,2,20.2214,0.183243,20.4838,-1
ZTF18aaewugy,60357.2992245,2,20.3589,0.314683,20.3232,-1
ZTF18aaewugy,60369.3029282,2,20.2782,0.24338,20.4022,-1
ZTF18aaewugy,60378.2129051,2,20.1424,0.18941548,20.4068,-1
ZTF18aaewugy,60404.1541782,2,20.0888,0.14749978,20.465,-1
ZTF18aaewugy,60593.4560995,2,20.4285,0.25115,20.268,-1
ZTF18aaewugy,60595.4985417,2,20.2851,0.16867037,20.391,-1
ZTF18aaewugy,60599.4513426,2,20.0822,0.284547,19.777,-1
ZTF18aaewugy,60608.4081713,2,20.1274,0.232736,20.1885,-1
ZTF18aaewugy,60618.3432639,2,20.1052,0.325308,19.6208,-1
ZTF18aaewugy,60624.5249421,2,20.2278,0.146155,20.511,-1
ZTF18aaewugy,60627.5385532,2,20.0077,0.2009401,20.0981,-1
ZTF18aaewugy,60636.4020023,2,20.2136,0.236056,20.0588,-1
ZTF18aaewugy,60647.4050694,2,20.132,0.176048,20.2985,-1
ZTF18aaewugy,60649.3783565,2,20.1371,0.16515206,20.5599,-1
ZTF18aaewugy,60665.4198958,2,20.4235,0.260827,20.2414,-1
ZTF18aaewugy,60667.489213,2,20.1477,0.248632,19.9466,-1
ZTF18aaewugy,60671.3791667,2,20.1248,0.201052,20.2883,-1
ZTF18aaewugy,60695.2971528,2,20.1718,0.15051405,20.4464,-1
ZTF18aaewugy,60724.3046065,2,20.3188,0.247081,19.987,-1
ZTF18aaewugy,60730.1708912,2,20.4722,0.23237,20.268,-1
ZTF18aaewugy,60732.2136921,2,20.2401,0.19908847,20.5501,-1
ZTF18aaewugy,60734.270625,2,20.4767,0.26739,20.3122,-1
ZTF18aaewugy,60739.2206829,2,20.39,0.294245,20.0769,-1
ZTF18aaewugy,60755.2576968,2,20.0844,0.238266,19.7921,-1
ZTF18aaewugy,60757.2506944,2,20.1871,0.17175755,20.4165,-1
ZTF18aaewugy,60759.1879167,2,20.239,0.17417532,20.4217,-1
ZTF18aaewugy,60948.5043634,2,20.5394,0.240631,20.3697,-1
ZTF18aaewugy,60977.4818403,2,20.4044,0.21101554,20.3664,-1
ZTF18aaewugy,61004.3728125,2,20.3398,0.19450708,20.3404,-1
ZTF18aaewugy,61006.4215856,2,20.211,0.25831,20.1988,-1
ZTF18aaewugy,61027.3785301,2,20.3878,0.254309,20.2887,-1
ZTF18aaewugy,61029.404919,2,20.3149,0.16406061,20.658,-1
ZTF18aaewugy,61038.3695602,2,20.2889,0.284287,20.0534,-1
ZTF18aaewugy,61053.3315278,2,20.0121,0.17935458,19.9898,-1
ZTF18aaewugy,61055.360787,2,20.2855,0.18440397,20.3281,-1
ZTF18aaewugy,61059.3047569,2,20.3457,0.238139,20.5748,-1
ZTF18aaewugy,61061.2933681,2,20.2188,0.221057,20.3639,-1
ZTF18aaewugy,61075.2903356,2,20.1712,0.263636,19.6905,-1
ZTF18aaewugy,61079.2958565,2,20.1161,0.14594038,20.3704,-1
ZTF18aaewugy,61080.2125694,2,20.382,0.245449,20.2512,-1
ZTF18aaewugy,61080.2234722,2,20.0113,0.14686283,20.4173,-1
ZTF18aaewugy,61093.2129861,2,20.2208,0.18204276,20.2826,-1
ZTF18aaewugy,61094.2129861,2,20.3085,0.21579331,20.2859,-1
ZTF18aaewugy,61095.1956597,2,20.3683,0.2124519,20.2992,-1
ZTF18aaewugy,61096.2280093,2,20.1642,0.19578798,20.1548,-1
ZTF18aaewugy,61097.2603241,2,20.303,0.297092,19.9116,-1
ZTF18aaewugy,61105.155625,2,20.3352,0.305399,20.0458,-1
ZTF18aaewugy,61108.1859491,2,20.4084,0.218004,20.3109,-1
ZTF18aaewugy,61112.1333796,2,20.1589,0.15648843,20.4998,-1
ZTF18aaewugy,61113.186088,2,20.2874,0.255982,20.5252,-1
ZTF18aaewugy,61114.1395023,2,20.3348,0.21657412,20.5068,-1
ZTF18aaewugy,61115.1695255,2,20.0471,0.14259961,20.4908,-1
ZTF18aaewugy,61115.1695255,2,20.0471,0.1426,20.4908,-1
ZTF18aaewugy,61117.1710995,2,20.3298,0.21039625,20.4036,-1
ZTF18aaewugy,61118.171794,2,20.2427,0.20051588,20.5612,-1
ZTF18aaewugy,61120.1502894,2,20.2031,0.20994261,20.4986,-1
ZTF18aaewugy,61123.1697454,2,20.3927,0.19214055,20.4472,-1
ZTF18aaphzut,58242.2715625,2,18.8206,0.039652,20.2202,1
ZTF18aaphzut,58245.1681829,2,18.816,0.042481,20.1206,1
ZTF18aaphzut,58257.2105556,2,19.3142,0.086447,20.5361,1
ZTF18aaphzut,58271.1879051,2,19.7331,0.15373427,20.1311,1
ZTF18aaphzut,58283.1913079,2,20.1994,0.20917568,20.4443,1
ZTF18aaphzut,58283.2341551,1,19.8368,0.12601997,20.4383,-1
ZTF18aaphzut,58286.2159144,1,19.7469,0.111078866,20.3742,-1
ZTF18aaphzut,58437.5199653,1,19.474,0.216496,19.6038,-1
ZTF18aaphzut,58465.5440625,1,19.6896,0.1289224,20.5522,-1
ZTF18aaphzut,58471.5022454,1,19.7537,0.248235,20.0847,-1
ZTF18aaphzut,58482.5428356,1,19.8264,0.17040908,20.1382,-1
ZTF18aaphzut,58482.543287,1,19.7827,0.16497,20.1139,-1
ZTF18aaphzut,58487.4846181,1,19.6395,0.13981889,20.7268,-1
ZTF18aaphzut,58494.5018981,1,19.7401,0.14226113,20.8318,-1
ZTF18aaphzut,58502.4556134,1,19.3154,0.231466,19.197,-1
ZTF18aaphzut,58505.4560995,1,19.5028,0.347164,19.0399,-1
ZTF18aaphzut,58511.4410417,1,19.6972,0.15731587,20.2925,-1
ZTF18aaphzut,58511.4786921,1,19.6929,0.18223436,20.1576,-1
ZTF18aaphzut,58546.2911574,1,19.6652,0.180773,20.261,-1
ZTF18aaphzut,58559.3540856,1,19.7772,0.220795,19.6628,-1
ZTF18aaphzut,58572.3156134,1,19.761,0.17241251,20.1432,-1
ZTF18aaphzut,58580.2943403,1,19.7582,0.13654503,20.5608,-1
ZTF18aaphzut,58586.2570139,1,19.7492,0.15749954,20.1429,-1
ZTF18aaphzut,58597.271956,1,19.7418,0.14599891,20.4339,-1
ZTF18aaphzut,58600.2113079,1,19.6596,0.13406298,20.5904,-1
ZTF18aaphzut,58605.2302083,1,19.6897,0.14898211,20.6433,-1
ZTF18aaphzut,58608.2738194,1,19.7792,0.13986497,20.4208,-1
ZTF18aaphzut,58612.1691667,1,19.6625,0.14265907,20.6519,-1
ZTF18aaphzut,58634.2148843,1,19.8611,0.221805,20.5412,-1
ZTF18aaphzut,58637.2353819,1,19.7065,0.16309595,20.4878,-1
ZTF18aaphzut,58640.1960648,1,19.6405,0.13488898,20.5516,-1
ZTF18aaphzut,58653.2552894,1,19.5613,0.347585,19.1547,-1
ZTF18aaphzut,58658.1919213,1,19.7504,0.15626931,20.4254,-1
ZTF18aaphzut,58850.5415972,1,19.6759,0.17874297,20.3002,-1
ZTF18aaphzut,58853.5028472,1,19.6663,0.14868608,20.6495,-1
ZTF18aaphzut,58856.5402778,1,19.5984,0.12785077,20.4465,-1
ZTF18aaphzut,58873.3998264,1,19.6914,0.14215842,20.3853,-1
ZTF18aaphzut,58876.5061806,1,19.6367,0.1149761,20.6415,-1
ZTF18aaphzut,58876.5061806,1,19.6407,0.1143,20.6428,-1
ZTF18aaphzut,58886.4597222,1,19.8396,0.284484,19.6996,-1
ZTF18aaphzut,58894.3739815,1,19.8194,0.17731012,20.0695,-1
ZTF18aaphzut,58898.3966204,1,19.7489,0.10657978,20.9029,-1
ZTF18aaphzut,58908.3364236,1,19.7796,0.14895687,20.4882,-1
ZTF18aaphzut,58908.3364236,1,19.7796,0.148957,20.4882,-1
ZTF18aaphzut,58911.3984954,1,19.7441,0.20288056,20.2842,-1
ZTF18aaphzut,58936.3129167,1,19.6747,0.14135961,20.6938,-1
ZTF18aaphzut,58939.3134259,1,19.7125,0.320206,19.5343,-1
ZTF18aaphzut,58955.2960301,1,19.595,0.1469509,20.4506,-1
ZTF18aaphzut,58962.2306829,1,19.6287,0.13347124,20.6232,-1
ZTF18aaphzut,58965.2304745,1,19.6025,0.11778174,20.6266,-1
ZTF18aaphzut,58967.2493981,1,19.627,0.14626934,20.5809,-1
ZTF18aaphzut,58968.2723727,1,19.7002,0.15427639,20.5311,-1
ZTF18aaphzut,58971.2751273,1,19.8162,0.23294,19.7841,-1
ZTF18aaphzut,58981.1992708,1,19.6462,0.123467684,20.4998,-1
ZTF18aaphzut,58986.1920139,1,19.5987,0.12060463,20.755,-1
ZTF18aaphzut,58992.1932176,1,19.7264,0.13630427,20.7514,-1
ZTF18aaphzut,58995.2014699,1,19.7851,0.12840088,20.7006,-1
ZTF18aaphzut,58998.1927199,1,19.7829,0.13608952,20.4191,-1
ZTF18aaphzut,59005.1867593,1,19.7211,0.22343,19.4044,-1
ZTF18aaphzut,59009.2314815,1,19.7429,0.219891,19.8818,-1
ZTF18aaphzut,59014.1998727,1,19.6663,0.13259363,20.596,-1
ZTF18aaphzut,59020.1977894,1,19.6145,0.12708291,20.6553,-1
ZTF18aaphzut,59023.2144097,1,19.6497,0.20507105,20.4954,-1
ZTF18aaphzut,59176.5164236,1,19.7141,0.1806314,20.0693,-1
ZTF18aaphzut,59188.5419792,1,19.7557,0.226766,19.6732,-1
ZTF18aaphzut,59194.5490509,1,19.7407,0.15108392,20.3856,-1
ZTF18aaphzut,59198.5258796,1,19.6388,0.18202534,20.2337,-1
ZTF18aaphzut,59203.5405208,1,19.7392,0.229507,20.1372,-1
ZTF18aaphzut,59216.5356944,1,19.5175,0.242912,19.1946,-1
ZTF18aaphzut,59221.4734028,1,19.4211,0.261315,19.3379,-1
ZTF18aaphzut,59223.3996875,1,19.6551,0.260101,19.9274,-1
ZTF18aaphzut,59225.4650231,1,19.5591,0.1744913,20.0824,-1
ZTF18aaphzut,59227.4622569,1,19.7412,0.162628,20.4688,-1
ZTF18aaphzut,59231.4586921,1,19.7294,0.150502,20.6864,-1
ZTF18aaphzut,59234.4492245,1,19.6295,0.242996,19.6422,-1
ZTF18aaphzut,59249.4363889,1,19.6391,0.239265,19.5453,-1
ZTF18aaphzut,59253.3790394,1,19.7383,0.14470659,20.3878,-1
ZTF18aaphzut,59255.3778935,1,19.7004,0.13989049,20.8975,-1
ZTF18aaphzut,59257.3790509,1,19.6581,0.21576408,19.9622,-1
ZTF18aaphzut,59262.4168403,1,19.5487,0.231792,20.0428,-1
ZTF18aaphzut,59268.4360417,1,19.8341,0.19799808,20.1647,-1
ZTF18aaphzut,59275.4433681,1,19.7125,0.302677,19.1923,-1
ZTF18aaphzut,59278.3166667,1,19.7287,0.15685456,20.3984,-1
ZTF18aaphzut,59291.2891204,1,19.6114,0.15330176,20.4676,-1
ZTF18aaphzut,59293.294838,1,19.7547,0.13368692,20.4185,-1
ZTF18aaphzut,59298.33375,1,19.9108,0.299532,19.3324,-1
ZTF18aaphzut,59307.2972338,1,19.8003,0.15281175,20.4974,-1
ZTF18aaphzut,59309.3091551,1,19.6461,0.174783,20.4644,-1
ZTF18aaphzut,59311.2335069,1,19.6968,0.18655588,20.31,-1
ZTF18aaphzut,59313.2556481,1,19.5577,0.11335971,20.5386,-1
ZTF18aaphzut,59317.2524074,1,19.7436,0.130425,20.855,-1
ZTF18aaphzut,59317.2524074,1,19.7436,0.13042453,20.855,-1
ZTF18aaphzut,59321.2709375,1,19.6384,0.12526287,20.7901,-1
ZTF18aaphzut,59323.2783681,1,19.6247,0.15860814,20.1915,-1
ZTF18aaphzut,59325.3251852,1,19.7905,0.293046,19.8454,-1
ZTF18aaphzut,59336.2564352,1,19.6355,0.13502,20.6273,-1
ZTF18aaphzut,59336.2564352,1,19.6355,0.13501957,20.6273,-1
ZTF18aaphzut,59336.2564352,1,19.6355,0.13502,20.6273,-1
ZTF18aaphzut,59338.3121528,1,19.6641,0.15117663,20.2587,-1
ZTF18aaphzut,59340.2286343,1,19.7344,0.13134477,20.7428,-1
ZTF18aaphzut,59342.3167245,1,19.5644,0.1320719,20.449,-1
ZTF18aaphzut,59344.254456,1,19.7434,0.13258587,20.8379,-1
ZTF18aaphzut,59347.1781829,1,19.709,0.12401034,20.823,-1
ZTF18aaphzut,59349.210162,1,19.6928,0.12311363,20.5848,-1
ZTF18aaphzut,59352.2085417,1,19.7565,0.17726567,20.0439,-1
ZTF18aaphzut,59361.2541667,1,19.6205,0.223359,19.5214,-1
ZTF18aaphzut,59363.2116088,1,19.6799,0.11142762,20.5791,-1
ZTF18aaphzut,59365.1909375,1,19.7286,0.13973193,20.6175,-1
ZTF18aaphzut,59369.2296181,1,19.5829,0.15080905,20.3573,-1
ZTF18aaphzut,59371.1914815,1,19.657,0.12915492,20.6104,-1
ZTF18aaphzut,59373.2571528,1,19.5925,0.1570934,20.2439,-1
ZTF18aaphzut,59375.1875231,1,19.7106,0.18587855,20.2628,-1
ZTF18aaphzut,59377.1866782,1,19.6971,0.13617449,20.5526,-1
ZTF18aaphzut,59379.2080324,1,19.719,0.1522332,20.5605,-1
ZTF18aaphzut,59623.3157523,1,19.9567,0.275883,19.5315,-1
ZTF18aaphzut,59636.4549884,1,19.6628,0.14732589,20.28,-1
ZTF18aaphzut,59639.3390741,1,19.7328,0.1619334,20.141,-1
ZTF18aaphzut,59641.3535648,1,19.6831,0.14198431,20.6565,-1
ZTF18aaphzut,59672.2970139,1,19.6602,0.110543,20.9352,-1
ZTF18aaphzut,59672.2970139,1,19.6553,0.11032046,20.9271,-1
ZTF18aaphzut,59675.3314468,1,19.7899,0.1583923,20.5608,-1
ZTF18aaphzut,59677.2959259,1,19.7074,0.15561433,20.1341,-1
ZTF18aaphzut,59679.2559838,1,19.7676,0.17952918,19.9895,-1
ZTF18aaphzut,59689.3227778,1,19.6933,0.224765,19.4518,-1
ZTF18aaphzut,59693.2493171,1,19.6744,0.16976722,20.3516,-1
ZTF18aaphzut,59697.2687847,1,19.7552,0.1212929,20.874,-1
ZTF18aaphzut,59699.2342708,1,19.6005,0.1333326,20.4639,-1
ZTF18aaphzut,59701.2954745,1,19.5762,0.12618539,20.4876,-1
ZTF18aaphzut,59701.3534375,1,19.6066,0.17785573,20.3519,-1
ZTF18aaphzut,59715.2550926,1,19.7014,0.249068,19.2763,-1
ZTF18aaphzut,59722.2204861,1,19.6502,0.150955,20.1635,-1
ZTF18aaphzut,59722.2204861,1,19.6502,0.15095513,20.1635,-1
ZTF18aaphzut,59722.2688889,1,19.8261,0.183633,20.5182,-1
ZTF18aaphzut,59722.2688889,1,19.8261,0.18363304,20.5182,-1
ZTF18aaphzut,59724.2137384,1,19.6738,0.14210263,20.5502,-1
ZTF18aaphzut,59727.1816319,1,19.434,0.339787,19.2028,-1
ZTF18aaphzut,59730.1966319,1,19.6825,0.123080775,20.6264,-1
ZTF18aaphzut,59732.183912,1,19.7307,0.17884539,20.4225,-1
ZTF18aaphzut,59734.207037,1,19.6161,0.16980937,20.268,-1
ZTF18aaphzut,59736.2345949,1,19.5899,0.1632673,20.0729,-1
ZTF18aaphzut,59747.2822801,1,19.5707,0.241745,19.4549,-1
ZTF18aaphzut,59749.234919,1,19.8608,0.19221586,19.9522,-1
ZTF18aaphzut,59751.1942824,1,19.6668,0.17182659,20.0926,-1
ZTF18aaphzut,59755.2626273,1,19.6297,0.21205418,19.7374,-1
ZTF18aaphzut,59909.5050579,1,19.7388,0.20537457,19.9756,-1
ZTF18aaphzut,59914.4961343,1,19.6819,0.37132,19.6782,-1
ZTF18aaphzut,59923.4652778,1,19.5081,0.333031,19.0702,-1
ZTF18aaphzut,59932.4858449,1,19.7744,0.20061797,20.1856,-1
ZTF18aaphzut,59934.5345602,1,19.6896,0.20260489,20.1504,-1
ZTF18aaphzut,59936.504537,1,19.7054,0.19261818,20.3047,-1
ZTF18aaphzut,60029.3802662,1,19.747,0.1731037,20.1487,-1
ZTF18aaphzut,60032.2955556,1,19.6578,0.16949485,20.0939,-1
ZTF18aaphzut,60044.2939468,1,19.5984,0.21655765,19.9369,-1
ZTF18aaphzut,60046.2520486,1,19.6185,0.1371294,20.6963,-1
ZTF18aaphzut,60050.3458912,1,19.8071,0.1852626,20.5321,-1
ZTF18aaphzut,60052.25875,1,19.6553,0.1469437,20.6232,-1
ZTF18aaphzut,60054.3478009,1,19.6941,0.15233383,20.2798,-1
ZTF18aaphzut,60056.2770139,1,19.7969,0.19100565,20.5563,-1
ZTF18aaphzut,60058.318669,1,19.649,0.13443822,20.5489,-1
ZTF18aaphzut,60060.2754977,1,19.7907,0.20588689,20.2263,-1
ZTF18aaphzut,60062.2598958,1,19.7373,0.17538391,20.2051,-1
ZTF18aaphzut,60073.2564583,1,19.7446,0.14275736,20.4757,-1
ZTF18aaphzut,60077.2529977,1,19.6335,0.15028247,20.5535,-1
ZTF18aaphzut,60081.3323843,1,19.6776,0.18342541,20.1068,-1
ZTF18aaphzut,60083.1967245,1,19.6924,0.16090633,20.6727,-1
ZTF18aaphzut,60085.2159028,1,19.6822,0.16175227,20.6026,-1
ZTF18aaphzut,60089.2564583,1,19.6929,0.14278004,20.3951,-1
ZTF18aaphzut,60099.1905903,1,19.5391,0.256124,19.1887,-1
ZTF18aaphzut,60105.2255903,1,19.6935,0.1350326,20.6522,-1
ZTF18aaphzut,60109.2283333,1,19.6951,0.17355587,20.2422,-1
ZTF18aaphzut,60112.2170718,1,19.9109,0.20391874,20.2501,-1
ZTF18aaphzut,60114.2551736,1,19.7168,0.19996674,19.9406,-1
ZTF18aaphzut,60116.1939352,1,19.644,0.12935673,20.297,-1
ZTF18aaphzut,60287.478287,1,19.5544,0.314447,19.392,-1
ZTF18aaphzut,60291.478125,1,19.6766,0.16437906,20.2762,-1
ZTF18aaphzut,60322.4772801,1,19.7821,0.179776,20.1948,-1
ZTF18aaphzut,60325.5418519,1,19.7905,0.17298965,20.5088,-1
ZTF18aaphzut,60352.5028125,1,19.7253,0.18928316,20.4305,-1
ZTF18aaphzut,60356.4854977,1,19.6378,0.11846571,20.853,-1
ZTF18aaphzut,60368.455625,1,19.6336,0.265336,19.2705,-1
ZTF18aaphzut,60379.2918287,1,19.6096,0.20230176,20.3044,-1
ZTF18aaphzut,60388.3309838,1,19.8498,0.225774,19.9132,-1
ZTF18aaphzut,60392.4057639,1,19.2433,0.294676,19.0155,-1
ZTF18aaphzut,60397.315787,1,19.6844,0.248482,19.4593,-1
ZTF18aaphzut,60403.3371528,1,19.7603,0.15848464,20.3157,-1
ZTF18aaphzut,60407.322037,1,19.6056,0.14577672,20.3863,-1
ZTF18aaphzut,60409.232037,1,19.7078,0.06291571,21.181,-1
ZTF18aaphzut,60410.2723611,1,19.6846,0.061043285,21.5207,-1
ZTF18aaphzut,60411.3236921,1,19.7527,0.06745399,21.4505,-1
ZTF18aaphzut,60411.3236921,1,19.7527,0.067454,21.4505,-1
ZTF18aaphzut,60412.3383796,1,19.6201,0.117403,20.6875,-1
ZTF18aaphzut,60416.2949653,1,19.6428,0.239064,19.7822,-1
ZTF18aaphzut,60418.2266898,1,19.7791,0.334964,19.544,-1
ZTF18aaphzut,60429.2549306,1,19.6917,0.15059729,20.3612,-1
ZTF18aaphzut,60431.2909491,1,19.678,0.1281381,20.8376,-1
ZTF18aaphzut,60434.297419,1,19.7353,0.12943427,20.8709,-1
ZTF18aaphzut,60437.2778472,1,19.6165,0.142611,20.3813,-1
ZTF18aaphzut,60438.2981019,1,19.6566,0.14140011,20.4806,-1
ZTF18aaphzut,60440.2883565,1,19.7355,0.16282062,20.3786,-1
ZTF18aaphzut,60442.2128588,1,19.8588,0.18219379,20.4097,-1
ZTF18aaphzut,60444.2143287,1,19.8412,0.16705616,20.1717,-1
ZTF18aaphzut,60446.2151273,1,19.822,0.225153,19.7743,-1
ZTF18aaphzut,60460.2262384,1,19.7337,0.18047962,20.5822,-1
ZTF18aaphzut,60460.2262384,1,19.7337,0.18048,20.5822,-1
ZTF18aaphzut,60462.2287616,1,19.681,0.1220456,20.747,-1
ZTF18aaphzut,60464.2344444,1,19.6544,0.13230428,20.4518,-1
ZTF18aaphzut,60481.2285764,1,19.5442,0.244002,19.3457,-1
ZTF18aaphzut,60487.2228356,1,19.6923,0.17729352,20.0034,-1
ZTF18aaphzut,60676.4844907,1,19.8555,0.194006,19.9223,-1
ZTF18aaphzut,60680.4377083,1,19.76,0.260039,19.7493,-1
ZTF18aaphzut,60684.463669,1,19.5236,0.27308,19.704,-1
ZTF18aaphzut,60696.4787269,1,19.7424,0.352587,19.5309,-1
ZTF18aaphzut,60699.4000463,1,19.7934,0.19812883,19.9735,-1
ZTF18aaphzut,60716.4471759,1,19.4497,0.241111,19.4484,-1
ZTF18aaphzut,60724.422338,1,19.759,0.281535,19.5295,-1
ZTF18aaphzut,60726.3832407,1,19.7086,0.16319203,20.3235,-1
ZTF18aaphzut,60728.3987847,1,19.9506,0.264053,19.7475,-1
ZTF18aaphzut,60732.3407639,1,19.6485,0.1221408,20.5052,-1
ZTF18aaphzut,60734.3832176,1,19.7001,0.19853091,20.034,-1
ZTF18aaphzut,60754.2754167,1,19.7677,0.17320143,20.239,-1
ZTF18aaphzut,60756.349375,1,19.6892,0.16483551,20.3537,-1
ZTF18aaphzut,60770.4573264,1,19.6029,0.208133,19.583,-1
ZTF18aaphzut,60772.4052199,1,19.5887,0.278359,19.5854,-1
ZTF18aaphzut,60780.2536227,1,19.7608,0.309142,19.5522,-1
ZTF18aaphzut,60785.2759838,1,19.8203,0.17454122,20.4953,-1
ZTF18aaphzut,60787.264919,1,19.696,0.13391754,20.548,-1
ZTF18aaphzut,60789.2750579,1,19.7742,0.171588,20.6185,-1
ZTF18aaphzut,60789.2750579,1,19.7742,0.17158777,20.6185,-1
ZTF18aaphzut,60794.2560185,1,19.6502,0.11202598,20.5123,-1
ZTF18aaphzut,60807.2124769,1,19.6496,0.276547,19.362,-1
ZTF18aaphzut,60816.2141551,1,19.8962,0.16393204,20.3289,-1
ZTF18aaphzut,60824.1857407,1,19.772,0.16056068,20.5765,-1
ZTF18aaphzut,60829.2853935,1,19.6141,0.230133,19.5384,-1
ZTF18aaphzut,60833.2188773,1,19.7116,0.286368,19.4533,-1
ZTF18aaphzut,60835.2146759,1,19.7198,0.331995,19.2957,-1
ZTF18aaphzut,60839.2174769,1,19.6319,0.16793314,19.9671,-1
ZTF18aaphzut,60842.2126736,1,19.8357,0.14702931,20.2517,-1
ZTF18aaphzut,60845.1924074,1,19.7162,0.14664903,20.2664,-1
ZTF18aaphzut,60847.195544,1,19.6691,0.15511742,20.3283,-1
ZTF18aaphzut,60853.2063657,1,19.6822,0.20907962,20.0082,-1
ZTF18aaphzut,61002.5287847,1,19.497,0.18609834,20.081,-1
ZTF18aaphzut,61015.5040394,1,19.5565,0.266737,19.4118,-1
ZTF18aaphzut,61027.4618056,1,19.7824,0.19561315,20.0125,-1
ZTF18aaphzut,61029.4946875,1,19.6768,0.12314857,20.4555,-1
ZTF18aaphzut,61031.5071296,1,19.8694,0.207577,20.142,-1
ZTF18aaphzut,61038.5301042,1,19.5108,0.16794634,20.0348,-1
ZTF18aaphzut,61051.4882639,1,19.5359,0.219563,19.819,-1
ZTF18aaphzut,61053.4428819,1,19.6622,0.22868,19.8129,-1
ZTF18aaphzut,61055.4783102,1,19.7275,0.16166759,20.2586,-1
ZTF18aaphzut,61057.4555903,1,19.6075,0.21426737,19.816,-1
ZTF18aaphzut,61059.5608102,1,19.7079,0.12159123,20.4843,-1
ZTF18aaphzut,61061.4542245,1,19.6913,0.15161572,20.5216,-1
ZTF18aaphzut,61069.5084838,1,19.7195,0.157462,20.2411,-1
ZTF18aaphzut,61071.4531944,1,19.6342,0.280144,19.3312,-1
ZTF18aaphzut,61078.4426736,1,19.6866,0.258707,19.5154,-1
ZTF18aaphzut,61079.4571296,1,19.6673,0.2071263,19.773,-1
ZTF18aaphzut,61080.3858102,1,19.6482,0.171017,20.107,-1
ZTF18aaphzut,61081.4400347,1,19.7708,0.267893,19.3761,-1
ZTF18aaphzut,61085.4402546,1,19.5988,0.16923782,20.4346,-1
ZTF18aaphzut,61093.5590162,1,19.6191,0.21253636,19.5888,-1
ZTF18aaphzut,61094.4441204,1,19.6841,0.17525294,20.3661,-1
ZTF18aaphzut,61095.3676273,1,19.7319,0.13854624,20.4532,-1
ZTF18aaphzut,61096.4176968,1,19.7123,0.17841572,20.1855,-1
ZTF18aaphzut,61097.3982292,1,19.7356,0.19649306,19.9158,-1
ZTF18aaphzut,61099.4977894,1,19.7254,0.18569599,19.8723,-1
ZTF18aaphzut,61100.3991667,1,19.6397,0.234433,19.4779,-1
ZTF18aaphzut,61107.4377546,1,19.7518,0.284357,19.4454,-1
ZTF18aaphzut,61108.2549769,1,19.7819,0.266464,20.0107,-1
ZTF18aaphzut,61110.3985532,1,19.7007,0.13228089,20.2926,-1
ZTF18aaphzut,61111.3579167,1,19.668,0.14084704,20.4887,-1
ZTF18aaphzut,61114.4134954,1,19.8134,0.15550724,20.543,-1
ZTF18aaphzut,61115.336713,1,19.725,0.2076878,20.1485,-1
ZTF18aaphzut,61116.3256713,1,19.6125,0.2108841,19.5046,-1
ZTF18aaphzut,61117.3829514,1,19.6863,0.13139887,20.5135,-1
ZTF18aaphzut,61118.3628704,1,19.6996,0.13132635,20.5542,-1
ZTF18aaphzut,61119.3839468,1,19.7837,0.15506475,20.525,-1
ZTF18aaphzut,61120.3606366,1,19.7052,0.14487512,20.6925,-1
ZTF18aaphzut,61121.3545949,1,19.6557,0.18719472,19.7463,-1
ZTF18aaphzut,61123.3575694,1,19.6453,0.12102868,20.4984,-1
ZTF18aaphzut,61125.3587269,1,19.6354,0.15391064,20.1857,-1
ZTF18aaphzut,61129.2525231,1,19.5931,0.346265,19.2381,-1
ZTF18aaphzut,61140.2567361,1,19.779,0.14597814,20.648,-1
ZTF18aaphzut,61146.3361574,1,19.6326,0.227016,19.3943,-1
ZTF18aaphzut,61148.3296181,1,19.681,0.17365694,20.2802,-1
ZTF18aaphzut,61150.3116204,1,19.7467,0.123360604,20.539,-1
ZTF18aaphzut,61153.318831,1,19.7461,0.20380634,20.1015,-1
ZTF18aaphzut,61167.2893981,1,19.7838,0.1349724,20.3133,-1
ZTF18aaphzut,61169.2617245,1,19.7213,0.13337731,20.4414,-1
ZTF18aaphzut,61170.2204051,1,19.77,0.15797487,20.6913,-1
ZTF18aaphzut,61171.3211921,1,19.6545,0.14331935,20.4232,-1
ZTF18aaphzut,61173.2445486,1,19.6442,0.1319927,20.4336,-1
ZTF18aaphzut,61174.2542593,1,19.676,0.15385012,20.3509,-1
ZTF18aaphzut,61175.2847685,1,19.687,0.1364442,20.4552,-1
ZTF18aaphzut,61179.1868287,1,19.7244,0.13265777,20.3837,-1
ZTF18aaphzut,61180.3385301,1,19.8233,0.22748,19.7796,-1
ZTF18aaphzut,61181.1731944,1,19.7382,0.19195752,20.2512,-1
ZTF18aaphzut,61183.2968866,1,19.7268,0.19187577,19.8683,-1
ZTF18aaphzut,61184.298206,1,19.6351,0.218021,19.4611,-1
ZTF18aaphzut,61191.185,1,19.619,0.177673,19.6774,-1
ZTF18aaphzut,61192.1782986,1,19.5134,0.1967087,19.9452,-1
ZTF18aaphzut,61193.2129514,1,19.568,0.178125,19.8836,-1
ZTF18aaphzut,61195.3015046,1,19.372,0.18238956,19.1176,-1
ZTF18aaphzut,61196.2786921,1,19.6972,0.1316504,19.9073,-1
ZTF18aaphzut,61199.3062269,1,19.5758,0.249951,19.8282,-1
ZTF18aaphzut,61200.2532986,1,19.7218,0.16171767,20.1256,-1
ZTF18aaphzut,61207.2640856,1,19.8482,0.20968679,19.9849,-1
ZTF18aauenwu,58252.4422685,1,19.031,0.042389,21.1245,1
ZTF18aauenwu,58255.4355093,1,18.7568,0.034918,21.0716,1
ZTF18aauenwu,58258.4693287,1,18.6779,0.036909,20.7812,1
ZTF18aauenwu,58278.4047454,1,18.7492,0.033366896,21.1053,1
ZTF18aauenwu,58281.4075,1,18.7141,0.032870054,21.0991,1
ZTF18aauenwu,58281.4584954,2,19.2863,0.07129058,20.8248,1
ZTF18aauenwu,58284.3463542,2,19.4058,0.09014975,20.6036,1
ZTF18aauenwu,58287.4106134,1,18.9855,0.047903094,20.7312,1
ZTF18aauenwu,58287.4552894,2,19.478,0.084151655,20.8163,1
ZTF18aauenwu,58290.3890046,2,19.5664,0.13689275,20.8645,1
ZTF18aauenwu,58290.4080208,1,20.0008,0.219747,20.6381,1
ZTF18aauenwu,58290.416794,1,18.9715,0.10257284,21.0748,1
ZTF18aauenwu,58293.3281481,2,19.7712,0.2013039,20.2263,1
ZTF18aauenwu,58293.4297106,1,19.0024,0.0881139,20.719,1
ZTF18aauenwu,58296.3215046,2,19.4885,0.18556517,19.8763,1
ZTF18aauenwu,58296.4538079,1,19.0247,0.14571355,19.7047,1
ZTF18aauenwu,58305.3272338,1,19.1771,0.10544288,20.776,1
ZTF18aauenwu,58305.3899306,2,19.726,0.14852047,20.3799,1
ZTF18aauenwu,58311.3520486,1,19.3387,0.117150515,20.9199,1
ZTF18aauenwu,58314.3903819,1,19.4232,0.11701942,20.922,1
ZTF18aauenwu,58323.4259954,1,19.7273,0.13033926,20.6736,1
ZTF18aauenwu,58332.2405787,1,20.534,0.376141,20.7687,-1
ZTF18aauenwu,58338.1800463,1,20.2712,0.17318606,21.0391,1
ZTF18aauenwu,58338.1810185,1,20.2638,0.221057,20.6183,-1
ZTF18aauenwu,58344.3481019,1,20.1906,0.16747333,20.9099,-1
ZTF18aauenwu,58348.3411574,1,20.0969,0.218768,20.8441,-1
ZTF18aauenwu,58351.2744444,1,19.8807,0.215689,20.2722,-1
ZTF18aauenwu,58354.2653356,2,19.8846,0.18602827,19.9195,-1
ZTF18aauenwu,58357.2737616,2,20.0954,0.327492,19.9021,-1
ZTF18aauenwu,58360.2540278,2,20.0549,0.1928579,20.2614,-1
ZTF18aauenwu,58363.1778819,1,19.8102,0.21312574,20.188,-1
ZTF18aauenwu,58363.2451389,2,19.9025,0.18226345,20.4135,-1
ZTF18aauenwu,58366.2428704,1,19.8927,0.2107795,20.843,-1
ZTF18aauenwu,58369.2019097,2,19.7095,0.17170937,20.4168,-1
ZTF18aauenwu,58369.2345718,1,19.7854,0.17905815,20.8307,-1
ZTF18aauenwu,58372.1751389,2,20.3712,0.22111,20.8594,-1
ZTF18aauenwu,58372.184294,2,19.6468,0.105724834,20.5786,-1
ZTF18aauenwu,58372.2450694,1,19.7823,0.13919234,20.7855,-1
ZTF18aauenwu,58375.1634838,2,19.5897,0.12626271,20.5041,-1
ZTF18aauenwu,58375.2228125,1,19.7065,0.1245015,20.8041,-1
ZTF18aauenwu,58378.1959144,1,19.648,0.17005818,20.4697,-1
ZTF18aauenwu,58378.2260417,2,19.5702,0.20081767,20.3033,-1
ZTF18aauenwu,58384.1604514,2,19.3877,0.18597761,19.9874,-1
ZTF18aauenwu,58384.2338426,1,19.6698,0.225253,19.7671,-1
ZTF18aauenwu,58387.1167824,2,19.3282,0.13907643,20.3229,-1
ZTF18aauenwu,58390.1345255,1,19.5864,0.117818415,20.9428,-1
ZTF18aauenwu,58390.1764931,2,19.3898,0.12740831,20.3352,-1
ZTF18aauenwu,58397.1139352,1,19.6757,0.15536685,20.6407,-1
ZTF18aauenwu,58400.1563194,2,19.8594,0.16082406,20.7555,-1
ZTF18aauenwu,58423.0935648,2,19.421,0.18755066,19.4553,-1
ZTF18aauenwu,58423.1555903,1,19.5666,0.18246359,20.1976,-1
ZTF18aauenwu,58426.1614236,1,19.8198,0.237297,19.6873,-1
ZTF18aauenwu,58429.1734259,1,19.5606,0.14788744,20.3838,-1
ZTF18aauenwu,58432.0934606,2,19.5141,0.19220589,19.7836,-1
ZTF18aauenwu,58432.1611111,1,19.4752,0.20715854,19.7874,-1
ZTF18aauenwu,58540.5570602,2,19.792,0.18453872,19.6451,-1
ZTF18aauenwu,58557.4905556,1,19.5005,0.299645,19.7425,-1
ZTF18aauenwu,58560.4524421,2,19.5074,0.15935332,19.5554,-1
ZTF18aauenwu,58567.5352778,2,19.8978,0.240389,19.8303,-1
ZTF18aauenwu,58572.4320833,2,19.3507,0.13825148,20.0449,-1
ZTF18aauenwu,58572.5042824,1,19.4907,0.1499399,20.3089,-1
ZTF18aauenwu,58580.4893403,2,19.3338,0.14537518,20.1968,-1
ZTF18aauenwu,58580.5038426,2,19.8336,0.1924484,20.5023,-1
ZTF18aauenwu,58584.4892014,1,19.6522,0.16477653,20.4709,-1
ZTF18aauenwu,58584.5148843,2,19.4692,0.16806445,20.1482,-1
ZTF18aauenwu,58584.5158449,2,19.7295,0.15341364,20.3535,-1
ZTF18aauenwu,58587.4949074,1,19.6796,0.18723953,20.185,-1
ZTF18aauenwu,58591.4480556,2,19.6677,0.294673,19.4664,-1
ZTF18aauenwu,58591.4677315,2,19.1722,0.19246924,19.5968,-1
ZTF18aauenwu,58596.4209954,2,19.7257,0.18609424,20.1225,-1
ZTF18aauenwu,58596.4329977,2,19.4803,0.16110273,19.7214,-1
ZTF18aauenwu,58605.455081,2,19.7874,0.14754951,20.8016,-1
ZTF18aauenwu,58605.4564815,2,19.472,0.1332526,20.5824,-1
ZTF18aauenwu,58605.4944444,1,19.5933,0.1525837,20.2972,-1
ZTF18aauenwu,58608.4287384,1,19.5806,0.16574422,20.2712,-1
ZTF18aauenwu,58608.4724884,2,19.8495,0.17693987,20.6818,-1
ZTF18aauenwu,58608.4734606,2,19.3269,0.12697011,20.4344,-1
ZTF18aauenwu,58612.4003009,1,19.6971,0.15011294,20.859,-1
ZTF18aauenwu,58616.4290046,2,19.8859,0.15899178,21.0182,-1
ZTF18aauenwu,58616.4309028,2,19.3518,0.103577,20.7987,-1
ZTF18aauenwu,58616.478588,1,19.5168,0.16904235,20.8988,-1
ZTF18aauenwu,58627.4064468,2,19.7237,0.17353806,20.606,-1
ZTF18aauenwu,58627.4068866,2,19.3841,0.14744239,20.3896,-1
ZTF18aauenwu,58632.3189236,2,19.418,0.12927139,20.2062,-1
ZTF18aauenwu,58632.4335185,1,19.4597,0.17668918,20.7399,-1
ZTF18aauenwu,58632.466875,2,19.7776,0.17332155,20.7185,-1
ZTF18aauenwu,58635.3889583,2,19.7183,0.13412523,21.0227,-1
ZTF18aauenwu,58635.3894097,2,19.3792,0.1286009,20.7277,-1
ZTF18aauenwu,58635.4705787,1,19.5734,0.119491994,20.7961,-1
ZTF18aauenwu,58638.2984606,2,19.3297,0.13163644,20.6284,-1
ZTF18aauenwu,58638.3698611,1,19.6541,0.16763453,20.8119,-1
ZTF18aauenwu,58638.4665394,2,19.7075,0.12650624,20.6704,-1
ZTF18aauenwu,58641.4156134,2,19.3174,0.11271318,20.8578,-1
ZTF18aauenwu,58641.4286227,1,19.5847,0.16907142,21.0571,-1
ZTF18aauenwu,58641.4668981,2,19.8239,0.1690344,21.0118,-1
ZTF18aauenwu,58644.3256366,2,19.3318,0.11670044,20.3993,-1
ZTF18aauenwu,58644.4331481,1,19.5779,0.15080982,20.8457,-1
ZTF18aauenwu,58644.4661574,2,19.8847,0.19523968,20.7182,-1
ZTF18aauenwu,58647.2964815,2,19.6908,0.17234379,20.1573,-1
ZTF18aauenwu,58647.3268403,2,19.4559,0.14549395,20.3084,-1
ZTF18aauenwu,58647.3831481,1,19.6688,0.16721551,20.1866,-1
ZTF18aauenwu,58650.3496644,2,19.7325,0.219414,20.0489,-1
ZTF18aauenwu,58650.4456829,1,19.6041,0.247807,19.8025,-1
ZTF18aauenwu,58653.4247685,2,19.3025,0.14290467,19.9231,-1
ZTF18aauenwu,58654.323044,1,19.516,0.18065009,19.8757,-1
ZTF18aauenwu,58654.3628125,2,19.2928,0.14086033,19.9199,-1
ZTF18aauenwu,58654.3822801,2,19.5843,0.231059,19.7141,-1
ZTF18aauenwu,58655.2968519,1,19.5855,0.247718,19.7022,-1
ZTF18aauenwu,58655.3379745,2,19.3891,0.1709437,19.9654,-1
ZTF18aauenwu,58655.3389468,2,19.97,0.277801,19.9277,-1
ZTF18aauenwu,58657.3938079,2,19.344,0.115452535,20.2926,-1
ZTF18aauenwu,58657.4115394,2,19.8256,0.21562496,20.166,-1
ZTF18aauenwu,58657.4533218,1,19.586,0.1882639,20.2531,-1
ZTF18aauenwu,58658.391088,2,19.7657,0.20724067,20.6841,-1
ZTF18aauenwu,58658.4526505,1,19.5878,0.1493915,20.5083,-1
ZTF18aauenwu,58660.3313773,2,19.8631,0.20102417,21.0307,-1
ZTF18aauenwu,58660.3318287,2,19.3122,0.1177585,20.8318,-1
ZTF18aauenwu,58660.348287,1,19.6132,0.13436645,21.0624,-1
ZTF18aauenwu,58661.3488426,2,19.3502,0.11939151,20.5876,-1
ZTF18aauenwu,58661.349294,2,19.9682,0.1710205,20.6327,-1
ZTF18aauenwu,58661.4529861,1,19.5496,0.15652457,20.4963,-1
ZTF18aauenwu,58662.3294097,2,19.3574,0.1230486,20.6674,-1
ZTF18aauenwu,58662.3298611,2,19.8884,0.15689415,20.7649,-1
ZTF18aauenwu,58662.4345602,1,19.6065,0.14284496,20.8943,-1
ZTF18aauenwu,58663.3488426,2,19.3398,0.10358348,20.7535,-1
ZTF18aauenwu,58663.349294,2,19.8041,0.14060615,20.776,-1
ZTF18aauenwu,58663.4538079,1,19.5937,0.18637407,20.4422,-1
ZTF18aauenwu,58665.2356713,1,19.5947,0.13291612,20.7846,-1
ZTF18aauenwu,58665.3430208,2,19.3703,0.13738772,20.7389,-1
ZTF18aauenwu,58665.4283102,2,19.8395,0.15802829,20.7748,-1
ZTF18aauenwu,58668.2834722,1,19.585,0.12868194,20.9053,-1
ZTF18aauenwu,58668.3486806,2,19.8076,0.133932,20.9737,-1
ZTF18aauenwu,58674.3082176,2,19.3612,0.11831826,20.5564,-1
ZTF18aauenwu,58674.344375,1,19.5391,0.14696638,20.7727,-1
ZTF18aauenwu,58677.2838889,2,19.832,0.229048,20.3672,-1
ZTF18aauenwu,58677.2843403,2,19.3652,0.13013168,20.2112,-1
ZTF18aauenwu,58677.3520833,1,19.4953,0.16939113,20.1981,-1
ZTF18aauenwu,58678.2437731,2,19.613,0.17981711,20.3216,-1
ZTF18aauenwu,58678.2451736,2,19.3574,0.11663795,20.0238,-1
ZTF18aauenwu,58678.4286574,1,19.5427,0.18376705,20.2574,-1
ZTF18aauenwu,58679.2332176,2,19.754,0.242094,20.0922,-1
ZTF18aauenwu,58679.2438194,2,19.3113,0.1388296,20.0237,-1
ZTF18aauenwu,58679.3206134,1,19.6218,0.21173573,19.9558,-1
ZTF18aauenwu,58680.2181366,1,19.5483,0.273912,19.6388,-1
ZTF18aauenwu,58680.2782755,2,19.6788,0.19624646,19.9245,-1
ZTF18aauenwu,58680.2966435,2,19.2717,0.1543045,19.8655,-1
ZTF18aauenwu,58681.2972222,2,19.3276,0.16009364,19.9457,-1
ZTF18aauenwu,58681.2981597,2,19.703,0.2093237,19.9932,-1
ZTF18aauenwu,58682.2203935,1,19.501,0.18298721,19.7309,-1
ZTF18aauenwu,58682.2761111,2,19.4372,0.1949142,20.1085,-1
ZTF18aauenwu,58682.2765625,2,19.5807,0.20307979,20.2196,-1
ZTF18aauenwu,58683.2262616,2,19.2677,0.12596217,20.1226,-1
ZTF18aauenwu,58683.2293287,2,19.7982,0.21177208,20.2498,-1
ZTF18aauenwu,58683.2544792,2,19.3121,0.1306075,20.2124,-1
ZTF18aauenwu,58683.2578472,2,19.9668,0.260716,20.4106,-1
ZTF18aauenwu,58684.2447106,2,19.3842,0.13774739,20.125,-1
ZTF18aauenwu,58684.2479977,2,19.7322,0.18773344,20.1028,-1
ZTF18aauenwu,58684.2726389,1,19.5603,0.17492443,19.9844,-1
ZTF18aauenwu,58685.3461343,2,19.3605,0.1669984,20.244,-1
ZTF18aauenwu,58685.3495833,2,19.8446,0.20759666,20.4126,-1
ZTF18aauenwu,58685.3711806,1,19.5354,0.16206251,20.061,-1
ZTF18aauenwu,58688.3090278,1,19.4924,0.13658194,20.7978,-1
ZTF18aauenwu,58688.3690856,2,19.7381,0.18599547,20.6407,-1
ZTF18aauenwu,58688.37,2,19.3431,0.13113365,20.5476,-1
ZTF18aauenwu,58690.2846875,1,19.5784,0.1501137,20.9831,-1
ZTF18aauenwu,58690.3460648,2,19.3945,0.09459206,20.6794,-1
ZTF18aauenwu,58690.350706,2,19.8394,0.15695967,20.7247,-1
ZTF18aauenwu,58691.3620139,2,19.381,0.13803895,20.7351,-1
ZTF18aauenwu,58691.3634259,2,19.7697,0.18094505,20.8437,-1
ZTF18aauenwu,58692.3268634,2,19.3468,0.103757724,20.6028,-1
ZTF18aauenwu,58692.3314931,2,19.8025,0.174687,20.5941,-1
ZTF18aauenwu,58693.224294,2,19.3268,0.16363987,20.5262,-1
ZTF18aauenwu,58693.3055324,1,19.5361,0.13027394,20.843,-1
ZTF18aauenwu,58693.3500116,2,19.9301,0.15540142,20.6446,-1
ZTF18aauenwu,58694.1990046,2,19.3128,0.11462604,20.5092,-1
ZTF18aauenwu,58696.2855556,2,19.3779,0.12684005,20.7657,-1
ZTF18aauenwu,58696.289537,2,19.9036,0.21136487,20.9585,-1
ZTF18aauenwu,58696.3147801,1,19.5314,0.16832379,21.0443,-1
ZTF18aauenwu,58697.3075579,2,19.3944,0.12303674,20.6912,-1
ZTF18aauenwu,58697.311088,2,19.835,0.12925373,20.9113,-1
ZTF18aauenwu,58697.3340394,1,19.6091,0.14304274,20.9171,-1
ZTF18aauenwu,58699.2885069,2,19.3962,0.12555112,20.6345,-1
ZTF18aauenwu,58699.2922801,2,19.8164,0.18274921,20.813,-1
ZTF18aauenwu,58699.3169907,1,19.5433,0.14865768,20.8197,-1
ZTF18aauenwu,58700.2850231,2,19.3895,0.13326792,20.7225,-1
ZTF18aauenwu,58700.2888079,2,19.6631,0.10151276,20.942,-1
ZTF18aauenwu,58700.3135532,1,19.5223,0.13408533,20.9492,-1
ZTF18aauenwu,58701.2889005,2,19.3427,0.11330399,20.5359,-1
ZTF18aauenwu,58701.2925694,2,19.9222,0.19676204,20.8674,-1
ZTF18aauenwu,58701.3171296,1,19.5488,0.13962288,20.8949,-1
ZTF18aauenwu,58702.2882986,2,19.4573,0.12601057,20.7002,-1
ZTF18aauenwu,58702.3163079,1,19.559,0.13366488,20.8803,-1
ZTF18aauenwu,58703.2901736,2,19.3399,0.123449124,20.5623,-1
ZTF18aauenwu,58703.2937153,2,19.6709,0.13223267,20.7175,-1
ZTF18aauenwu,58703.3167477,1,19.6408,0.20059207,20.8686,-1
ZTF18aauenwu,58704.2847685,2,19.3718,0.1575658,20.0896,-1
ZTF18aauenwu,58704.2883681,2,19.8084,0.17000389,20.4203,-1
ZTF18aauenwu,58704.3122222,1,19.6247,0.14485331,20.4546,-1
ZTF18aauenwu,58705.2025694,2,19.368,0.1695294,20.2655,-1
ZTF18aauenwu,58705.2060648,2,19.848,0.20265804,20.3376,-1
ZTF18aauenwu,58705.2309722,1,19.5939,0.16331768,20.2422,-1
ZTF18aauenwu,58706.2050579,2,19.3903,0.13030049,20.0967,-1
ZTF18aauenwu,58706.2086806,2,19.7251,0.19757685,20.2412,-1
ZTF18aauenwu,58706.2337269,1,19.7235,0.241106,20.2173,-1
ZTF18aauenwu,58707.2020023,2,19.4067,0.13914557,20.1341,-1
ZTF18aauenwu,58707.2055903,2,19.7866,0.224108,20.3924,-1
ZTF18aauenwu,58707.2306366,1,19.6154,0.230257,19.9056,-1
ZTF18aauenwu,58708.2033449,2,19.3557,0.18541893,19.9678,-1
ZTF18aauenwu,58708.2070023,2,19.8166,0.231056,20.2205,-1
ZTF18aauenwu,58708.2317593,1,19.4754,0.16999789,19.8527,-1
ZTF18aauenwu,58709.2029167,2,19.4966,0.21639346,19.9209,-1
ZTF18aauenwu,58709.2066319,2,19.9186,0.231903,20.2121,-1
ZTF18aauenwu,58709.2313889,1,19.385,0.19023567,19.7284,-1
ZTF18aauenwu,58711.1765625,2,19.6607,0.1853748,20.2427,-1
ZTF18aauenwu,58711.2985301,2,19.4485,0.13741282,19.9738,-1
ZTF18aauenwu,58714.1767245,2,19.7991,0.18162741,20.8191,-1
ZTF18aauenwu,58714.3475694,2,19.3143,0.15333597,20.1374,-1
ZTF18aauenwu,58715.2609144,2,19.7272,0.18715473,20.6172,-1
ZTF18aauenwu,58716.282037,2,19.7001,0.20177567,20.5085,-1
ZTF18aauenwu,58717.2608449,2,19.7976,0.16465728,20.6428,-1
ZTF18aauenwu,58717.3125116,2,19.3115,0.13921155,20.3055,-1
ZTF18aauenwu,58718.2825347,2,19.8418,0.19372946,20.8369,-1
ZTF18aauenwu,58719.2615046,2,19.8054,0.19723624,20.221,-1
ZTF18aauenwu,58720.1870255,1,19.5565,0.1768029,20.7936,-1
ZTF18aauenwu,58720.2822917,2,19.7859,0.16049263,20.6673,-1
ZTF18aauenwu,58720.3320833,2,19.4388,0.12732142,20.3248,-1
ZTF18aauenwu,58721.2614236,2,19.784,0.18297747,20.4203,-1
ZTF18aauenwu,58722.2613194,2,19.9426,0.20893204,20.8016,-1
ZTF18aauenwu,58723.2689005,1,19.5611,0.12330153,20.8446,-1
ZTF18aauenwu,58723.2858218,2,19.8084,0.13989158,20.8034,-1
ZTF18aauenwu,58724.2858796,2,19.8297,0.16847692,20.7185,-1
ZTF18aauenwu,58725.2598148,2,19.785,0.15548797,20.8446,-1
ZTF18aauenwu,58726.2612731,2,19.8425,0.17346618,20.5404,-1
ZTF18aauenwu,58727.2860301,2,19.771,0.17717087,20.7912,-1
ZTF18aauenwu,58730.1580324,2,19.3879,0.15919477,20.4578,-1
ZTF18aauenwu,58730.2615162,2,19.8773,0.18070176,20.5297,-1
ZTF18aauenwu,58732.260162,2,19.8067,0.16109885,20.6752,-1
ZTF18aauenwu,58733.2597685,2,19.9228,0.17217375,20.5506,-1
ZTF18aauenwu,58733.3059606,1,19.4922,0.14482993,20.3203,-1
ZTF18aauenwu,58734.2614815,2,19.8613,0.18605804,20.3318,-1
ZTF18aauenwu,58735.260162,2,19.9556,0.235944,20.1208,-1
ZTF18aauenwu,58737.1608565,1,19.5014,0.20360799,19.9267,-1
ZTF18aauenwu,58737.2844792,2,19.7877,0.226558,19.8481,-1
ZTF18aauenwu,58740.1315625,1,19.4911,0.1895,19.5841,-1
ZTF18aauenwu,58743.1311111,1,19.5789,0.20215677,20.5752,-1
ZTF18aauenwu,58746.1445718,1,19.5307,0.1384438,20.6253,-1
ZTF18aauenwu,58749.2640741,2,19.2793,0.1070572,20.3048,-1
ZTF18aauenwu,58750.2660764,2,19.7958,0.229251,20.0268,-1
ZTF18aauenwu,58754.1350231,2,19.3588,0.13063197,20.499,-1
ZTF18aauenwu,58754.1406134,2,19.8054,0.1468192,20.5737,-1
ZTF18aauenwu,58761.1396759,2,19.3814,0.10844165,20.233,-1
ZTF18aauenwu,58761.1405903,2,19.8411,0.19158512,20.453,-1
ZTF18aauenwu,58764.1225579,2,19.8894,0.20302232,20.4507,-1
ZTF18aauenwu,58764.2055671,1,19.4885,0.14056282,19.9848,-1
ZTF18aauenwu,58767.1175694,2,19.5421,0.270717,19.3656,-1
ZTF18aauenwu,58770.194213,2,19.3671,0.240583,19.402,-1
ZTF18aauenwu,58770.1970255,2,19.7521,0.233184,19.5212,-1
ZTF18aauenwu,58773.1176968,1,19.5832,0.246558,19.5789,-1
ZTF18aauenwu,58776.1201157,1,19.5377,0.15583265,20.5547,-1
ZTF18aauenwu,58779.0957407,2,19.8023,0.17554265,20.4382,-1
ZTF18aauenwu,58779.0966551,2,19.4509,0.1636277,19.8135,-1
ZTF18aauenwu,58779.1206944,1,19.5559,0.233978,20.5544,-1
ZTF18aauenwu,58782.1160648,2,19.3397,0.1597146,20.1728,-1
ZTF18aauenwu,58785.0958449,2,19.3163,0.11825047,20.1214,-1
ZTF18aauenwu,58785.1214352,1,19.6015,0.15133733,20.6076,-1
ZTF18aauenwu,58788.1039699,2,19.2564,0.1487052,19.606,-1
ZTF18aauenwu,58788.1178588,1,19.6017,0.19776335,20.0317,-1
ZTF18aauenwu,58791.0989352,2,19.3829,0.19029735,20.0092,-1
ZTF18aauenwu,58791.1297917,1,19.5615,0.19764005,20.1275,-1
ZTF18aauenwu,58794.1317361,1,19.5126,0.231568,19.8499,-1
ZTF18aauenwu,58797.1340741,1,19.5662,0.286291,19.557,-1
ZTF18aauenwu,58801.08125,2,19.2619,0.17851892,19.7237,-1
ZTF18aauenwu,58804.1041088,1,19.5435,0.226219,19.838,-1
ZTF18aauenwu,58812.1038657,2,19.4181,0.1668439,19.7491,-1
ZTF18aauenwu,58892.5272685,2,19.5362,0.234151,19.5993,-1
ZTF18aauenwu,58892.560463,1,19.503,0.313423,19.3937,-1
ZTF18aauenwu,58895.5175579,2,19.2409,0.1931231,19.5861,-1
ZTF18aauenwu,58895.5180208,2,19.8808,0.227912,19.8445,-1
ZTF18aauenwu,58895.533831,1,19.6267,0.21467243,19.7708,-1
ZTF18aauenwu,58900.5565856,1,19.4678,0.266715,19.4325,-1
ZTF18aauenwu,58912.489375,2,19.4497,0.18889216,19.7839,-1
ZTF18aauenwu,58912.4898264,2,19.8606,0.20793957,20.193,-1
ZTF18aauenwu,58912.5299537,1,19.5408,0.18115012,20.4621,-1
ZTF18aauenwu,58915.525787,2,19.4257,0.16718687,19.8595,-1
ZTF18aauenwu,58915.5262384,2,19.7746,0.20124577,20.3324,-1
ZTF18aauenwu,58936.4906597,1,19.4811,0.16016968,20.4865,-1
ZTF18aauenwu,58943.4506134,1,19.8715,0.383699,19.7083,-1
ZTF18aauenwu,58943.4903819,2,19.865,0.1700366,20.5459,-1
ZTF18aauenwu,58943.5017708,2,19.3516,0.14086127,20.2276,-1
ZTF18aauenwu,58953.4285185,1,19.593,0.20213597,19.849,-1
ZTF18aauenwu,58953.4504977,2,19.2427,0.14501646,19.68,-1
ZTF18aauenwu,58954.4889699,2,19.9382,0.233221,20.3269,-1
ZTF18aauenwu,58956.4661921,1,19.6066,0.233643,20.1357,-1
ZTF18aauenwu,58956.492419,2,19.2207,0.17503586,19.722,-1
ZTF18aauenwu,58956.5062153,2,19.2161,0.1471869,19.868,-1
ZTF18aauenwu,58962.4659954,2,19.397,0.14564899,20.3279,-1
ZTF18aauenwu,58962.4664468,2,19.7741,0.17060356,20.56,-1
ZTF18aauenwu,58962.4868056,1,19.6406,0.21343285,20.5099,-1
ZTF18aauenwu,58965.4334838,1,19.5439,0.13468756,20.8424,-1
ZTF18aauenwu,58965.4538542,2,19.8366,0.14791976,20.913,-1
ZTF18aauenwu,58965.4543056,2,19.361,0.1414095,20.6781,-1
ZTF18aauenwu,58968.4308912,2,19.8033,0.13796319,20.9912,-1
ZTF18aauenwu,58971.4034375,2,19.507,0.15013278,20.2452,-1
ZTF18aauenwu,58971.404375,2,19.7308,0.14105351,20.5395,-1
ZTF18aauenwu,58974.3689352,2,19.3698,0.1477007,19.7939,-1
ZTF18aauenwu,58974.3694097,2,19.9565,0.256679,19.9728,-1
ZTF18aauenwu,58974.493588,1,19.6234,0.17397422,20.0257,-1
ZTF18aauenwu,58977.4506713,2,19.4903,0.20596261,19.4654,-1
ZTF18aauenwu,58980.4308449,1,19.4676,0.21224606,19.819,-1
ZTF18aauenwu,58980.4688426,2,19.169,0.12075055,19.9491,-1
ZTF18aauenwu,58980.4693056,2,19.8621,0.210384,20.0615,-1
ZTF18aauenwu,58983.3930556,2,19.8596,0.19158779,20.5887,-1
ZTF18aauenwu,58983.3935185,2,19.2578,0.12128653,20.3502,-1
ZTF18aauenwu,58985.4839699,2,19.3888,0.12316678,20.3976,-1
ZTF18aauenwu,58991.4510532,2,19.7649,0.16477436,20.9877,-1
ZTF18aauenwu,58997.4348264,2,19.3892,0.12502877,20.667,-1
ZTF18aauenwu,58997.4558102,2,19.8738,0.15318088,20.8921,-1
ZTF18aauenwu,59000.4297685,1,19.1547,0.240449,18.9048,-1
ZTF18aauenwu,59004.2968634,2,19.3591,0.15783559,19.8045,-1
ZTF18aauenwu,59004.3044676,2,19.5821,0.21834,19.9632,-1
ZTF18aauenwu,59004.3303125,2,19.3069,0.17335391,19.8735,-1
ZTF18aauenwu,59009.2847917,1,19.7815,0.25587,19.7136,-1
ZTF18aauenwu,59009.3726852,2,19.7945,0.20466112,20.0777,-1
ZTF18aauenwu,59009.3731597,2,19.3038,0.11978364,19.9023,-1
ZTF18aauenwu,59011.3076389,1,19.479,0.16006137,20.487,-1
ZTF18aauenwu,59011.3330093,2,19.2741,0.14264485,20.1849,-1
ZTF18aauenwu,59012.2767593,2,19.3312,0.09909214,20.585,-1
ZTF18aauenwu,59012.2867593,2,19.7289,0.17321742,20.8398,-1
ZTF18aauenwu,59013.3448843,2,19.3769,0.1163834,20.5803,-1
ZTF18aauenwu,59013.4513657,2,19.3173,0.13208063,20.4345,-1
ZTF18aauenwu,59014.4634606,2,19.3277,0.102678135,20.7213,-1
ZTF18aauenwu,59015.3365394,2,19.3105,0.09438622,20.631,-1
ZTF18aauenwu,59015.3370023,2,19.7133,0.15917043,20.8739,-1
ZTF18aauenwu,59022.2678704,2,19.3789,0.10593572,20.6626,-1
ZTF18aauenwu,59024.2596991,2,19.3751,0.1119498,20.5751,-1
ZTF18aauenwu,59024.2601736,2,19.8159,0.16747227,20.7658,-1
ZTF18aauenwu,59027.3851157,2,19.2914,0.09325273,20.5552,-1
ZTF18aauenwu,59027.3879398,2,19.8889,0.19454157,20.9301,-1
ZTF18aauenwu,59028.2557986,2,19.3182,0.110888965,20.2918,-1
ZTF18aauenwu,59029.2843287,1,19.5583,0.20574723,19.7977,-1
ZTF18aauenwu,59031.3634028,2,19.3701,0.17417192,20.3,-1
ZTF18aauenwu,59032.3279282,2,19.2904,0.13326222,20.1682,-1
ZTF18aauenwu,59032.4732176,1,19.5129,0.12582052,20.6675,-1
ZTF18aauenwu,59033.3211921,2,19.4515,0.16856639,19.8866,-1
ZTF18aauenwu,59033.3474421,2,19.6619,0.18515597,20.2311,-1
ZTF18aauenwu,59034.2251042,1,19.5607,0.253468,19.3795,-1
ZTF18aauenwu,59034.2918056,2,19.265,0.14732128,19.886,-1
ZTF18aauenwu,59034.3622801,2,19.4063,0.15572412,19.8335,-1
ZTF18aauenwu,59036.2875116,2,19.8529,0.181743,19.9803,-1
ZTF18aauenwu,59038.2866551,1,19.5965,0.235829,20.0666,-1
ZTF18aauenwu,59038.360463,2,19.3885,0.1555889,20.0312,-1
ZTF18aauenwu,59039.2624306,2,19.7356,0.169754,20.7444,-1
ZTF18aauenwu,59040.367963,2,19.2891,0.115939036,20.3376,-1
ZTF18aauenwu,59041.2807407,2,19.3251,0.12802124,20.3085,-1
ZTF18aauenwu,59041.3670486,1,19.625,0.17208405,20.3935,-1
ZTF18aauenwu,59042.3459144,1,19.66,0.18059924,20.5668,-1
ZTF18aauenwu,59042.3830093,2,19.8456,0.19001271,20.5568,-1
ZTF18aauenwu,59044.395,2,19.3767,0.12932213,20.3599,-1
ZTF18aauenwu,59045.3487153,2,19.8121,0.12863919,20.7492,-1
ZTF18aauenwu,59048.3922338,2,19.8623,0.15317845,20.9474,-1
ZTF18aauenwu,59050.3033796,2,19.3849,0.11458314,20.4816,-1
ZTF18aauenwu,59051.3575694,2,19.8401,0.17402223,20.9098,-1
ZTF18aauenwu,59051.3836921,2,19.3477,0.115717754,20.3823,-1
ZTF18aauenwu,59054.3393519,2,19.8814,0.18228045,20.7767,-1
ZTF18aauenwu,59056.3661343,2,19.3438,0.11808399,20.4032,-1
ZTF18aauenwu,59056.4026852,1,19.5396,0.16674463,20.6584,-1
ZTF18aauenwu,59057.3373958,2,19.79,0.13525693,20.8983,-1
ZTF18aauenwu,59059.3024537,1,19.473,0.13618143,20.3407,-1
ZTF18aauenwu,59059.3369097,2,19.3464,0.13392612,20.4248,-1
ZTF18aauenwu,59059.3913194,1,19.5286,0.13641901,20.6514,-1
ZTF18aauenwu,59060.3017477,1,19.5843,0.21012363,20.0956,-1
ZTF18aauenwu,59060.4042361,2,19.7537,0.16419369,20.895,-1
ZTF18aauenwu,59061.3107639,2,19.3209,0.14428218,20.1795,-1
ZTF18aauenwu,59062.3079167,2,19.3403,0.15775913,19.8882,-1
ZTF18aauenwu,59062.3247106,2,19.2614,0.1711384,19.8421,-1
ZTF18aauenwu,59062.3503125,1,19.5901,0.20859204,19.6979,-1
ZTF18aauenwu,59063.3390162,2,19.9104,0.326527,19.8064,-1
ZTF18aauenwu,59064.3232639,2,19.3411,0.21324292,19.4423,-1
ZTF18aauenwu,59065.2102199,1,19.7529,0.226285,19.5513,-1
ZTF18aauenwu,59065.3375,2,19.3741,0.19263366,19.5293,-1
ZTF18aauenwu,59065.3764815,2,19.351,0.17351073,19.5519,-1
ZTF18aauenwu,59066.3472917,1,19.5457,0.18777606,19.7034,-1
ZTF18aauenwu,59068.21625,1,19.4867,0.13791716,20.4285,-1
ZTF18aauenwu,59068.259294,2,19.4334,0.11891951,20.2214,-1
ZTF18aauenwu,59069.2226505,2,19.7228,0.15465939,20.8653,-1
ZTF18aauenwu,59069.3670486,1,19.5356,0.15542999,20.1543,-1
ZTF18aauenwu,59071.3205903,2,19.3233,0.1337978,20.3772,-1
ZTF18aauenwu,59072.1507407,2,19.3625,0.1407448,19.8785,-1
ZTF18aauenwu,59072.324537,2,19.8062,0.14391628,20.6997,-1
ZTF18aauenwu,59074.2955093,2,19.2691,0.233319,19.368,-1
ZTF18aauenwu,59075.2991435,2,19.8017,0.1816318,20.7059,-1
ZTF18aauenwu,59078.2755556,2,19.7662,0.15819459,20.7681,-1
ZTF18aauenwu,59078.2966667,2,19.4226,0.12587121,20.5755,-1
ZTF18aauenwu,59080.2983449,2,19.4135,0.12727083,20.427,-1
ZTF18aauenwu,59081.3605208,2,19.9164,0.220703,20.3685,-1
ZTF18aauenwu,59082.141956,2,19.3387,0.20997155,19.8014,-1
ZTF18aauenwu,59084.2825116,2,19.8709,0.210446,20.7061,-1
ZTF18aauenwu,59084.2829861,2,19.3196,0.119452484,20.4376,-1
ZTF18aauenwu,59084.3253241,1,19.5556,0.12833874,20.513,-1
ZTF18aauenwu,59087.2732755,2,19.3153,0.15085451,20.1812,-1
ZTF18aauenwu,59087.2737384,2,19.7317,0.1935633,20.4229,-1
ZTF18aauenwu,59089.3381134,1,19.3921,0.23005,19.6169,-1
ZTF18aauenwu,59090.2961111,1,19.6323,0.20807455,19.8186,-1
ZTF18aauenwu,59092.277419,1,19.5993,0.235918,19.6839,-1
ZTF18aauenwu,59093.1743866,1,19.5805,0.219645,19.8011,-1
ZTF18aauenwu,59093.2107639,2,19.3984,0.13983455,19.8721,-1
ZTF18aauenwu,59096.1566898,1,19.594,0.226637,20.3324,-1
ZTF18aauenwu,59096.2771759,2,19.3373,0.128106,20.1044,-1
ZTF18aauenwu,59096.3255671,2,19.486,0.2153886,19.7905,-1
ZTF18aauenwu,59099.1254514,2,19.3228,0.13391581,20.0532,-1
ZTF18aauenwu,59099.1946528,2,19.3208,0.11208088,20.6433,-1
ZTF18aauenwu,59099.2027315,2,19.8298,0.16800511,20.6245,-1
ZTF18aauenwu,59107.1404051,2,19.2431,0.13194261,20.0499,-1
ZTF18aauenwu,59107.1829861,1,19.3627,0.19231308,20.1135,-1
ZTF18aauenwu,59110.161331,1,19.5598,0.17090614,20.5353,-1
ZTF18aauenwu,59110.2433449,2,19.7022,0.1996173,19.7771,-1
ZTF18aauenwu,59110.2701736,2,19.2821,0.223351,19.5095,-1
ZTF18aauenwu,59113.154838,2,19.8073,0.18877636,20.7316,-1
ZTF18aauenwu,59113.1557755,2,19.3285,0.10935292,20.5343,-1
ZTF18aauenwu,59113.1742477,1,19.5034,0.13380152,20.7314,-1
ZTF18aauenwu,59116.2034259,2,20.0018,0.238504,20.5069,-1
ZTF18aauenwu,59117.1353125,2,19.3789,0.1552314,20.2622,-1
ZTF18aauenwu,59117.2243634,1,19.5005,0.14676231,20.3677,-1
ZTF18aauenwu,59119.1854167,2,19.2499,0.12203861,20.1518,-1
ZTF18aauenwu,59120.2314583,1,19.6455,0.255874,19.5529,-1
ZTF18aauenwu,59122.2161111,2,19.4285,0.228673,19.6201,-1
ZTF18aauenwu,59123.2572685,2,19.1777,0.176945,19.3004,-1
ZTF18aauenwu,59125.1236227,2,19.415,0.16415372,19.809,-1
ZTF18aauenwu,59125.1833218,1,19.5202,0.22929,19.675,-1
ZTF18aauenwu,59127.1230208,2,19.3877,0.17752513,20.0376,-1
ZTF18aauenwu,59129.1211111,2,19.8497,0.18912753,20.7247,-1
ZTF18aauenwu,59129.1225347,2,19.2943,0.11200062,20.6495,-1
ZTF18aauenwu,59129.2897454,1,19.4625,0.2166098,19.5897,-1
ZTF18aauenwu,59131.1642824,1,19.584,0.1333783,20.4661,-1
ZTF18aauenwu,59135.1371875,2,19.2555,0.11340276,20.4767,-1
ZTF18aauenwu,59135.1602083,2,19.7688,0.18525666,20.5794,-1
ZTF18aauenwu,59135.2165625,1,19.4784,0.11792599,20.5413,-1
ZTF18aauenwu,59137.1140856,2,19.3284,0.12018442,20.4976,-1
ZTF18aauenwu,59137.1145602,2,19.7277,0.14632884,20.718,-1
ZTF18aauenwu,59137.1352546,1,19.5188,0.15965268,20.8475,-1
ZTF18aauenwu,59139.1331829,2,19.3236,0.12631916,20.5335,-1
ZTF18aauenwu,59139.1800694,1,19.6661,0.14789926,20.7185,-1
ZTF18aauenwu,59139.2427662,2,19.7648,0.219427,20.3343,-1
ZTF18aauenwu,59141.1345718,2,19.4443,0.12735169,20.112,-1
ZTF18aauenwu,59141.1960532,1,19.6234,0.16981615,20.459,-1
ZTF18aauenwu,59143.1518056,1,19.4152,0.108969204,20.785,-1
ZTF18aauenwu,59145.1071759,2,19.3649,0.115439266,20.4848,-1
ZTF18aauenwu,59145.1081134,2,19.6567,0.17379777,20.6781,-1
ZTF18aauenwu,59145.2041782,1,19.4955,0.16458593,20.369,-1
ZTF18aauenwu,59149.0895602,2,19.3196,0.236723,19.1731,-1
ZTF18aauenwu,59149.0904977,2,19.5302,0.24371,19.4054,-1
ZTF18aauenwu,59151.0979167,2,19.568,0.17739485,19.8908,-1
ZTF18aauenwu,59151.0993403,2,19.2942,0.14562091,19.7593,-1
ZTF18aauenwu,59151.1337269,1,19.7321,0.273281,19.5363,-1
ZTF18aauenwu,59153.0955093,2,19.7334,0.21141556,20.1538,-1
ZTF18aauenwu,59153.1008102,2,19.3404,0.13997698,19.8087,-1
ZTF18aauenwu,59153.1338194,1,19.7589,0.2897,19.504,-1
ZTF18aauenwu,59155.0896644,2,19.3483,0.1539022,20.1772,-1
ZTF18aauenwu,59155.0906019,2,19.5723,0.193082,19.7697,-1
ZTF18aauenwu,59155.1309722,1,19.4504,0.16447397,19.7999,-1
ZTF18aauenwu,59157.1030093,2,19.9648,0.221151,20.623,-1
ZTF18aauenwu,59164.1137037,2,19.7799,0.20774625,20.1458,-1
ZTF18aauenwu,59164.1405787,2,19.3744,0.13794853,20.0903,-1
ZTF18aauenwu,59167.0920833,2,19.3286,0.14938524,19.7433,-1
ZTF18aauenwu,59167.1140972,2,19.8906,0.242204,19.9437,-1
ZTF18aauenwu,59167.1578588,1,19.4679,0.219589,19.7628,-1
ZTF18aauenwu,59169.0936806,1,19.564,0.18531574,20.2255,-1
ZTF18aauenwu,59169.1610069,2,19.4253,0.16644447,19.4574,-1
ZTF18aauenwu,59171.0930903,2,19.3364,0.15149763,19.9637,-1
ZTF18aauenwu,59171.0935532,2,19.9509,0.20760918,20.2473,-1
ZTF18aauenwu,59173.089213,2,19.7613,0.1629779,20.5171,-1
ZTF18aauenwu,59173.1442708,1,19.6261,0.20860155,19.9194,-1
ZTF18aauenwu,59175.0738542,1,19.5815,0.280181,19.3142,-1
ZTF18aauenwu,59179.0978472,2,19.2741,0.15554279,20.0139,-1
ZTF18aauenwu,59179.1253241,2,19.8105,0.20902051,20.1554,-1
ZTF18aauenwu,59181.0760532,2,19.3153,0.225744,19.1798,-1
ZTF18aauenwu,59186.1000231,2,19.3973,0.265954,19.2776,-1
ZTF18aauenwu,59188.1003588,2,19.5332,0.19732088,19.6348,-1
ZTF18aauenwu,59190.1251389,2,19.2991,0.12911502,19.6879,-1
ZTF18aauenwu,59251.5101968,2,19.2986,0.229617,19.5043,-1
ZTF18aauenwu,59255.533287,1,19.5029,0.15109469,20.3294,-1
ZTF18aauenwu,59258.5316319,1,19.6077,0.223152,19.8631,-1
ZTF18aauenwu,59265.5145255,1,19.5213,0.18398616,19.8971,-1
ZTF18aauenwu,59268.463206,2,19.3594,0.237304,19.3684,-1
ZTF18aauenwu,59268.5362963,1,19.5915,0.16458076,20.4995,-1
ZTF18aauenwu,59269.5199306,2,19.8942,0.201678,20.1292,-1
ZTF18aauenwu,59270.4925,2,19.3647,0.282344,19.148,-1
ZTF18aauenwu,59276.4894444,2,19.419,0.18890853,19.4589,-1
ZTF18aauenwu,59276.5096875,1,19.5166,0.256813,19.5399,-1
ZTF18aauenwu,59280.5251736,2,19.7629,0.240087,20.2275,-1
ZTF18aauenwu,59291.4674653,2,19.8006,0.220671,20.3068,-1
ZTF18aauenwu,59291.4740625,2,19.4439,0.17844081,20.2002,-1
ZTF18aauenwu,59291.5065046,1,19.6405,0.17926605,20.4148,-1
ZTF18aauenwu,59295.5087731,2,19.8905,0.1746646,20.3704,-1
ZTF18aauenwu,59295.5092361,2,19.4454,0.19263195,20.0394,-1
ZTF18aauenwu,59302.446169,2,19.3495,0.165267,19.4934,-1
ZTF18aauenwu,59302.5028472,1,19.6396,0.3319,19.6079,-1
ZTF18aauenwu,59305.4784722,2,19.176,0.15803696,19.7322,-1
ZTF18aauenwu,59305.5048611,1,19.6255,0.219779,19.7249,-1
ZTF18aauenwu,59307.4740856,2,19.8236,0.166567,20.5493,-1
ZTF18aauenwu,59308.4690741,1,19.5245,0.12619336,20.4503,-1
ZTF18aauenwu,59308.5034028,2,19.2895,0.1679391,20.2416,-1
ZTF18aauenwu,59309.4866898,2,19.8073,0.219723,19.9324,-1
ZTF18aauenwu,59311.458044,1,19.4812,0.1668648,20.5709,-1
ZTF18aauenwu,59311.4885532,2,19.7599,0.15901177,20.7247,-1
ZTF18aauenwu,59311.4928125,2,19.2814,0.14296114,20.413,-1
ZTF18aauenwu,59313.4540394,2,19.7959,0.21203718,20.3584,-1
ZTF18aauenwu,59314.465,2,19.4275,0.201862,20.3869,-1
ZTF18aauenwu,59314.4885301,1,19.6078,0.125238,20.5955,-1
ZTF18aauenwu,59316.4879745,2,19.3913,0.14158042,20.6498,-1
ZTF18aauenwu,59317.4531019,2,19.8567,0.162452,20.5299,-1
ZTF18aauenwu,59319.4481713,1,19.491,0.18496135,20.1835,-1
ZTF18aauenwu,59319.4699306,2,19.3278,0.13794425,19.8516,-1
ZTF18aauenwu,59321.4865162,2,19.8523,0.15800555,20.9329,-1
ZTF18aauenwu,59322.4336806,1,19.697,0.17226529,20.3089,-1
ZTF18aauenwu,59322.4872106,2,19.2874,0.12231322,20.11,-1
ZTF18aauenwu,59323.4860069,2,19.7887,0.16063702,20.6606,-1
ZTF18aauenwu,59325.4762963,2,19.3104,0.12748927,20.4147,-1
ZTF18aauenwu,59328.4100694,2,19.764,0.20181014,20.1074,-1
ZTF18aauenwu,59329.4521296,2,19.4329,0.184132,19.8457,-1
ZTF18aauenwu,59329.4521296,2,19.4329,0.18413202,19.8457,-1
ZTF18aauenwu,59329.4845833,1,19.4637,0.21447878,19.8485,-1
ZTF18aauenwu,59329.4845833,1,19.4637,0.214479,19.8485,-1
ZTF18aauenwu,59334.4065509,2,19.9049,0.229317,20.2273,-1
ZTF18aauenwu,59335.3908796,2,19.2601,0.239414,19.1695,-1
ZTF18aauenwu,59335.4257292,1,19.5151,0.223593,19.8014,-1
ZTF18aauenwu,59337.4340625,1,19.6724,0.20891756,19.9422,-1
ZTF18aauenwu,59337.4545486,2,19.7019,0.15526439,20.1209,-1
ZTF18aauenwu,59337.4559491,2,19.271,0.15317234,20.014,-1
ZTF18aauenwu,59339.4366088,1,19.6047,0.220567,20.5524,-1
ZTF18aauenwu,59339.4458565,2,19.3466,0.14088187,20.5624,-1
ZTF18aauenwu,59339.4525231,2,19.8287,0.1863891,20.8669,-1
ZTF18aauenwu,59341.3668287,1,19.6418,0.16835341,20.4207,-1
ZTF18aauenwu,59341.4510648,2,19.3281,0.117323026,20.3503,-1
ZTF18aauenwu,59341.4515394,2,19.7742,0.1513826,20.3944,-1
ZTF18aauenwu,59344.4287963,2,19.3698,0.12744775,20.5286,-1
ZTF18aauenwu,59344.4301968,2,19.8587,0.17699116,20.7628,-1
ZTF18aauenwu,59346.4279167,2,19.3655,0.12366004,20.6189,-1
ZTF18aauenwu,59346.4283796,2,19.7726,0.16452424,20.9251,-1
ZTF18aauenwu,59349.4534144,2,19.3248,0.11349242,20.5744,-1
ZTF18aauenwu,59353.3854051,1,19.5821,0.16698912,20.4007,-1
ZTF18aauenwu,59353.4539931,2,19.3348,0.11696054,20.5814,-1
ZTF18aauenwu,59356.390787,2,19.2605,0.10849831,20.1188,-1
ZTF18aauenwu,59359.3189815,1,19.3331,0.23566,19.3887,-1
ZTF18aauenwu,59359.3829514,2,19.3032,0.18247736,19.6244,-1
ZTF18aauenwu,59362.3294213,2,19.9212,0.242427,20.1342,-1
ZTF18aauenwu,59362.3298958,2,19.2346,0.14591995,19.9499,-1
ZTF18aauenwu,59362.4061574,1,19.4326,0.17538676,19.8331,-1
ZTF18aauenwu,59364.3735301,1,19.6309,0.17382869,20.0574,-1
ZTF18aauenwu,59364.4275231,2,19.8385,0.18220645,20.5656,-1
ZTF18aauenwu,59364.4279977,2,19.3419,0.13393301,20.2234,-1
ZTF18aauenwu,59366.3902546,2,19.8356,0.15701067,20.6333,-1
ZTF18aauenwu,59368.407037,2,19.7997,0.15444277,20.8906,-1
ZTF18aauenwu,59368.4075116,2,19.3111,0.13860273,20.6823,-1
ZTF18aauenwu,59370.365081,2,19.3007,0.0978131,20.5567,-1
ZTF18aauenwu,59373.382662,2,19.7851,0.17945983,20.5191,-1
ZTF18aauenwu,59373.383125,2,19.304,0.14783977,20.5544,-1
ZTF18aauenwu,59376.3899884,1,19.6426,0.13734959,20.6139,-1
ZTF18aauenwu,59376.422581,2,19.3002,0.11183082,20.4426,-1
ZTF18aauenwu,59376.4235185,2,19.8564,0.18702261,20.9259,-1
ZTF18aauenwu,59378.3714931,1,19.5451,0.112098634,20.7665,-1
ZTF18aauenwu,59378.3844329,2,19.3229,0.12271712,20.5782,-1
ZTF18aauenwu,59378.3849074,2,19.8034,0.13849567,20.9041,-1
ZTF18aauenwu,59382.3678009,2,19.8262,0.17911573,20.6371,-1
ZTF18aauenwu,59382.3682755,2,19.2851,0.14395058,20.3392,-1
ZTF18aauenwu,59382.3881366,1,19.5486,0.17873092,20.5669,-1
ZTF18aauenwu,59386.4009028,2,19.3736,0.139725,20.4408,-1
ZTF18aauenwu,59386.4033102,2,19.7252,0.16421826,20.4838,-1
ZTF18aauenwu,59390.3346296,2,19.3232,0.1881908,19.9638,-1
ZTF18aauenwu,59390.4263773,1,19.2881,0.21110155,19.611,-1
ZTF18aauenwu,59392.2842014,1,19.4903,0.20177466,19.7717,-1
ZTF18aauenwu,59392.3430671,2,19.3297,0.16145852,19.9937,-1
ZTF18aauenwu,59394.330162,2,19.2204,0.235646,19.2792,-1
ZTF18aauenwu,59394.3648958,1,19.5959,0.20669946,20.1395,-1
ZTF18aauenwu,59396.2989236,1,19.4845,0.1382057,20.6619,-1
ZTF18aauenwu,59399.3501968,2,19.2882,0.0963445,20.6793,-1
ZTF18aauenwu,59399.3506713,2,19.7735,0.14532483,20.9103,-1
ZTF18aauenwu,59401.3534722,2,19.3043,0.106802665,20.5206,-1
ZTF18aauenwu,59401.3539583,2,19.8858,0.17563692,20.8241,-1
ZTF18aauenwu,59403.3410069,2,19.3654,0.13522738,20.4875,-1
ZTF18aauenwu,59403.3425,2,19.7564,0.185695,20.7759,-1
ZTF18aauenwu,59403.3812153,1,19.4895,0.14234114,20.5954,-1
ZTF18aauenwu,59405.3299769,1,19.5769,0.13552201,20.7939,-1
ZTF18aauenwu,59407.2860648,1,19.5577,0.14523356,20.6858,-1
ZTF18aauenwu,59407.3236111,2,19.3526,0.12042068,20.5765,-1
ZTF18aauenwu,59407.3240856,2,19.773,0.1945083,20.7296,-1
ZTF18aauenwu,59409.3020139,2,19.4333,0.15853883,20.4888,-1
ZTF18aauenwu,59409.3024884,2,19.8553,0.14613938,20.792,-1
ZTF18aauenwu,59409.3253588,1,19.5696,0.16773242,20.7286,-1
ZTF18aauenwu,59411.264838,2,19.6621,0.14377128,20.5715,-1
ZTF18aauenwu,59411.2659491,2,19.3589,0.14018129,20.4054,-1
ZTF18aauenwu,59414.3055093,2,19.8761,0.16557965,20.5336,-1
ZTF18aauenwu,59414.3853009,1,19.5593,0.15737538,20.776,-1
ZTF18aauenwu,59417.4447106,2,19.9927,0.274255,20.1127,-1
ZTF18aauenwu,59423.3388889,1,19.5661,0.269071,19.6277,-1
ZTF18aauenwu,59425.2594792,1,19.5763,0.14484821,20.4799,-1
ZTF18aauenwu,59427.301331,1,19.5273,0.1147265,20.6683,-1
ZTF18aauenwu,59427.3308333,2,19.2805,0.11108032,20.3328,-1
ZTF18aauenwu,59428.3472685,2,19.811,0.2006556,20.6736,-1
ZTF18aauenwu,59429.3326042,1,19.6005,0.15758039,20.6312,-1
ZTF18aauenwu,59429.3702431,2,19.3874,0.11020078,20.3676,-1
ZTF18aauenwu,59430.2386227,2,19.8309,0.15021728,20.8489,-1
ZTF18aauenwu,59434.2600926,1,19.5655,0.14903378,20.6855,-1
ZTF18aauenwu,59435.2563889,2,19.8779,0.1589789,20.9034,-1
ZTF18aauenwu,59436.3535301,1,19.5587,0.15446089,20.758,-1
ZTF18aauenwu,59436.3709954,2,19.3676,0.15669575,20.4294,-1
ZTF18aauenwu,59438.2452431,2,19.7776,0.16943547,20.6861,-1
ZTF18aauenwu,59439.3467708,1,19.5823,0.16405447,20.462,-1
ZTF18aauenwu,59439.3634606,2,19.3014,0.17908752,20.1296,-1
ZTF18aauenwu,59440.2415046,2,19.8666,0.198504,20.709,-1
ZTF18aauenwu,59440.2415046,2,19.8666,0.1985044,20.709,-1
ZTF18aauenwu,59441.2912153,1,19.5835,0.13792978,20.5297,-1
ZTF18aauenwu,59448.1980093,1,19.4117,0.19938,19.4714,-1
ZTF18aauenwu,59448.2531829,2,19.3978,0.233195,19.4408,-1
ZTF18aauenwu,59450.2429282,1,19.3255,0.261708,19.2358,-1
ZTF18aauenwu,59450.2885185,2,19.4015,0.21509323,19.2262,-1
ZTF18aauenwu,59451.187037,2,19.7786,0.17828664,20.562,-1
ZTF18aauenwu,59452.3052778,1,19.5028,0.17411464,20.0903,-1
ZTF18aauenwu,59453.2671065,2,19.7874,0.17521739,20.6541,-1
ZTF18aauenwu,59454.2146875,1,19.5497,0.16891468,20.6412,-1
ZTF18aauenwu,59454.2621875,2,19.3229,0.14784063,20.3748,-1
ZTF18aauenwu,59458.2390625,2,19.2924,0.13490438,20.5516,-1
ZTF18aauenwu,59459.2035532,2,19.7178,0.130785,20.9115,-1
ZTF18aauenwu,59460.244456,2,19.3757,0.09584487,20.3324,-1
ZTF18aauenwu,59460.3120255,1,19.4989,0.13064975,20.7025,-1
ZTF18aauenwu,59461.1761227,2,19.8234,0.20311695,20.5548,-1
ZTF18aauenwu,59462.2417477,2,19.2875,0.10554651,20.4095,-1
ZTF18aauenwu,59462.2872801,1,19.4356,0.16022283,20.4224,-1
ZTF18aauenwu,59464.2423495,1,19.5051,0.149935,20.6949,-1
ZTF18aauenwu,59464.2423495,1,19.5051,0.14993478,20.6949,-1
ZTF18aauenwu,59464.2893634,2,19.3518,0.11326,20.3999,-1
ZTF18aauenwu,59464.2893634,2,19.3518,0.113259576,20.3999,-1
ZTF18aauenwu,59466.1743519,2,19.2871,0.097958826,20.6019,-1
ZTF18aauenwu,59466.3224537,1,19.4917,0.17846704,20.2839,-1
ZTF18aauenwu,59467.1577431,2,19.9985,0.15697,20.7625,-1
ZTF18aauenwu,59468.2013194,1,19.5056,0.11176634,20.8358,-1
ZTF18aauenwu,59468.2448148,2,19.3404,0.12786345,20.4408,-1
ZTF18aauenwu,59469.2056597,2,19.8218,0.16305579,20.7388,-1
ZTF18aauenwu,59470.1808218,2,19.4274,0.12817478,20.5161,-1
ZTF18aauenwu,59470.224294,1,19.6094,0.16756062,20.5096,-1
ZTF18aauenwu,59471.2014699,2,19.4923,0.1760145,20.1451,-1
ZTF18aauenwu,59473.241875,2,19.3326,0.16138749,20.2583,-1
ZTF18aauenwu,59473.2640394,2,19.8146,0.17996755,20.4103,-1
ZTF18aauenwu,59476.2041898,2,19.4002,0.18434677,19.2241,-1
ZTF18aauenwu,59476.220706,1,19.6957,0.297706,19.4154,-1
ZTF18aauenwu,59476.3019444,2,19.7509,0.266146,19.8133,-1
ZTF18aauenwu,59478.2022222,2,19.4704,0.16507165,19.5571,-1
ZTF18aauenwu,59478.226331,2,19.6942,0.229286,19.7797,-1
ZTF18aauenwu,59478.3005903,1,19.5681,0.276379,19.1829,-1
ZTF18aauenwu,59480.1947454,2,19.2893,0.15598062,20.0072,-1
ZTF18aauenwu,59480.2218981,2,20.0261,0.243615,20.1764,-1
ZTF18aauenwu,59484.2178356,2,19.3494,0.08464212,20.5591,-1
ZTF18aauenwu,59484.2413542,2,19.8462,0.17319857,20.6888,-1
ZTF18aauenwu,59487.1649769,2,19.3871,0.11219061,20.0848,-1
ZTF18aauenwu,59487.1791551,1,19.5748,0.15377517,20.4364,-1
ZTF18aauenwu,59489.182581,2,19.8651,0.18136935,20.5645,-1
ZTF18aauenwu,59489.1840046,2,19.2478,0.12016983,20.2685,-1
ZTF18aauenwu,59489.1840046,2,19.2478,0.12017,20.2685,-1
ZTF18aauenwu,59489.2136227,1,19.5919,0.183537,20.3151,-1
ZTF18aauenwu,59489.2136227,1,19.5919,0.18353735,20.3151,-1
ZTF18aauenwu,59491.1760995,2,19.4121,0.104654506,20.1952,-1
ZTF18aauenwu,59491.177037,2,19.8407,0.1465149,20.6336,-1
ZTF18aauenwu,59491.2601505,1,19.5788,0.21585113,19.6105,-1
ZTF18aauenwu,59498.1314699,1,19.5384,0.14457136,20.3507,-1
ZTF18aauenwu,59502.138287,1,19.4676,0.222347,19.7896,-1
ZTF18aauenwu,59502.1639583,2,19.7274,0.24411,19.641,-1
ZTF18aauenwu,59502.18125,2,19.3676,0.175923,19.752,-1
ZTF18aauenwu,59504.136331,2,19.9671,0.246175,20.1127,-1
ZTF18aauenwu,59504.1368056,2,19.3723,0.18123308,19.8259,-1
ZTF18aauenwu,59517.162581,1,19.5449,0.15271437,20.5645,-1
ZTF18aauenwu,59520.2256829,2,19.3207,0.16208322,19.5852,-1
ZTF18aauenwu,59522.1371875,1,19.5611,0.15081882,20.6411,-1
ZTF18aauenwu,59522.1588426,2,19.6698,0.186955,20.4177,-1
ZTF18aauenwu,59522.1622569,2,19.3351,0.11949577,20.0719,-1
ZTF18aauenwu,59524.0986111,2,19.8822,0.14728957,20.7637,-1
ZTF18aauenwu,59524.1034259,2,19.3535,0.12867746,20.4607,-1
ZTF18aauenwu,59524.1215394,1,19.5685,0.1743926,20.611,-1
ZTF18aauenwu,59526.1150347,2,19.7523,0.1681331,20.6364,-1
ZTF18aauenwu,59526.1155093,2,19.313,0.1178656,20.244,-1
ZTF18aauenwu,59526.1863657,1,19.652,0.18745811,20.3965,-1
ZTF18aauenwu,59529.1225,1,19.4716,0.223493,20.0335,-1
ZTF18aauenwu,59529.1614468,2,19.2578,0.15434878,19.6201,-1
ZTF18aauenwu,59529.1619213,2,19.8113,0.21189979,19.9615,-1
ZTF18aauenwu,59630.4767708,1,19.7374,0.36023,19.1842,-1
ZTF18aauenwu,59630.530081,2,19.411,0.228953,19.5016,-1
ZTF18aauenwu,59630.5310417,2,19.7227,0.20084156,19.9395,-1
ZTF18aauenwu,59637.4885648,1,19.6969,0.267781,19.535,-1
ZTF18aauenwu,59640.4960301,1,19.6087,0.217023,20.0325,-1
ZTF18aauenwu,59640.5284028,2,19.4168,0.14425917,19.9256,-1
ZTF18aauenwu,59670.3879282,2,19.8903,0.2133664,20.3681,-1
ZTF18aauenwu,59670.3879282,2,19.8971,0.214942,20.3681,-1
ZTF18aauenwu,59670.4684259,2,19.303,0.09394213,20.4758,-1
ZTF18aauenwu,59670.4684259,2,19.3019,0.095791,20.4708,-1
ZTF18aauenwu,59673.3684259,2,19.524,0.241092,19.3148,-1
ZTF18aauenwu,59673.3684259,2,19.5243,0.242294,19.3222,-1
ZTF18aauenwu,59673.4664468,1,19.532,0.289222,19.7476,-1
ZTF18aauenwu,59673.4664468,1,19.5307,0.312033,19.6971,-1
ZTF18aauenwu,59675.4286574,2,19.36,0.14440714,20.1,-1
ZTF18aauenwu,59675.4491782,2,19.7096,0.14090246,20.6224,-1
ZTF18aauenwu,59675.4946181,1,19.5911,0.17229123,20.6315,-1
ZTF18aauenwu,59677.4527199,2,19.3351,0.13832334,20.1193,-1
ZTF18aauenwu,59677.4862616,1,19.532,0.19555524,20.0969,-1
ZTF18aauenwu,59679.4726505,2,19.3068,0.11987613,20.161,-1
ZTF18aauenwu,59679.4870718,1,19.5684,0.122616544,20.4383,-1
ZTF18aauenwu,59683.4065856,2,19.2404,0.19081719,19.6702,-1
ZTF18aauenwu,59689.4484722,2,19.6848,0.240046,19.5296,-1
ZTF18aauenwu,59694.4474769,1,19.4714,0.19522427,19.9335,-1
ZTF18aauenwu,59694.4695255,2,19.4459,0.286216,19.5658,-1
ZTF18aauenwu,59696.4321296,1,19.6412,0.16556232,20.2763,-1
ZTF18aauenwu,59696.4665162,2,19.284,0.11488945,20.3859,-1
ZTF18aauenwu,59696.4669907,2,19.8883,0.17766258,20.462,-1
ZTF18aauenwu,59698.455,1,19.5889,0.18509,20.5167,-1
ZTF18aauenwu,59698.4681366,2,19.3827,0.13330814,20.262,-1
ZTF18aauenwu,59698.4686111,2,19.7743,0.1524247,20.2766,-1
ZTF18aauenwu,59707.4358333,2,19.3674,0.12763345,20.2672,-1
ZTF18aauenwu,59707.4363079,2,19.9662,0.16993907,20.3158,-1
ZTF18aauenwu,59707.4481134,2,19.6709,0.18099968,20.0849,-1
ZTF18aauenwu,59707.448588,2,19.3978,0.14475493,20.1112,-1
ZTF18aauenwu,59709.4331366,2,19.3194,0.15032493,19.6743,-1
ZTF18aauenwu,59709.4336111,2,19.9409,0.221688,19.9814,-1
ZTF18aauenwu,59709.4544329,2,19.1758,0.16295351,19.5374,-1
ZTF18aauenwu,59711.4255324,1,19.5052,0.19823332,19.827,-1
ZTF18aauenwu,59711.4505787,2,19.2883,0.1286007,20.0253,-1
ZTF18aauenwu,59713.3880671,2,19.2605,0.226363,19.6838,-1
ZTF18aauenwu,59713.4678009,1,19.551,0.227685,20.0348,-1
ZTF18aauenwu,59717.3447917,1,19.5488,0.271834,19.3648,-1
ZTF18aauenwu,59718.3996065,2,19.8712,0.19755349,20.3788,-1
ZTF18aauenwu,59718.4464468,2,19.8336,0.221741,20.2069,-1
ZTF18aauenwu,59721.3454398,2,19.9031,0.18072031,20.7814,-1
ZTF18aauenwu,59721.3473727,2,19.4149,0.14487317,20.5396,-1
ZTF18aauenwu,59721.3911806,2,19.3393,0.11067283,20.4749,-1
ZTF18aauenwu,59721.4092245,2,19.6554,0.116781294,20.7596,-1
ZTF18aauenwu,59723.3458102,2,19.3495,0.12453175,20.5628,-1
ZTF18aauenwu,59723.4071065,1,19.4945,0.11915436,20.6486,-1
ZTF18aauenwu,59723.442963,2,19.757,0.1961841,20.3916,-1
ZTF18aauenwu,59725.3695833,1,19.4952,0.132391,20.732,-1
ZTF18aauenwu,59725.4074537,2,19.3109,0.140368,20.6403,-1
ZTF18aauenwu,59725.4299074,2,19.794,0.20015533,20.7012,-1
ZTF18aauenwu,59727.3857639,2,19.8682,0.20897208,20.649,-1
ZTF18aauenwu,59727.3871759,2,19.3024,0.16333483,20.2461,-1
ZTF18aauenwu,59731.3472801,1,19.5265,0.14164288,20.5542,-1
ZTF18aauenwu,59731.4359028,2,19.703,0.14932734,20.6506,-1
ZTF18aauenwu,59731.4363773,2,19.312,0.12079071,20.5511,-1
ZTF18aauenwu,59733.3284491,1,19.6006,0.20538141,20.5666,-1
ZTF18aauenwu,59733.3430903,2,19.3761,0.11747401,20.5062,-1
ZTF18aauenwu,59733.3474884,2,19.7702,0.19695036,20.7936,-1
ZTF18aauenwu,59735.3900463,2,19.8508,0.15234326,20.8598,-1
ZTF18aauenwu,59737.284294,2,19.3669,0.15105258,20.5232,-1
ZTF18aauenwu,59737.3,2,19.7264,0.1483348,20.7494,-1
ZTF18aauenwu,59739.4300231,2,19.3596,0.11327903,20.6958,-1
ZTF18aauenwu,59739.4319213,2,19.7324,0.16497816,20.8783,-1
ZTF18aauenwu,59741.3432523,2,19.3369,0.15915875,20.0793,-1
ZTF18aauenwu,59741.3446644,2,19.7304,0.1862332,20.2348,-1
ZTF18aauenwu,59741.430463,1,19.5325,0.16018501,20.7531,-1
ZTF18aauenwu,59743.2978241,2,19.6509,0.228605,19.9846,-1
ZTF18aauenwu,59743.3242708,2,19.3724,0.19917718,19.5209,-1
ZTF18aauenwu,59743.4091204,1,19.619,0.313922,19.4855,-1
ZTF18aauenwu,59748.2797454,1,19.4657,0.171998,20.1688,-1
ZTF18aauenwu,59748.3423495,2,19.4447,0.15345421,20.2135,-1
ZTF18aauenwu,59748.3428241,2,19.8091,0.21665537,20.4677,-1
ZTF18aauenwu,59750.324375,1,19.5674,0.16176221,20.1826,-1
ZTF18aauenwu,59750.3410995,2,19.3867,0.14254555,20.0748,-1
ZTF18aauenwu,59750.3420833,2,20.0865,0.226742,20.3047,-1
ZTF18aauenwu,59752.3230787,1,19.553,0.13722576,20.6648,-1
ZTF18aauenwu,59755.3432407,2,19.3789,0.121879235,20.5319,-1
ZTF18aauenwu,59755.3437153,2,19.8392,0.13119654,20.8291,-1
ZTF18aauenwu,59757.323588,1,19.5676,0.13225143,20.7899,-1
ZTF18aauenwu,59757.3457292,1,19.5282,0.15422791,20.6847,-1
ZTF18aauenwu,59759.3205093,2,19.3469,0.16918576,20.6434,-1
ZTF18aauenwu,59759.3209838,2,19.7998,0.119435675,20.7976,-1
ZTF18aauenwu,59759.3679398,1,19.5633,0.14653842,20.8482,-1
ZTF18aauenwu,59761.364919,2,19.3174,0.11668258,20.7018,-1
ZTF18aauenwu,59761.3669676,2,19.7778,0.15045218,20.8686,-1
ZTF18aauenwu,59763.321169,2,19.8897,0.13594815,20.7847,-1
ZTF18aauenwu,59763.3216435,2,19.2773,0.10607602,20.6555,-1
ZTF18aauenwu,59765.3405556,2,19.852,0.13475731,20.9627,-1
ZTF18aauenwu,59765.3410301,2,19.3677,0.14067495,20.7019,-1
ZTF18aauenwu,59768.3436227,1,19.4812,0.16218813,20.506,-1
ZTF18aauenwu,59770.3250116,1,19.5432,0.21166247,20.0008,-1
ZTF18aauenwu,59770.385706,1,19.6438,0.17976451,20.5519,-1
ZTF18aauenwu,59772.4314583,2,19.2808,0.14913258,19.9729,-1
ZTF18aauenwu,59774.3005556,2,19.5796,0.20485051,19.6487,-1
ZTF18aauenwu,59774.3832755,2,19.3047,0.1591725,19.7979,-1
ZTF18aauenwu,59775.3078819,2,19.8215,0.239794,20.1493,-1
ZTF18aauenwu,59775.395463,2,19.5517,0.17759863,20.0538,-1
ZTF18aauenwu,59776.2349769,2,19.3799,0.13540179,20.2459,-1
ZTF18aauenwu,59776.3444329,2,19.2809,0.12742192,20.2426,-1
ZTF18aauenwu,59779.2712847,2,19.3372,0.12195829,20.635,-1
ZTF18aauenwu,59782.3065278,1,19.6116,0.1671492,20.6792,-1
ZTF18aauenwu,59782.3631713,2,19.6856,0.1667544,20.5456,-1
ZTF18aauenwu,59782.3720486,2,19.3892,0.15818465,20.4165,-1
ZTF18aauenwu,59784.2960069,2,19.3244,0.11186586,20.7138,-1
ZTF18aauenwu,59784.2974306,2,19.8477,0.16839999,20.8602,-1
ZTF18aauenwu,59786.2855324,2,19.2027,0.11296321,20.5512,-1
ZTF18aauenwu,59788.2832292,2,19.2848,0.124877125,20.7161,-1
ZTF18aauenwu,59788.2865625,2,19.7855,0.1778101,20.8846,-1
ZTF18aauenwu,59790.2862037,2,19.9061,0.221954,20.5686,-1
ZTF18aauenwu,59790.3027546,1,19.5245,0.12044104,20.8295,-1
ZTF18aauenwu,59793.2255093,2,19.3864,0.16235657,20.5895,-1
ZTF18aauenwu,59797.3051157,1,19.5728,0.15282701,20.8446,-1
ZTF18aauenwu,59797.3237037,2,19.3913,0.122746736,20.783,-1
ZTF18aauenwu,59797.3495833,2,19.8002,0.16731982,20.8493,-1
ZTF18aauenwu,59800.4096065,2,19.7134,0.174048,20.4297,-1
ZTF18aauenwu,59801.2057176,2,19.3973,0.16445343,20.0445,-1
ZTF18aauenwu,59805.199838,2,19.3459,0.123483054,20.223,-1
ZTF18aauenwu,59807.2878588,2,19.7828,0.142752,20.5078,-1
ZTF18aauenwu,59807.2892824,2,19.3949,0.14004539,20.3625,-1
ZTF18aauenwu,59809.2611111,2,19.3599,0.13390273,20.5541,-1
ZTF18aauenwu,59809.3485532,1,19.4785,0.18070757,20.0727,-1
ZTF18aauenwu,59811.3430671,2,19.7824,0.15545274,20.5097,-1
ZTF18aauenwu,59813.1948032,2,19.7512,0.14715028,20.6812,-1
ZTF18aauenwu,59813.1952778,2,19.3309,0.12877236,20.6543,-1
ZTF18aauenwu,59813.2870718,1,19.5416,0.17214155,20.4616,-1
ZTF18aauenwu,59815.1830787,2,19.2995,0.13347338,20.6241,-1
ZTF18aauenwu,59815.244537,1,19.477,0.117274,20.6413,-1
ZTF18aauenwu,59815.2835764,2,19.8136,0.15070581,20.6943,-1
ZTF18aauenwu,59817.1813194,1,19.4675,0.1374563,20.7478,-1
ZTF18aauenwu,59817.2082523,2,19.3059,0.1399138,20.6151,-1
ZTF18aauenwu,59819.1790625,1,19.5427,0.1054365,20.8836,-1
ZTF18aauenwu,59819.2004398,2,19.7816,0.1534403,20.845,-1
ZTF18aauenwu,59819.2009144,2,19.4163,0.172572,20.5717,-1
ZTF18aauenwu,59821.1761227,1,19.5709,0.1494667,20.7694,-1
ZTF18aauenwu,59821.2456713,2,19.4446,0.12371315,20.5846,-1
ZTF18aauenwu,59821.2495139,2,19.9022,0.1377612,20.7235,-1
ZTF18aauenwu,59823.2653125,2,19.3242,0.11753099,20.265,-1
ZTF18aauenwu,59823.26625,2,19.8893,0.17300227,20.5224,-1
ZTF18aauenwu,59823.3018056,1,19.6275,0.20275177,20.3074,-1
ZTF18aauenwu,59825.2431829,1,19.5587,0.1612529,20.6195,-1
ZTF18aauenwu,59825.3225926,2,19.3194,0.13382316,20.1328,-1
ZTF18aauenwu,59825.3379514,2,19.7748,0.20043184,19.9946,-1
ZTF18aauenwu,59827.3109722,2,19.9035,0.239316,20.349,-1
ZTF18aauenwu,59827.3114468,2,19.2867,0.1371693,20.1221,-1
ZTF18aauenwu,59829.1641898,2,19.5476,0.18316557,19.9135,-1
ZTF18aauenwu,59829.1646644,2,19.6536,0.16853304,20.0171,-1
ZTF18aauenwu,59839.1827315,1,19.5541,0.16163108,20.8116,-1
ZTF18aauenwu,59841.1431481,1,19.5838,0.14512451,20.756,-1
ZTF18aauenwu,59841.1919792,1,19.519,0.19824608,20.6466,-1
ZTF18aauenwu,59843.1865856,2,19.8444,0.13794932,20.7584,-1
ZTF18aauenwu,59843.1972338,1,19.5955,0.13302587,20.6512,-1
ZTF18aauenwu,59845.1576968,2,19.2974,0.09624757,20.6413,-1
ZTF18aauenwu,59845.1591319,2,19.7414,0.156275,20.8257,-1
ZTF18aauenwu,59847.1590394,1,19.5081,0.15939228,20.7189,-1
ZTF18aauenwu,59847.1767593,2,19.4084,0.11176933,20.499,-1
ZTF18aauenwu,59847.1801157,2,19.6935,0.14585051,20.5526,-1
ZTF18aauenwu,59849.1284722,2,19.3326,0.14767335,20.3478,-1
ZTF18aauenwu,59849.1582523,2,19.8305,0.14826687,20.6872,-1
ZTF18aauenwu,59849.2049306,1,19.4957,0.13202986,20.5878,-1
ZTF18aauenwu,59851.1293634,2,19.3209,0.16974741,20.2589,-1
ZTF18aauenwu,59851.1927546,1,19.4886,0.19542526,20.1648,-1
ZTF18aauenwu,59853.1549537,1,19.5452,0.16867143,20.78,-1
ZTF18aauenwu,59853.1869329,2,19.3833,0.13290846,20.4516,-1
ZTF18aauenwu,59853.2493981,2,19.8787,0.1914143,20.8082,-1
ZTF18aauenwu,59855.159838,2,19.3592,0.11496857,20.3038,-1
ZTF18aauenwu,59855.2256019,1,19.5152,0.188383,20.1671,-1
ZTF18aauenwu,59855.2825694,2,19.8152,0.219685,20.3474,-1
ZTF18aauenwu,59857.1842361,2,19.9575,0.24787,20.0365,-1
ZTF18aauenwu,59857.1847106,2,19.3771,0.20401046,19.8255,-1
ZTF18aauenwu,59857.2366667,1,19.6,0.21570732,19.862,-1
ZTF18aauenwu,59859.1608565,1,19.6614,0.286677,19.8132,-1
ZTF18aauenwu,59859.2224769,2,19.9688,0.240149,19.9244,-1
ZTF18aauenwu,59859.2229514,2,19.3826,0.19069763,19.759,-1
ZTF18aauenwu,59861.2494329,2,19.7455,0.317614,19.5499,-1
ZTF18aauenwu,59865.1301389,2,19.3159,0.11244562,20.308,-1
ZTF18aauenwu,59865.1800116,1,19.6397,0.17646265,19.9904,-1
ZTF18aauenwu,59867.1609606,2,19.8441,0.1863173,20.7894,-1
ZTF18aauenwu,59867.1762384,2,19.3731,0.1401983,20.424,-1
ZTF18aauenwu,59870.142419,1,19.6475,0.18974479,20.7434,-1
ZTF18aauenwu,59870.1809028,2,19.8183,0.1571404,20.5511,-1
ZTF18aauenwu,59872.1160069,2,19.3086,0.16427805,20.2353,-1
ZTF18aauenwu,59873.1373611,2,19.9314,0.18043178,20.288,-1
ZTF18aauenwu,59874.1322801,2,19.3766,0.10801983,20.6013,-1
ZTF18aauenwu,59874.1737384,1,19.5752,0.14010459,20.6557,-1
ZTF18aauenwu,59877.1252199,2,19.724,0.17616835,20.5524,-1
ZTF18aauenwu,59877.1996759,1,19.6175,0.2135231,20.1112,-1
ZTF18aauenwu,59879.1224306,2,19.3533,0.13558896,20.4835,-1
ZTF18aauenwu,59879.2038079,1,19.6785,0.1832055,20.0743,-1
ZTF18aauenwu,59881.1371296,1,19.709,0.17090459,20.0636,-1
ZTF18aauenwu,59881.2409144,2,19.3778,0.15193549,19.6866,-1
ZTF18aauenwu,59881.2631366,2,19.8157,0.30095,19.8931,-1
ZTF18aauenwu,59883.1135648,2,19.7766,0.16651371,20.5183,-1
ZTF18aauenwu,59883.1564931,1,19.7267,0.247938,19.9228,-1
ZTF18aauenwu,59887.1395023,2,19.7478,0.2154521,19.9652,-1
ZTF18aauenwu,59889.198287,2,19.6457,0.257777,19.4026,-1
ZTF18aauenwu,59894.1232755,2,19.3695,0.16229159,20.006,-1
ZTF18aauenwu,59894.12375,2,19.8598,0.230885,20.256,-1
ZTF18aauenwu,59896.1150926,2,19.8657,0.16762577,20.2464,-1
ZTF18aauenwu,59899.1169213,2,19.32,0.19767497,19.7134,-1
ZTF18aauenwu,59902.1372454,2,19.6391,0.254452,19.5207,-1
ZTF18aauenwu,59904.10375,2,19.8487,0.21493337,20.2178,-1
ZTF18aauenwu,59907.1186806,1,19.4167,0.33762,19.4076,-1
ZTF18aauenwu,59909.1553588,1,19.7119,0.289053,19.522,-1
ZTF18aauenwu,59913.1235764,1,19.5163,0.273185,19.4948,-1
ZTF18aauenwu,59913.1368403,2,19.3561,0.20195222,19.5004,-1
ZTF18aauenwu,59922.1303125,2,19.197,0.1836797,19.3263,-1
ZTF18aauenwu,60016.4524769,1,19.4434,0.268191,19.4953,-1
ZTF18aauenwu,60021.4706944,2,19.259,0.17396463,19.6905,-1
ZTF18aauenwu,60021.4711574,2,19.8896,0.249624,19.7843,-1
ZTF18aauenwu,60032.4551389,2,19.3928,0.183949,19.793,-1
ZTF18aauenwu,60042.4438542,2,19.3765,0.18668996,19.8644,-1
ZTF18aauenwu,60042.4739815,2,19.6049,0.20178373,19.9854,-1
ZTF18aauenwu,60042.4888079,1,19.754,0.293515,19.5957,-1
ZTF18aauenwu,60044.4241319,2,19.3656,0.15056512,20.1262,-1
ZTF18aauenwu,60044.43125,2,19.8515,0.205275,20.286,-1
ZTF18aauenwu,60044.4909259,1,19.5489,0.19065128,20.2045,-1
ZTF18aauenwu,60049.4652431,1,19.5793,0.1512294,20.7617,-1
ZTF18aauenwu,60049.4845486,2,19.3521,0.17243692,20.3919,-1
ZTF18aauenwu,60051.4376273,2,19.357,0.13195996,20.5009,-1
ZTF18aauenwu,60051.4499537,2,19.9588,0.1353369,20.9066,-1
ZTF18aauenwu,60054.4551273,1,19.5314,0.13578914,20.4354,-1
ZTF18aauenwu,60054.4748727,2,19.35,0.120995305,20.5107,-1
ZTF18aauenwu,60054.4833796,2,19.9017,0.1835756,20.6723,-1
ZTF18aauenwu,60056.4546412,1,19.5478,0.17579764,20.6419,-1
ZTF18aauenwu,60056.4700579,2,19.3511,0.19791666,20.4411,-1
ZTF18aauenwu,60058.451875,2,19.3598,0.11414129,20.5642,-1
ZTF18aauenwu,60059.4481713,2,19.9337,0.233974,20.5618,-1
ZTF18aauenwu,60060.4301042,1,19.5364,0.14805512,20.4321,-1
ZTF18aauenwu,60060.4685301,2,19.3494,0.14932266,20.3269,-1
ZTF18aauenwu,60061.4690625,2,19.8037,0.16851108,20.7917,-1
ZTF18aauenwu,60062.457963,1,19.5383,0.12731618,20.8809,-1
ZTF18aauenwu,60062.4719907,2,19.29,0.12445173,20.651,-1
ZTF18aauenwu,60063.4729745,2,19.72,0.13019416,20.7294,-1
ZTF18aauenwu,60064.4505093,2,19.3533,0.13351177,20.6498,-1
ZTF18aauenwu,60064.4690856,1,19.5513,0.1457324,20.7814,-1
ZTF18aauenwu,60067.4262963,2,19.8817,0.23888,19.914,-1
ZTF18aauenwu,60072.4271759,1,19.5889,0.263791,19.6441,-1
ZTF18aauenwu,60072.4634606,2,19.5565,0.218799,19.9192,-1
ZTF18aauenwu,60076.4022917,1,19.5063,0.17955719,20.4808,-1
ZTF18aauenwu,60076.4519097,2,19.3344,0.1896783,20.3801,-1
ZTF18aauenwu,60076.4528819,2,19.823,0.17267993,20.7114,-1
ZTF18aauenwu,60078.3943056,1,19.5253,0.18093923,20.5965,-1
ZTF18aauenwu,60078.413206,2,19.3615,0.12904514,20.5148,-1
ZTF18aauenwu,60078.4430787,2,19.7453,0.14996593,20.836,-1
ZTF18aauenwu,60081.3439931,1,19.551,0.16894642,20.4309,-1
ZTF18aauenwu,60081.4040741,2,19.3263,0.131811,20.7502,-1
ZTF18aauenwu,60081.4086227,2,19.7655,0.16053128,20.8098,-1
ZTF18aauenwu,60083.4306597,1,19.5748,0.14493243,20.7688,-1
ZTF18aauenwu,60083.4559491,2,19.3284,0.13094735,20.7941,-1
ZTF18aauenwu,60085.3893287,1,19.5702,0.14513767,20.7841,-1
ZTF18aauenwu,60085.4454745,2,19.3948,0.09382355,20.6883,-1
ZTF18aauenwu,60085.4459491,2,19.7731,0.13872303,20.9139,-1
ZTF18aauenwu,60087.3836111,2,19.3225,0.12743801,20.6967,-1
ZTF18aauenwu,60087.4078009,2,19.8795,0.15434258,20.9593,-1
ZTF18aauenwu,60087.4503472,1,19.6188,0.1480137,20.8889,-1
ZTF18aauenwu,60089.4572338,2,19.7539,0.13087134,20.7115,-1
ZTF18aauenwu,60089.4576968,2,19.3696,0.14987235,20.6045,-1
ZTF18aauenwu,60092.3406481,1,19.5406,0.17680652,20.2153,-1
ZTF18aauenwu,60092.3835069,2,19.7784,0.12815028,20.9738,-1
ZTF18aauenwu,60092.3839815,2,19.306,0.123154975,20.7114,-1
ZTF18aauenwu,60098.3894213,2,19.3153,0.17834061,19.8414,-1
ZTF18aauenwu,60098.445625,1,19.5101,0.21061073,19.7766,-1
ZTF18aauenwu,60100.2801042,2,19.388,0.18440138,19.6165,-1
ZTF18aauenwu,60100.2805787,2,19.7776,0.301776,19.8576,-1
ZTF18aauenwu,60103.3218056,1,19.5712,0.180649,20.1177,-1
ZTF18aauenwu,60110.3079398,1,19.4923,0.13089865,20.8184,-1
ZTF18aauenwu,60110.3491667,2,19.8346,0.145579,20.9942,-1
ZTF18aauenwu,60110.3496412,2,19.3203,0.128292,20.7128,-1
ZTF18aauenwu,60112.3824421,2,19.4004,0.122297,20.4431,-1
ZTF18aauenwu,60112.3829167,2,19.8611,0.1700986,20.8249,-1
ZTF18aauenwu,60112.4228009,1,19.5038,0.16897886,20.7951,-1
ZTF18aauenwu,60115.3158449,2,19.3223,0.16329186,20.6062,-1
ZTF18aauenwu,60115.3438773,2,19.882,0.13781825,20.7184,-1
ZTF18aauenwu,60115.4202199,1,19.6455,0.12817682,20.729,-1
ZTF18aauenwu,60118.3688773,2,19.3454,0.1075892,20.3268,-1
ZTF18aauenwu,60118.3693403,2,19.8929,0.20581321,20.5324,-1
ZTF18aauenwu,60118.3896412,1,19.6233,0.224719,20.0846,-1
ZTF18aauenwu,60120.3829282,2,19.3312,0.1079896,20.71,-1
ZTF18aauenwu,60120.4073032,2,19.7762,0.15058713,20.8958,-1
ZTF18aauenwu,60120.4322917,1,19.5032,0.14164668,20.6057,-1
ZTF18aauenwu,60122.431713,1,19.5158,0.12601161,20.7857,-1
ZTF18aauenwu,60122.4456134,2,19.4222,0.119785,20.6022,-1
ZTF18aauenwu,60122.4465509,2,19.6685,0.12784834,20.8196,-1
ZTF18aauenwu,60124.3841319,1,19.5364,0.1556552,20.7706,-1
ZTF18aauenwu,60124.4248727,2,19.3564,0.12806888,20.6097,-1
ZTF18aauenwu,60124.4253472,2,19.8496,0.18571302,20.5224,-1
ZTF18aauenwu,60126.4284838,1,19.5745,0.17589986,20.2256,-1
ZTF18aauenwu,60126.4482986,2,19.292,0.14288205,20.3723,-1
ZTF18aauenwu,60128.4102546,2,19.4376,0.20748863,19.5018,-1
ZTF18aauenwu,60128.4112037,2,19.6934,0.270927,19.6552,-1
ZTF18aauenwu,60128.4352315,1,19.2711,0.236792,19.4441,-1
ZTF18aauenwu,60134.3916782,1,19.7503,0.18650045,20.3468,-1
ZTF18aauenwu,60134.428669,2,19.9021,0.20044638,20.7629,-1
ZTF18aauenwu,60134.4477778,2,19.3763,0.13207027,20.4654,-1
ZTF18aauenwu,60136.3945486,1,19.6203,0.15852228,20.5418,-1
ZTF18aauenwu,60136.4074306,2,19.3549,0.123383,20.6154,-1
ZTF18aauenwu,60136.4128935,2,19.7483,0.16154264,20.6964,-1
ZTF18aauenwu,60138.3687384,2,19.3138,0.1462147,20.3815,-1
ZTF18aauenwu,60138.3883449,1,19.5984,0.190438,20.4044,-1
ZTF18aauenwu,60140.3511227,1,19.5586,0.1252287,20.7063,-1
ZTF18aauenwu,60140.3666667,1,19.6423,0.14499456,20.7167,-1
ZTF18aauenwu,60143.3587153,2,19.3588,0.137053,20.5503,-1
ZTF18aauenwu,60143.3601505,2,19.7529,0.14741182,20.7944,-1
ZTF18aauenwu,60143.4354398,1,19.6142,0.1536908,20.5049,-1
ZTF18aauenwu,60145.2856019,2,19.2893,0.12410289,20.5649,-1
ZTF18aauenwu,60145.3374306,1,19.523,0.18419293,20.7851,-1
ZTF18aauenwu,60147.2789352,2,19.7862,0.14943743,20.7075,-1
ZTF18aauenwu,60147.2794097,2,19.3339,0.116445616,20.4537,-1
ZTF18aauenwu,60147.3222454,1,19.5338,0.1554177,20.7033,-1
ZTF18aauenwu,60149.3493287,1,19.5844,0.13494588,20.8201,-1
ZTF18aauenwu,60149.3846644,2,19.3738,0.1251005,20.5616,-1
ZTF18aauenwu,60149.386088,2,19.9276,0.17788815,20.736,-1
ZTF18aauenwu,60151.351169,1,19.5462,0.14053778,20.8579,-1
ZTF18aauenwu,60151.373125,2,19.4098,0.14314832,20.6429,-1
ZTF18aauenwu,60151.3805671,2,19.8599,0.162942,20.8044,-1
ZTF18aauenwu,60153.2609375,2,19.2205,0.1272836,20.3336,-1
ZTF18aauenwu,60153.3017014,1,19.5873,0.230968,20.3006,-1
ZTF18aauenwu,60155.3236458,2,19.4173,0.17493212,20.1428,-1
ZTF18aauenwu,60155.4289468,1,19.5647,0.21526095,20.388,-1
ZTF18aauenwu,60156.3428704,2,19.626,0.239983,20.0496,-1
ZTF18aauenwu,60159.3495833,1,19.5241,0.20832554,19.4734,-1
ZTF18aauenwu,60159.3852083,2,19.403,0.21116331,19.8546,-1
ZTF18aauenwu,60160.2709259,2,19.7469,0.20472483,20.3385,-1
ZTF18aauenwu,60162.2176505,1,19.5684,0.160638,20.6142,-1
ZTF18aauenwu,60162.3204977,2,19.3933,0.16019848,20.2169,-1
ZTF18aauenwu,60162.3219213,2,19.8642,0.18769899,20.3603,-1
ZTF18aauenwu,60164.2832986,2,19.8035,0.12588318,20.378,-1
ZTF18aauenwu,60164.2842477,2,19.3524,0.10483392,20.4049,-1
ZTF18aauenwu,60168.3266088,2,19.3463,0.117414,20.6849,-1
ZTF18aauenwu,60168.3275463,2,20.0019,0.19266678,20.7827,-1
ZTF18aauenwu,60170.2866435,2,19.3904,0.102017015,20.4678,-1
ZTF18aauenwu,60170.303588,2,19.7655,0.1910501,20.4877,-1
ZTF18aauenwu,60170.3398611,1,19.6458,0.19927268,20.657,-1
ZTF18aauenwu,60172.1967245,2,19.3105,0.104592,20.5442,-1
ZTF18aauenwu,60172.1971875,2,19.7894,0.15077941,20.6655,-1
ZTF18aauenwu,60172.247338,1,19.5646,0.13389368,20.6343,-1
ZTF18aauenwu,60174.2428472,2,19.3258,0.124443,20.4185,-1
ZTF18aauenwu,60174.2488657,2,19.8222,0.1666508,20.6006,-1
ZTF18aauenwu,60174.3498148,1,19.6757,0.21308553,20.4479,-1
ZTF18aauenwu,60179.2482523,2,19.3831,0.169737,20.0099,-1
ZTF18aauenwu,60179.2492014,2,19.8925,0.20537601,20.2604,-1
ZTF18aauenwu,60181.2580208,2,19.3364,0.122283,20.0636,-1
ZTF18aauenwu,60181.2626273,2,19.7704,0.190322,20.2013,-1
ZTF18aauenwu,60181.3311458,1,19.5793,0.14074028,20.3502,-1
ZTF18aauenwu,60183.1984028,2,19.4097,0.13572818,20.2923,-1
ZTF18aauenwu,60183.2300116,1,19.7077,0.15435232,20.1658,-1
ZTF18aauenwu,60183.3722917,2,19.8184,0.16485436,20.2774,-1
ZTF18aauenwu,60185.2145255,2,19.3867,0.12543729,20.0118,-1
ZTF18aauenwu,60185.2250694,2,19.7249,0.17866598,20.207,-1
ZTF18aauenwu,60185.2586921,1,19.6229,0.22564,19.8007,-1
ZTF18aauenwu,60187.2222569,2,19.448,0.15788914,19.8904,-1
ZTF18aauenwu,60187.2391435,2,19.7843,0.270005,19.9139,-1
ZTF18aauenwu,60193.2442245,1,19.5903,0.13693382,20.7384,-1
ZTF18aauenwu,60193.2789699,2,19.3572,0.11517118,20.427,-1
ZTF18aauenwu,60194.1915509,2,19.9144,0.19649321,20.6797,-1
ZTF18aauenwu,60195.1731713,1,19.4813,0.16673674,20.6371,-1
ZTF18aauenwu,60195.2172685,2,19.359,0.103707,20.5006,-1
ZTF18aauenwu,60195.2172685,2,19.359,0.10370669,20.5006,-1
ZTF18aauenwu,60196.2231134,2,19.7821,0.17333643,20.6498,-1
ZTF18aauenwu,60198.174375,2,19.3137,0.14697999,20.5492,-1
ZTF18aauenwu,60198.2246065,1,19.5239,0.227357,20.5767,-1
ZTF18aauenwu,60200.1989236,2,19.8344,0.155697,20.7771,-1
ZTF18aauenwu,60201.1602662,2,19.3599,0.12771711,20.5583,-1
ZTF18aauenwu,60201.2033333,1,19.58,0.12814832,20.6893,-1
ZTF18aauenwu,60203.1849769,1,19.5574,0.19747393,20.6458,-1
ZTF18aauenwu,60203.2034838,2,19.3334,0.14393917,20.5621,-1
ZTF18aauenwu,60204.1789352,2,19.7779,0.15502362,20.7208,-1
ZTF18aauenwu,60205.1852199,2,19.3743,0.11920304,20.7847,-1
ZTF18aauenwu,60205.279456,1,19.6092,0.15748604,20.7532,-1
ZTF18aauenwu,60206.180463,2,19.8973,0.15460908,20.5801,-1
ZTF18aauenwu,60207.1751736,2,19.3814,0.10305031,20.6571,-1
ZTF18aauenwu,60207.1983796,1,19.5591,0.120869756,20.8567,-1
ZTF18aauenwu,60209.1556134,1,19.583,0.17016813,20.1713,-1
ZTF18aauenwu,60209.1997917,2,19.3554,0.16986,19.5397,-1
ZTF18aauenwu,60212.1749653,2,19.4056,0.16931726,20.2253,-1
ZTF18aauenwu,60212.1835764,2,19.7075,0.17991947,20.3706,-1
ZTF18aauenwu,60212.2059838,1,19.6895,0.231612,20.0549,-1
ZTF18aauenwu,60214.1991782,2,19.9872,0.222123,20.1923,-1
ZTF18aauenwu,60214.200162,2,19.4001,0.219277,19.9484,-1
ZTF18aauenwu,60216.1518056,2,19.3773,0.18552573,19.9546,-1
ZTF18aauenwu,60216.1522801,2,19.8316,0.224602,20.0978,-1
ZTF18aauenwu,60220.1983218,1,19.5025,0.226982,19.8166,-1
ZTF18aauenwu,60222.1514468,2,19.3198,0.13387214,20.043,-1
ZTF18aauenwu,60222.1577546,2,19.8987,0.16326173,20.1767,-1
ZTF18aauenwu,60222.1727431,1,19.6483,0.258677,20.0747,-1
ZTF18aauenwu,60224.1839931,2,19.8175,0.159829,20.6038,-1
ZTF18aauenwu,60224.1858796,2,19.3814,0.117112,20.3784,-1
ZTF18aauenwu,60224.1938773,1,19.5874,0.20737283,19.9653,-1
ZTF18aauenwu,60226.2201273,2,19.7256,0.14931655,20.4556,-1
ZTF18aauenwu,60226.2206019,2,19.4378,0.16305594,20.1342,-1
ZTF18aauenwu,60228.1572801,2,19.7499,0.227364,19.8062,-1
ZTF18aauenwu,60228.1582292,2,19.4431,0.2141289,19.7804,-1
ZTF18aauenwu,60228.2681481,1,19.5093,0.19946508,19.9965,-1
ZTF18aauenwu,60231.1416667,2,19.3204,0.16712883,20.3702,-1
ZTF18aauenwu,60231.1527778,2,19.6739,0.17973723,20.4984,-1
ZTF18aauenwu,60231.1797338,1,19.5653,0.20280837,20.3715,-1
ZTF18aauenwu,60233.1246875,1,19.6586,0.17701825,20.444,-1
ZTF18aauenwu,60233.138125,2,19.2913,0.14395694,20.2512,-1
ZTF18aauenwu,60233.1567708,2,19.7616,0.14713526,20.5914,-1
ZTF18aauenwu,60235.1236343,2,19.7816,0.18587069,20.6532,-1
ZTF18aauenwu,60235.1236343,2,19.7816,0.185871,20.6532,-1
ZTF18aauenwu,60235.1331366,2,19.3458,0.1613891,20.4381,-1
ZTF18aauenwu,60235.1735995,1,19.521,0.123190485,20.4612,-1
ZTF18aauenwu,60237.1391898,1,19.53,0.19550748,20.397,-1
ZTF18aauenwu,60237.162037,2,19.6789,0.163177,20.6164,-1
ZTF18aauenwu,60237.1629861,2,19.2887,0.13854961,20.3144,-1
ZTF18aauenwu,60239.1165162,2,19.4301,0.1981181,20.0959,-1
ZTF18aauenwu,60239.1347569,2,19.8089,0.1594916,20.4279,-1
ZTF18aauenwu,60239.1594792,1,19.6404,0.19294405,20.2357,-1
ZTF18aauenwu,60242.120787,2,19.4388,0.14594539,20.1359,-1
ZTF18aauenwu,60242.1391551,1,19.4795,0.16605031,20.0209,-1
ZTF18aauenwu,60242.2059722,2,19.7448,0.19412303,19.8828,-1
ZTF18aauenwu,60242.2059722,2,19.7448,0.194123,19.8828,-1
ZTF18aauenwu,60245.1575926,2,19.8312,0.238771,19.7734,-1
ZTF18aauenwu,60245.1724884,2,19.4204,0.20162846,19.3152,-1
ZTF18aauenwu,60249.1387731,1,19.4199,0.257553,19.5736,-1
ZTF18aauenwu,60251.1193171,1,19.6126,0.1600443,20.4882,-1
ZTF18aauenwu,60251.1613426,2,19.3668,0.1558827,19.9683,-1
ZTF18aauenwu,60251.1794444,2,19.6899,0.20188637,19.8608,-1
ZTF18aauenwu,60253.137963,2,19.7029,0.1747923,20.2072,-1
ZTF18aauenwu,60253.1604977,2,19.2486,0.16179174,19.8879,-1
ZTF18aauenwu,60253.1951968,1,19.6404,0.253388,20.1585,-1
ZTF18aauenwu,60255.1200694,1,19.5143,0.14371844,20.5726,-1
ZTF18aauenwu,60255.1387269,2,19.5272,0.14123183,20.2003,-1
ZTF18aauenwu,60255.1392014,2,19.8068,0.16752966,20.5638,-1
ZTF18aauenwu,60258.1139699,2,19.3985,0.326242,19.129,-1
ZTF18aauenwu,60258.1365625,1,19.7252,0.335694,19.497,-1
ZTF18aauenwu,60260.1171528,2,19.7593,0.21385546,20.0833,-1
ZTF18aauenwu,60260.1392593,1,19.5612,0.20355587,19.9542,-1
ZTF18aauenwu,60262.1584144,1,19.558,0.1919991,20.111,-1
ZTF18aauenwu,60268.1233681,1,19.4615,0.19174969,19.7684,-1
ZTF18aauenwu,60268.142338,2,19.413,0.17257798,19.4408,-1
ZTF18aauenwu,60268.1428009,2,19.6104,0.230977,19.6864,-1
ZTF18aauenwu,60285.1239468,1,19.4884,0.19775793,19.6864,-1
ZTF18aauenwu,60290.1396875,2,19.3876,0.16308276,19.5659,-1
ZTF18aauenwu,60351.5306713,1,19.4487,0.344791,19.5137,-1
ZTF18aauenwu,60352.5478588,2,19.4454,0.20985706,19.5244,-1
ZTF18aauenwu,60353.5110301,1,19.5466,0.18582855,20.0215,-1
ZTF18aauenwu,60353.5468403,2,19.234,0.13442703,20.1724,-1
ZTF18aauenwu,60355.4929282,2,19.3979,0.19242047,19.6306,-1
ZTF18aauenwu,60355.5303241,1,19.6797,0.20648794,20.1404,-1
ZTF18aauenwu,60356.5378125,2,19.8451,0.177223,20.6304,-1
ZTF18aauenwu,60368.5084838,2,19.6498,0.19089943,19.7903,-1
ZTF18aauenwu,60368.5275,2,19.2757,0.14847602,19.6143,-1
ZTF18aauenwu,60387.4965394,2,19.703,0.19995876,19.9488,-1
ZTF18aauenwu,60389.4531597,1,19.4583,0.18384025,19.6664,-1
ZTF18aauenwu,60389.4860185,2,19.9132,0.2036962,20.3922,-1
ZTF18aauenwu,60389.5114815,2,19.4014,0.13478582,20.0501,-1
ZTF18aauenwu,60391.4659491,2,19.4927,0.17806794,19.6685,-1
ZTF18aauenwu,60391.471169,2,19.86,0.234613,20.146,-1
ZTF18aauenwu,60396.4947569,2,19.8446,0.20637922,19.7109,-1
ZTF18aauenwu,60396.4956944,2,19.3701,0.220584,19.5221,-1
ZTF18aauenwu,60403.4640278,1,19.5423,0.1746608,20.1503,-1
ZTF18aauenwu,60403.4961921,2,19.7567,0.19303888,20.3592,-1
ZTF18aauenwu,60407.4729282,1,19.5413,0.18316619,20.4807,-1
ZTF18aauenwu,60407.497963,2,19.7963,0.20109394,20.5937,-1
ZTF18aauenwu,60407.499375,2,19.4226,0.1178198,20.356,-1
ZTF18aauenwu,60418.3671528,2,19.2351,0.17661,19.2506,-1
ZTF18aauenwu,60418.4314236,1,19.5258,0.225253,19.7509,-1
ZTF18aauenwu,60421.4254861,2,19.3832,0.18433066,19.9888,-1
ZTF18aauenwu,60421.4466551,1,19.3713,0.19382405,19.8959,-1
ZTF18aauenwu,60422.3899306,2,20.0372,0.278361,20.0558,-1
ZTF18aauenwu,60423.4495718,2,19.4932,0.240493,19.5645,-1
ZTF18aauenwu,60428.470787,2,19.9039,0.231362,20.4719,-1
ZTF18aauenwu,60430.4540625,2,19.945,0.21385087,20.6802,-1
ZTF18aauenwu,60430.454537,2,19.3825,0.09606801,20.3172,-1
ZTF18aauenwu,60430.4689236,1,19.6308,0.16765875,20.348,-1
ZTF18aauenwu,60433.3828472,1,19.5902,0.13320157,20.6445,-1
ZTF18aauenwu,60433.4525463,2,19.2846,0.1301679,20.7198,-1
ZTF18aauenwu,60433.4535185,2,19.8852,0.19025506,20.9014,-1
ZTF18aauenwu,60436.4121296,1,19.5423,0.15900218,20.1208,-1
ZTF18aauenwu,60436.4572917,2,19.3199,0.099156454,20.2092,-1
ZTF18aauenwu,60436.4681481,2,19.94,0.17395,20.2881,-1
ZTF18aauenwu,60436.4877546,3,19.5417,0.14975113,19.6387,-1
ZTF18aauenwu,60437.3626273,3,19.3979,0.14839,19.6074,-1
ZTF18aauenwu,60437.4052778,2,19.3682,0.10332053,20.2025,-1
ZTF18aauenwu,60437.4071759,2,19.6272,0.11072237,20.5876,-1
ZTF18aauenwu,60438.4026968,2,19.4058,0.12448801,20.2362,-1
ZTF18aauenwu,60438.4031713,2,19.8105,0.1394602,20.6363,-1
ZTF18aauenwu,60438.4484028,1,19.5923,0.15409203,20.6874,-1
ZTF18aauenwu,60439.4135301,2,19.4175,0.123025745,20.2221,-1
ZTF18aauenwu,60439.4685532,1,19.5213,0.14246106,20.4277,-1
ZTF18aauenwu,60440.4136921,2,19.7794,0.17418584,20.5705,-1
ZTF18aauenwu,60442.4243287,2,19.3361,0.09258979,20.4691,-1
ZTF18aauenwu,60442.4516319,1,19.5293,0.15063636,20.8246,-1
ZTF18aauenwu,60443.3864583,2,19.9744,0.17347568,20.3483,-1
ZTF18aauenwu,60444.4019676,2,19.3921,0.104281604,20.3812,-1
ZTF18aauenwu,60446.411412,1,19.6742,0.13446352,20.7126,-1
ZTF18aauenwu,60446.4473264,2,19.8604,0.13698377,20.4416,-1
ZTF18aauenwu,60446.4477894,2,19.416,0.1101203,20.0787,-1
ZTF18aauenwu,60448.4681597,1,19.5482,0.120155744,20.6455,-1
ZTF18aauenwu,60450.4139236,2,19.8449,0.20596659,20.0984,-1
ZTF18aauenwu,60451.3733218,2,19.2427,0.16633773,19.5629,-1
ZTF18aauenwu,60451.4326042,1,19.6454,0.19881149,19.8186,-1
ZTF18aauenwu,60456.3863079,2,19.7527,0.20964569,20.3254,-1
ZTF18aauenwu,60458.4076157,2,19.3422,0.083112046,20.318,-1
ZTF18aauenwu,60458.4080903,2,19.651,0.1779568,20.6417,-1
ZTF18aauenwu,60458.4572569,1,19.5438,0.1476006,20.2369,-1
ZTF18aauenwu,60460.3838657,2,19.8354,0.1459561,20.7054,-1
ZTF18aauenwu,60460.3838657,2,19.8354,0.145956,20.7054,-1
ZTF18aauenwu,60461.4433218,1,19.5986,0.19496699,20.3721,-1
ZTF18aauenwu,60461.4433218,1,19.5986,0.194967,20.3721,-1
ZTF18aauenwu,60463.3446065,1,19.4854,0.14352722,20.4306,-1
ZTF18aauenwu,60463.415787,2,19.2605,0.08901118,20.6796,-1
ZTF18aauenwu,60463.4162616,2,19.8968,0.17904015,20.7245,-1
ZTF18aauenwu,60469.3989236,2,19.3774,0.117104374,20.3294,-1
ZTF18aauenwu,60469.3993866,2,19.9101,0.14195286,20.7191,-1
ZTF18aauenwu,60469.4523495,1,19.5309,0.110374406,20.7454,-1
ZTF18aauenwu,60471.3641782,2,19.7621,0.18032011,20.56,-1
ZTF18aauenwu,60471.3646412,2,19.2763,0.12384845,20.4009,-1
ZTF18aauenwu,60471.4031829,1,19.4863,0.113591455,20.7864,-1
ZTF18aauenwu,60473.4087616,2,19.3695,0.09806606,20.414,-1
ZTF18aauenwu,60473.4255787,1,19.6343,0.15594564,20.3853,-1
ZTF18aauenwu,60474.3929167,2,19.8035,0.15725628,20.6132,-1
ZTF18aauenwu,60476.3438079,2,19.3188,0.1312138,20.5249,-1
ZTF18aauenwu,60476.3442824,2,19.8183,0.16689096,20.7598,-1
ZTF18aauenwu,60479.4306944,1,19.6335,0.11998285,20.6829,-1
ZTF18aauenwu,60481.3638079,2,19.4363,0.17369704,19.9977,-1
ZTF18aauenwu,60481.3638079,2,19.4362,0.17521717,20.002,-1
ZTF18aauenwu,60481.4062037,1,19.5957,0.234469,19.9024,-1
ZTF18aauenwu,60481.4062037,1,19.5937,0.231896,19.9033,-1
ZTF18aauenwu,60483.346331,2,19.5959,0.21325584,19.7398,-1
ZTF18aauenwu,60483.3720255,2,19.2674,0.17131636,19.7734,-1
ZTF18aauenwu,60483.4087269,1,19.5537,0.251576,19.5422,-1
ZTF18aauenwu,60485.3519907,2,19.8605,0.21471183,20.1568,-1
ZTF18aauenwu,60485.3524653,2,19.2757,0.13699503,19.9364,-1
ZTF18aauenwu,60485.4090394,1,19.4873,0.1877768,19.886,-1
ZTF18aauenwu,60488.3471296,2,19.8466,0.20404902,20.6346,-1
ZTF18aauenwu,60488.4331019,1,19.6497,0.14479366,20.4086,-1
ZTF18aauenwu,60490.2740278,2,19.354,0.12621774,20.2817,-1
ZTF18aauenwu,60490.3488889,1,19.5746,0.12399685,20.7102,-1
ZTF18aauenwu,60490.3839699,2,19.7727,0.16253462,20.7743,-1
ZTF18aauenwu,60494.3418519,2,19.8974,0.16889922,20.6746,-1
ZTF18aauenwu,60494.3423264,2,19.4656,0.157049,20.3899,-1
ZTF18aauenwu,60494.420544,1,19.6081,0.13703284,20.6466,-1
ZTF18aauenwu,60500.338912,1,19.6117,0.13688545,20.6303,-1
ZTF18aauenwu,60500.3685764,2,19.3233,0.118233345,20.4286,-1
ZTF18aauenwu,60500.3695139,2,19.8631,0.19957319,20.6865,-1
ZTF18aauenwu,60502.2991435,1,19.6047,0.1898281,20.6512,-1
ZTF18aauenwu,60502.3434491,2,19.2949,0.10289291,20.3109,-1
ZTF18aauenwu,60502.3643519,2,19.7928,0.16364625,20.4208,-1
ZTF18aauenwu,60504.3531134,1,19.5794,0.1205413,20.7544,-1
ZTF18aauenwu,60504.3710069,2,19.3571,0.089037135,20.2,-1
ZTF18aauenwu,60504.371956,2,19.8029,0.21472901,20.6933,-1
ZTF18aauenwu,60507.3090162,2,19.3422,0.12699525,20.5056,-1
ZTF18aauenwu,60507.3094907,2,19.9195,0.15397298,20.6721,-1
ZTF18aauenwu,60507.3429282,1,19.4745,0.1282836,20.6671,-1
ZTF18aauenwu,60509.2796759,2,19.4089,0.16863875,19.8736,-1
ZTF18aauenwu,60509.2801505,2,19.7388,0.221159,19.7414,-1
ZTF18aauenwu,60509.3910301,1,19.6398,0.16510232,20.2003,-1
ZTF18aauenwu,60511.2858218,2,19.3462,0.191688,19.7092,-1
ZTF18aauenwu,60513.2450579,1,19.4131,0.251834,19.5501,-1
ZTF18aauenwu,60513.2783796,2,19.3077,0.16414231,19.7897,-1
ZTF18aauenwu,60513.3012963,2,19.7565,0.22097,19.892,-1
ZTF18aauenwu,60515.2845023,2,19.3196,0.18963201,19.8752,-1
ZTF18aauenwu,60515.2849653,2,19.8579,0.264803,20.1883,-1
ZTF18aauenwu,60515.3189468,1,19.4997,0.255163,19.6943,-1
ZTF18aauenwu,60517.2784259,2,19.2733,0.218458,20.0462,-1
ZTF18aauenwu,60517.3085301,2,19.7345,0.1520124,20.4048,-1
ZTF18aauenwu,60519.2597801,1,19.5144,0.12953523,20.6822,-1
ZTF18aauenwu,60519.2597801,1,19.5144,0.129535,20.6822,-1
ZTF18aauenwu,60519.3280787,2,19.8627,0.17796275,20.6785,-1
ZTF18aauenwu,60519.3406944,2,19.3184,0.081315,20.37,-1
ZTF18aauenwu,60519.3406944,2,19.3184,0.0813151,20.37,-1
ZTF18aauenwu,60521.2816898,2,19.7478,0.1687499,20.7924,-1
ZTF18aauenwu,60521.2832755,2,19.3535,0.10103565,20.3548,-1
ZTF18aauenwu,60521.3411574,1,19.4331,0.14839473,20.3938,-1
ZTF18aauenwu,60524.2655903,2,19.4174,0.10577673,20.5577,-1
ZTF18aauenwu,60524.3414005,1,19.5316,0.12267208,20.6961,-1
ZTF18aauenwu,60524.3838657,2,19.8648,0.18135999,20.6408,-1
ZTF18aauenwu,60526.2540278,2,19.7949,0.16500445,20.841,-1
ZTF18aauenwu,60526.2846065,2,19.3162,0.11858251,20.4575,-1
ZTF18aauenwu,60526.3216435,1,19.5936,0.15363872,20.5863,-1
ZTF18aauenwu,60528.2819444,2,19.2825,0.11240579,20.4422,-1
ZTF18aauenwu,60530.2826273,1,19.595,0.1344535,20.5897,-1
ZTF18aauenwu,60530.3301852,2,19.2992,0.093933,20.2753,-1
ZTF18aauenwu,60530.3301852,2,19.3183,0.09593806,20.2805,-1
ZTF18aauenwu,60530.3494329,2,19.8491,0.1874563,20.4883,-1
ZTF18aauenwu,60535.2815856,2,19.3201,0.10204037,20.3126,-1
ZTF18aauenwu,60535.2825231,2,19.8023,0.1639106,20.6086,-1
ZTF18aauenwu,60535.3059375,1,19.5468,0.13155426,20.6775,-1
ZTF18aauenwu,60537.3010417,2,19.3459,0.107149474,20.3852,-1
ZTF18aauenwu,60537.3010417,2,19.3459,0.107149,20.3852,-1
ZTF18aauenwu,60537.3024653,2,19.7415,0.17146517,20.3659,-1
ZTF18aauenwu,60537.3425231,1,19.602,0.16084501,20.2082,-1
ZTF18aauenwu,60539.3065972,2,19.3862,0.18607584,19.6362,-1
ZTF18aauenwu,60540.2669329,2,19.4791,0.19986351,19.9867,-1
ZTF18aauenwu,60540.3382986,1,19.6339,0.314616,19.4637,-1
ZTF18aauenwu,60544.214294,1,19.5919,0.237942,19.9453,-1
ZTF18aauenwu,60546.2203241,2,19.2931,0.1255214,19.973,-1
ZTF18aauenwu,60547.4152431,2,19.7597,0.25986,19.5208,-1
ZTF18aauenwu,60548.223669,2,19.299,0.10244925,20.4446,-1
ZTF18aauenwu,60548.2861921,1,19.5203,0.1592018,20.4609,-1
ZTF18aauenwu,60549.2063079,2,20.0102,0.223473,20.7162,-1
ZTF18aauenwu,60550.2271181,2,19.3115,0.09728527,20.3956,-1
ZTF18aauenwu,60550.2654977,1,19.4404,0.108338095,20.5587,-1
ZTF18aauenwu,60551.2632523,2,19.7085,0.14042743,20.7178,-1
ZTF18aauenwu,60552.2698148,2,19.234,0.098878145,20.2832,-1
ZTF18aauenwu,60552.3069792,1,19.5509,0.13776372,20.5125,-1
ZTF18aauenwu,60553.2646759,2,19.7944,0.14342485,20.5554,-1
ZTF18aauenwu,60554.1977199,2,19.3268,0.103791215,20.3057,-1
ZTF18aauenwu,60554.2595833,1,19.5234,0.14547446,20.4781,-1
ZTF18aauenwu,60555.1750347,2,19.8198,0.16664892,20.823,-1
ZTF18aauenwu,60556.1817245,2,19.3411,0.10126948,20.3833,-1
ZTF18aauenwu,60556.2224653,1,19.5951,0.221324,20.3067,-1
ZTF18aauenwu,60557.2419329,2,19.8299,0.249698,20.6428,-1
ZTF18aauenwu,60558.2036921,2,19.3329,0.09339015,20.4044,-1
ZTF18aauenwu,60558.245544,1,19.5921,0.13690202,20.5407,-1
ZTF18aauenwu,60559.1934375,2,19.7927,0.17542626,20.5255,-1
ZTF18aauenwu,60562.2153819,1,19.641,0.20609584,20.4968,-1
ZTF18aauenwu,60562.2695718,2,19.2404,0.15045686,20.2428,-1
ZTF18aauenwu,60564.2368981,1,19.4901,0.15084541,20.5265,-1
ZTF18aauenwu,60566.2769097,1,19.4564,0.297404,19.2744,-1
ZTF18aauenwu,60568.2015394,2,19.7105,0.186689,20.0691,-1
ZTF18aauenwu,60568.2015394,2,19.7139,0.18722503,20.0679,-1
ZTF18aauenwu,60568.2024769,2,19.2567,0.14395696,19.8633,-1
ZTF18aauenwu,60568.2024769,2,19.2501,0.146061,19.8628,-1
ZTF18aauenwu,60568.2648148,1,19.5457,0.28343,19.5543,-1
ZTF18aauenwu,60571.224919,2,19.3422,0.229174,19.596,-1
ZTF18aauenwu,60575.1326736,1,19.6159,0.20561701,20.5681,-1
ZTF18aauenwu,60575.1752778,2,19.8295,0.19603899,20.5071,-1
ZTF18aauenwu,60575.184838,2,19.308,0.099533804,19.9826,-1
ZTF18aauenwu,60576.1395023,1,19.541,0.17747325,20.5094,-1
ZTF18aauenwu,60576.1731019,2,19.4411,0.10065071,20.3362,-1
ZTF18aauenwu,60576.1877778,2,19.7881,0.17506173,20.7302,-1
ZTF18aauenwu,60579.23875,2,19.771,0.20242697,20.2215,-1
ZTF18aauenwu,60591.1235532,2,19.9059,0.233024,20.5005,-1
ZTF18aauenwu,60591.1351042,2,19.526,0.16884425,20.0041,-1
ZTF18aauenwu,60591.1351042,2,19.5259,0.168844,20.0041,-1
ZTF18aauenwu,60591.1603472,1,19.5697,0.13500659,20.0891,-1
ZTF18aauenwu,60593.1404514,1,19.7329,0.17695276,20.2202,-1
ZTF18aauenwu,60593.1617014,2,19.7872,0.20134057,20.2303,-1
ZTF18aauenwu,60593.1621759,2,19.3338,0.1009977,20.13,-1
ZTF18aauenwu,60595.1400579,1,19.4728,0.219814,19.5983,-1
ZTF18aauenwu,60597.1332176,2,19.3161,0.11770879,20.105,-1
ZTF18aauenwu,60597.1745139,1,19.6221,0.229083,20.0235,-1
ZTF18aauenwu,60599.1647454,2,19.7443,0.210676,20.0895,-1
ZTF18aauenwu,60604.1821528,2,19.3469,0.1225384,20.2103,-1
ZTF18aauenwu,60604.2016319,2,19.9006,0.227719,20.317,-1
ZTF18aauenwu,60606.1154514,1,19.605,0.227046,20.5127,-1
ZTF18aauenwu,60606.1339699,2,19.7049,0.17761977,20.6386,-1
ZTF18aauenwu,60608.1203819,1,19.5367,0.129223,20.6103,-1
ZTF18aauenwu,60608.1203819,1,19.5367,0.129223,20.6103,-1
ZTF18aauenwu,60608.1630787,2,19.8389,0.17240243,20.3778,-1
ZTF18aauenwu,60608.1640278,2,19.3497,0.13166422,20.0873,-1
ZTF18aauenwu,60610.1166435,1,19.6427,0.163252,20.5496,-1
ZTF18aauenwu,60610.1607292,2,19.6908,0.212941,20.2501,-1
ZTF18aauenwu,60615.1034954,2,19.3114,0.13730825,20.1995,-1
ZTF18aauenwu,60615.2203009,1,19.7259,0.28426,19.6897,-1
ZTF18aauenwu,60618.1011806,2,19.8017,0.17410296,20.2488,-1
ZTF18aauenwu,60618.1116435,1,19.6311,0.177098,20.0473,-1
ZTF18aauenwu,60618.1116435,1,19.6311,0.17709807,20.0473,-1
ZTF18aauenwu,60620.0986227,2,19.6825,0.20915641,19.8107,-1
ZTF18aauenwu,60620.1830671,1,19.4271,0.235378,19.2502,-1
ZTF18aauenwu,60622.1334838,2,19.4367,0.258218,19.4744,-1
ZTF18aauenwu,60625.1218981,2,19.6973,0.18708244,20.1383,-1
ZTF18aauenwu,60625.1373264,2,19.315,0.1521442,19.8166,-1
ZTF18aauenwu,60627.0944329,2,19.191,0.17078812,19.3908,-1
ZTF18aauenwu,60627.1084028,2,19.7367,0.219714,19.4974,-1
ZTF18aauenwu,60632.1014815,1,19.6255,0.21986,20.1089,-1
ZTF18aauenwu,60634.0954514,2,19.7035,0.19151552,19.8318,-1
ZTF18aauenwu,60634.1593519,1,19.6635,0.229884,19.8811,-1
ZTF18aauenwu,60636.1189236,2,19.3496,0.15151337,19.8785,-1
ZTF18aauenwu,60636.1193866,2,19.8404,0.20260966,20.2135,-1
ZTF18aauenwu,60645.1194329,2,19.3532,0.18693,19.0849,-1
ZTF18aauenwu,60647.1025926,2,19.8303,0.19372357,20.2581,-1
ZTF18aauenwu,60714.5487037,2,19.2446,0.230131,19.2342,-1
ZTF18aauenwu,60725.5177199,2,19.2456,0.123983555,19.9496,-1
ZTF18aauenwu,60727.5163889,2,19.3019,0.14057451,19.7454,-1
ZTF18aauenwu,60729.5120602,2,19.7992,0.19917,20.2328,-1
ZTF18aauenwu,60729.5134722,2,19.4101,0.1390321,20.0502,-1
ZTF18aauenwu,60731.4935764,1,19.5757,0.220287,20.089,-1
ZTF18aauenwu,60731.5559606,2,19.7937,0.240576,20.0068,-1
ZTF18aauenwu,60739.489838,2,19.197,0.115358174,19.9951,-1
ZTF18aauenwu,60739.4903125,2,19.8643,0.227314,20.2887,-1
ZTF18aauenwu,60739.5304861,1,19.4993,0.13214508,20.3802,-1
ZTF18aauenwu,60744.448588,2,19.3372,0.18272321,19.3212,-1
ZTF18aauenwu,60754.491956,2,19.6909,0.14037088,20.3898,-1
ZTF18aauenwu,60754.4959606,2,19.3627,0.12934701,19.9902,-1
ZTF18aauenwu,60757.4663542,1,19.4215,0.15509683,20.3758,-1
ZTF18aauenwu,60757.5078241,2,19.2846,0.104619,20.245,-1
ZTF18aauenwu,60757.5142593,2,19.8373,0.17913988,20.7587,-1
ZTF18aauenwu,60759.4462037,2,19.7536,0.147553,20.5397,-1
ZTF18aauenwu,60759.507581,1,19.6428,0.1908862,20.287,-1
ZTF18aauenwu,60764.4712731,2,19.7418,0.225038,19.7972,-1
ZTF18aauenwu,60764.4717361,2,19.4591,0.18434022,19.6255,-1
ZTF18aauenwu,60764.5032176,1,19.6028,0.15875384,20.1985,-1
ZTF18aauenwu,60771.4702546,2,19.8627,0.173035,20.4385,-1
ZTF18aauenwu,60772.450162,1,19.6196,0.15949671,20.205,-1
ZTF18aauenwu,60772.4905556,2,19.3425,0.123734,20.388,-1
ZTF18aauenwu,60772.4905556,2,19.3425,0.123733826,20.388,-1
ZTF18aauenwu,60774.4444907,1,19.6418,0.20980823,19.8364,-1
ZTF18aauenwu,60774.5173958,2,19.4175,0.15793443,20.2215,-1
ZTF18aauenwu,60776.4440972,2,19.3707,0.17536555,19.7854,-1
ZTF18aauenwu,60776.4675579,1,19.4021,0.232364,19.7676,-1
ZTF18aauenwu,60781.4920023,2,19.9778,0.280976,20.2176,-1
ZTF18aauenwu,60787.4543519,1,19.6324,0.17103809,20.4136,-1
ZTF18aauenwu,60787.4690046,2,19.4195,0.10240216,20.2112,-1
ZTF18aauenwu,60789.3972685,2,19.3557,0.0951349,20.3832,-1
ZTF18aauenwu,60789.4542014,1,19.5676,0.11551472,20.6287,-1
ZTF18aauenwu,60795.4235069,2,19.3094,0.10836469,20.3326,-1
ZTF18aauenwu,60796.4432176,2,19.7597,0.12052292,20.9916,-1
ZTF18aauenwu,60797.4231481,2,19.351,0.08536777,20.4229,-1
ZTF18aauenwu,60797.4491782,1,19.5559,0.13756,20.6923,-1
ZTF18aauenwu,60802.4718866,2,19.7701,0.1698767,20.3833,-1
ZTF18aauenwu,60804.4758218,1,19.5751,0.14358394,20.3648,-1
ZTF18aauenwu,60804.4868634,2,19.367,0.12064938,20.0501,-1
ZTF18aauenwu,60804.487338,2,19.7115,0.16610189,20.2712,-1
ZTF18aauenwu,60806.458588,1,19.3329,0.219266,19.5174,-1
ZTF18aauenwu,60811.4074537,2,19.8941,0.237456,20.3138,-1
ZTF18aauenwu,60811.453669,1,19.6721,0.20540938,19.973,-1
ZTF18aauenwu,60816.3703704,1,19.5715,0.1400163,20.5682,-1
ZTF18aauenwu,60816.3851157,2,19.3759,0.12330399,20.4541,-1
ZTF18aauenwu,60818.3617824,1,19.5169,0.14378847,20.6522,-1
ZTF18aauenwu,60818.3772801,2,19.3499,0.13758874,20.5686,-1
ZTF18aauenwu,60818.4268519,2,19.7621,0.15874553,20.6233,-1
ZTF18aauenwu,60820.391956,1,19.4596,0.12511984,20.6414,-1
ZTF18aauenwu,60820.4389005,2,19.3726,0.08789766,20.4936,-1
ZTF18aauenwu,60821.3438079,2,19.7692,0.16618687,20.7378,-1
ZTF18aauenwu,60823.3272801,1,19.5309,0.114339136,20.7568,-1
ZTF18aauenwu,60823.346794,2,19.79,0.1615748,20.8474,-1
ZTF18aauenwu,60823.3737037,2,19.3705,0.11120378,20.6279,-1
ZTF18aauenwu,60826.3785185,2,19.9423,0.242768,20.3571,-1
ZTF18aauenwu,60826.3789931,2,19.2987,0.15599218,19.5967,-1
ZTF18aauenwu,60829.326088,2,19.8184,0.1801812,20.533,-1
ZTF18aauenwu,60829.3265509,2,19.3129,0.14675708,20.2961,-1
ZTF18aauenwu,60829.367662,1,19.5268,0.163725,20.7201,-1
ZTF18aauenwu,60829.367662,1,19.5268,0.1637248,20.7201,-1
ZTF18aauenwu,60832.4066319,1,19.55,0.15072599,20.6272,-1
ZTF18aauenwu,60832.4265278,2,19.2931,0.08231444,20.3078,-1
ZTF18aauenwu,60832.4270023,2,19.8008,0.1347859,20.751,-1
ZTF18aauenwu,60834.3874074,1,19.494,0.18427132,20.1586,-1
ZTF18aauenwu,60834.4493287,2,19.2881,0.06776476,20.4491,-1
ZTF18aauenwu,60834.4526157,2,19.849,0.12731,20.9438,-1
ZTF18aauenwu,60836.4235995,1,19.562,0.332952,19.5272,-1
ZTF18aauenwu,60840.3413773,2,19.2671,0.14734212,20.0686,-1
ZTF18aauenwu,60843.2636343,2,19.3357,0.14704826,20.2718,-1
ZTF18aauenwu,60843.3040625,1,19.7044,0.14760526,20.314,-1
ZTF18aauenwu,60843.4013889,2,19.7023,0.14972948,20.5822,-1
ZTF18aauenwu,60845.3000926,2,19.3696,0.1295673,20.6144,-1
ZTF18aauenwu,60845.3337037,2,19.797,0.16660498,20.774,-1
ZTF18aauenwu,60845.3726042,1,19.6076,0.1398715,20.4346,-1
ZTF18aauenwu,60847.3328588,2,19.3295,0.10568652,20.5234,-1
ZTF18aauenwu,60847.3438194,2,19.8104,0.13243045,20.7262,-1
ZTF18aauenwu,60847.3643981,1,19.5062,0.14034277,20.543,-1
ZTF18aauenwu,60849.2784491,2,19.3885,0.13642982,20.3728,-1
ZTF18aauenwu,60849.3030671,2,19.8149,0.18350859,20.8538,-1
ZTF18aauenwu,60849.3243981,1,19.6134,0.1458658,20.7645,-1
ZTF18aauenwu,60851.3045139,2,19.2609,0.10232532,20.3901,-1
ZTF18aauenwu,60851.3054745,2,19.8839,0.169582,20.5812,-1
ZTF18aauenwu,60851.3054745,2,19.8863,0.17251553,20.5812,-1
ZTF18aauenwu,60851.349375,2,19.3956,0.092784,20.3689,-1
ZTF18aauenwu,60851.349375,2,19.3998,0.09496331,20.3359,-1
ZTF18aauenwu,60851.3498495,2,19.9889,0.19324647,20.8413,-1
ZTF18aauenwu,60853.3314931,1,19.5273,0.1658429,20.756,-1
ZTF18aauenwu,60853.3469444,2,19.7674,0.19809824,20.7926,-1
ZTF18aauenwu,60853.3966435,2,19.3677,0.15121266,20.4404,-1
ZTF18aauenwu,60855.2888079,1,19.5895,0.21390712,20.0619,-1
ZTF18aauenwu,60855.3497569,2,19.6845,0.16148096,20.1927,-1
ZTF18aauenwu,60855.3502315,2,19.34,0.113447115,20.1823,-1
ZTF18aauenwu,60857.3249074,1,19.4736,0.1254316,20.6713,-1
ZTF18aauenwu,60857.3401505,2,19.3924,0.0914032,20.5259,-1
ZTF18aauenwu,60859.3298611,2,19.334,0.095434986,20.5498,-1
ZTF18aauenwu,60859.3303356,2,19.7733,0.14893745,20.7864,-1
ZTF18aauenwu,60859.3670602,1,19.5758,0.1146532,20.7777,-1
ZTF18aauenwu,60861.3427431,2,19.3474,0.08581781,20.4548,-1
ZTF18aauenwu,60861.3628935,2,19.8641,0.1649149,20.9234,-1
ZTF18aauenwu,60861.4121528,1,19.5857,0.12816781,20.7512,-1
ZTF18aauenwu,60863.2316435,1,19.4236,0.15063779,20.069,-1
ZTF18aauenwu,60863.3051852,2,19.7738,0.17119503,20.2138,-1
ZTF18aauenwu,60863.3056597,2,19.3516,0.1406974,20.0219,-1
ZTF18aauenwu,60865.2560648,1,19.4388,0.220971,19.7813,-1
ZTF18aauenwu,60865.2990162,2,19.6562,0.14783539,20.2772,-1
ZTF18aauenwu,60865.2994907,2,19.3981,0.17907865,20.1807,-1
ZTF18aauenwu,60867.2968634,2,19.8734,0.18783,20.1048,-1
ZTF18aauenwu,60867.297338,2,19.4398,0.21388008,19.9131,-1
ZTF18aauenwu,60867.3447685,1,19.4543,0.217434,19.7079,-1
ZTF18aauenwu,60869.1981134,1,19.5019,0.14684659,20.4705,-1
ZTF18aauenwu,60869.2778704,2,19.311,0.122670956,20.156,-1
ZTF18aauenwu,60869.2783449,2,19.8022,0.204996,20.2873,-1
ZTF18aauenwu,60871.2474653,1,19.529,0.17046966,20.1522,-1
ZTF18aauenwu,60871.2853819,2,19.5926,0.198376,20.0575,-1
ZTF18aauenwu,60873.2395139,1,19.517,0.17038049,20.3191,-1
ZTF18aauenwu,60873.283206,2,19.7798,0.188388,20.3631,-1
ZTF18aauenwu,60873.283669,2,19.2686,0.13498048,19.9295,-1
ZTF18aauenwu,60876.2804861,2,19.2993,0.09748745,20.6416,-1
ZTF18aauenwu,60876.2828935,2,19.8427,0.14107503,20.7879,-1
ZTF18aauenwu,60876.3029282,1,19.5963,0.12897784,20.718,-1
ZTF18aauenwu,60878.2764931,2,19.8471,0.14468762,20.9307,-1
ZTF18aauenwu,60878.276956,2,19.3158,0.10801451,20.7891,-1
ZTF18aauenwu,60880.2618519,2,19.6889,0.1363779,20.6582,-1
ZTF18aauenwu,60880.2623264,2,19.2608,0.08728014,20.4398,-1
ZTF18aauenwu,60880.2989931,1,19.5692,0.15942714,20.5828,-1
ZTF18aauenwu,60882.2224653,1,19.6751,0.1268276,20.5347,-1
ZTF18aauenwu,60882.2623611,2,19.8414,0.17403814,20.6943,-1
ZTF18aauenwu,60882.2628356,2,19.4105,0.09374285,20.2431,-1
ZTF18aauenwu,60884.194919,1,19.5671,0.14162576,20.6062,-1
ZTF18aauenwu,60884.2623958,2,19.8309,0.16771086,20.8498,-1
ZTF18aauenwu,60884.2628704,2,19.339,0.104238376,20.4764,-1
ZTF18aauenwu,60886.2574769,1,19.7485,0.270305,19.9595,-1
ZTF18aauenwu,60886.3069676,2,19.7173,0.14417592,20.7749,-1
ZTF18aauenwu,60886.308912,2,19.3197,0.08364428,20.5084,-1
ZTF18aauenwu,60888.2842361,2,19.3725,0.09786535,20.4161,-1
ZTF18aauenwu,60888.3024537,2,19.8511,0.18968931,20.9374,-1
ZTF18aauenwu,60888.3542593,1,19.5367,0.13527799,20.6718,-1
ZTF18aauenwu,60890.3254167,1,19.5831,0.1784394,20.4656,-1
ZTF18aauenwu,60890.3722222,2,19.7168,0.1641744,20.7325,-1
ZTF18aauenwu,60892.2264815,2,19.3267,0.15028596,20.2423,-1
ZTF18aauenwu,60892.3721759,1,19.5206,0.17643033,20.4073,-1
ZTF18aauenwu,60892.4082755,2,20.0182,0.204867,20.3612,-1
ZTF18aauenwu,60895.2340972,2,19.3434,0.206497,19.5096,-1
ZTF18aauenwu,60897.2659028,1,19.4705,0.341553,19.3683,-1
ZTF18aauenwu,60897.2659028,1,19.4705,0.341553,19.3683,-1
ZTF18aauenwu,60899.1798727,1,19.5565,0.20936982,20.0896,-1
ZTF18aauenwu,60899.2223727,2,19.4172,0.18249577,19.9594,-1
ZTF18aauenwu,60901.1809954,2,19.335,0.10729052,20.6414,-1
ZTF18aauenwu,60901.2217361,1,19.6049,0.168557,20.6409,-1
ZTF18aauenwu,60901.2217361,1,19.6049,0.16855687,20.6409,-1
ZTF18aauenwu,60903.1825463,2,19.7708,0.12680972,20.9186,-1
ZTF18aauenwu,60903.2063426,1,19.5506,0.15663537,20.744,-1
ZTF18aauenwu,60903.2063426,1,19.5506,0.156635,20.744,-1
ZTF18aauenwu,60903.3112269,2,19.4048,0.12306577,20.7022,-1
ZTF18aauenwu,60908.2246875,2,19.3348,0.11008975,20.0918,-1
ZTF18aauenwu,60908.2863889,1,19.5876,0.125563,20.6049,-1
ZTF18aauenwu,60910.2861111,2,19.753,0.15876374,20.6041,-1
ZTF18aauenwu,60910.288669,2,19.3835,0.11952706,20.2665,-1
ZTF18aauenwu,60913.3095255,1,19.5384,0.14419536,20.488,-1
ZTF18aauenwu,60916.1921759,1,19.4937,0.20709002,20.5976,-1
ZTF18aauenwu,60916.2254282,2,19.2991,0.09876102,20.4125,-1
ZTF18aauenwu,60916.2283333,2,19.8721,0.18446885,20.7362,-1
ZTF18aauenwu,60918.1954861,2,19.3694,0.099879,20.3939,-1
ZTF18aauenwu,60918.1954861,2,19.3694,0.09987914,20.3939,-1
ZTF18aauenwu,60918.2021644,2,19.7275,0.17105845,20.6909,-1
ZTF18aauenwu,60918.2808681,1,19.5762,0.17457819,20.3585,-1
ZTF18aauenwu,60920.1722569,2,19.3259,0.12525238,20.2582,-1
ZTF18aauenwu,60920.2058681,2,19.7672,0.19020899,20.211,-1
ZTF18aauenwu,60920.2457407,1,19.6364,0.19523247,20.0786,-1
ZTF18aauenwu,60922.1603356,1,19.677,0.20304047,19.9095,-1
ZTF18aauenwu,60922.2079167,2,19.3968,0.16147338,19.9663,-1
ZTF18aauenwu,60922.2230671,2,19.8204,0.19851944,20.1989,-1
ZTF18aauenwu,60924.1542477,2,19.3379,0.17728806,19.81,-1
ZTF18aauenwu,60924.1547222,2,19.8047,0.198816,20.1404,-1
ZTF18aauenwu,60924.219838,1,19.5244,0.219285,19.4929,-1
ZTF18aauenwu,60926.1574074,1,19.5156,0.18794361,19.6686,-1
ZTF18aauenwu,60926.1756829,2,19.3934,0.20187134,19.9223,-1
ZTF18aauenwu,60926.1796412,2,19.781,0.18565297,20.0456,-1
ZTF18aauenwu,60928.2051968,2,19.7478,0.1873576,20.325,-1
ZTF18aauenwu,60928.2061458,2,19.4088,0.17609094,19.9731,-1
ZTF18aauenwu,60930.1457986,1,19.6623,0.19179873,19.9759,-1
ZTF18aauenwu,60933.1603356,1,19.5914,0.120472156,20.7659,-1
ZTF18aauenwu,60933.1940509,2,19.2999,0.07885099,20.3269,-1
ZTF18aauenwu,60933.194537,2,19.7642,0.123256266,20.7994,-1
ZTF18aauenwu,60935.1567361,1,19.6396,0.12713276,20.6294,-1
ZTF18aauenwu,60935.1995486,2,19.3997,0.12841143,20.1124,-1
ZTF18aauenwu,60939.1404282,1,19.4974,0.14385651,20.7022,-1
ZTF18aauenwu,60939.2192593,2,19.3997,0.10996703,20.2745,-1
ZTF18aauenwu,60942.1537037,1,19.4995,0.11441504,20.4728,-1
ZTF18aauenwu,60942.1863194,2,19.2697,0.10898794,20.1652,-1
ZTF18aauenwu,60944.1327662,2,19.3988,0.14004351,20.2057,-1
ZTF18aauenwu,60944.1332523,2,19.6919,0.19196816,20.3722,-1
ZTF18aauenwu,60944.1853125,1,19.5845,0.12382881,20.4915,-1
ZTF18aauenwu,60949.1325579,1,19.6711,0.17727551,20.2658,-1
ZTF18aauenwu,60949.1581366,2,19.2813,0.112744115,20.1832,-1
ZTF18aauenwu,60951.139919,1,19.6073,0.248467,19.8168,-1
ZTF18aauenwu,60951.1632639,2,19.3495,0.1366694,20.0921,-1
ZTF18aauenwu,60951.1637384,2,19.8936,0.251958,20.3988,-1
ZTF18aauenwu,60953.1415625,1,19.6082,0.2074068,19.7332,-1
ZTF18aauenwu,60953.1545486,2,19.457,0.14369279,19.8436,-1
ZTF18aauenwu,60955.1781829,1,19.421,0.258134,19.191,-1
ZTF18aauenwu,60955.2616204,2,19.5758,0.248785,19.2018,-1
ZTF18aauenwu,60960.1620833,2,19.4138,0.105991915,20.1276,-1
ZTF18aauenwu,60960.1620833,2,19.4138,0.105991915,20.1276,-1
ZTF18aauenwu,60960.2062037,1,19.4904,0.14070216,20.2595,-1
ZTF18aauenwu,60965.1359606,2,19.3412,0.16444217,20.2319,-1
ZTF18aauenwu,60965.1701852,1,19.487,0.20269287,20.2098,-1
ZTF18aauenwu,60967.137419,2,19.2565,0.09770104,20.1227,-1
ZTF18aauenwu,60967.1735764,1,19.6105,0.2068103,20.2304,-1
ZTF18aauenwu,60969.1092708,2,19.3577,0.10968797,20.1928,-1
ZTF18aauenwu,60969.1640972,1,19.6149,0.19791026,20.2986,-1
ZTF18aauenwu,60972.1151389,1,19.5792,0.14581057,20.2154,-1
ZTF18aauenwu,60972.1803472,2,19.3002,0.227443,19.7396,-1
ZTF18aauenwu,60974.1216088,2,19.4089,0.13881828,19.944,-1
ZTF18aauenwu,60974.1609954,1,19.7001,0.19644047,20.2093,-1
ZTF18aauenwu,60976.1384028,2,19.457,0.165292,19.8848,-1
ZTF18aauenwu,60978.1231019,1,19.6707,0.18888822,20.1396,-1
ZTF18aauenwu,60978.1442708,2,19.3736,0.12934974,20.1449,-1
ZTF18aauenwu,60980.0993634,2,19.4257,0.16108735,19.9665,-1
ZTF18aauenwu,60980.1554745,1,19.6642,0.21195482,19.6885,-1
ZTF18aauenwu,60988.0919097,2,19.2984,0.108411744,20.2173,-1
ZTF18aauenwu,60990.138044,1,19.515,0.16580208,20.0327,-1
ZTF18aauenwu,61003.1020486,1,19.6161,0.20852815,20.3071,-1
ZTF18aauenwu,61017.1508681,2,19.7769,0.213077,20.0442,-1
ZTF18aauenwu,61020.0917477,2,19.3164,0.19016322,19.7244,-1
ZTF18aauvnhh,58255.2591898,2,18.8712,0.061031,20.5062,1
ZTF18aauvnhh,58255.260625,2,18.3919,0.045721,20.5683,1
ZTF18aauvnhh,58258.2488194,2,18.6166,0.049009,20.4005,1
ZTF18aauvnhh,58258.2506713,2,18.162,0.038737,20.5113,1
ZTF18aauvnhh,58267.3097338,2,18.1703,0.073271,19.5207,1
ZTF18aauvnhh,58267.3125463,2,17.9984,0.070172,19.4016,1
ZTF18aauvnhh,58270.3004051,2,18.2528,0.060177792,19.9035,1
ZTF18aauvnhh,58270.3008681,2,18.382,0.06100585,19.9549,1
ZTF18aauvnhh,58276.1942593,2,18.6184,0.05180807,20.6349,1
ZTF18aauvnhh,58276.1947222,2,18.7172,0.052159254,20.6239,1
ZTF18aauvnhh,58279.2384028,2,18.641,0.05258555,20.3801,1
ZTF18aauvnhh,58279.2556019,2,18.6392,0.053775784,20.5363,1
ZTF18aauvnhh,58282.2154167,2,18.6906,0.05969545,20.3351,1
ZTF18aauvnhh,58282.2163426,2,18.8631,0.05865358,20.6793,1
ZTF18aauvnhh,58288.2356829,2,18.908,0.09946233,20.3177,1
ZTF18aauvnhh,58288.2361574,2,18.9315,0.083414145,20.2901,1
ZTF18aauvnhh,58291.2371412,2,18.9767,0.13091993,19.7028,1
ZTF18aauvnhh,58291.2386574,2,18.9736,0.1086783,19.6215,1
ZTF18aauvnhh,58294.2500463,2,19.3345,0.15232363,19.8574,1
ZTF18aauvnhh,58294.2520486,2,19.1308,0.1647138,19.8967,1
ZTF18aauvnhh,58297.2681944,2,19.7198,0.238924,19.599,1
ZTF18aauvnhh,58297.2705556,2,19.4574,0.258896,19.5289,1
ZTF18aauvnhh,58300.1774421,2,19.4936,0.17444246,20.0569,1
ZTF18aauvnhh,58300.1783681,2,19.7477,0.15971217,20.3897,1
ZTF18aauvnhh,58300.2272801,1,20.3582,0.279272,20.1953,-1
ZTF18aauvnhh,58303.1972106,1,20.7191,0.362989,20.6506,-1
ZTF18aauvnhh,58306.1723495,2,19.7979,0.249915,19.8182,1
ZTF18aauvnhh,58312.1929977,2,19.8177,0.18911456,20.2262,1
ZTF18aauvnhh,58472.5390046,1,19.982,0.17977984,20.4787,-1
ZTF18aauvnhh,58480.5390972,1,19.8772,0.29695,19.6118,-1
ZTF18aauvnhh,58486.5540046,1,19.8943,0.16239038,20.609,-1
ZTF18aauvnhh,58487.5055903,1,20.2006,0.230556,20.7544,-1
ZTF18aauvnhh,58491.5059375,1,20.0121,0.17289105,20.3936,-1
ZTF18aauvnhh,58491.5171644,1,20.1565,0.21694575,20.3465,-1
ZTF18aauvnhh,58494.5275463,1,20.2181,0.21595508,20.9545,-1
ZTF18aauvnhh,58494.5279977,1,19.9916,0.15151915,20.8792,-1
ZTF18aauvnhh,58511.5173727,1,19.7914,0.263382,19.5456,-1
ZTF18aauvnhh,58522.4485648,1,19.8873,0.14651488,20.698,-1
ZTF18aauvnhh,58522.4722917,1,20.1628,0.241984,20.7407,-1
ZTF18aauvnhh,58522.4897338,1,20.1135,0.20610125,20.6777,-1
ZTF18aauvnhh,58522.4901852,1,20.3285,0.296463,20.8117,-1
ZTF18aauvnhh,58526.4534375,1,19.7953,0.27567,20.0238,-1
ZTF18aauvnhh,58526.4717361,1,19.9101,0.224738,20.2909,-1
ZTF18aauvnhh,58541.4191319,1,20.0095,0.30561,19.5772,-1
ZTF18aauvnhh,58547.356956,1,20.3474,0.298787,20.7758,-1
ZTF18aauvnhh,58547.356956,1,20.3474,0.298787,20.7758,-1
ZTF18aauvnhh,58547.3775463,1,19.8821,0.19010124,20.7141,-1
ZTF18aauvnhh,58556.4416667,1,20.2356,0.279711,20.6121,-1
ZTF18aauvnhh,58567.2946759,1,20.0381,0.247044,20.0077,-1
ZTF18aauvnhh,58572.3377894,1,19.8501,0.18267018,20.112,-1
ZTF18aauvnhh,58572.3784606,1,19.9258,0.252541,19.8749,-1
ZTF18aauvnhh,58575.3179861,1,19.7929,0.16853239,20.8522,-1
ZTF18aauvnhh,58580.4001042,1,20.1628,0.238426,20.3105,-1
ZTF18aauvnhh,58580.401956,1,19.9239,0.20275882,20.2945,-1
ZTF18aauvnhh,58583.3956134,1,19.7454,0.1440568,20.4108,-1
ZTF18aauvnhh,58584.2874884,1,20.0307,0.17392153,20.4188,-1
ZTF18aauvnhh,58586.3996181,1,19.882,0.1732209,20.5061,-1
ZTF18aauvnhh,58587.3754398,1,19.7473,0.266176,19.5205,-1
ZTF18aauvnhh,58596.2496065,1,20.0194,0.14993389,20.5916,-1
ZTF18aauvnhh,58597.2911111,1,19.8501,0.21203916,20.4804,-1
ZTF18aauvnhh,58600.2377083,1,19.9366,0.16339186,20.7244,-1
ZTF18aauvnhh,58606.3990509,1,19.9641,0.17277007,20.8725,-1
ZTF18aauvnhh,58606.3995139,1,19.816,0.13986947,20.9838,-1
ZTF18aauvnhh,58612.2747801,1,19.905,0.12165298,21.109,-1
ZTF18aauvnhh,58612.2752315,1,19.9319,0.16677764,21.1228,-1
ZTF18aauvnhh,58616.2334722,1,19.8133,0.250143,19.9511,-1
ZTF18aauvnhh,58616.2339236,1,19.883,0.20475732,19.949,-1
ZTF18aauvnhh,58628.2143519,1,19.8454,0.15399,20.7902,-1
ZTF18aauvnhh,58633.2560185,1,20.1209,0.19479577,20.7052,-1
ZTF18aauvnhh,58633.2578588,1,19.9859,0.13952196,20.7188,-1
ZTF18aauvnhh,58636.2554282,1,19.9855,0.12257062,20.9772,-1
ZTF18aauvnhh,58636.2749306,1,20.0307,0.19778037,20.981,-1
ZTF18aauvnhh,58639.2331134,1,19.9575,0.1554107,20.9159,-1
ZTF18aauvnhh,58639.2354051,1,19.9893,0.18596917,20.7728,-1
ZTF18aauvnhh,58642.2984259,1,20.0533,0.18829201,20.8228,-1
ZTF18aauvnhh,58642.2993403,1,19.976,0.17740454,20.8135,-1
ZTF18aauvnhh,58651.1915046,1,19.6736,0.29874,19.4562,-1
ZTF18aauvnhh,58654.2429051,1,19.9533,0.246915,20.1329,-1
ZTF18aauvnhh,58654.2438079,1,19.8603,0.19826785,19.9906,-1
ZTF18aauvnhh,58657.1917593,1,19.9132,0.17672653,20.688,-1
ZTF18aauvnhh,58657.1935995,1,19.9826,0.17404552,20.6417,-1
ZTF18aauvnhh,58660.1911458,1,20.0049,0.20597024,20.8915,-1
ZTF18aauvnhh,58666.2032986,1,19.7203,0.19872813,20.3544,-1
ZTF18aauvnhh,58666.2060532,1,19.8673,0.21589783,20.6763,-1
ZTF18aauvnhh,58672.1784259,1,19.9953,0.21062939,20.1844,-1
ZTF18aauvnhh,58672.1793403,1,20.1995,0.262538,20.2822,-1
ZTF18aauvnhh,58678.256956,1,19.7527,0.250205,19.496,-1
ZTF18aauvnhh,58684.2071296,1,20.0168,0.20500371,20.5844,-1
ZTF18aauvnhh,58684.207581,1,19.7239,0.1740606,20.3786,-1
ZTF18aauvnhh,58692.1954514,1,19.8542,0.19145314,20.4447,-1
ZTF18aauvnhh,58692.1963542,1,20.0534,0.17852464,20.5856,-1
ZTF18aauvnhh,58714.1558449,1,19.8264,0.16460405,20.3752,-1
ZTF18aauvnhh,58714.1562963,1,19.9117,0.18664496,20.2429,-1
ZTF18aauvnhh,58720.1527894,1,19.8045,0.18954204,20.153,-1
ZTF18aauvnhh,58720.1550463,1,19.8882,0.21326196,20.0658,-1
ZTF18aauvnhh,58723.1549074,1,19.9809,0.241002,20.0396,-1
ZTF18aauvnhh,58723.1562731,1,19.7662,0.21052273,20.0847,-1
ZTF18aauvnhh,58726.1606134,1,19.9998,0.2118595,20.0316,-1
ZTF18aauvnhh,58726.1619792,1,19.8438,0.2062459,20.0011,-1
ZTF18aauvnhh,58835.5506366,1,19.9305,0.310283,19.7558,-1
ZTF18aauvnhh,58846.5498032,1,19.9103,0.12956087,20.6043,-1
ZTF18aauvnhh,58850.5466319,1,20.0403,0.232338,20.2668,-1
ZTF18aauvnhh,58850.5606134,1,20.0788,0.349111,20.0031,-1
ZTF18aauvnhh,58850.5714699,1,19.7063,0.18670504,20.0811,-1
ZTF18aauvnhh,58850.5728241,1,20.2017,0.240312,20.044,-1
ZTF18aauvnhh,58853.525625,1,20.0065,0.19668585,20.5724,-1
ZTF18aauvnhh,58853.5396528,1,20.0475,0.17552593,20.592,-1
ZTF18aauvnhh,58856.5599653,1,19.8017,0.15681556,20.5004,-1
ZTF18aauvnhh,58863.4223148,1,19.6581,0.306054,19.2184,-1
ZTF18aauvnhh,58872.4365509,1,20.0645,0.20985647,20.4826,-1
ZTF18aauvnhh,58872.4370023,1,19.9642,0.1753701,20.5336,-1
ZTF18aauvnhh,58875.4603472,1,20.0667,0.239234,20.5656,-1
ZTF18aauvnhh,58875.4977546,1,19.8177,0.1783205,20.5378,-1
ZTF18aauvnhh,58878.5031134,1,20.1207,0.21526839,20.3266,-1
ZTF18aauvnhh,58878.5035648,1,19.905,0.20042208,20.2316,-1
ZTF18aauvnhh,58881.4972801,1,19.8582,0.17585534,20.5462,-1
ZTF18aauvnhh,58881.5050579,1,20.0677,0.17759416,20.6576,-1
ZTF18aauvnhh,58884.463588,1,19.8039,0.24105,20.0587,-1
ZTF18aauvnhh,58884.4640278,1,20.143,0.237034,19.9136,-1
ZTF18aauvnhh,58887.4444097,1,19.8669,0.341251,19.4874,-1
ZTF18aauvnhh,58887.4448611,1,19.5817,0.252217,19.5306,-1
ZTF18aauvnhh,58893.4573611,1,20.0361,0.25878,19.9247,-1
ZTF18aauvnhh,58898.4580903,1,19.8609,0.14509241,20.7998,-1
ZTF18aauvnhh,58898.4585417,1,20.091,0.18783833,20.9315,-1
ZTF18aauvnhh,58904.4226042,1,19.8713,0.19873211,20.2872,-1
ZTF18aauvnhh,58908.5301736,1,20.1299,0.351445,19.9035,-1
ZTF18aauvnhh,58908.5301736,1,20.1299,0.351445,19.9035,-1
ZTF18aauvnhh,58911.430787,1,19.9657,0.241687,20.3959,-1
ZTF18aauvnhh,58911.4312384,1,20.0881,0.222297,20.4678,-1
ZTF18aauvnhh,58914.4791551,1,19.9574,0.20698231,20.1489,-1
ZTF18aauvnhh,58936.4651389,1,20.1407,0.219044,20.7017,-1
ZTF18aauvnhh,58936.4665278,1,19.972,0.16243352,20.6958,-1
ZTF18aauvnhh,58937.3874769,1,19.9905,0.20818241,20.716,-1
ZTF18aauvnhh,58940.3791667,1,19.9009,0.19043349,20.1207,-1
ZTF18aauvnhh,58941.4437269,1,19.8465,0.18361057,20.5184,-1
ZTF18aauvnhh,58941.4584491,1,20.1303,0.220506,20.5415,-1
ZTF18aauvnhh,58943.423125,1,19.8183,0.223788,19.8776,-1
ZTF18aauvnhh,58944.4413194,1,20.0091,0.359704,19.5182,-1
ZTF18aauvnhh,58954.3784954,1,19.9782,0.20914942,20.5586,-1
ZTF18aauvnhh,58954.3803356,1,19.8658,0.17122556,20.3974,-1
ZTF18aauvnhh,58955.3996412,1,19.8896,0.17088386,20.5912,-1
ZTF18aauvnhh,58955.4005556,1,19.9367,0.18135493,20.6154,-1
ZTF18aauvnhh,58962.355625,1,19.8204,0.15793808,20.4919,-1
ZTF18aauvnhh,58963.3502546,1,19.9385,0.18808943,20.689,-1
ZTF18aauvnhh,58963.3534259,1,19.9993,0.17685843,20.744,-1
ZTF18aauvnhh,58964.3408912,1,20.1449,0.21605311,20.7038,-1
ZTF18aauvnhh,58965.2575579,1,19.8021,0.16458474,20.6826,-1
ZTF18aauvnhh,58967.2744792,1,19.8389,0.15083943,20.7887,-1
ZTF18aauvnhh,58968.2933796,1,19.8185,0.15065005,20.5962,-1
ZTF18aauvnhh,58970.2744444,1,20.1464,0.18332283,20.5176,-1
ZTF18aauvnhh,58971.2941319,1,19.8843,0.2147477,20.0745,-1
ZTF18aauvnhh,58976.2044676,1,19.4703,0.312563,19.0026,-1
ZTF18aauvnhh,58979.2473032,1,20.0255,0.21441302,20.3266,-1
ZTF18aauvnhh,58979.2830787,1,20.0074,0.264433,19.9466,-1
ZTF18aauvnhh,58979.2868171,1,20.0191,0.229883,19.9,-1
ZTF18aauvnhh,58980.2231713,1,20.0912,0.18110584,20.8314,-1
ZTF18aauvnhh,58985.294456,1,20.0657,0.14259122,20.8482,-1
ZTF18aauvnhh,58985.2968056,1,19.8324,0.19810249,20.7082,-1
ZTF18aauvnhh,58991.299294,1,19.9812,0.14226782,20.6858,-1
ZTF18aauvnhh,58991.3002315,1,19.8465,0.16615817,20.4276,-1
ZTF18aauvnhh,58994.2524306,1,19.9195,0.1428089,20.9023,-1
ZTF18aauvnhh,58994.2556944,1,19.9428,0.18020849,20.695,-1
ZTF18aauvnhh,58997.2109259,1,19.8636,0.16765723,20.57,-1
ZTF18aauvnhh,58997.2114005,1,20.1396,0.16273482,20.7463,-1
ZTF18aauvnhh,59000.2599769,1,19.8789,0.26276,20.0318,-1
ZTF18aauvnhh,59009.2557523,1,20.0969,0.238584,20.3084,-1
ZTF18aauvnhh,59012.1946181,1,20.0188,0.17218861,20.8232,-1
ZTF18aauvnhh,59012.1983565,1,19.904,0.16782281,20.7126,-1
ZTF18aauvnhh,59018.2008449,1,20.0753,0.17024824,20.9169,-1
ZTF18aauvnhh,59018.2050463,1,19.9033,0.1554553,20.7506,-1
ZTF18aauvnhh,59021.2285417,1,19.9879,0.17193131,20.8037,-1
ZTF18aauvnhh,59024.2020602,1,20.0287,0.18711385,21.0163,-1
ZTF18aauvnhh,59024.2039352,1,19.8683,0.15304473,20.7835,-1
ZTF18aauvnhh,59027.2137037,1,19.9916,0.17915891,20.0253,-1
ZTF18aauvnhh,59033.1927778,1,19.8095,0.257588,19.4976,-1
ZTF18aauvnhh,59036.1933333,1,20.0855,0.256721,19.935,-1
ZTF18aauvnhh,59036.1962153,1,19.8156,0.21264285,19.9123,-1
ZTF18aauvnhh,59038.2343634,1,19.7831,0.18447791,20.1872,-1
ZTF18aauvnhh,59039.1759144,1,19.9364,0.21694651,20.3154,-1
ZTF18aauvnhh,59039.1978472,1,20.0273,0.18932766,20.8059,-1
ZTF18aauvnhh,59040.213912,1,19.9974,0.18783088,20.6179,-1
ZTF18aauvnhh,59041.1941204,1,19.9952,0.15242505,20.5518,-1
ZTF18aauvnhh,59042.1961806,1,20.0366,0.15362805,20.6989,-1
ZTF18aauvnhh,59042.1971181,1,19.9339,0.18149604,20.6396,-1
ZTF18aauvnhh,59043.191875,1,20.0639,0.15685174,20.7447,-1
ZTF18aauvnhh,59043.1928125,1,19.8851,0.17945679,20.5436,-1
ZTF18aauvnhh,59044.1960764,1,20.0466,0.21562211,20.6416,-1
ZTF18aauvnhh,59045.2338657,1,20.0856,0.16831647,20.6328,-1
ZTF18aauvnhh,59045.2348032,1,19.952,0.17851701,20.5299,-1
ZTF18aauvnhh,59046.2113426,1,20.0145,0.16980648,20.5493,-1
ZTF18aauvnhh,59046.2122685,1,19.9404,0.16437039,20.5558,-1
ZTF18aauvnhh,59048.2682523,1,19.8454,0.19244452,20.2181,-1
ZTF18aauvnhh,59048.2691898,1,20.1778,0.240634,20.3698,-1
ZTF18aauvnhh,59049.1907639,1,19.8803,0.14049438,20.7205,-1
ZTF18aauvnhh,59050.1954977,1,19.8698,0.19468035,20.3867,-1
ZTF18aauvnhh,59194.5439815,1,20.0704,0.227032,20.1933,-1
ZTF18aauvnhh,59198.5405208,1,20.188,0.240227,20.2031,-1
ZTF18aauvnhh,59198.5457523,1,20.0988,0.267823,20.1114,-1
ZTF18aauvnhh,59203.5443981,1,20.0695,0.254705,20.2773,-1
ZTF18aauvnhh,59203.5448611,1,19.8769,0.227882,20.1811,-1
ZTF18aauvnhh,59217.5385764,1,19.9987,0.276711,19.6671,-1
ZTF18aauvnhh,59219.4462731,1,19.9278,0.307803,19.5215,-1
ZTF18aauvnhh,59221.4990741,1,19.9264,0.177609,20.0942,-1
ZTF18aauvnhh,59221.4995486,1,20.3636,0.314776,20.1377,-1
ZTF18aauvnhh,59223.5380324,1,19.85,0.18108574,20.3418,-1
ZTF18aauvnhh,59223.5460532,1,20.1288,0.2049023,20.4421,-1
ZTF18aauvnhh,59227.4991319,1,20.0459,0.183452,20.5188,-1
ZTF18aauvnhh,59227.4995949,1,19.8574,0.159888,20.4997,-1
ZTF18aauvnhh,59231.4463657,1,19.9525,0.18350263,20.5841,-1
ZTF18aauvnhh,59231.5494792,1,19.9166,0.155826,20.785,-1
ZTF18aauvnhh,59250.4813657,1,20.0105,0.18563369,20.4333,-1
ZTF18aauvnhh,59251.4255556,1,19.8873,0.1624251,20.4928,-1
ZTF18aauvnhh,59254.5259028,1,20.1571,0.243471,20.3902,-1
ZTF18aauvnhh,59255.3909722,1,19.8584,0.14997005,20.646,-1
ZTF18aauvnhh,59256.5089468,1,19.94,0.16150469,20.8408,-1
ZTF18aauvnhh,59258.3827315,1,20.2968,0.296459,20.1595,-1
ZTF18aauvnhh,59262.520625,1,19.7473,0.1682519,20.3602,-1
ZTF18aauvnhh,59264.4091898,1,19.8736,0.16229278,20.7359,-1
ZTF18aauvnhh,59265.4235301,1,20.0726,0.21067776,20.4261,-1
ZTF18aauvnhh,59266.4849769,1,19.7548,0.1740171,20.2228,-1
ZTF18aauvnhh,59268.4827083,1,19.9324,0.14824525,20.4068,-1
ZTF18aauvnhh,59269.4341667,1,19.833,0.17489985,20.0497,-1
ZTF18aauvnhh,59270.4235185,1,19.7586,0.196928,19.6373,-1
ZTF18aauvnhh,59278.3402083,1,20.0619,0.289929,20.1732,-1
ZTF18aauvnhh,59280.3949884,1,20.0176,0.18905334,20.4074,-1
ZTF18aauvnhh,59291.3043866,1,20.0086,0.18804243,20.5398,-1
ZTF18aauvnhh,59291.498831,1,19.9811,0.18364213,20.4004,-1
ZTF18aauvnhh,59294.2668866,1,19.5792,0.19322452,19.6382,-1
ZTF18aauvnhh,59295.3195718,1,20.0347,0.24358,19.8886,-1
ZTF18aauvnhh,59300.3448611,1,19.351,0.243083,19.0837,-1
ZTF18aauvnhh,59307.3226273,1,19.7924,0.12646048,20.795,-1
ZTF18aauvnhh,59307.3230903,1,20.0244,0.18472159,20.7986,-1
ZTF18aauvnhh,59309.3058449,1,19.9263,0.16176149,20.3897,-1
ZTF18aauvnhh,59309.3278704,1,20.0928,0.19707735,20.7735,-1
ZTF18aauvnhh,59311.360544,1,20.1966,0.18299355,20.9095,-1
ZTF18aauvnhh,59313.2879745,1,19.9023,0.1710761,20.2639,-1
ZTF18aauvnhh,59313.2884491,1,20.1812,0.276942,20.3623,-1
ZTF18aauvnhh,59317.2572801,1,20.1654,0.221206,20.9218,-1
ZTF18aauvnhh,59317.2572801,1,20.1654,0.221206,20.9218,-1
ZTF18aauvnhh,59317.2789468,1,19.8432,0.14840864,20.8439,-1
ZTF18aauvnhh,59317.2789468,1,19.8432,0.148409,20.8439,-1
ZTF18aauvnhh,59321.3589468,1,20.178,0.21380256,20.8846,-1
ZTF18aauvnhh,59321.3821644,1,19.8958,0.1734536,20.7265,-1
ZTF18aauvnhh,59323.2954861,1,19.9824,0.18719226,20.3285,-1
ZTF18aauvnhh,59325.3619444,1,20.4199,0.293552,20.2931,-1
ZTF18aauvnhh,59325.3652315,1,19.8091,0.225545,20.0855,-1
ZTF18aauvnhh,59329.3526736,1,19.8386,0.309194,19.4149,-1
ZTF18aauvnhh,59329.3526736,1,19.8386,0.309194,19.4149,-1
ZTF18aauvnhh,59335.2913194,1,20.0477,0.2165268,20.4663,-1
ZTF18aauvnhh,59335.291794,1,19.912,0.18871932,20.275,-1
ZTF18aauvnhh,59338.3993981,1,20.0293,0.18920462,20.5037,-1
ZTF18aauvnhh,59338.4007986,1,19.9721,0.20891383,20.363,-1
ZTF18aauvnhh,59340.3731366,1,19.8501,0.1697461,20.5176,-1
ZTF18aauvnhh,59340.3745486,1,19.9869,0.1562674,20.7682,-1
ZTF18aauvnhh,59342.340625,1,19.9405,0.1824097,20.6471,-1
ZTF18aauvnhh,59342.3577894,1,19.9758,0.19222264,20.8056,-1
ZTF18aauvnhh,59344.2953241,1,19.9736,0.17062946,21.0236,-1
ZTF18aauvnhh,59344.3226389,1,19.8055,0.16751134,20.9418,-1
ZTF18aauvnhh,59346.3360301,1,20.0162,0.18760659,20.7734,-1
ZTF18aauvnhh,59348.3416435,1,20.0848,0.17188011,20.792,-1
ZTF18aauvnhh,59348.3444444,1,19.9184,0.18329853,20.8701,-1
ZTF18aauvnhh,59354.3624884,1,20.0422,0.268191,19.9198,-1
ZTF18aauvnhh,59354.3639005,1,19.932,0.23096,19.9857,-1
ZTF18aauvnhh,59363.257037,1,19.9323,0.18659833,20.3997,-1
ZTF18aauvnhh,59363.2617708,1,19.8573,0.1863887,20.2062,-1
ZTF18aauvnhh,59365.2860185,1,19.848,0.156907,20.5156,-1
ZTF18aauvnhh,59365.3122106,1,19.9715,0.19962901,20.5879,-1
ZTF18aauvnhh,59367.2743056,1,20.1244,0.16771488,20.7806,-1
ZTF18aauvnhh,59367.2775926,1,19.9666,0.17949636,20.6308,-1
ZTF18aauvnhh,59369.24875,1,19.8154,0.17927137,20.7002,-1
ZTF18aauvnhh,59369.2501505,1,19.9284,0.17461206,20.9659,-1
ZTF18aauvnhh,59371.2083565,1,20.0688,0.1686426,20.9461,-1
ZTF18aauvnhh,59373.2613657,1,19.9665,0.135339,20.913,-1
ZTF18aauvnhh,59373.2623032,1,19.9677,0.16314809,20.8085,-1
ZTF18aauvnhh,59375.2606713,1,19.8832,0.15650937,20.5004,-1
ZTF18aauvnhh,59377.297338,1,19.9895,0.18760976,20.4356,-1
ZTF18aauvnhh,59379.2888426,1,19.9288,0.165938,20.3469,-1
ZTF18aauvnhh,59383.2351736,1,19.9685,0.260631,19.6536,-1
ZTF18aauvnhh,59383.2356366,1,19.7362,0.273269,19.6109,-1
ZTF18aauvnhh,59385.2796065,1,19.8374,0.279074,19.4412,-1
ZTF18aauvnhh,59391.1930093,1,20.0004,0.21105966,20.2218,-1
ZTF18aauvnhh,59391.1963194,1,20.0057,0.20056655,20.1187,-1
ZTF18aauvnhh,59393.2691898,1,19.7869,0.206225,20.015,-1
ZTF18aauvnhh,59395.2356597,1,20.11,0.226076,20.4563,-1
ZTF18aauvnhh,59400.2553819,1,19.9576,0.17612813,20.3027,-1
ZTF18aauvnhh,59402.1941898,1,19.7947,0.14277644,20.4509,-1
ZTF18aauvnhh,59402.2080093,1,20.0148,0.162663,20.7312,-1
ZTF18aauvnhh,59406.2066898,1,20.1942,0.21208228,20.1875,-1
ZTF18aauvnhh,59406.2085764,1,20.0488,0.273097,20.2691,-1
ZTF18aauvnhh,59412.2451157,1,19.6843,0.192213,19.5941,-1
ZTF18aauvnhh,59415.2679514,1,19.6563,0.283647,19.345,-1
ZTF18aauvnhh,59415.2679514,1,19.6563,0.283647,19.345,-1
ZTF18aauvnhh,59423.1950116,1,20.1213,0.20684674,20.486,-1
ZTF18aauvnhh,59423.1959491,1,19.9493,0.20308629,20.3755,-1
ZTF18aauvnhh,59425.2146991,1,19.9428,0.19715725,20.3383,-1
ZTF18aauvnhh,59672.3314699,1,19.7342,0.202041,20.1188,-1
ZTF18aauvnhh,59672.3319444,1,19.84,0.232406,20.0444,-1
ZTF18aauvnhh,59675.3227662,1,20.0244,0.14406684,20.554,-1
ZTF18aauvnhh,59675.3749306,1,20.0318,0.1717,20.8253,-1
ZTF18aauvnhh,59677.3309491,1,19.8872,0.2096135,20.4176,-1
ZTF18aauvnhh,59677.3314236,1,19.9928,0.188494,20.527,-1
ZTF18aauvnhh,59679.2909028,1,19.8774,0.19109942,20.1467,-1
ZTF18aauvnhh,59694.3804398,1,19.9529,0.221602,20.3553,-1
ZTF18aauvnhh,59694.3813889,1,19.835,0.19233,20.2754,-1
ZTF18aauvnhh,59696.2183796,1,19.8711,0.153975,20.5935,-1
ZTF18aauvnhh,59696.2188542,1,20.183,0.229195,20.4576,-1
ZTF18aauvnhh,59700.2712384,1,19.8953,0.152239,20.7232,-1
ZTF18aauvnhh,59702.299213,1,19.8845,0.145172,20.9648,-1
ZTF18aauvnhh,59711.2122685,1,19.8499,0.214902,19.5811,-1
ZTF18aauvnhh,59713.3439352,1,19.759,0.243894,19.2531,-1
ZTF18aauvnhh,59722.2374884,1,19.852,0.156444,20.6046,-1
ZTF18aauvnhh,59722.2374884,1,19.852,0.15644422,20.6046,-1
ZTF18aauvnhh,59722.317037,1,19.9353,0.147161,20.7699,-1
ZTF18aauvnhh,59722.3530556,1,19.9837,0.191578,20.696,-1
ZTF18aauvnhh,59724.3202778,1,20.0416,0.176699,20.8014,-1
ZTF18aauvnhh,59724.3447685,1,19.8934,0.16041565,20.4706,-1
ZTF18aauvnhh,59726.2961806,1,19.9889,0.147176,20.8949,-1
ZTF18aauvnhh,59726.2976042,1,20.0439,0.179655,20.6955,-1
ZTF18aauvnhh,59730.2997917,1,20.0945,0.20019,20.8878,-1
ZTF18aauvnhh,59730.3108449,1,19.9502,0.172268,20.6649,-1
ZTF18aauvnhh,59732.2585069,1,19.7128,0.156212,20.7632,-1
ZTF18aauvnhh,59732.2774074,1,19.9858,0.167514,20.8407,-1
ZTF18aauvnhh,59734.2998727,1,19.9593,0.173602,20.7662,-1
ZTF18aauvnhh,59734.3003472,1,19.8759,0.165449,20.5575,-1
ZTF18aauvnhh,59736.2753125,1,20.0443,0.193919,20.5782,-1
ZTF18aauvnhh,59736.275787,1,20.0729,0.175618,20.4289,-1
ZTF18aauvnhh,59738.2121181,1,19.7601,0.189251,20.187,-1
ZTF18aauvnhh,59738.2135301,1,19.9707,0.18317887,19.9693,-1
ZTF18aauvnhh,59740.2531481,1,19.8571,0.316147,19.7511,-1
ZTF18aauvnhh,59740.2540856,1,19.7008,0.225992,19.5713,-1
ZTF18aauvnhh,59747.2761343,1,19.9059,0.183665,20.2574,-1
ZTF18aauvnhh,59747.2871644,1,19.8063,0.16810383,20.1118,-1
ZTF18aauvnhh,59749.2487037,1,20.0508,0.19969486,20.2907,-1
ZTF18aauvnhh,59751.2150926,1,20.119,0.20881115,20.6392,-1
ZTF18aauvnhh,59751.2270139,1,20.0022,0.19277228,20.3765,-1
ZTF18aauvnhh,59756.2648727,1,19.8712,0.142426,20.4225,-1
ZTF18aauvnhh,59756.2677778,1,20.082,0.204467,20.6901,-1
ZTF18aauvnhh,59760.2177083,1,20.15,0.210117,20.7989,-1
ZTF18aauvnhh,59760.2191204,1,19.8701,0.186961,20.6529,-1
ZTF18aauvnhh,59762.225787,1,20.3903,0.239721,20.663,-1
ZTF18aauvnhh,59764.2264583,1,19.9315,0.16734394,20.1671,-1
ZTF18aauvnhh,59930.5299769,1,19.6484,0.226618,19.6191,-1
ZTF18aauvnhh,59930.5304398,1,19.8065,0.283626,19.5623,-1
ZTF18aauvnhh,59935.4907176,1,20.1915,0.274847,20.4862,-1
ZTF18aauvnhh,59935.4911921,1,20.0846,0.19765556,20.284,-1
ZTF18aauvnhh,60029.4860417,1,20.0284,0.183446,20.6139,-1
ZTF18aauvnhh,60032.3278819,1,19.8189,0.16301,20.2109,-1
ZTF18aauvnhh,60044.3274653,1,20.108,0.246171,19.993,-1
ZTF18aauvnhh,60046.2766782,1,19.8613,0.144723,20.7732,-1
ZTF18aauvnhh,60046.3120023,1,20.015,0.180644,20.9969,-1
ZTF18aauvnhh,60050.3584838,1,20.1035,0.234216,20.8249,-1
ZTF18aauvnhh,60050.3753472,1,20.0963,0.181102,20.495,-1
ZTF18aauvnhh,60052.3585301,1,20.065,0.201281,20.6392,-1
ZTF18aauvnhh,60054.3511111,1,19.8911,0.163194,20.4877,-1
ZTF18aauvnhh,60054.3588773,1,20.2447,0.21605,20.5565,-1
ZTF18aauvnhh,60056.2849074,1,19.9599,0.178716,20.5369,-1
ZTF18aauvnhh,60056.2853819,1,19.8882,0.143802,20.7789,-1
ZTF18aauvnhh,60058.3295833,1,20.2246,0.23026,20.768,-1
ZTF18aauvnhh,60058.3300463,1,19.884,0.16280158,20.6991,-1
ZTF18aauvnhh,60060.3821528,1,19.8058,0.181004,20.4456,-1
ZTF18aauvnhh,60060.3962616,1,20.0681,0.177558,20.6248,-1
ZTF18aauvnhh,60062.4221296,1,20.1452,0.17068,20.7034,-1
ZTF18aauvnhh,60062.4249653,1,19.9977,0.19159083,20.5991,-1
ZTF18aauvnhh,60064.2620602,1,19.965,0.297874,20.0773,-1
ZTF18aauvnhh,60076.3953125,1,19.8906,0.173617,20.1985,-1
ZTF18aauvnhh,60076.39625,1,19.945,0.187982,20.3983,-1
ZTF18aauvnhh,60078.3282176,1,19.9503,0.219403,20.6038,-1
ZTF18aauvnhh,60078.3291551,1,20.0322,0.194684,20.8611,-1
ZTF18aauvnhh,60080.2786227,1,20.1325,0.20826,20.6723,-1
ZTF18aauvnhh,60082.2540278,1,19.972,0.213266,20.608,-1
ZTF18aauvnhh,60084.3293403,1,19.4484,0.206978,20.3204,-1
ZTF18aauvnhh,60086.2518287,1,20.0387,0.192971,20.8584,-1
ZTF18aauvnhh,60086.2786806,1,20.0151,0.18771172,20.6668,-1
ZTF18aauvnhh,60088.2986806,1,19.931,0.143216,20.8181,-1
ZTF18aauvnhh,60088.3206481,1,20.0878,0.174641,20.9471,-1
ZTF18aauvnhh,60090.2891667,1,19.9853,0.151079,20.2382,-1
ZTF18aauvnhh,60090.2905787,1,20.0114,0.206922,20.4657,-1
ZTF18aauvnhh,60092.3351157,1,20.1685,0.211987,20.2195,-1
ZTF18aauvnhh,60092.3355787,1,19.9812,0.186988,20.0725,-1
ZTF18aauvnhh,60100.1865046,1,19.9904,0.225712,20.1669,-1
ZTF18aauvnhh,60100.1869792,1,19.9364,0.242562,19.9212,-1
ZTF18aauvnhh,60104.2547685,1,20.1011,0.212111,20.6603,-1
ZTF18aauvnhh,60104.2734028,1,19.9703,0.189152,20.9416,-1
ZTF18aauvnhh,60109.2178935,1,19.7405,0.173511,20.3766,-1
ZTF18aauvnhh,60109.2920023,1,20.0175,0.197578,20.6872,-1
ZTF18aauvnhh,60111.2674769,1,19.9338,0.15927196,20.7021,-1
ZTF18aauvnhh,60111.2690046,1,20.0084,0.178671,20.8034,-1
ZTF18aauvnhh,60113.2893519,1,20.1107,0.206477,20.748,-1
ZTF18aauvnhh,60113.2898264,1,20.0429,0.20794,20.5676,-1
ZTF18aauvnhh,60116.2041319,1,19.9945,0.158008,20.5145,-1
ZTF18aauvnhh,60116.2055671,1,20.0189,0.192162,20.7602,-1
ZTF18aauvnhh,60118.2460995,1,19.8814,0.169728,20.1799,-1
ZTF18aauvnhh,60118.2470486,1,19.9849,0.166868,20.4102,-1
ZTF18aauvnhh,60120.2547338,1,20.149,0.224117,20.201,-1
ZTF18aauvnhh,60120.2760185,1,19.8902,0.198468,20.0471,-1
ZTF18aauvnhh,60122.3087384,1,19.7253,0.254688,19.4976,-1
ZTF18aauvnhh,60124.26875,1,19.8485,0.250897,19.5653,-1
ZTF18aauvnhh,60124.2696991,1,19.8634,0.260918,19.7116,-1
ZTF18aauvnhh,60128.2074074,1,19.7932,0.307882,19.3796,-1
ZTF18aauvnhh,60135.2376968,1,19.7965,0.194444,20.3474,-1
ZTF18aauvnhh,60137.2217477,1,20.0201,0.18337,20.4284,-1
ZTF18aauvnhh,60139.2200694,1,19.8945,0.1965991,20.3511,-1
ZTF18aauvnhh,60311.4724653,1,19.821,0.230253,19.6481,-1
ZTF18aauvnhh,60315.4447454,1,19.8817,0.256884,19.9408,-1
ZTF18aauvnhh,60315.5458912,1,20.1216,0.268909,20.3461,-1
ZTF18aauvnhh,60324.5193403,1,20.0077,0.16149794,20.4638,-1
ZTF18aauvnhh,60353.434537,1,20.0821,0.24185,20.6695,-1
ZTF18aauvnhh,60355.4333218,1,19.9636,0.16359322,20.433,-1
ZTF18aauvnhh,60391.3851157,1,19.8644,0.285991,19.7572,-1
ZTF18aauvnhh,60396.3607986,1,19.5596,0.220208,19.2709,-1
ZTF18aauvnhh,60398.3420949,1,19.7982,0.204917,19.7226,-1
ZTF18aauvnhh,60404.4157407,1,19.8898,0.163188,20.562,-1
ZTF18aauvnhh,60408.3203356,1,20.0434,0.218019,20.4436,-1
ZTF18aauvnhh,60408.3364699,1,20.1366,0.244355,20.5784,-1
ZTF18aauvnhh,60413.33875,1,20.0952,0.159627,20.7373,-1
ZTF18aauvnhh,60413.3392245,1,19.9972,0.183027,20.8496,-1
ZTF18aauvnhh,60419.3005903,1,19.8713,0.18554865,19.8505,-1
ZTF18aauvnhh,60419.3209259,1,20.1866,0.307168,19.9802,-1
ZTF18aauvnhh,60429.2968403,1,19.8459,0.13223249,20.7205,-1
ZTF18aauvnhh,60429.3322569,1,20.1148,0.198486,20.5827,-1
ZTF18aauvnhh,60431.328044,1,20.0873,0.149452,21.0709,-1
ZTF18aauvnhh,60431.3377662,1,19.8902,0.160762,20.9053,-1
ZTF18aauvnhh,60434.3272685,1,19.922,0.151099,20.7097,-1
ZTF18aauvnhh,60434.3291667,1,20.018,0.216365,21.0391,-1
ZTF18aauvnhh,60437.2967824,1,19.9787,0.179356,20.5772,-1
ZTF18aauvnhh,60437.3115394,1,20.0316,0.167802,20.2443,-1
ZTF18aauvnhh,60438.3165625,1,20.0036,0.143941,20.7974,-1
ZTF18aauvnhh,60438.3184491,1,19.9878,0.165702,20.4127,-1
ZTF18aauvnhh,60440.3436806,1,19.9347,0.257583,20.614,-1
ZTF18aauvnhh,60440.3446296,1,19.8915,0.134048,20.4809,-1
ZTF18aauvnhh,60442.3406713,1,20.0127,0.187603,20.6954,-1
ZTF18aauvnhh,60442.342581,1,19.993,0.181867,20.5709,-1
ZTF18aauvnhh,60446.3488773,1,19.8507,0.161505,20.1206,-1
ZTF18aauvnhh,60449.2685185,1,19.5829,0.245897,19.6841,-1
ZTF18aauvnhh,60450.3231366,1,19.7129,0.301504,19.3305,-1
ZTF18aauvnhh,60457.2520023,1,20.0609,0.171802,20.7446,-1
ZTF18aauvnhh,60459.2975926,1,20.0123,0.16662,20.8172,-1
ZTF18aauvnhh,60460.3110185,1,20.0442,0.198633,20.367,-1
ZTF18aauvnhh,60461.2652315,1,19.8751,0.172278,20.7428,-1
ZTF18aauvnhh,60462.2881829,1,19.9067,0.144331,20.8233,-1
ZTF18aauvnhh,60463.2780903,1,20.0646,0.18295403,20.8149,-1
ZTF18aauvnhh,60464.2883218,1,19.7561,0.180613,20.1548,-1
ZTF18aauvnhh,60469.2156597,1,19.8924,0.163811,20.6917,-1
ZTF18aauvnhh,60469.2268056,1,20.0705,0.193462,20.8495,-1
ZTF18aauvnhh,60471.2307755,1,19.9199,0.175385,20.8752,-1
ZTF18aauvnhh,60473.2230671,1,20.0517,0.199201,20.2647,-1
ZTF18aauvnhh,60473.2282755,1,20.0722,0.247954,20.415,-1
ZTF18aauvnhh,60477.2660764,1,19.9305,0.218319,19.9147,-1
ZTF18aauvnhh,60480.2368981,1,19.8013,0.237525,19.6575,-1
ZTF18aauvnhh,60484.2489352,1,19.9084,0.304952,19.6934,-1
ZTF18aauvnhh,60488.2167477,1,20.0458,0.19697158,20.5435,-1
ZTF18aauvnhh,60488.2176852,1,19.9859,0.152982,20.6419,-1
ZTF18aauvnhh,60490.1907755,1,19.8512,0.148148,20.7301,-1
ZTF18aauvnhh,60490.1936111,1,19.9203,0.12422761,20.6064,-1
ZTF18aauvnhh,60494.1932407,1,19.9813,0.17770632,20.5474,-1
ZTF18aauvnhh,60494.2776157,1,20.2101,0.296904,20.3021,-1
ZTF18aauvnhh,60502.1877431,1,19.9108,0.200848,20.3665,-1
ZTF18aauvnhh,60508.2023727,1,19.7312,0.270721,19.5088,-1
ZTF18aauvnhh,60509.2083565,1,19.807,0.360454,19.4879,-1
ZTF18aauvnhh,60510.2013194,1,19.7742,0.240132,19.5029,-1
ZTF18aauvnhh,60514.192963,1,19.8841,0.209126,19.9247,-1
ZTF18aauvnhh,60515.1962616,1,19.8047,0.178377,20.3586,-1
ZTF18aauvnhh,60517.192581,1,20.0478,0.234666,20.3587,-1
ZTF18aauvnhh,60518.2290162,1,19.975,0.20709126,19.995,-1
ZTF18aauvnhh,60524.1845718,1,19.9393,0.250409,20.1388,-1
ZTF18aauvnhh,60524.1878819,1,19.7652,0.186579,20.016,-1
ZTF18aauvnhh,60526.1772454,1,20.1448,0.212299,20.4945,-1
ZTF18aauvnhh,60526.1791319,1,20.0387,0.193529,20.3229,-1
ZTF18aauvnhh,60528.1955093,1,20.1026,0.271652,20.1677,-1
ZTF18aauvnhh,60530.1760764,1,19.8802,0.207916,20.1375,-1
ZTF18aauvnhh,60532.2195255,1,19.8935,0.217529,20.2081,-1
ZTF18aauvnhh,60532.2203472,1,19.9545,0.18082368,20.0639,-1
ZTF18aauvnhh,60705.5091088,1,19.9087,0.176818,20.3277,-1
ZTF18aauvnhh,60725.4567014,1,20.0987,0.266611,20.1915,-1
ZTF18aauvnhh,60726.4443287,1,19.9913,0.20974356,20.2352,-1
ZTF18aauvnhh,60739.4308796,1,19.8485,0.168369,20.4479,-1
ZTF18aauvnhh,60755.346875,1,20.248,0.293863,20.2559,-1
ZTF18aauvnhh,60756.3805093,1,19.6177,0.201984,19.9224,-1
ZTF18aauvnhh,60758.3990625,1,19.9035,0.184874,20.6031,-1
ZTF18aauvnhh,60759.4084491,1,20.0393,0.194246,20.6384,-1
ZTF18aauvnhh,60761.3781713,1,20.2243,0.189394,20.8181,-1
ZTF18aauvnhh,60764.4869329,1,19.9548,0.1907218,20.4404,-1
ZTF18aauvnhh,60771.3300579,1,20.051,0.200698,20.1281,-1
ZTF18aauvnhh,60780.2597569,1,19.9125,0.324496,19.5296,-1
ZTF18aauvnhh,60785.2903009,1,19.9289,0.154887,20.6133,-1
ZTF18aauvnhh,60785.2971181,1,19.8744,0.16316,20.78,-1
ZTF18aauvnhh,60787.2884838,1,20.0617,0.190913,20.696,-1
ZTF18aauvnhh,60789.3365278,1,20.0625,0.2059,20.8377,-1
ZTF18aauvnhh,60794.4006019,1,20.0539,0.210763,20.5989,-1
ZTF18aauvnhh,60794.4015509,1,20.0808,0.214886,20.4311,-1
ZTF18aauvnhh,60796.3415394,1,20.084,0.17103969,20.8698,-1
ZTF18aauvnhh,60810.2738889,1,20.1886,0.282027,20.1584,-1
ZTF18aauvnhh,60810.2867824,1,19.9574,0.202814,19.8391,-1
ZTF18aauvnhh,60814.320081,1,19.9876,0.217711,20.2981,-1
ZTF18aauvnhh,60814.3210301,1,19.8456,0.209875,20.1764,-1
ZTF18aauvnhh,60817.3172801,1,19.8064,0.14444,20.6175,-1
ZTF18aauvnhh,60819.234213,1,19.8292,0.174824,20.4775,-1
ZTF18aauvnhh,60819.2559144,1,20.0399,0.174626,20.6861,-1
ZTF18aauvnhh,60821.2986574,1,20.1061,0.24223,20.719,-1
ZTF18aauvnhh,60821.2995949,1,19.9396,0.20234,20.7046,-1
ZTF18aauvnhh,60823.2881829,1,20.0262,0.184986,20.6084,-1
ZTF18aauvnhh,60823.290544,1,19.8878,0.168622,20.8833,-1
ZTF18aauvnhh,60825.2120023,1,19.915,0.156036,20.5939,-1
ZTF18aauvnhh,60825.2347801,1,19.9495,0.350547,19.7494,-1
ZTF18aauvnhh,60828.3154282,1,19.9233,0.205071,20.3685,-1
ZTF18aauvnhh,60828.3163657,1,20.116,0.266619,20.4122,-1
ZTF18aauvnhh,60831.2420718,1,19.7748,0.216585,19.8285,-1
ZTF18aauvnhh,60833.2132176,1,19.6193,0.232516,19.8309,-1
ZTF18aauvnhh,60835.2232407,1,19.7452,0.209762,19.4937,-1
ZTF18aauvnhh,60837.2163889,1,19.8577,0.266526,19.6891,-1
ZTF18aauvnhh,60839.2160301,1,19.7874,0.14035028,20.1442,-1
ZTF18aauvnhh,60842.2458102,1,19.8501,0.191449,20.4135,-1
ZTF18aauvnhh,60842.2554282,1,19.9349,0.164624,20.5803,-1
ZTF18aauvnhh,60844.2886458,1,19.9889,0.18651703,20.3348,-1
ZTF18aauvnhh,60846.2824884,1,20.011,0.206229,20.3897,-1
ZTF18aauvnhh,60846.2834606,1,19.9755,0.183036,20.3665,-1
ZTF18aauvnhh,60848.3274769,1,20.1625,0.268135,20.186,-1
ZTF18aauvnhh,60848.3497106,1,19.8226,0.212238,19.8172,-1
ZTF18aauvnhh,60854.2790741,1,19.8444,0.1854002,20.345,-1
ZTF18aauvnhh,60856.3010185,1,19.7815,0.155918,20.2212,-1
ZTF18aauvnhh,60857.2158796,1,19.9446,0.18651834,20.4367,-1
ZTF18aauvnhh,61008.5454861,1,19.8203,0.19291206,20.0247,-1
ZTF18aauvnhh,61020.5393634,1,20.0516,0.268333,20.0365,-1
ZTF18aauvnhh,61021.5471759,1,19.8612,0.268022,20.1295,-1
ZTF18aauvnhh,61022.5322338,1,20.0734,0.276626,20.369,-1
ZTF18aauvnhh,61024.5153588,1,19.9059,0.21702065,20.4034,-1
ZTF18aauvnhh,61030.4923727,1,19.9674,0.229464,20.316,-1
ZTF18aauvnhh,61053.4552083,1,19.597,0.1729,19.837,-1
ZTF18aauvnhh,61054.4872685,1,20.0469,0.177981,20.3434,-1
ZTF18aauvnhh,61055.5466319,1,20.1777,0.268811,20.2356,-1
ZTF18aauvnhh,61056.5303241,1,20.1612,0.341409,20.0615,-1
ZTF18aauvnhh,61057.5486227,1,19.7539,0.234417,20.2566,-1
ZTF18aauvnhh,61058.4315509,1,19.7917,0.19078082,19.9973,-1
ZTF18aaygwqd,58275.3865162,2,18.4084,0.04598239,20.1309,1
ZTF18aaygwqd,58278.260706,2,18.13,0.035415526,20.1178,1
ZTF18aaygwqd,58278.3081829,2,18.1999,0.03722091,20.2594,1
ZTF18aaygwqd,58281.2243403,2,17.9096,0.028935326,20.2603,1
ZTF18aaygwqd,58281.3431713,2,17.9973,0.03178429,20.2403,1
ZTF18aaygwqd,58284.2828935,2,17.8391,0.03066468,20.1238,1
ZTF18aaygwqd,58284.3209259,2,17.939,0.033465,19.9719,1
ZTF18aaygwqd,58287.2630671,2,17.7938,0.023747472,20.4011,1
ZTF18aaygwqd,58287.2668287,2,17.8791,0.027547022,20.3223,1
ZTF18aaygwqd,58290.2607986,2,17.7708,0.038418896,20.1365,1
ZTF18aaygwqd,58290.2645139,2,17.8347,0.056127116,20.1582,1
ZTF18aaygwqd,58293.2626852,2,17.8603,0.044802513,19.97,1
ZTF18aaygwqd,58293.3108333,2,17.8565,0.061483797,19.9359,1
ZTF18aaygwqd,58296.2470023,2,17.8948,0.068167254,19.3287,1
ZTF18aaygwqd,58297.3226852,2,17.8854,0.057173036,19.6487,1
ZTF18aaygwqd,58300.3224074,2,18.0045,0.06673229,19.6796,1
ZTF18aaygwqd,58300.3406366,2,18.0696,0.076441735,19.801,1
ZTF18aaygwqd,58303.3217593,2,18.1557,0.05105679,20.0609,1
ZTF18aaygwqd,58303.3435185,2,18.2595,0.062486563,19.901,1
ZTF18aaygwqd,58306.1823264,2,18.179,0.06967317,20.1203,1
ZTF18aaygwqd,58320.2633565,2,18.7624,0.10141067,20.2846,1
ZTF18aaygwqd,58320.4328588,1,20.0481,0.257407,20.2225,1
ZTF18aaygwqd,58321.2259375,2,18.9099,0.09154431,19.9495,1
ZTF18aaygwqd,58326.325625,2,18.9767,0.14209391,19.078,1
ZTF18aaygwqd,58329.3473958,2,18.8702,0.12190831,19.7608,1
ZTF18aaygwqd,58332.3072685,2,19.1973,0.15017073,20.0857,1
ZTF18aaygwqd,58337.1963889,2,19.2597,0.16041833,20.2884,1
ZTF18aaygwqd,58338.1956597,2,19.3406,0.13625576,20.3226,1
ZTF18aaygwqd,58343.3307523,2,19.3178,0.10902958,20.4286,1
ZTF18aaygwqd,58348.1952315,2,19.2715,0.118779264,20.1557,1
ZTF18aaygwqd,58356.2837384,2,19.4311,0.17502345,19.6736,1
ZTF18aaygwqd,58362.1605903,2,19.5319,0.14674287,20.3794,1
ZTF18aaygwqd,58365.1385995,2,19.4604,0.11690452,20.4234,1
ZTF18aaygwqd,58365.1391551,2,19.497,0.15776888,20.3576,1
ZTF18aaygwqd,58365.2372106,1,19.3883,0.14228101,20.7447,-1
ZTF18aaygwqd,58368.2835069,2,19.5053,0.1415951,20.3772,1
ZTF18aaygwqd,58369.1331944,2,19.4362,0.1525005,20.2158,1
ZTF18aaygwqd,58369.224537,1,19.5544,0.115028694,20.4476,-1
ZTF18aaygwqd,58371.1786806,2,19.8536,0.15908356,20.465,1
ZTF18aaygwqd,58374.197037,1,19.4632,0.12776092,20.4738,-1
ZTF18aaygwqd,58377.1353241,2,19.7737,0.16649337,20.2747,1
ZTF18aaygwqd,58377.1972801,1,19.4731,0.1480655,20.3594,-1
ZTF18aaygwqd,58389.1568171,1,19.3815,0.14357461,20.2669,-1
ZTF18aaygwqd,58399.0970255,1,19.2302,0.17915191,19.3658,-1
ZTF18aaygwqd,58469.4969329,1,19.197,0.108608805,20.5164,-1
ZTF18aaygwqd,58472.490162,1,19.0177,0.13097939,19.5919,-1
ZTF18aaygwqd,58476.554919,1,19.1291,0.15384923,19.5125,-1
ZTF18aaygwqd,58480.5090741,1,19.0631,0.16309933,19.5888,-1
ZTF18aaygwqd,58487.4941782,1,19.0813,0.1046885,20.4736,-1
ZTF18aaygwqd,58491.4615046,1,19.0404,0.15917909,19.9476,-1
ZTF18aaygwqd,58494.5139699,1,19.1855,0.109717175,20.8229,-1
ZTF18aaygwqd,58505.4358912,1,18.9365,0.299303,18.6965,-1
ZTF18aaygwqd,58508.5470718,1,18.9349,0.153235,19.4461,-1
ZTF18aaygwqd,58511.4879051,1,19.0824,0.108550616,20.3808,-1
ZTF18aaygwqd,58541.4462037,1,19.043,0.12506174,20.6154,-1
ZTF18aaygwqd,58547.3268634,1,19.0207,0.11448907,20.3442,-1
ZTF18aaygwqd,58557.2806597,1,18.9811,0.15571757,19.5045,-1
ZTF18aaygwqd,58560.2420023,1,19.1078,0.16621009,19.4095,-1
ZTF18aaygwqd,58568.2282639,1,19.0958,0.12150012,20.1957,-1
ZTF18aaygwqd,58573.324456,1,19.0146,0.11147579,20.2969,-1
ZTF18aaygwqd,58584.263287,1,19.1003,0.11850542,20.0216,-1
ZTF18aaygwqd,58587.364213,1,18.9717,0.16379592,19.5355,-1
ZTF18aaygwqd,58591.2048032,1,19.1825,0.260216,19.215,-1
ZTF18aaygwqd,58594.2630208,1,19.378,0.222073,19.2404,-1
ZTF18aaygwqd,58597.4708681,1,19.081,0.098797165,20.1877,-1
ZTF18aaygwqd,58606.4639583,1,19.001,0.10369962,20.9068,-1
ZTF18aaygwqd,58617.3882523,1,19.1796,0.128845,20.1816,-1
ZTF18aaygwqd,58634.2429282,1,19.0228,0.100875035,20.7034,-1
ZTF18aaygwqd,58640.3265509,1,19.0682,0.112853475,20.7112,-1
ZTF18aaygwqd,58643.2000463,1,18.9632,0.1011044,20.0777,-1
ZTF18aaygwqd,58646.1986111,1,19.2252,0.267371,19.1982,-1
ZTF18aaygwqd,58649.1968171,1,19.1338,0.236387,19.339,-1
ZTF18aaygwqd,58652.1953125,1,18.9404,0.1741319,19.5845,-1
ZTF18aaygwqd,58655.2836574,1,19.1277,0.15652752,19.7543,-1
ZTF18aaygwqd,58658.2257407,1,19.1006,0.10195187,20.785,-1
ZTF18aaygwqd,58661.2179282,1,19.0041,0.106788725,20.5975,-1
ZTF18aaygwqd,58665.2009144,1,19.058,0.09561819,20.5854,-1
ZTF18aaygwqd,58668.1973032,1,18.9599,0.10543899,20.7627,-1
ZTF18aaygwqd,58671.2909375,1,19.0654,0.08247538,20.7228,-1
ZTF18aaygwqd,58674.1978819,1,19.0722,0.106602795,20.2121,-1
ZTF18aaygwqd,58683.2726389,1,18.8965,0.10840912,19.6661,-1
ZTF18aaygwqd,58684.2626736,1,19.026,0.21531555,19.4784,-1
ZTF18aaygwqd,58688.330544,1,19.1119,0.12162594,20.1368,-1
ZTF18aaygwqd,58691.3065972,1,19.2617,0.13083172,20.5466,-1
ZTF18aaygwqd,58693.2459491,1,19.1245,0.09855708,20.3919,-1
ZTF18aaygwqd,58694.3074074,1,19.0673,0.10428776,20.6156,-1
ZTF18aaygwqd,58696.3047454,1,19.057,0.09693923,20.6623,-1
ZTF18aaygwqd,58699.306956,1,19.1153,0.09342141,20.4699,-1
ZTF18aaygwqd,58700.3035185,1,19.1031,0.09711327,20.5195,-1
ZTF18aaygwqd,58701.3071065,1,19.1583,0.12365888,20.5399,-1
ZTF18aaygwqd,58702.3062847,1,19.0866,0.14083204,20.1308,-1
ZTF18aaygwqd,58704.3021991,1,19.1881,0.14286341,19.7584,-1
ZTF18aaygwqd,58705.2210301,1,19.1411,0.1259207,19.8776,-1
ZTF18aaygwqd,58706.2237847,1,19.1667,0.15371482,19.9033,-1
ZTF18aaygwqd,58707.2206944,1,18.9335,0.1244888,19.7444,-1
ZTF18aaygwqd,58708.2218056,1,19.0661,0.18482992,19.5496,-1
ZTF18aaygwqd,58709.2214005,1,19.1278,0.17535308,19.6293,-1
ZTF18aaygwqd,58710.2163542,1,19.1193,0.16873477,19.5458,-1
ZTF18aaygwqd,58711.2157292,1,19.009,0.14861059,19.646,-1
ZTF18aaygwqd,58714.2163079,1,19.1023,0.13712342,20.0318,-1
ZTF18aaygwqd,58738.1793056,1,19.153,0.16876537,19.2615,-1
ZTF18aaygwqd,58740.1828819,1,18.9648,0.17848647,18.9808,-1
ZTF18aaygwqd,58741.1797685,1,19.1111,0.186425,19.233,-1
ZTF18aaygwqd,58744.1793403,1,19.1112,0.12850522,20.0934,-1
ZTF18aaygwqd,58745.1794444,1,19.1294,0.122903205,20.3195,-1
ZTF18aaygwqd,58746.2039236,1,19.0475,0.14779815,19.968,-1
ZTF18aaygwqd,58747.1793403,1,18.9986,0.10531748,20.2527,-1
ZTF18aaygwqd,58748.1784491,1,18.9153,0.14027378,19.8131,-1
ZTF18aaygwqd,58749.1799769,1,19.0431,0.098246284,20.1961,-1
ZTF18aaygwqd,58750.1802778,1,19.1048,0.17412174,19.6882,-1
ZTF18aaygwqd,58751.1779167,1,19.0684,0.12746616,19.9818,-1
ZTF18aaygwqd,58754.177581,1,18.9793,0.12696362,20.2118,-1
ZTF18aaygwqd,58772.1203356,1,19.027,0.11374371,19.8152,-1
ZTF18aaygwqd,58775.1189931,1,19.1829,0.10600882,20.2633,-1
ZTF18aaygwqd,58833.5219329,1,18.7764,0.252729,18.9263,-1
ZTF18aaygwqd,58836.5624074,1,19.0016,0.10363372,20.1229,-1
ZTF18aaygwqd,58837.5537037,1,19.092,0.248371,19.4321,-1
ZTF18aaygwqd,58850.537037,1,18.9608,0.11096501,20.1179,-1
ZTF18aaygwqd,58851.5256829,1,19.0048,0.2027333,19.2863,-1
ZTF18aaygwqd,58852.5314005,1,18.9745,0.10676819,20.6028,-1
ZTF18aaygwqd,58853.5312616,1,18.9948,0.14212282,20.3021,-1
ZTF18aaygwqd,58854.5246528,1,18.9665,0.16043295,19.5082,-1
ZTF18aaygwqd,58855.4307986,1,18.9977,0.16181014,19.3589,-1
ZTF18aaygwqd,58859.5489583,1,19.0946,0.18035878,19.1936,-1
ZTF18aaygwqd,58862.4899769,1,18.9468,0.13390289,19.5909,-1
ZTF18aaygwqd,58863.4161227,1,19.1381,0.1728739,19.5566,-1
ZTF18aaygwqd,58864.4453588,1,19.2717,0.15374473,20.0135,-1
ZTF18aaygwqd,58866.5738773,1,19.1405,0.14609714,20.0171,-1
ZTF18aaygwqd,58867.4533681,1,19.1026,0.09548744,20.1916,-1
ZTF18aaygwqd,58871.4680787,1,19.0312,0.1623611,19.9189,-1
ZTF18aaygwqd,58873.3849653,1,19.0232,0.110320844,20.3891,-1
ZTF18aaygwqd,58874.3958449,1,19.0375,0.089452624,20.2471,-1
ZTF18aaygwqd,58875.4700926,1,18.875,0.13303627,20.013,-1
ZTF18aaygwqd,58876.5297569,1,19.0426,0.123816,20.5802,-1
ZTF18aaygwqd,58876.5297569,1,19.043,0.124565355,20.5801,-1
ZTF18aaygwqd,58877.5511574,1,18.9131,0.1364986,20.102,-1
ZTF18aaygwqd,58878.5301042,1,19.0328,0.13475312,20.0625,-1
ZTF18aaygwqd,58879.490081,1,18.9832,0.16246845,19.7977,-1
ZTF18aaygwqd,58880.4894329,1,19.0692,0.11378804,20.2675,-1
ZTF18aaygwqd,58881.4851736,1,19.0052,0.10542072,20.5226,-1
ZTF18aaygwqd,58883.4901852,1,18.863,0.15250194,19.8708,-1
ZTF18aaygwqd,58885.4541551,1,18.9882,0.18219227,19.3615,-1
ZTF18aaygwqd,58891.4312269,1,19.2544,0.18853532,19.3517,-1
ZTF18aaygwqd,58892.3439005,1,19.0046,0.17202577,19.4323,-1
ZTF18aaygwqd,58893.4946875,1,19.0291,0.12619485,20.1188,-1
ZTF18aaygwqd,58894.3421296,1,19.2537,0.14449039,20.0068,-1
ZTF18aaygwqd,58895.5264005,1,19.0882,0.16973893,20.0158,-1
ZTF18aaygwqd,58898.4525579,1,19.0128,0.105882086,20.7553,-1
ZTF18aaygwqd,58899.533912,1,18.993,0.10777788,20.4886,-1
ZTF18aaygwqd,58903.349294,1,18.959,0.13533694,20.3271,-1
ZTF18aaygwqd,58906.3292593,1,18.8682,0.133814,19.8692,-1
ZTF18aaygwqd,58911.5486921,1,19.1311,0.16037871,19.5706,-1
ZTF18aaygwqd,58912.5387269,1,19.025,0.10972157,20.5637,-1
ZTF18aaygwqd,58913.5155324,1,18.9649,0.123584375,20.0951,-1
ZTF18aaygwqd,58915.4713194,1,19.013,0.1947614,19.0591,-1
ZTF18aaygwqd,58940.47375,1,19.0337,0.108959556,20.3174,-1
ZTF18aaygwqd,58941.4955208,1,20.368,0.220066,20.5097,-1
ZTF18aaygwqd,58941.4987269,1,18.9445,0.13092738,20.2014,-1
ZTF18aaygwqd,58944.4699769,1,19.1355,0.13837963,19.5921,-1
ZTF18aaygwqd,58955.4628935,1,19.0523,0.14796694,19.991,-1
ZTF18aaygwqd,58963.3661111,1,19.1019,0.105003625,20.7514,-1
ZTF18aaygwqd,58963.3870139,1,20.405,0.20943707,20.7064,-1
ZTF18aaygwqd,58963.4303935,1,19.0627,0.08864304,20.6424,-1
ZTF18aaygwqd,58966.4103935,1,19.0033,0.0984884,20.7793,-1
ZTF18aaygwqd,58972.281169,1,19.0352,0.14956546,19.8076,-1
ZTF18aaygwqd,58981.3103125,1,19.0255,0.11882034,20.1521,-1
ZTF18aaygwqd,58986.386875,1,19.037,0.110540405,20.712,-1
ZTF18aaygwqd,58995.3105556,1,18.9883,0.105578095,20.6759,-1
ZTF18aaygwqd,58998.3434838,1,19.0342,0.10543966,20.807,-1
ZTF18aaygwqd,59001.3637037,1,19.0549,0.11833058,20.0225,-1
ZTF18aaygwqd,59009.2919213,1,19.1712,0.16484621,19.5981,-1
ZTF18aaygwqd,59011.2877662,1,19.023,0.10123113,20.6151,-1
ZTF18aaygwqd,59012.3037616,1,19.0584,0.089207605,20.761,-1
ZTF18aaygwqd,59012.3061343,1,20.4349,0.224902,20.7772,-1
ZTF18aaygwqd,59013.2240856,1,19.0079,0.12545267,20.2904,-1
ZTF18aaygwqd,59016.3398958,1,18.9679,0.09553022,20.166,-1
ZTF18aaygwqd,59017.2273495,1,18.9386,0.11931966,20.556,-1
ZTF18aaygwqd,59018.3418634,1,19.1259,0.12940615,20.6873,-1
ZTF18aaygwqd,59019.2685995,1,19.0735,0.0949745,20.7161,-1
ZTF18aaygwqd,59023.2425463,1,20.4322,0.2070649,20.7256,-1
ZTF18aaygwqd,59023.2458449,1,19.0108,0.09343047,20.6513,-1
ZTF18aaygwqd,59025.2175231,1,18.9584,0.120227024,19.8667,-1
ZTF18aaygwqd,59027.2193634,1,19.0535,0.12160729,19.9882,-1
ZTF18aaygwqd,59028.3485648,1,18.9954,0.106453635,20.409,-1
ZTF18aaygwqd,59029.2683912,1,19.1004,0.1587757,19.5794,-1
ZTF18aaygwqd,59030.3294213,1,18.9651,0.15258068,19.5432,-1
ZTF18aaygwqd,59031.2056713,1,19.1017,0.123576716,19.8771,-1
ZTF18aaygwqd,59032.369375,1,19.0049,0.13881597,19.629,-1
ZTF18aaygwqd,59033.2066319,1,19.186,0.20294693,19.3596,-1
ZTF18aaygwqd,59034.2185764,1,19.0205,0.15313226,19.4438,-1
ZTF18aaygwqd,59038.2808796,1,18.964,0.10862192,19.7279,-1
ZTF18aaygwqd,59041.2143403,1,19.1312,0.10367683,20.5093,-1
ZTF18aaygwqd,59044.3488657,1,19.1872,0.10714669,20.2771,-1
ZTF18aaygwqd,59047.2602315,1,19.1177,0.10544887,20.5159,-1
ZTF18aaygwqd,59051.3046412,1,19.0584,0.10650186,20.4631,-1
ZTF18aaygwqd,59069.2994907,1,19.105,0.13814951,19.8694,-1
ZTF18aaygwqd,59095.2018056,1,18.9457,0.15090087,19.216,-1
ZTF18aaygwqd,59194.5459491,1,19.0099,0.12193845,20.1544,-1
ZTF18aaygwqd,59203.537037,1,18.9037,0.161134,19.7922,-1
ZTF18aaygwqd,59215.4946412,1,19.0371,0.274906,18.8615,-1
ZTF18aaygwqd,59217.4485532,1,19.1096,0.15204757,19.5844,-1
ZTF18aaygwqd,59219.4537963,1,18.8741,0.131818,19.5545,-1
ZTF18aaygwqd,59221.4886574,1,19.0476,0.134307,19.9321,-1
ZTF18aaygwqd,59223.5337269,1,19.0233,0.12367779,20.2454,-1
ZTF18aaygwqd,59225.4732292,1,19.1971,0.26872,19.2297,-1
ZTF18aaygwqd,59227.4722917,1,19.0662,0.140147,20.1623,-1
ZTF18aaygwqd,59248.4752778,1,19.093,0.1380581,19.8483,-1
ZTF18aaygwqd,59250.4715972,1,19.1013,0.15042503,19.9396,-1
ZTF18aaygwqd,59254.5326736,1,18.7135,0.288657,18.5313,-1
ZTF18aaygwqd,59257.3890972,1,18.9765,0.14944072,19.8971,-1
ZTF18aaygwqd,59262.5127083,1,19.0182,0.13448197,20.1298,-1
ZTF18aaygwqd,59264.3507407,1,19.0206,0.11001227,20.459,-1
ZTF18aaygwqd,59266.4985995,1,18.8837,0.18525569,19.5812,-1
ZTF18aaygwqd,59268.518831,1,19.0164,0.11670217,20.5167,-1
ZTF18aaygwqd,59270.4088079,1,19.0819,0.20326547,19.1063,-1
ZTF18aaygwqd,59272.384919,1,19.1631,0.265104,18.9373,-1
ZTF18aaygwqd,59275.3023727,1,19.0818,0.224605,19.2076,-1
ZTF18aaygwqd,59278.328044,1,18.8717,0.14989807,19.9311,-1
ZTF18aaygwqd,59291.2799074,1,19.0704,0.13207118,20.1832,-1
ZTF18aaygwqd,59293.2884491,1,19.124,0.15858018,19.8378,-1
ZTF18aaygwqd,59296.3324653,1,19.1486,0.15285756,19.5197,-1
ZTF18aaygwqd,59304.2627778,1,18.9337,0.223004,19.0548,-1
ZTF18aaygwqd,59307.3316088,1,19.0447,0.08377658,20.6052,-1
ZTF18aaygwqd,59309.2032407,1,19.0577,0.11267113,20.2714,-1
ZTF18aaygwqd,59311.2176273,1,18.9827,0.11746469,20.1467,-1
ZTF18aaygwqd,59313.2691782,1,19.0933,0.13301829,20.0802,-1
ZTF18aaygwqd,59315.2836343,1,18.9579,0.17930675,19.4484,-1
ZTF18aaygwqd,59317.2658796,1,18.9389,0.095381,20.746,-1
ZTF18aaygwqd,59317.2658796,1,18.9389,0.0953807,20.746,-1
ZTF18aaygwqd,59321.3754398,1,19.019,0.09585426,20.7026,-1
ZTF18aaygwqd,59323.2889468,1,19.0394,0.1236913,19.9939,-1
ZTF18aaygwqd,59325.3450347,1,19.0715,0.14559886,19.7074,-1
ZTF18aaygwqd,59335.2822917,1,19.0871,0.13776691,19.9816,-1
ZTF18aaygwqd,59338.4059028,1,18.9471,0.11068989,20.4774,-1
ZTF18aaygwqd,59340.3846991,1,18.9332,0.103524685,20.4804,-1
ZTF18aaygwqd,59342.3635069,1,18.9471,0.101262234,20.4866,-1
ZTF18aaygwqd,59345.3834954,1,19.0074,0.11373082,20.3274,-1
ZTF18aaygwqd,59349.3723148,1,19.0671,0.089233674,20.9308,-1
ZTF18aaygwqd,59349.3737616,1,20.4341,0.19633181,20.9365,-1
ZTF18aaygwqd,59354.3731713,1,18.8911,0.10412037,20.0569,-1
ZTF18aaygwqd,59358.4335764,1,18.9513,0.14554638,19.3849,-1
ZTF18aaygwqd,59361.3053356,1,19.0811,0.15823442,19.4651,-1
ZTF18aaygwqd,59363.3047685,1,19.1177,0.16376989,19.5658,-1
ZTF18aaygwqd,59365.4561921,1,19.0884,0.1318005,19.8035,-1
ZTF18aaygwqd,59368.200463,1,18.9781,0.112820156,20.5701,-1
ZTF18aaygwqd,59370.2425694,1,19.0974,0.10417287,20.4002,-1
ZTF18aaygwqd,59374.2404977,1,19.0849,0.096807845,20.21,-1
ZTF18aaygwqd,59376.3644097,1,19.0299,0.10175268,20.5766,-1
ZTF18aaygwqd,59378.2026157,1,19.1534,0.10356142,20.4521,-1
ZTF18aaygwqd,59380.2797917,1,19.0619,0.18640752,19.5301,-1
ZTF18aaygwqd,59382.4010417,1,19.0517,0.14322738,20.0775,-1
ZTF18aaygwqd,59386.3454051,1,19.1011,0.1792581,19.4021,-1
ZTF18aaygwqd,59390.2240856,1,19.0913,0.13418089,19.4976,-1
ZTF18aaygwqd,59392.2619097,1,19.063,0.14141423,19.7758,-1
ZTF18aaygwqd,59394.3632292,1,19.1396,0.15968421,19.85,-1
ZTF18aaygwqd,59396.2838079,1,19.0085,0.11421901,20.3329,-1
ZTF18aaygwqd,59399.2859375,1,19.0921,0.110327296,20.5864,-1
ZTF18aaygwqd,59401.2442824,1,19.1165,0.15527004,20.1716,-1
ZTF18aaygwqd,59403.3828241,1,19.0744,0.110265695,20.2738,-1
ZTF18aaygwqd,59405.3026273,1,18.9709,0.13033116,20.444,-1
ZTF18aaygwqd,59407.2659259,1,19.1099,0.13541214,20.0985,-1
ZTF18aaygwqd,59409.2209606,1,18.9943,0.13245308,20.2344,-1
ZTF18aaygwqd,59411.1999421,1,19.0336,0.13871272,19.914,-1
ZTF18aaygwqd,59414.2572222,1,18.9894,0.12049649,19.8516,-1
ZTF18aaygwqd,59423.3502778,1,18.6616,0.222464,18.508,-1
ZTF18aaygwqd,59425.241956,1,19.0445,0.122577436,20.3734,-1
ZTF18aaygwqd,59427.2825347,1,19.0735,0.107634224,20.384,-1
ZTF18aaygwqd,59429.3314699,1,19.0931,0.09532603,20.3418,-1
ZTF18aaygwqd,59434.2576273,1,19.0844,0.14641745,20.4501,-1
ZTF18aaygwqd,59436.2609375,1,19.0906,0.13217261,20.3026,-1
ZTF18aaygwqd,59439.2632292,1,19.1236,0.16347536,19.7741,-1
ZTF18aaygwqd,59441.2400926,1,19.074,0.14021665,19.9263,-1
ZTF18aaygwqd,59443.1992708,1,19.1585,0.269484,19.4191,-1
ZTF18aaygwqd,59446.2872685,1,19.0482,0.19191101,19.0865,-1
ZTF18aaygwqd,59449.2173611,1,19.38,0.21225569,19.3163,-1
ZTF18aaygwqd,59451.2216088,1,19.0581,0.221451,19.3297,-1
ZTF18aaygwqd,59453.1767014,1,19.1407,0.10411212,20.5627,-1
ZTF18aaygwqd,59455.2191088,1,18.9533,0.13221316,20.4439,-1
ZTF18aaygwqd,59458.1662037,1,19.0049,0.10112808,20.3609,-1
ZTF18aaygwqd,59460.1781713,1,19.0968,0.11873376,20.4282,-1
ZTF18aaygwqd,59462.18,1,19.0774,0.096469745,20.4306,-1
ZTF18aaygwqd,59471.16,1,19.1262,0.17504217,19.5512,-1
ZTF18aaygwqd,59473.2017593,1,19.2129,0.15228361,19.9008,-1
ZTF18aaygwqd,59478.1589815,1,19.0803,0.18112795,19.1614,-1
ZTF18aaygwqd,59480.1544329,1,19.1616,0.14272171,19.6966,-1
ZTF18aaygwqd,59484.1823148,1,19.0906,0.104954936,20.6082,-1
ZTF18aaygwqd,59486.1381829,1,19.0382,0.10915788,20.2593,-1
ZTF18aaygwqd,59488.1445833,1,19.0869,0.13578135,20.2752,-1
ZTF18aaygwqd,59600.4087384,1,19.0511,0.14590102,19.4408,-1
ZTF18aaygwqd,59623.3249306,1,19.2651,0.19390897,19.4081,-1
ZTF18aaygwqd,59625.3470833,1,19.041,0.253401,18.9326,-1
ZTF18aaygwqd,59628.3684028,1,19.0866,0.19134353,19.229,-1
ZTF18aaygwqd,59630.4119329,1,19.0632,0.11941437,19.8576,-1
ZTF18aaygwqd,59637.3909606,1,18.8153,0.12887852,19.7814,-1
ZTF18aaygwqd,59639.3484144,1,19.0119,0.18324088,19.8896,-1
ZTF18aaygwqd,59641.3462731,1,19.02,0.1354563,20.2842,-1
ZTF18aaygwqd,59672.3231944,1,18.9913,0.10149231,20.7902,-1
ZTF18aaygwqd,59672.3231944,1,19.0016,0.111862,20.7927,-1
ZTF18aaygwqd,59675.3665046,1,19.0396,0.1186188,20.438,-1
ZTF18aaygwqd,59677.3058102,1,18.9344,0.1315866,19.7998,-1
ZTF18aaygwqd,59679.2687153,1,19.071,0.13243695,19.7761,-1
ZTF18aaygwqd,59682.2200231,1,19.0786,0.19678527,19.3575,-1
ZTF18aaygwqd,59684.4437037,1,18.9527,0.17872322,19.4338,-1
ZTF18aaygwqd,59690.4273727,1,19.101,0.12192422,19.8181,-1
ZTF18aaygwqd,59694.4116782,1,18.8536,0.11773913,19.7659,-1
ZTF18aaygwqd,59696.2276042,1,19.016,0.12516919,20.1886,-1
ZTF18aaygwqd,59700.3433796,1,19.0212,0.14027534,20.2608,-1
ZTF18aaygwqd,59702.3121528,1,18.9626,0.16207296,20.4006,-1
ZTF18aaygwqd,59710.2985069,1,19.1188,0.1570159,19.4803,-1
ZTF18aaygwqd,59712.2760185,1,19.0557,0.15517569,19.7093,-1
ZTF18aaygwqd,59723.3683449,1,19.0526,0.10677274,20.5453,-1
ZTF18aaygwqd,59725.3047222,1,19.0324,0.104679,20.4559,-1
ZTF18aaygwqd,59727.3459375,1,19.1519,0.23054,19.212,-1
ZTF18aaygwqd,59732.4089699,1,18.9842,0.12396543,20.5086,-1
ZTF18aaygwqd,59734.3055671,1,18.9997,0.12956662,20.054,-1
ZTF18aaygwqd,59736.2803241,1,18.948,0.12440203,20.3129,-1
ZTF18aaygwqd,59738.3875694,1,19.0441,0.10683617,20.4984,-1
ZTF18aaygwqd,59740.3873611,1,19.0782,0.11496627,19.9097,-1
ZTF18aaygwqd,59742.4273148,1,19.3669,0.245695,19.3005,-1
ZTF18aaygwqd,59744.4291551,1,18.9386,0.18282653,19.0332,-1
ZTF18aaygwqd,59748.261169,1,19.0335,0.10514183,20.2823,-1
ZTF18aaygwqd,59750.2620023,1,19.1865,0.14560498,20.2516,-1
ZTF18aaygwqd,59752.3057407,1,18.9636,0.15703654,20.4214,-1
ZTF18aaygwqd,59755.2712153,1,19.0562,0.10903848,20.4729,-1
ZTF18aaygwqd,59757.2455093,1,18.9281,0.08729578,20.4798,-1
ZTF18aaygwqd,59757.3071991,1,18.9549,0.093253516,20.3744,-1
ZTF18aaygwqd,59759.2644907,1,19.0575,0.08975165,20.5725,-1
ZTF18aaygwqd,59761.3028819,1,19.0388,0.099987224,20.4124,-1
ZTF18aaygwqd,59763.3665046,1,19.0074,0.12934068,20.3184,-1
ZTF18aaygwqd,59765.2418634,1,19.057,0.14119622,20.2211,-1
ZTF18aaygwqd,59768.3049074,1,19.1564,0.11301988,20.2771,-1
ZTF18aaygwqd,59768.3485069,1,19.1133,0.09462403,20.4941,-1
ZTF18aaygwqd,59770.2210301,1,19.0277,0.119873,19.6737,-1
ZTF18aaygwqd,59781.3426968,1,19.1064,0.13241188,19.7531,-1
ZTF18aaygwqd,59783.3006134,1,19.057,0.1115106,20.5596,-1
ZTF18aaygwqd,59785.3502083,1,19.1389,0.10360591,20.3555,-1
ZTF18aaygwqd,59787.2393981,1,19.0452,0.09849271,20.4843,-1
ZTF18aaygwqd,59789.2832755,1,19.0134,0.13088934,20.2006,-1
ZTF18aaygwqd,59797.29,1,19.0693,0.10420251,20.3111,-1
ZTF18aaygwqd,59802.3035301,1,19.1719,0.1633455,19.4678,-1
ZTF18aaygwqd,59809.2438079,1,19.0484,0.10927517,20.4061,-1
ZTF18aaygwqd,59812.2407639,1,18.9807,0.11479249,20.3378,-1
ZTF18aaygwqd,59823.2491204,1,19.1297,0.13002124,20.2267,-1
ZTF18aaygwqd,59825.2375,1,18.969,0.09694202,20.0182,-1
ZTF18aaygwqd,59857.1409144,1,19.03,0.15371689,19.4677,-1
ZTF18aaygwqd,59930.496956,1,18.9587,0.16193555,19.572,-1
ZTF18aaygwqd,59935.4987731,1,19.1067,0.14554183,20.3503,-1
ZTF18aaygwqd,59937.4922222,1,19.0702,0.11571081,20.1269,-1
ZTF18aaygwqd,59957.4517361,1,18.973,0.17839351,19.4595,-1
ZTF18aaygwqd,59966.408912,1,19.0055,0.14605854,19.7805,-1
ZTF18aaygwqd,60016.4578588,1,19.0559,0.12617339,19.7063,-1
ZTF18aaygwqd,60021.3441319,1,19.0672,0.1759624,19.7272,-1
ZTF18aaygwqd,60032.3128009,1,19.0508,0.15618654,19.6353,-1
ZTF18aaygwqd,60042.3828009,1,18.9674,0.15903255,19.4321,-1
ZTF18aaygwqd,60044.3415162,1,19.0157,0.15179664,19.826,-1
ZTF18aaygwqd,60046.284838,1,19.0474,0.11589369,20.2469,-1
ZTF18aaygwqd,60050.3656944,1,18.948,0.12379479,20.3757,-1
ZTF18aaygwqd,60052.3505324,1,18.9128,0.13181329,20.0516,-1
ZTF18aaygwqd,60056.451088,1,19.1048,0.10607035,20.4642,-1
ZTF18aaygwqd,60058.3260185,1,18.9658,0.09895188,20.1405,-1
ZTF18aaygwqd,60060.4039931,1,19.0295,0.1367386,19.9486,-1
ZTF18aaygwqd,60076.3898032,1,18.9582,0.09573331,20.2934,-1
ZTF18aaygwqd,60078.3677894,1,18.9712,0.08972203,20.5401,-1
ZTF18aaygwqd,60080.260081,1,18.9651,0.12710726,20.2426,-1
ZTF18aaygwqd,60082.4064005,1,19.0275,0.103757165,20.4094,-1
ZTF18aaygwqd,60084.3659606,1,18.95,0.15790944,20.1418,-1
ZTF18aaygwqd,60086.2626505,1,19.0016,0.13715138,20.4494,-1
ZTF18aaygwqd,60093.4549653,1,19.0464,0.09885674,20.6016,-1
ZTF18aaygwqd,60109.3022917,1,19.0306,0.12631847,20.4627,-1
ZTF18aaygwqd,60111.4324769,1,19.0211,0.09761665,20.6397,-1
ZTF18aaygwqd,60114.4102431,1,19.0204,0.11581561,20.3286,-1
ZTF18aaygwqd,60117.3263773,1,19.0913,0.075683065,20.4939,-1
ZTF18aaygwqd,60119.2832986,1,19.0053,0.1238027,20.2231,-1
ZTF18aaygwqd,60121.3951042,1,18.9569,0.11695138,20.1427,-1
ZTF18aaygwqd,60123.2776852,1,19.1115,0.12514678,20.0607,-1
ZTF18aaygwqd,60125.3795255,1,19.0957,0.1558585,19.7034,-1
ZTF18aaygwqd,60127.2199653,1,19.2211,0.20920542,19.4256,-1
ZTF18aaygwqd,60135.2429977,1,19.085,0.121965565,20.1626,-1
ZTF18aaygwqd,60137.2798843,1,19.0106,0.13686413,20.1672,-1
ZTF18aaygwqd,60139.2239468,1,19.1138,0.105473645,20.3669,-1
ZTF18aaygwqd,60141.3043171,1,19.0529,0.15016466,20.3439,-1
ZTF18aaygwqd,60143.2644444,1,19.0412,0.09142108,20.3726,-1
ZTF18aaygwqd,60145.3218056,1,19.0695,0.11516893,20.5041,-1
ZTF18aaygwqd,60147.3265509,1,19.0256,0.121693514,20.3741,-1
ZTF18aaygwqd,60149.3440278,1,19.0438,0.11444384,20.407,-1
ZTF18aaygwqd,60151.3444444,1,19.0957,0.10839779,20.4258,-1
ZTF18aaygwqd,60153.3177778,1,19.0269,0.11077316,20.0343,-1
ZTF18aaygwqd,60155.2444329,1,19.037,0.17267033,19.6215,-1
ZTF18aaygwqd,60161.2818634,1,19.1396,0.14115751,19.859,-1
ZTF18aaygwqd,60163.2979861,1,19.1342,0.16524377,19.8075,-1
ZTF18aaygwqd,60166.1880208,1,19.0371,0.09568255,20.4927,-1
ZTF18aaygwqd,60171.2833333,1,19.0742,0.113293454,20.3435,-1
ZTF18aaygwqd,60173.2192824,1,19.0976,0.11206083,20.3994,-1
ZTF18aaygwqd,60175.1926968,1,19.005,0.12140409,20.0399,-1
ZTF18aaygwqd,60182.2395255,1,19.0094,0.13275121,19.8616,-1
ZTF18aaygwqd,60184.2366898,1,19.1156,0.1863316,19.5742,-1
ZTF18aaygwqd,60188.1643866,1,19.3663,0.2349,19.2867,-1
ZTF18aaygwqd,60194.1612384,1,19.1324,0.1268745,20.2466,-1
ZTF18aaygwqd,60221.1572106,1,19.2045,0.12230442,19.977,-1
ZTF18aaygwqd,60287.5153704,1,19.0369,0.14183384,19.6511,-1
ZTF18aaygwqd,60311.4828472,1,18.9029,0.16290703,19.6797,-1
ZTF18aaygwqd,60315.5520139,1,19.1444,0.12336917,20.1177,-1
ZTF18aaygwqd,60327.496331,1,19.0949,0.11410534,20.2774,-1
ZTF18aaygwqd,60351.3885532,1,18.9739,0.12600926,19.9729,-1
ZTF18aaygwqd,60353.3838079,1,19.0726,0.10872556,20.2789,-1
ZTF18aaygwqd,60355.4066088,1,19.0431,0.11664469,20.2124,-1
ZTF18aaygwqd,60369.284375,1,19.0473,0.19368523,19.656,-1
ZTF18aaygwqd,60388.4123958,1,19.0245,0.17427994,19.7831,-1
ZTF18aaygwqd,60396.3913889,1,19.001,0.16740644,19.4071,-1
ZTF18aaygwqd,60398.3054977,1,19.3382,0.19724481,19.499,-1
ZTF18aaygwqd,60404.3875694,1,18.9739,0.12097832,20.03,-1
ZTF18aaygwqd,60408.3398032,1,18.9986,0.12875204,20.233,-1
ZTF18aaygwqd,60413.4736343,1,18.9592,0.15588999,19.9019,-1
ZTF18aaygwqd,60417.3485185,1,19.0798,0.15550622,19.9019,-1
ZTF18aaygwqd,60421.4764931,1,19.0385,0.13795944,19.9019,-1
ZTF18aaygwqd,60424.42625,1,19.0345,0.243065,19.07,-1
ZTF18aaygwqd,60430.3264931,1,19.0003,0.1036202,20.3823,-1
ZTF18aaygwqd,60433.389838,1,19.0306,0.086838864,20.5713,-1
ZTF18aaygwqd,60437.3688657,3,18.9746,0.12914294,19.5458,-1
ZTF18aaygwqd,60438.3509144,3,18.7558,0.099167325,19.688,-1
ZTF18aaygwqd,60438.3589815,3,19.0616,0.16463888,19.68,-1
ZTF18aaygwqd,60439.3065278,1,18.9643,0.11618958,20.1349,-1
ZTF18aaygwqd,60441.3437037,1,19.0042,0.12802319,20.2512,-1
ZTF18aaygwqd,60443.4110532,1,19.0436,0.12424679,20.215,-1
ZTF18aaygwqd,60445.2823032,1,19.1465,0.1529604,19.9195,-1
ZTF18aaygwqd,60447.2812153,1,19.1116,0.14335424,19.8673,-1
ZTF18aaygwqd,60449.411713,1,19.0011,0.14323732,19.7429,-1
ZTF18aaygwqd,60451.4075347,1,19.1213,0.20468335,19.3416,-1
ZTF18aaygwqd,60455.2120718,1,19.2472,0.20749266,19.5365,-1
ZTF18aaygwqd,60457.2409144,1,18.9901,0.102605216,20.377,-1
ZTF18aaygwqd,60459.3288773,1,19.0052,0.08499061,20.6387,-1
ZTF18aaygwqd,60461.259456,1,19.0672,0.10930399,20.4744,-1
ZTF18aaygwqd,60463.3300579,1,19.0155,0.107154675,20.6404,-1
ZTF18aaygwqd,60470.385544,1,19.0614,0.11026489,20.579,-1
ZTF18aaygwqd,60472.4287269,1,19.0645,0.11019246,20.3575,-1
ZTF18aaygwqd,60474.4149769,1,19.1616,0.13271958,20.1262,-1
ZTF18aaygwqd,60475.4279282,1,19.0875,0.086789854,20.3782,-1
ZTF18aaygwqd,60477.2826505,1,19.1285,0.151986,19.6005,-1
ZTF18aaygwqd,60480.4070949,1,19.2119,0.12866177,19.7721,-1
ZTF18aaygwqd,60482.2267014,1,18.9587,0.17286201,19.3253,-1
ZTF18aaygwqd,60484.1981944,1,19.0173,0.18893631,19.5833,-1
ZTF18aaygwqd,60488.2600579,1,19.1332,0.100113824,20.6086,-1
ZTF18aaygwqd,60490.3583681,1,19.1327,0.11192428,20.3607,-1
ZTF18aaygwqd,60494.3051736,1,19.0987,0.12456515,20.1277,-1
ZTF18aaygwqd,60501.218287,1,18.9412,0.10424971,20.4633,-1
ZTF18aaygwqd,60503.3290046,1,19.0973,0.1575409,19.6498,-1
ZTF18aaygwqd,60505.345463,1,19.1091,0.12933646,20.3481,-1
ZTF18aaygwqd,60510.2413194,1,19.1791,0.17262207,19.4981,-1
ZTF18aaygwqd,60512.2203588,1,19.0858,0.18972093,19.3119,-1
ZTF18aaygwqd,60514.1950231,1,19.006,0.11706247,19.9508,-1
ZTF18aaygwqd,60516.2829745,1,18.9389,0.14298463,19.4906,-1
ZTF18aaygwqd,60518.2698495,1,19.1129,0.12552091,20.2181,-1
ZTF18aaygwqd,60520.3204398,1,19.0681,0.09478025,20.2465,-1
ZTF18aaygwqd,60520.3204398,1,19.0681,0.09478,20.2465,-1
ZTF18aaygwqd,60524.3264931,1,19.1511,0.12788306,20.2675,-1
ZTF18aaygwqd,60526.3255324,1,19.0001,0.09822358,20.2932,-1
ZTF18aaygwqd,60528.3040394,1,19.0376,0.10513432,20.0909,-1
ZTF18aaygwqd,60530.2604745,1,19.0187,0.1022957,20.2659,-1
ZTF18aaygwqd,60530.2604745,1,19.016,0.101781,20.2643,-1
ZTF18aaygwqd,60547.2034144,1,18.999,0.11832545,20.1152,-1
ZTF18aaygwqd,60554.2405208,1,19.2169,0.117167495,20.189,-1
ZTF18aaygwqd,60556.1990046,1,18.9967,0.104592465,20.2051,-1
ZTF18aaygwqd,60558.1593056,1,18.9877,0.1335253,20.0798,-1
ZTF18aaygwqd,60566.1577662,1,19.0876,0.14963017,19.8339,-1
ZTF18aaygwqd,60568.1613889,1,18.9724,0.14431615,19.6716,-1
ZTF18aaygwqd,60575.2376042,3,18.9173,0.12157415,19.6409,-1
ZTF18aaygwqd,60576.1583218,3,18.8293,0.0909578,19.7549,-1
ZTF18aaygwqd,60576.1621875,3,19.1367,0.1257211,19.689,-1
ZTF18aaygwqd,60650.5340278,1,18.995,0.128163,19.8892,-1
ZTF18aaygwqd,60652.5185301,1,19.0773,0.179058,19.7625,-1
ZTF18aaygwqd,60674.5384838,1,19.0409,0.11115451,20.3567,-1
ZTF18aaygwqd,60680.4523727,1,19.0148,0.141914,19.7375,-1
ZTF18aaygwqd,60682.4308681,1,19.0307,0.16462576,19.8099,-1
ZTF18aaygwqd,60692.448912,1,18.9126,0.14527059,19.4373,-1
ZTF18aaygwqd,60694.4902662,1,19.02,0.17098771,19.6853,-1
ZTF18aaygwqd,60696.4942361,1,19.0206,0.233166,19.3697,-1
ZTF18aaygwqd,60698.4323495,1,18.8476,0.274282,19.1701,-1
ZTF18aaygwqd,60705.5309491,1,19.0008,0.11550983,20.452,-1
ZTF18aaygwqd,60727.4278472,1,19.0176,0.11854658,19.9593,-1
ZTF18aaygwqd,60729.3481944,1,18.9881,0.10826829,20.0715,-1
ZTF18aaygwqd,60733.3201157,1,18.8973,0.1604058,19.6426,-1
ZTF18aaygwqd,60739.4265162,1,19.0034,0.12947443,20.2159,-1
ZTF18aaygwqd,60744.3919329,1,19.108,0.15298602,19.4305,-1
ZTF18aaygwqd,60754.3314931,1,19.0602,0.16786024,19.8574,-1
ZTF18aaygwqd,60756.4198958,1,18.9369,0.13872197,20.0009,-1
ZTF18aaygwqd,60758.4060301,1,19.025,0.14941889,20.0212,-1
ZTF18aaygwqd,60760.42125,1,19.1045,0.1779128,19.7866,-1
ZTF18aaygwqd,60771.3449884,1,19.0091,0.134353,19.7262,-1
ZTF18aaygwqd,60773.2628588,1,18.9468,0.14614372,19.4696,-1
ZTF18aaygwqd,60775.4970486,1,19.0327,0.14540786,19.9668,-1
ZTF18aaygwqd,60781.4561227,1,19.0439,0.17739736,19.5299,-1
ZTF18aaygwqd,60786.3168866,1,18.9654,0.11168294,20.1659,-1
ZTF18aaygwqd,60788.3076968,1,19.0431,0.09320426,20.6541,-1
ZTF18aaygwqd,60796.3653588,1,19.0119,0.092669085,20.7784,-1
ZTF18aaygwqd,60798.3244444,1,18.9777,0.10198264,20.3709,-1
ZTF18aaygwqd,60804.4340509,1,18.9748,0.15243006,19.5137,-1
ZTF18aaygwqd,60818.3268403,1,19.0641,0.10734997,20.4644,-1
ZTF18aaygwqd,60820.3413079,1,19.0643,0.13816795,20.5134,-1
ZTF18aaygwqd,60822.4297801,1,19.1054,0.09947207,20.6191,-1
ZTF18aaygwqd,60824.2796065,1,18.9288,0.092242,20.4903,-1
ZTF18aaygwqd,60830.3935764,1,19.0111,0.096266,20.2487,-1
ZTF18aaygwqd,60849.2080093,1,19.0429,0.114451565,20.3056,-1
ZTF18aaygwqd,60855.2585648,1,19.0862,0.13790171,19.9918,-1
ZTF18aaygwqd,60857.3007292,1,19.106,0.11928183,20.3938,-1
ZTF18aaygwqd,60859.2421528,1,19.1129,0.13811336,19.994,-1
ZTF18aaygwqd,60900.1794792,1,18.9552,0.09956719,20.4938,-1
ZTF18aaygwqd,60902.2586227,1,19.1027,0.13087332,20.225,-1
ZTF18aaygwqd,60908.1812037,1,18.9925,0.13763289,20.3072,-1
ZTF18aaygwqd,60910.2261458,1,19.0462,0.119338624,20.1389,-1
ZTF18aaygwqd,60948.1404745,1,19.0586,0.11634895,20.1068,-1
ZTF18aaygwqd,60950.1340741,1,19.049,0.15520453,19.5123,-1
ZTF18aaygwqd,60953.1362269,1,19.0675,0.17626557,19.4971,-1
ZTF18aaygwqd,61020.5350231,1,19.0314,0.14763038,19.8572,-1
ZTF18aaygwqd,61022.5369792,1,18.9585,0.16244583,20.0089,-1
ZTF18aaygwqd,61025.5370023,1,19.0084,0.11478193,19.9642,-1
ZTF18aaygwqd,61027.4896759,1,19.0271,0.17921486,19.7937,-1
ZTF18aaygwqd,61030.4899769,1,19.1677,0.14798403,20.1499,-1
ZTF18aaygwqd,61049.4271875,1,19.1389,0.256346,19.1216,-1
ZTF18aaygwqd,61052.5592708,1,19.0118,0.16135918,19.6966,-1
ZTF18aaygwqd,61054.4433449,1,19.0619,0.2077453,19.6524,-1
ZTF18aaygwqd,61056.4113079,1,19.0674,0.12077161,19.8646,-1
ZTF18aaygwqd,61058.4057639,1,19.0787,0.14498071,20.0092,-1
ZTF18aaygwqd,61060.4039815,1,19.0805,0.15926792,20.1255,-1
ZTF18aaygwqd,61065.3863657,1,19.1333,0.2058074,19.7627,-1
ZTF18aaygwqd,61068.4356829,1,19.0792,0.139305,19.8367,-1
ZTF18aaygwqd,61070.5355671,1,18.9194,0.16017838,19.548,-1
ZTF18aaygwqd,61074.4842708,1,18.5122,0.1680286,18.7595,-1
ZTF18abskzjm,58361.401169,1,20.1705,0.320931,19.8365,1
ZTF18abskzjm,58364.4157407,1,19.3559,0.12828375,20.2835,1
ZTF18abskzjm,58367.4024537,1,19.0745,0.09443696,20.8934,1
ZTF18abskzjm,58370.3933102,1,18.8549,0.08350976,20.8046,1
ZTF18abskzjm,58373.3796528,1,18.8029,0.086798005,20.6845,1
ZTF18abskzjm,58376.3277546,1,18.8322,0.06031564,20.8652,1
ZTF18abskzjm,58376.3558102,2,19.7154,0.12545107,20.6921,1
ZTF18abskzjm,58379.3741088,1,18.9834,0.07047655,20.7788,1
ZTF18abskzjm,58379.3925,2,19.821,0.14303963,20.4698,1
ZTF18abskzjm,58382.4140509,1,19.1401,0.123549834,20.2629,1
ZTF18abskzjm,58428.2345486,2,20.2634,0.18557525,20.3205,-1
ZTF18abskzjm,58431.1932176,2,20.3171,0.247053,19.8569,-1
ZTF18abskzjm,58434.1939931,2,20.1995,0.2046588,20.0073,-1
ZTF18abskzjm,58437.2785648,2,20.0689,0.20769964,20.0231,-1
ZTF18abskzjm,58464.2705787,2,19.853,0.240791,19.7973,-1
ZTF18abskzjm,58487.0978472,2,19.8616,0.15699725,20.3579,-1
ZTF18abskzjm,58662.4620833,2,19.7516,0.1509716,20.3552,-1
ZTF18abskzjm,58670.4644213,2,19.8027,0.11950488,20.6243,-1
ZTF18abskzjm,58673.4484606,2,19.806,0.13448177,20.4734,-1
ZTF18abskzjm,58676.4626157,2,19.7628,0.16100287,20.5194,-1
ZTF18abskzjm,58679.4645486,2,19.8626,0.19829857,20.0522,-1
ZTF18abskzjm,58682.4378125,2,19.6842,0.1888712,19.6609,-1
ZTF18abskzjm,58685.4238657,2,19.8063,0.18291599,19.9178,-1
ZTF18abskzjm,58690.4219097,2,19.9153,0.14314547,20.1598,-1
ZTF18abskzjm,58693.4640741,2,19.8886,0.14707755,20.6469,-1
ZTF18abskzjm,58696.4637384,2,19.8833,0.11607735,20.6049,-1
ZTF18abskzjm,58699.3793171,2,19.776,0.12533927,20.5568,-1
ZTF18abskzjm,58703.4236574,2,19.7435,0.13293898,20.5307,-1
ZTF18abskzjm,58706.4016782,2,19.9163,0.13201971,20.4677,-1
ZTF18abskzjm,58709.4163542,2,19.6547,0.17640932,19.7543,-1
ZTF18abskzjm,58716.439294,2,19.909,0.289522,19.7184,-1
ZTF18abskzjm,58719.3761458,2,19.8234,0.18881334,20.0184,-1
ZTF18abskzjm,58725.48375,2,19.8319,0.122023806,20.4004,-1
ZTF18abskzjm,58730.4018171,2,19.7483,0.1322405,20.5118,-1
ZTF18abskzjm,58733.3982986,2,19.7995,0.12006356,20.5316,-1
ZTF18abskzjm,58739.3766898,2,19.7519,0.260205,19.4115,-1
ZTF18abskzjm,58744.3803472,2,19.7329,0.21258728,19.5169,-1
ZTF18abskzjm,58747.4001389,2,19.8192,0.20513873,20.1369,-1
ZTF18abskzjm,58750.3144907,2,19.8103,0.14698218,20.2362,-1
ZTF18abskzjm,58757.323831,2,19.7791,0.14152208,20.4583,-1
ZTF18abskzjm,58760.3160648,2,19.7799,0.1330681,20.3254,-1
ZTF18abskzjm,58764.4154282,2,19.8902,0.13938288,20.3176,-1
ZTF18abskzjm,58774.1997106,2,19.6906,0.229679,19.6897,-1
ZTF18abskzjm,58777.284537,2,19.831,0.20030412,19.8464,-1
ZTF18abskzjm,58788.2518519,2,19.7388,0.222706,19.8336,-1
ZTF18abskzjm,58790.1976505,2,19.6715,0.12783708,20.1937,-1
ZTF18abskzjm,58791.3413194,2,19.602,0.15978545,20.2679,-1
ZTF18abskzjm,58794.300625,2,19.7827,0.220425,19.519,-1
ZTF18abskzjm,58801.308044,2,19.5993,0.247012,19.2863,-1
ZTF18abskzjm,58811.1476157,2,19.7508,0.19282667,19.9647,-1
ZTF18abskzjm,58812.2279514,2,19.7572,0.15895307,20.4557,-1
ZTF18abskzjm,58846.1084259,2,19.8752,0.15790571,20.2243,-1
ZTF18abskzjm,58856.1457523,2,19.9265,0.237151,19.8955,-1
ZTF18abskzjm,58863.0879398,2,19.6676,0.16240707,20.1219,-1
ZTF18abskzjm,58875.0925694,2,19.658,0.258694,19.5989,-1
ZTF18abskzjm,58892.1319213,2,19.5938,0.18630698,19.7568,-1
ZTF18abskzjm,59039.4830671,2,19.7519,0.20071998,19.65,-1
ZTF18abskzjm,59048.4221296,2,19.7036,0.09956475,20.6391,-1
ZTF18abskzjm,59051.4214236,2,19.7174,0.12820233,20.3794,-1
ZTF18abskzjm,59054.4375,2,19.7309,0.1112859,20.6923,-1
ZTF18abskzjm,59057.4400463,2,19.7265,0.120006375,20.6771,-1
ZTF18abskzjm,59060.4400694,2,19.8314,0.10253891,20.874,-1
ZTF18abskzjm,59063.4162153,2,19.751,0.17105494,19.8202,-1
ZTF18abskzjm,59064.4055787,2,19.7195,0.267628,19.3563,-1
ZTF18abskzjm,59066.4606481,2,19.8792,0.217387,19.5432,-1
ZTF18abskzjm,59073.4565856,2,19.7774,0.13730723,20.2604,-1
ZTF18abskzjm,59076.395706,2,19.7979,0.111165166,20.5851,-1
ZTF18abskzjm,59076.4137731,2,19.796,0.15762113,20.3817,-1
ZTF18abskzjm,59079.4210532,2,19.8126,0.104429156,20.6724,-1
ZTF18abskzjm,59082.4604745,2,19.6356,0.227494,20.0325,-1
ZTF18abskzjm,59085.4630787,2,19.9703,0.115640685,20.7392,-1
ZTF18abskzjm,59086.3678704,2,19.8411,0.1181783,20.703,-1
ZTF18abskzjm,59088.400544,2,19.8115,0.12930855,20.5558,-1
ZTF18abskzjm,59099.3371528,2,19.6502,0.1962619,19.6146,-1
ZTF18abskzjm,59107.3087616,2,19.7563,0.14640991,20.2327,-1
ZTF18abskzjm,59110.358588,2,19.6768,0.1383138,20.3768,-1
ZTF18abskzjm,59113.3408449,2,19.8589,0.1398841,20.5635,-1
ZTF18abskzjm,59113.3468519,2,19.7959,0.11157569,20.607,-1
ZTF18abskzjm,59115.3370023,2,19.765,0.13414927,20.5552,-1
ZTF18abskzjm,59116.3360648,2,19.7725,0.1112266,20.5812,-1
ZTF18abskzjm,59116.3701852,2,19.8341,0.1129992,20.6492,-1
ZTF18abskzjm,59118.2799074,2,19.766,0.14094576,20.2415,-1
ZTF18abskzjm,59128.2568056,2,19.8512,0.218189,19.6048,-1
ZTF18abskzjm,59130.2607407,2,19.8509,0.15338813,20.3967,-1
ZTF18abskzjm,59134.3110069,2,19.8407,0.13167983,20.2344,-1
ZTF18abskzjm,59136.2963426,2,19.8217,0.12135469,20.576,-1
ZTF18abskzjm,59140.2478009,2,19.8344,0.14770177,20.6045,-1
ZTF18abskzjm,59144.2327083,2,19.9099,0.12185887,20.7885,-1
ZTF18abskzjm,59164.2790509,2,19.7196,0.15106805,20.087,-1
ZTF18abskzjm,59167.2266667,2,19.7969,0.12560983,20.1962,-1
ZTF18abskzjm,59169.2081134,2,19.7514,0.11445482,20.4459,-1
ZTF18abskzjm,59172.1506829,2,19.8921,0.13744943,20.2952,-1
ZTF18abskzjm,59174.1214236,2,19.5508,0.16009451,19.8625,-1
ZTF18abskzjm,59183.0901157,2,19.6225,0.27922,19.3008,-1
ZTF18abskzjm,59187.1496296,2,19.6171,0.21824,19.9284,-1
ZTF18abskzjm,59193.2274421,2,19.8727,0.14582485,20.0586,-1
ZTF18abskzjm,59195.2010417,2,19.824,0.15739475,20.4981,-1
ZTF18abskzjm,59199.1409954,2,19.6076,0.263056,19.5967,-1
ZTF18abskzjm,59202.1303125,2,19.7371,0.12534843,20.1801,-1
ZTF18abskzjm,59223.1103472,2,19.7192,0.14696236,20.3421,-1
ZTF18abskzjm,59227.1462616,2,19.6393,0.253569,19.5792,-1
ZTF18abskzjm,59231.1664815,2,19.7197,0.21637377,19.5418,-1
ZTF18abskzjm,59248.1231713,2,19.6569,0.19696201,19.7244,-1
ZTF18abskzjm,59250.1533912,2,19.7713,0.286813,19.2364,-1
ZTF18abskzjm,59252.1568634,2,19.6602,0.20362015,19.5448,-1
ZTF18abskzjm,59405.4347801,2,19.9463,0.16066886,20.3344,-1
ZTF18abskzjm,59410.4350231,2,19.7181,0.14051135,20.2359,-1
ZTF18abskzjm,59414.462037,2,19.8372,0.12060868,20.6406,-1
ZTF18abskzjm,59416.4204977,2,19.7995,0.321727,19.4105,-1
ZTF18abskzjm,59429.3988773,2,19.7925,0.1428861,20.3445,-1
ZTF18abskzjm,59434.3717824,2,19.7796,0.11673608,20.642,-1
ZTF18abskzjm,59436.3790278,2,19.8818,0.13880186,20.6991,-1
ZTF18abskzjm,59439.4628125,2,19.8202,0.14067107,20.5382,-1
ZTF18abskzjm,59442.423669,2,19.7858,0.11160023,20.4219,-1
ZTF18abskzjm,59446.3774653,2,19.7236,0.18971024,19.5772,-1
ZTF18abskzjm,59458.3596991,2,19.8682,0.129033,20.5928,-1
ZTF18abskzjm,59460.3371644,2,19.7785,0.113465965,20.5334,-1
ZTF18abskzjm,59462.3789468,2,19.8609,0.13899341,20.6392,-1
ZTF18abskzjm,59464.3798032,2,19.8355,0.14406657,20.6547,-1
ZTF18abskzjm,59464.3798032,2,19.8355,0.144067,20.6547,-1
ZTF18abskzjm,59466.3908681,2,19.9106,0.11593946,20.5977,-1
ZTF18abskzjm,59468.3593981,2,19.708,0.12734951,20.6237,-1
ZTF18abskzjm,59472.3941204,2,19.7916,0.114489526,20.5421,-1
ZTF18abskzjm,59474.3090394,2,19.8587,0.17506337,19.9494,-1
ZTF18abskzjm,59477.2542593,2,19.8642,0.286034,19.3398,-1
ZTF18abskzjm,59488.3321875,2,19.7594,0.123326756,20.5656,-1
ZTF18abskzjm,59497.4267477,2,19.6116,0.13066724,19.9637,-1
ZTF18abskzjm,59503.2832407,2,19.6844,0.173728,19.6731,-1
ZTF18abskzjm,59509.2588426,2,19.8886,0.19300562,19.8123,-1
ZTF18abskzjm,59517.2818866,2,19.8218,0.12812027,20.7709,-1
ZTF18abskzjm,59520.2536227,2,19.7659,0.12923062,20.4796,-1
ZTF18abskzjm,59522.3100347,2,19.8198,0.11730873,20.7001,-1
ZTF18abskzjm,59524.2467361,2,19.862,0.14249246,20.7008,-1
ZTF18abskzjm,59526.2362731,2,19.81,0.10437897,20.7891,-1
ZTF18abskzjm,59529.1919676,2,19.7603,0.12135751,20.397,-1
ZTF18abskzjm,59531.2411458,2,19.6685,0.15399468,20.006,-1
ZTF18abskzjm,59538.2601157,2,19.7855,0.18556511,19.8393,-1
ZTF18abskzjm,59542.1799769,2,19.8565,0.1576091,20.3845,-1
ZTF18abskzjm,59765.452963,2,19.9103,0.15670463,20.3896,-1
ZTF18abskzjm,59776.413044,2,19.671,0.228798,19.6059,-1
ZTF18abskzjm,59776.4601505,2,19.7149,0.237376,19.6748,-1
ZTF18abskzjm,59784.4444097,2,19.7436,0.11416362,20.7537,-1
ZTF18abskzjm,59787.4214931,2,19.8292,0.09525744,20.5252,-1
ZTF18abskzjm,59798.4447917,2,19.7533,0.14370088,20.5201,-1
ZTF18abskzjm,59801.4578704,2,19.7964,0.1590163,20.2131,-1
ZTF18abskzjm,59810.4329861,2,19.8885,0.13923715,20.1789,-1
ZTF18abskzjm,59813.3783218,2,19.8256,0.108771145,20.6249,-1
ZTF18abskzjm,59819.465,2,19.8869,0.105013326,20.845,-1
ZTF18abskzjm,59822.4717824,2,19.866,0.13179418,20.5972,-1
ZTF18abskzjm,59824.395162,2,19.7746,0.12894788,20.7725,-1
ZTF18abskzjm,59826.4253819,2,19.8354,0.12445532,20.6293,-1
ZTF18abskzjm,59843.3020023,2,19.7853,0.11643935,20.6616,-1
ZTF18abskzjm,59846.4009838,2,19.8723,0.11973206,20.6521,-1
ZTF18abskzjm,59848.3379167,2,19.8687,0.11734035,20.6192,-1
ZTF18abskzjm,59850.2945718,2,19.7846,0.11323355,20.5503,-1
ZTF18abskzjm,59852.3171528,2,19.8368,0.123652995,20.5765,-1
ZTF18abskzjm,59854.2974769,2,19.7635,0.11890142,20.7367,-1
ZTF18abskzjm,59856.3114468,2,19.7236,0.12454634,20.3253,-1
ZTF18abskzjm,59858.3173032,2,19.753,0.164709,19.8901,-1
ZTF18abskzjm,59865.3273727,2,19.9222,0.190673,19.9104,-1
ZTF18abskzjm,59867.3206134,2,19.6123,0.19346422,19.3005,-1
ZTF18abskzjm,59870.2962269,2,19.8212,0.15313846,20.5573,-1
ZTF18abskzjm,59872.3665162,2,19.6252,0.12119603,20.4248,-1
ZTF18abskzjm,59879.2741435,2,19.7019,0.11272045,20.4997,-1
ZTF18abskzjm,59896.2848148,2,19.7876,0.15313642,20.0202,-1
ZTF18abskzjm,59898.2538194,2,19.9064,0.14591333,20.3616,-1
ZTF18abskzjm,59900.233044,2,19.8342,0.25183,19.7938,-1
ZTF18abskzjm,59902.1916667,2,19.7798,0.16199219,20.1119,-1
ZTF18abskzjm,59904.1915972,2,19.791,0.1884883,20.1239,-1
ZTF18abskzjm,59906.2358218,2,19.8568,0.13401023,20.4543,-1
ZTF18abskzjm,59908.1694329,2,19.5882,0.144331,19.9413,-1
ZTF18abskzjm,59910.1731019,2,19.8285,0.1266908,20.2289,-1
ZTF18abskzjm,59913.233912,2,19.5955,0.16057068,19.9684,-1
ZTF18abskzjm,59928.1501505,2,19.6955,0.14019227,20.0409,-1
ZTF18abskzjm,59932.1848495,2,19.7622,0.11066186,20.4654,-1
ZTF18abskzjm,60124.4600463,2,19.8802,0.13398285,20.2032,-1
ZTF18abskzjm,60141.4261806,2,19.7241,0.15755484,20.3398,-1
ZTF18abskzjm,60144.3926852,2,19.8279,0.1408871,20.4575,-1
ZTF18abskzjm,60147.4622685,2,19.6565,0.13238175,20.1639,-1
ZTF18abskzjm,60150.446169,2,19.8415,0.12719187,20.6016,-1
ZTF18abskzjm,60159.4735995,2,19.7947,0.217566,19.6251,-1
ZTF18abskzjm,60168.4425463,2,19.8856,0.1259972,20.7604,-1
ZTF18abskzjm,60173.3745255,2,19.7748,0.112984926,20.6062,-1
ZTF18abskzjm,60182.4440741,2,19.7489,0.12268633,20.6148,-1
ZTF18abskzjm,60184.4633681,2,19.8438,0.12126206,20.5158,-1
ZTF18abskzjm,60191.3668519,2,19.7511,0.17929384,19.7136,-1
ZTF18abskzjm,60194.3420255,2,19.8151,0.11528472,20.4852,-1
ZTF18abskzjm,60196.3577083,2,19.8272,0.128887,20.5681,-1
ZTF18abskzjm,60200.4302662,2,19.765,0.1333865,20.7123,-1
ZTF18abskzjm,60202.318912,2,19.7866,0.12562509,20.5712,-1
ZTF18abskzjm,60204.4188657,2,19.8629,0.1164365,20.8943,-1
ZTF18abskzjm,60206.4376042,2,19.8316,0.11049707,20.5901,-1
ZTF18abskzjm,60214.2748843,2,19.8704,0.22055,19.66,-1
ZTF18abskzjm,60222.255544,2,19.8857,0.172162,19.9673,-1
ZTF18abskzjm,60227.2768403,2,19.7279,0.12650402,20.4062,-1
ZTF18abskzjm,60230.3614815,2,19.7327,0.15504132,20.2352,-1
ZTF18abskzjm,60232.2579282,2,19.8271,0.12921388,20.4572,-1
ZTF18abskzjm,60234.2483912,2,19.7397,0.11763838,20.6135,-1
ZTF18abskzjm,60236.3441319,2,19.7344,0.1212417,20.4419,-1
ZTF18abskzjm,60238.3378819,2,19.8348,0.14161353,20.5922,-1
ZTF18abskzjm,60242.2362847,2,19.6698,0.18302558,19.7981,-1
ZTF18abskzjm,60249.2261921,2,19.8485,0.308934,19.6315,-1
ZTF18abskzjm,60251.2048958,2,19.8303,0.12559752,20.3931,-1
ZTF18abskzjm,60253.2850463,2,19.7269,0.14809203,20.4837,-1
ZTF18abskzjm,60258.2730671,2,19.956,0.16480128,20.0621,-1
ZTF18abskzjm,60260.2160069,2,19.8107,0.13354196,20.363,-1
ZTF18abskzjm,60262.2598264,2,19.8415,0.111189246,20.5801,-1
ZTF18abskzjm,60268.1694676,2,19.6478,0.348993,20.3528,-1
ZTF18abskzjm,60285.1570486,2,19.7599,0.12823047,20.3528,-1
ZTF18abskzjm,60311.1324074,2,19.7388,0.138032,20.1853,-1
ZTF18abskzjm,60494.4845486,2,19.8071,0.182734,19.7434,-1
ZTF18abskzjm,60507.3940509,2,19.7499,0.13016689,20.3416,-1
ZTF18abskzjm,60513.4731019,2,19.6765,0.20742553,19.6786,-1
ZTF18abskzjm,60519.389537,2,19.7658,0.175728,20.0183,-1
ZTF18abskzjm,60519.389537,2,19.7658,0.175728,20.0183,-1
ZTF18abskzjm,60526.3997685,2,19.91,0.1167483,20.6009,-1
ZTF18abskzjm,60528.4378704,2,19.8447,0.119847484,20.5677,-1
ZTF18abskzjm,60532.3958333,2,19.8303,0.123270564,20.7411,-1
ZTF18abskzjm,60533.3787731,2,19.8248,0.1068692,20.8265,-1
ZTF18abskzjm,60535.4017593,2,19.8107,0.12099685,20.6846,-1
ZTF18abskzjm,60538.4085069,2,19.7774,0.11647212,20.6786,-1
ZTF18abskzjm,60543.4231944,2,19.663,0.226695,19.3347,-1
ZTF18abskzjm,60547.4005324,2,19.9036,0.17483218,20.1788,-1
ZTF18abskzjm,60549.3659028,2,19.7899,0.13428181,20.5478,-1
ZTF18abskzjm,60553.4337153,2,19.7581,0.11010404,20.6196,-1
ZTF18abskzjm,60556.3360069,2,19.8123,0.11795189,20.3983,-1
ZTF18abskzjm,60560.3395023,2,19.8622,0.1715861,19.8115,-1
ZTF18abskzjm,60562.3797222,2,19.8132,0.13112636,20.5355,-1
ZTF18abskzjm,60566.3790162,2,19.6971,0.17345,20.0493,-1
ZTF18abskzjm,60575.3398611,2,19.7001,0.12671079,20.0734,-1
ZTF18abskzjm,60576.4033796,2,19.8626,0.15482499,20.172,-1
ZTF18abskzjm,60577.4019329,2,19.8786,0.12511902,20.3785,-1
ZTF18abskzjm,60578.3577894,2,19.6615,0.09840252,20.511,-1
ZTF18abskzjm,60580.4559144,2,19.7695,0.13864088,20.2836,-1
ZTF18abskzjm,60585.2449884,2,19.8177,0.06967587,21.2916,-1
ZTF18abskzjm,60585.2915278,2,19.7978,0.05833823,21.4054,-1
ZTF18abskzjm,60585.3380671,2,19.8041,0.06250052,21.3574,-1
ZTF18abskzjm,60585.4178472,2,19.8364,0.100168064,20.8804,-1
ZTF18abskzjm,60585.4649074,2,19.7548,0.06396937,20.8748,-1
ZTF18abskzjm,60585.4967361,2,19.8284,0.09014398,20.5772,-1
ZTF18abskzjm,60586.1260185,2,19.6781,0.100342445,20.5296,-1
ZTF18abskzjm,60586.1735648,2,19.782,0.063834265,20.8285,-1
ZTF18abskzjm,60586.2202199,2,19.8305,0.068165,21.1987,-1
ZTF18abskzjm,60586.2667708,2,19.825,0.07411293,21.1811,-1
ZTF18abskzjm,60586.313287,2,19.7989,0.051733524,21.3553,-1
ZTF18abskzjm,60586.3598727,2,19.8117,0.06744262,21.4143,-1
ZTF18abskzjm,60586.4066088,2,19.8616,0.06283741,21.3334,-1
ZTF18abskzjm,60586.4536343,2,19.7583,0.073405,21.2241,-1
ZTF18abskzjm,60586.4898495,2,19.8927,0.0796159,20.9239,-1
ZTF18abskzjm,60592.3271412,2,19.7911,0.10378916,20.543,-1
ZTF18abskzjm,60596.3709838,2,19.8379,0.16640788,20.2793,-1
ZTF18abskzjm,60598.3185069,2,19.6287,0.255945,19.3967,-1
ZTF18abskzjm,60602.3376389,2,19.5229,0.269443,19.0571,-1
ZTF18abskzjm,60604.2203472,2,19.7821,0.15044545,20.163,-1
ZTF18abskzjm,60606.2880093,2,19.7007,0.14067662,20.3818,-1
ZTF18abskzjm,60608.3826157,2,19.7721,0.13873705,20.3721,-1
ZTF18abskzjm,60614.4230556,2,19.6914,0.177986,19.7094,-1
ZTF18abskzjm,60622.1662616,2,19.7683,0.19452238,19.9447,-1
ZTF18abskzjm,60625.3286806,2,19.7318,0.1658994,19.7713,-1
ZTF18abskzjm,60632.2283565,2,19.7766,0.14875133,19.8441,-1
ZTF18abskzjm,60634.2286574,2,19.7136,0.16778657,19.8944,-1
ZTF18abskzjm,60635.1723958,2,19.7477,0.14136294,20.4464,-1
ZTF18abskzjm,60637.2050694,2,19.7255,0.103098206,20.4375,-1
ZTF18abskzjm,60640.1307986,2,19.824,0.11711276,20.421,-1
ZTF18abskzjm,60647.1696991,2,19.7896,0.13328315,20.3189,-1
ZTF18abskzjm,60660.1855556,2,19.8427,0.225173,19.5388,-1
ZTF18abskzjm,60665.1506366,2,19.8031,0.13382475,20.2907,-1
ZTF18abskzjm,60673.1462847,2,19.5691,0.1342105,19.8142,-1
ZTF18abskzjm,60675.1665509,2,19.7268,0.149869,20.1094,-1
ZTF18abskzjm,60679.1534722,2,19.7152,0.19218662,20.0182,-1
ZTF18abskzjm,60829.4698495,2,19.8688,0.21386251,19.5032,-1
ZTF18abskzjm,60829.4736806,2,19.7292,0.249508,19.2679,-1
ZTF18abskzjm,60834.4656019,2,19.7712,0.15957318,20.0182,-1
ZTF18abskzjm,60834.4732755,2,19.7601,0.2026526,19.8411,-1
ZTF18abskzjm,60850.4330324,2,19.7225,0.158015,20.0773,-1
ZTF18abskzjm,60850.4330324,2,19.7225,0.15801495,20.0773,-1
ZTF18abskzjm,60850.4608565,2,19.7846,0.12865873,20.1853,-1
ZTF18abskzjm,60862.4662847,2,19.8226,0.1304439,20.5424,-1
ZTF18abskzjm,60863.4676389,2,19.8169,0.131531,20.5997,-1
ZTF18abskzjm,60864.4688657,2,19.7967,0.11722749,20.5822,-1
ZTF18abskzjm,60865.4659375,2,19.84,0.16735266,20.3619,-1
ZTF18abskzjm,60866.3880556,2,19.8257,0.340471,19.179,-1
ZTF18abskzjm,60868.4018981,2,19.7775,0.224038,19.3904,-1
ZTF18abskzjm,60869.4652662,2,19.8353,0.221063,19.612,-1
ZTF18abskzjm,60875.3652546,2,19.7366,0.15901887,19.7802,-1
ZTF18abskzjm,60876.4027778,2,19.6051,0.14312963,20.3586,-1
ZTF18abskzjm,60879.3868287,2,19.6524,0.168689,20.1159,-1
ZTF18abskzjm,60880.3840509,2,19.9051,0.13190922,20.4897,-1
ZTF18abskzjm,60881.4067477,2,19.832,0.11300715,20.457,-1
ZTF18abskzjm,60882.4374769,2,19.8444,0.14380598,20.2999,-1
ZTF18abskzjm,60883.4157523,2,19.734,0.09735008,20.5926,-1
ZTF18abskzjm,60884.4131597,2,19.8706,0.10726926,20.7464,-1
ZTF18abskzjm,60884.4254977,3,20.6186,0.261502,20.1423,-1
ZTF18abskzjm,60885.3455093,2,19.7939,0.13561732,20.3873,-1
ZTF18abskzjm,60886.3706481,2,19.7422,0.14273274,20.4214,-1
ZTF18abskzjm,60887.370081,2,19.9008,0.15777425,20.3446,-1
ZTF18abskzjm,60888.4040394,2,19.7814,0.120884754,20.7272,-1
ZTF18abskzjm,60888.4258333,3,20.6361,0.273519,20.2329,-1
ZTF18abskzjm,60889.3227546,2,19.8182,0.16139944,20.0291,-1
ZTF18abskzjm,60892.4363079,2,19.8047,0.12712502,20.7635,-1
ZTF18abskzjm,60894.3803819,2,19.738,0.17631389,19.8896,-1
ZTF18abskzjm,60895.4147106,2,19.6332,0.219087,19.5361,-1
ZTF18abskzjm,60902.4208912,2,19.883,0.16961043,20.2088,-1
ZTF18abskzjm,60904.377581,2,19.806,0.12146216,20.6261,-1
ZTF18abskzjm,60910.4442824,2,19.8241,0.104233995,20.6368,-1
ZTF18abskzjm,60912.440787,2,19.7643,0.128101,20.3705,-1
ZTF18abskzjm,60912.440787,2,19.7643,0.12810138,20.3705,-1
ZTF18abskzjm,60916.4117477,2,19.8069,0.11394649,20.6041,-1
ZTF18abskzjm,60918.3677199,2,19.8066,0.13165556,20.5536,-1
ZTF18abskzjm,60920.4180208,2,19.8654,0.119546466,20.4501,-1
ZTF18abskzjm,60922.3270139,2,19.7564,0.19407345,19.8109,-1
ZTF18abskzjm,60924.4209722,2,19.6649,0.220765,19.5021,-1
ZTF18abskzjm,60929.3676505,2,19.7364,0.276343,19.5503,-1
ZTF18abskzjm,60933.362419,2,19.824,0.14347525,20.4505,-1
ZTF18abskzjm,60935.402963,2,19.7835,0.12716953,20.3726,-1
ZTF18abskzjm,60942.2964005,2,19.7496,0.10626871,20.5781,-1
ZTF18abskzjm,60949.2946412,2,19.8675,0.11942035,20.4707,-1
ZTF18abskzjm,60951.3167708,2,19.8134,0.12553653,20.1927,-1
ZTF18abskzjm,60953.215081,2,19.6454,0.19364415,19.2727,-1
ZTF18abskzjm,60960.3391667,2,19.9436,0.17654283,20.1283,-1
ZTF18abskzjm,60966.2063426,2,19.8256,0.13245955,20.3798,-1
ZTF18abskzjm,60968.2952894,2,19.7842,0.12759931,20.5526,-1
ZTF18abskzjm,60970.2051157,2,19.8727,0.11867458,20.4516,-1
ZTF18abskzjm,60974.2855093,2,19.929,0.14288723,20.2703,-1
ZTF18abskzjm,60976.3004977,2,19.8501,0.137634,20.191,-1
ZTF18abskzjm,60980.3216782,2,19.6293,0.13125835,19.9841,-1
ZTF18abskzjm,60986.3082639,2,19.7581,0.1635284,19.6955,-1
ZTF18abskzjm,60988.2685301,2,19.8141,0.17570606,19.8666,-1
ZTF18abskzjm,60990.2350347,2,19.7459,0.15484221,20.3325,-1
ZTF18abskzjm,61004.2128819,2,19.8414,0.16430871,20.2416,-1
ZTF18abskzjm,61006.1779167,2,19.8739,0.220572,19.8735,-1
ZTF18abskzjm,61015.1756366,2,19.8686,0.164661,19.9152,-1
ZTF18abskzjm,61017.2234144,2,19.6108,0.119421296,20.2392,-1
ZTF18abskzjm,61023.1713426,2,19.675,0.20134762,19.797,-1
ZTF18abskzjm,61027.1459375,2,19.7942,0.1370915,20.1614,-1
ZTF18abskzjm,61031.1748495,2,19.6276,0.12675448,20.2645,-1
ZTF18abskzjm,61049.1061806,2,20.0102,0.243515,19.8534,-1
ZTF18abskzjm,61055.1072106,2,19.6367,0.14318271,19.9185,-1
ZTF18abskzjm,61059.1289005,2,19.7846,0.14383563,20.2944,-1
ZTF18abskzjm,61226.460787,2,19.7302,0.16324967,19.9803,-1
ZTF18abskzjm,61237.4525926,2,19.8086,0.12277432,20.534,-1
ZTF18abskzjm,61240.4135185,2,19.8298,0.11346436,20.5571,-1
ZTF18abskzjm,61242.4117708,2,19.7251,0.1383149,20.313,-1
ZTF18abskzjm,61243.4348264,2,19.7207,0.14416417,20.4201,-1
ZTF18abskzjm,61244.4674653,2,19.7841,0.121350095,20.6481,-1
ZTF18abskzjm,61245.4279861,2,19.8584,0.13689354,20.6716,-1
ZTF18abskzjm,61246.4452199,2,19.83,0.14471096,20.5602,-1
ZTF18abskzjm,61248.3807755,2,19.8132,0.18562879,20.0124,-1
ZTF18abskzjm,61257.4420718,2,19.7287,0.238743,19.7398,-1
ZTF18abskzjm,61259.4752662,2,19.8144,0.14168547,20.2669,-1
ZTF18abskzjm,61260.4226389,2,19.9608,0.14866525,20.5676,-1
ZTF18abskzjm,61262.3988194,2,19.7738,0.12156,20.46,-1
ZTF18abskzjm,61263.4023611,2,19.6781,0.180687,19.9174,-1
ZTF18abskzjm,61268.3596759,2,19.8069,0.10784423,20.6235,-1
ZTF18abskzjm,61269.374919,2,19.8217,0.1385995,20.4133,-1
ZTF18abskzjm,61270.3793866,2,19.8224,0.12447652,20.529,-1
ZTF18abskzjm,61271.4035764,2,19.793,0.09283509,20.7547,-1
ZTF18abskzjm,61273.4432523,2,19.7418,0.12748767,20.5044,-1
ZTF18abskzjm,61275.5202315,2,19.4381,0.17535393,19.3281,-1
ZTF18abskzjm,61277.3299769,2,19.8341,0.199379,19.8359,-1
ZTF18abskzjm,61278.3780671,2,19.7382,0.17245051,19.8203,-1
ZTF18abskzjm,61281.4226968,2,19.8901,0.289738,19.3334,-1
ZTF18abskzjm,61286.4203472,2,19.9132,0.191973,20.2164,-1
ZTF18abskzjm,61287.4186227,2,19.8045,0.1344557,20.5054,-1
ZTF18abskzjm,61288.4427662,2,19.9693,0.13864341,20.6505,-1
ZTF18abskzjm,61293.3922106,2,19.8901,0.10709181,20.7431,-1
ZTF18abskzjm,61296.4212616,2,19.8915,0.11118079,20.8448,-1
ZTF18abskzjm,61297.3580671,2,19.7906,0.104607254,20.5852,-1
ZTF18abskzjm,61298.3913889,2,19.7176,0.11598565,20.786,-1
ZTF18abskzjm,61299.3109606,2,19.7903,0.12150138,20.6224,-1
ZTF18abskzjm,61299.318669,3,20.5487,0.327923,19.9983,-1
ZTF18abskzjm,61301.3580903,2,19.7934,0.114998646,20.7119,-1
ZTF18abskzjm,61302.381412,2,19.8285,0.10385825,20.7187,-1
ZTF18abskzjm,61303.3512269,2,19.7796,0.09801258,20.7318,-1
ZTF18abskzjm,61306.3214815,2,19.831,0.16455583,20.0051,-1
ZTF18abskzjm,61308.3571412,2,19.6035,0.205839,19.5691,-1
ZTF18abskzjm,61313.2520023,2,19.7266,0.221214,19.4425,-1
ZTF18abskzjm,61314.3581944,2,19.7984,0.17830178,20.2598,-1
ZTF18abskzjm,61316.2282639,2,19.7398,0.13300826,20.2101,-1
ZTF18abvgjgb,58372.5160648,2,18.6925,0.103627674,19.6502,1
ZTF18abvgjgb,58375.5147338,2,18.6227,0.06903805,20.1155,1
ZTF18abvgjgb,58378.5088773,2,18.6145,0.06566968,19.9539,1
ZTF18abvgjgb,58382.5234259,2,18.5783,0.0897767,20.0971,1
ZTF18abvgjgb,58385.5257639,2,18.6194,0.09427435,19.5766,1
ZTF18abvgjgb,58388.5206597,2,18.5254,0.09579051,20.0643,1
ZTF18abvgjgb,58423.5171991,2,18.6285,0.06584787,20.0372,1
ZTF18abvgjgb,58426.4312616,2,18.797,0.07701325,20.3135,1
ZTF18abvgjgb,58429.5069097,2,18.7231,0.0722572,20.6682,1
ZTF18abvgjgb,58432.3866319,2,18.7365,0.077896066,20.0179,1
ZTF18abvgjgb,58432.5078819,2,18.8743,0.09071788,20.3404,1
ZTF18abvgjgb,58435.3961806,2,18.8319,0.12837301,19.721,1
ZTF18abvgjgb,58435.5175347,2,18.9486,0.171953,19.4368,1
ZTF18abvgjgb,58438.5185648,2,18.8512,0.07470688,20.5163,1
ZTF18abvgjgb,58439.3439815,2,18.9044,0.08831494,20.1449,1
ZTF18abvgjgb,58441.36,2,18.9218,0.0934364,19.9491,1
ZTF18abvgjgb,58441.4346296,2,18.9074,0.08701347,20.3592,1
ZTF18abvgjgb,58443.3944213,2,18.896,0.08706811,20.0307,1
ZTF18abvgjgb,58447.4534722,2,18.8813,0.1649412,19.3331,1
ZTF18abvgjgb,58447.5030671,2,18.9022,0.12230649,19.5005,1
ZTF18abvgjgb,58455.4558102,2,19.1415,0.09334593,20.2438,1
ZTF18abvgjgb,58455.5016088,2,19.292,0.16244031,19.5251,1
ZTF18abvgjgb,58461.5103819,2,19.1957,0.13605526,19.8802,1
ZTF18abvgjgb,58464.2970602,2,19.2449,0.14971472,19.8069,1
ZTF18abvgjgb,58471.2782292,2,19.2071,0.15430576,19.6989,1
ZTF18abvgjgb,58474.3358681,2,19.4329,0.18802,19.4109,1
ZTF18abvgjgb,58480.4244097,2,19.4973,0.15135115,19.977,1
ZTF18abvgjgb,58481.4279051,2,19.4785,0.13601324,20.327,1
ZTF18abvgjgb,58486.4525463,2,19.5657,0.14536898,20.0306,1
ZTF18abvgjgb,58490.2157292,2,19.6173,0.13903339,20.1378,1
ZTF18abvgjgb,58493.2450463,1,20.6966,0.343564,20.4255,-1
ZTF18abvgjgb,58493.2756713,2,19.6232,0.115284204,20.3898,1
ZTF18abvgjgb,58508.1937037,1,20.3348,0.20277767,20.4586,-1
ZTF18abvgjgb,58508.2398611,2,19.7154,0.1702956,20.3142,1
ZTF18abvgjgb,58508.2858333,2,19.9562,0.235485,19.9242,1
ZTF18abvgjgb,58511.1738889,1,20.2443,0.202884,20.3478,-1
ZTF18abvgjgb,58522.1803356,1,20.3478,0.17340451,20.6162,-1
ZTF18abvgjgb,58522.2255671,2,19.7816,0.11334734,20.6546,1
ZTF18abvgjgb,58526.2241667,2,19.932,0.21331121,19.9515,1
ZTF18abvgjgb,58547.2888542,1,20.2477,0.21283898,20.5103,-1
ZTF18abvgjgb,58567.145625,2,20.1006,0.18766291,20.3892,1
ZTF18abvgjgb,58567.1925,1,20.243,0.17440999,20.5775,-1
ZTF18abvgjgb,58572.1935417,1,19.8855,0.19803457,19.7582,-1
ZTF18abvgjgb,58581.2052894,1,20.1506,0.18630536,20.4519,-1
ZTF18abvgjgb,58584.1582755,2,20.0227,0.252442,20.0464,1
ZTF18abvgjgb,58584.211794,1,20.0669,0.20638505,20.0406,-1
ZTF18abvgjgb,58598.2077662,1,20.2708,0.17950216,20.5095,-1
ZTF18abvgjgb,58602.1850694,1,20.0928,0.1710748,20.5329,-1
ZTF18abvgjgb,58606.1523843,1,20.0431,0.16118804,20.1325,-1
ZTF18abvgjgb,58609.1557523,2,20.2755,0.31895,19.8596,1
ZTF18abvgjgb,58609.1834722,1,19.9071,0.20247146,20.1523,-1
ZTF18abvgjgb,58733.4910648,1,19.7137,0.223983,19.6456,-1
ZTF18abvgjgb,58733.5096296,2,20.1698,0.306947,19.8558,1
ZTF18abvgjgb,58736.4903356,1,19.7533,0.20484164,20.0736,-1
ZTF18abvgjgb,58748.515081,1,19.9455,0.17783728,19.7775,-1
ZTF18abvgjgb,58756.4699421,1,20.0112,0.18747428,20.2056,-1
ZTF18abvgjgb,58758.5106597,1,19.8658,0.123757534,20.5851,-1
ZTF18abvgjgb,58759.4719907,1,19.784,0.13798222,20.3729,-1
ZTF18abvgjgb,58763.4737153,1,19.8705,0.12862459,20.6054,-1
ZTF18abvgjgb,58766.4662963,1,19.8599,0.15008242,20.4595,-1
ZTF18abvgjgb,58767.4514236,1,19.9634,0.282458,19.4394,-1
ZTF18abvgjgb,58779.5038079,1,19.6933,0.12089881,20.2999,-1
ZTF18abvgjgb,58785.4625116,1,19.8446,0.16351329,20.3831,-1
ZTF18abvgjgb,58788.5050463,1,19.7416,0.116056636,20.6349,-1
ZTF18abvgjgb,58791.5248611,1,19.7348,0.118836015,20.8061,-1
ZTF18abvgjgb,58796.5467708,1,19.9065,0.15255696,20.3591,-1
ZTF18abvgjgb,58802.5435417,1,19.4714,0.16021335,19.5444,-1
ZTF18abvgjgb,58827.5496991,1,19.7945,0.12532206,20.4123,-1
ZTF18abvgjgb,58836.4067361,1,19.7316,0.15220776,20.5122,-1
ZTF18abvgjgb,58846.5002083,1,19.7834,0.12276632,20.5428,-1
ZTF18abvgjgb,58849.4679861,1,19.6825,0.16997424,20.4106,-1
ZTF18abvgjgb,58850.4240509,1,19.6807,0.18565829,20.0959,-1
ZTF18abvgjgb,58852.4759838,1,19.8543,0.14192627,20.8198,-1
ZTF18abvgjgb,58853.457581,1,19.8252,0.11895939,20.7974,-1
ZTF18abvgjgb,58854.4845023,1,19.8525,0.236309,19.8535,-1
ZTF18abvgjgb,58855.4405208,1,19.8684,0.2098264,19.9526,-1
ZTF18abvgjgb,58864.2060995,1,19.8415,0.13509539,20.6783,-1
ZTF18abvgjgb,58867.3901273,1,19.7233,0.15557952,20.5382,-1
ZTF18abvgjgb,58879.2187963,1,19.8428,0.15472546,20.3028,-1
ZTF18abvgjgb,58891.2496528,1,19.9491,0.18311328,20.0845,-1
ZTF18abvgjgb,58895.2012847,1,19.7756,0.12108526,20.6844,-1
ZTF18abvgjgb,58898.1903935,1,19.7446,0.09748011,20.7722,-1
ZTF18abvgjgb,58900.2957755,1,19.7712,0.13000987,20.5613,-1
ZTF18abvgjgb,58903.271412,1,19.7827,0.11126156,20.8326,-1
ZTF18abvgjgb,58903.282581,1,19.7265,0.12056661,20.743,-1
ZTF18abvgjgb,58904.1637269,1,19.7885,0.15054598,20.6027,-1
ZTF18abvgjgb,58906.2756713,1,19.7025,0.131998,20.493,-1
ZTF18abvgjgb,58909.2128009,1,19.7078,0.17927234,20.1915,-1
ZTF18abvgjgb,58944.1926505,1,19.5642,0.20894736,19.4102,-1
ZTF18abvgjgb,58963.1645255,1,19.7452,0.109524444,20.75,-1
ZTF18abvgjgb,58963.1724306,1,19.8058,0.12851976,20.6447,-1
ZTF18abvgjgb,58971.2347917,1,19.5181,0.18914972,19.2524,-1
ZTF18abvgjgb,58979.2324074,1,19.6298,0.21379943,19.5182,-1
ZTF18abvgjgb,59128.4503356,1,19.5085,0.241044,19.2105,-1
ZTF18abvgjgb,59135.4448843,1,19.7917,0.11432978,20.469,-1
ZTF18abvgjgb,59137.4652546,1,19.7023,0.12996386,20.4864,-1
ZTF18abvgjgb,59139.4450463,1,19.8718,0.1538215,20.3043,-1
ZTF18abvgjgb,59141.4759028,1,19.7443,0.10159508,20.7522,-1
ZTF18abvgjgb,59143.5108102,1,19.7661,0.112198934,20.8508,-1
ZTF18abvgjgb,59145.4682292,1,19.7698,0.1375624,20.7157,-1
ZTF18abvgjgb,59149.5141319,1,19.6795,0.13524202,20.4421,-1
ZTF18abvgjgb,59150.4520949,1,19.7917,0.1500266,20.098,-1
ZTF18abvgjgb,59152.5406829,1,19.8098,0.163361,20.2764,-1
ZTF18abvgjgb,59155.5070718,1,19.7314,0.230923,19.6175,-1
ZTF18abvgjgb,59157.5058912,1,19.8101,0.213233,19.6029,-1
ZTF18abvgjgb,59163.4409606,1,19.8581,0.1310338,20.3998,-1
ZTF18abvgjgb,59165.4445602,1,19.758,0.1080702,20.7396,-1
ZTF18abvgjgb,59168.4653356,1,19.7625,0.108573884,20.699,-1
ZTF18abvgjgb,59170.4432986,1,19.846,0.117978945,20.6923,-1
ZTF18abvgjgb,59173.4440741,1,19.8004,0.11216703,20.6492,-1
ZTF18abvgjgb,59175.4480208,1,19.6092,0.20383684,19.5166,-1
ZTF18abvgjgb,59180.4990972,1,19.8381,0.204361,20.1384,-1
ZTF18abvgjgb,59182.545706,1,19.8517,0.19913948,19.6043,-1
ZTF18abvgjgb,59185.4438657,1,19.8816,0.312522,19.3261,-1
ZTF18abvgjgb,59194.4186574,1,19.8416,0.1675069,20.2123,-1
ZTF18abvgjgb,59196.4192014,1,19.7671,0.11724,20.4154,-1
ZTF18abvgjgb,59199.3585648,1,19.7425,0.1207066,20.5056,-1
ZTF18abvgjgb,59204.4568403,1,19.7545,0.10453697,20.7185,-1
ZTF18abvgjgb,59216.4470486,1,19.9339,0.21282901,19.5186,-1
ZTF18abvgjgb,59220.3287847,1,19.8218,0.147952,20.4943,-1
ZTF18abvgjgb,59222.4148727,1,19.8405,0.10838959,20.8182,-1
ZTF18abvgjgb,59224.435,1,19.8388,0.15022352,20.2117,-1
ZTF18abvgjgb,59226.3498727,1,19.7364,0.147236,20.4734,-1
ZTF18abvgjgb,59228.2785648,1,19.769,0.103021175,20.7905,-1
ZTF18abvgjgb,59230.4137963,1,19.6866,0.125805,20.6787,-1
ZTF18abvgjgb,59232.3838542,1,19.7443,0.11363164,20.7519,-1
ZTF18abvgjgb,59248.2280787,1,19.7302,0.12226789,20.6563,-1
ZTF18abvgjgb,59250.2609028,1,19.7817,0.12635903,20.5087,-1
ZTF18abvgjgb,59252.2668634,1,19.7146,0.12273318,20.9085,-1
ZTF18abvgjgb,59254.2274769,1,19.7966,0.108859725,20.8215,-1
ZTF18abvgjgb,59256.2958565,1,19.8748,0.14330372,20.6133,-1
ZTF18abvgjgb,59263.277338,1,19.7569,0.217996,20.1099,-1
ZTF18abvgjgb,59265.3916435,1,19.7956,0.14304206,20.3955,-1
ZTF18abvgjgb,59273.1743866,1,19.8305,0.337517,19.2991,-1
ZTF18abvgjgb,59275.173044,1,19.7556,0.12008699,20.5836,-1
ZTF18abvgjgb,59278.2132639,1,19.7503,0.18105419,20.2322,-1
ZTF18abvgjgb,59293.153669,1,19.9762,0.16956697,20.2749,-1
ZTF18abvgjgb,59301.2135648,1,19.6897,0.245223,19.3583,-1
ZTF18abvgjgb,59303.1958333,1,19.9277,0.17811719,19.87,-1
ZTF18abvgjgb,59306.1824074,1,19.6861,0.10555796,20.7441,-1
ZTF18abvgjgb,59308.2476042,1,19.7475,0.12135725,20.4613,-1
ZTF18abvgjgb,59310.2228241,1,19.7183,0.1493838,20.2073,-1
ZTF18abvgjgb,59312.2071991,1,19.6754,0.12469627,20.4382,-1
ZTF18abvgjgb,59314.2174653,1,19.7702,0.118392915,20.453,-1
ZTF18abvgjgb,59316.2190972,1,19.7388,0.10684653,20.662,-1
ZTF18abvgjgb,59319.1745255,1,19.7481,0.13471344,20.4614,-1
ZTF18abvgjgb,59338.1831829,1,19.8384,0.15010165,20.2974,-1
ZTF18abvgjgb,59475.4716435,1,19.7858,0.18878663,20.0557,-1
ZTF18abvgjgb,59479.488669,1,19.9212,0.291151,19.3935,-1
ZTF18abvgjgb,59489.4880903,1,19.7788,0.13974567,20.3136,-1
ZTF18abvgjgb,59489.4880903,1,19.7788,0.139746,20.3136,-1
ZTF18abvgjgb,59500.4568056,1,19.8379,0.18832861,20.286,-1
ZTF18abvgjgb,59503.4967477,1,19.8344,0.14159802,20.4023,-1
ZTF18abvgjgb,59509.4011458,1,19.7106,0.231226,19.5844,-1
ZTF18abvgjgb,59518.3599884,1,19.8111,0.13532887,20.5704,-1
ZTF18abvgjgb,59522.4559838,1,19.7196,0.10274155,20.8175,-1
ZTF18abvgjgb,59524.5095139,1,19.8286,0.109733716,20.9112,-1
ZTF18abvgjgb,59526.4494676,1,19.7477,0.083394,20.8416,-1
ZTF18abvgjgb,59529.3915278,1,19.7137,0.15618886,20.3868,-1
ZTF18abvgjgb,59531.380625,1,19.7936,0.12608209,20.6327,-1
ZTF18abvgjgb,59538.3948843,1,19.6705,0.231245,19.4186,-1
ZTF18abvgjgb,59550.2823727,1,19.8581,0.20225213,19.9864,-1
ZTF18abvgjgb,59629.3864699,1,19.7621,0.284513,19.2683,-1
ZTF18abvgjgb,59636.191088,1,19.6719,0.09613731,20.5924,-1
ZTF18abvgjgb,59640.3042593,1,19.7457,0.11260931,20.6236,-1
ZTF18abvgjgb,59672.1544329,1,19.717,0.108115576,20.8729,-1
ZTF18abvgjgb,59672.1544329,1,19.7221,0.111325,20.9101,-1
ZTF18abvgjgb,59674.1800231,1,19.7472,0.1398402,20.5416,-1
ZTF18abvgjgb,59682.1740856,1,19.6835,0.232609,19.5212,-1
ZTF18abvgjgb,59684.2643634,1,19.3368,0.268454,19.0431,-1
ZTF18abvgjgb,59695.1868519,1,19.8312,0.15735112,20.232,-1
ZTF18abvgjgb,59697.196169,1,19.7608,0.15620896,20.304,-1
ZTF18abvgjgb,59700.1949884,1,19.6619,0.1503249,20.2115,-1
ZTF18abvgjgb,59846.5028125,1,19.8154,0.117080204,20.5746,-1
ZTF18abvgjgb,59853.501956,1,19.789,0.11280372,20.8611,-1
ZTF18abvgjgb,59856.445706,1,19.7975,0.13441917,20.4406,-1
ZTF18abvgjgb,59858.4681597,1,19.7261,0.11504286,20.6846,-1
ZTF18abvgjgb,59860.5051505,1,19.7931,0.13789654,20.1615,-1
ZTF18abvgjgb,59866.4757986,1,19.7115,0.17278129,19.8092,-1
ZTF18abvgjgb,59872.466412,1,19.7938,0.17396256,20.2322,-1
ZTF18abvgjgb,59874.463912,1,19.7228,0.10312038,20.8692,-1
ZTF18abvgjgb,59878.4358449,1,19.7669,0.12851425,20.5588,-1
ZTF18abvgjgb,59880.4321296,1,19.6576,0.119977355,20.4152,-1
ZTF18abvgjgb,59883.4859144,1,19.798,0.12571318,20.7006,-1
ZTF18abvgjgb,59903.3916319,1,19.7103,0.14281596,20.3596,-1
ZTF18abvgjgb,59905.4025116,1,19.9484,0.341468,19.5194,-1
ZTF18abvgjgb,59908.4143403,1,19.6266,0.10776215,20.5038,-1
ZTF18abvgjgb,59910.4222454,1,19.871,0.108687535,20.7157,-1
ZTF18abvgjgb,59930.3690046,1,19.7793,0.13043368,20.4513,-1
ZTF18abvgjgb,59935.35375,1,19.7144,0.12472866,20.7667,-1
ZTF18abvgjgb,59937.3741898,1,19.8218,0.14676088,20.3972,-1
ZTF18abvgjgb,59958.308287,1,19.593,0.13922122,20.4322,-1
ZTF18abvgjgb,59967.3202778,1,19.8215,0.214744,19.9646,-1
ZTF18abvgjgb,59969.2738657,1,19.6948,0.10825567,20.4559,-1
ZTF18abvgjgb,59971.3620718,1,19.7146,0.14664711,20.3627,-1
ZTF18abvgjgb,59984.2046991,1,19.596,0.19134492,19.5221,-1
ZTF18abvgjgb,59987.3485301,1,19.8247,0.15293606,20.2726,-1
ZTF18abvgjgb,60013.2794329,1,19.6473,0.18006894,19.7788,-1
ZTF18abvgjgb,60020.2110417,1,19.657,0.09967673,20.7724,-1
ZTF18abvgjgb,60031.1955093,1,19.7556,0.14711095,20.2934,-1
ZTF18abvgjgb,60045.1773148,1,19.7097,0.111450866,20.7802,-1
ZTF18abvgjgb,60049.1868287,1,19.6919,0.13083129,20.6531,-1
ZTF18abvgjgb,60051.1953935,1,19.7254,0.12302352,20.8011,-1
ZTF18abvgjgb,60055.1787384,1,19.6773,0.12270576,20.5293,-1
ZTF18abvgjgb,60057.2001968,1,19.7592,0.10354291,20.4471,-1
ZTF18abvgjgb,60059.1666088,1,19.7905,0.19183935,19.9726,-1
ZTF18abvgjgb,60228.4232986,1,19.7643,0.15618378,20.3211,-1
ZTF18abvgjgb,60232.4507523,1,19.7816,0.14757057,20.6304,-1
ZTF18abvgjgb,60234.4491319,1,19.833,0.13789561,20.5788,-1
ZTF18abvgjgb,60236.4327431,1,19.7893,0.12917447,20.4843,-1
ZTF18abvgjgb,60238.4238079,1,19.723,0.12256589,20.5679,-1
ZTF18abvgjgb,60241.4693981,1,19.9439,0.15983328,20.293,-1
ZTF18abvgjgb,60254.4773958,1,19.6247,0.13272622,20.2709,-1
ZTF18abvgjgb,60258.4058796,1,19.89,0.1739556,20.2506,-1
ZTF18abvgjgb,60260.4752662,1,19.8605,0.11904665,20.6222,-1
ZTF18abvgjgb,60262.456412,1,19.654,0.107659705,20.8031,-1
ZTF18abvgjgb,60287.2996644,1,19.8445,0.14694248,20.2923,-1
ZTF18abvgjgb,60289.3632755,1,19.6365,0.124829985,20.6192,-1
ZTF18abvgjgb,60292.4627546,1,19.7783,0.07065999,21.0309,-1
ZTF18abvgjgb,60292.503831,1,19.7929,0.080287896,21.0249,-1
ZTF18abvgjgb,60292.5433102,1,19.6282,0.07876985,20.8793,-1
ZTF18abvgjgb,60293.3609144,1,19.7341,0.08334967,20.6655,-1
ZTF18abvgjgb,60293.4792014,1,19.7259,0.07673569,20.8965,-1
ZTF18abvgjgb,60293.4986111,1,19.7434,0.07905989,20.8636,-1
ZTF18abvgjgb,60294.3722569,1,19.8698,0.1329901,20.2917,-1
ZTF18abvgjgb,60294.421794,1,19.6575,0.13990384,20.0214,-1
ZTF18abvgjgb,60294.4967593,1,19.8715,0.1800658,20.0448,-1
ZTF18abvgjgb,60295.4602083,1,19.8135,0.27925,19.5999,-1
ZTF18abvgjgb,60311.4478588,1,19.7231,0.1585175,20.1978,-1
ZTF18abvgjgb,60315.4213426,1,19.7914,0.11765289,20.3912,-1
ZTF18abvgjgb,60323.4228704,1,19.7638,0.18997437,20.1304,-1
ZTF18abvgjgb,60325.2586806,1,19.8364,0.14281762,20.5169,-1
ZTF18abvgjgb,60327.3365162,1,19.6623,0.1308465,20.4016,-1
ZTF18abvgjgb,60340.3853704,1,19.8991,0.315387,19.3292,-1
ZTF18abvgjgb,60352.2536227,1,19.7491,0.08530477,20.6006,-1
ZTF18abvgjgb,60354.2499074,1,19.7322,0.1514103,20.3856,-1
ZTF18abvgjgb,60357.400081,1,19.7488,0.12510358,20.5604,-1
ZTF18abvgjgb,60391.194456,1,19.7558,0.240393,19.7171,-1
ZTF18abvgjgb,60397.1408333,1,19.6658,0.13896863,20.6721,-1
ZTF18abvgjgb,60403.3043403,1,19.6845,0.13113576,20.1521,-1
ZTF18abvgjgb,60407.2022106,1,19.805,0.13692,20.4556,-1
ZTF18abvgjgb,60419.1576852,1,19.8301,0.190702,20.0107,-1
ZTF18abvgjgb,60421.2662269,1,19.3816,0.239539,19.0248,-1
ZTF18abvgjgb,60429.1810301,1,19.7289,0.1590025,20.2975,-1
ZTF18abvgjgb,60433.228588,1,19.742,0.16222756,20.1742,-1
ZTF18abvgjgb,60593.5130556,1,19.669,0.16684598,20.1765,-1
ZTF18abvgjgb,60595.4451157,1,19.692,0.15327904,20.3809,-1
ZTF18abvgjgb,60597.4238194,1,19.6521,0.1929421,19.7575,-1
ZTF18abvgjgb,60604.3922801,1,19.696,0.254544,19.5922,-1
ZTF18abvgjgb,60609.4123032,1,19.6779,0.15265182,20.2776,-1
ZTF18abvgjgb,60615.4271759,1,19.695,0.12171245,20.6306,-1
ZTF18abvgjgb,60619.4961921,1,19.7789,0.11502223,20.4045,-1
ZTF18abvgjgb,60621.4560185,1,19.6873,0.1657171,20.0037,-1
ZTF18abvgjgb,60623.4541667,1,19.8464,0.13767253,20.6759,-1
ZTF18abvgjgb,60624.4720486,1,19.7317,0.12009745,20.6738,-1
ZTF18abvgjgb,60649.4585417,1,19.7397,0.115423046,20.7601,-1
ZTF18abvgjgb,60651.5068634,1,19.6404,0.114082,20.4669,-1
ZTF18abvgjgb,60653.3082755,1,19.6975,0.139381,20.0679,-1
ZTF18abvgjgb,60663.4186227,1,19.745,0.239684,19.9438,-1
ZTF18abvgjgb,60665.3812153,1,19.7123,0.13486017,20.4032,-1
ZTF18abvgjgb,60671.4645023,1,19.7785,0.230319,19.8272,-1
ZTF18abvgjgb,60676.3386574,1,19.8622,0.14135405,20.5158,-1
ZTF18abvgjgb,60676.3386574,1,19.8622,0.141354,20.5158,-1
ZTF18abvgjgb,60678.2142014,1,19.7064,0.1610841,20.1205,-1
ZTF18abvgjgb,60680.3262037,1,19.7281,0.15041292,20.3524,-1
ZTF18abvgjgb,60693.2576736,1,19.6796,0.13633922,19.9694,-1
ZTF18abvgjgb,60695.2549653,1,19.7369,0.11993937,20.6935,-1
ZTF18abvgjgb,60698.2223264,1,19.9469,0.221007,19.9227,-1
ZTF18abvgjgb,60714.4400347,1,19.3062,0.331245,18.8774,-1
ZTF18abvgjgb,60722.2595718,1,19.7443,0.254426,19.6814,-1
ZTF18abvgjgb,60726.3608912,1,19.8354,0.1263765,20.4152,-1
ZTF18abvgjgb,60728.2353009,1,19.719,0.111288,20.6145,-1
ZTF18abvgjgb,60730.3115162,1,19.7161,0.1367105,20.3877,-1
ZTF18abvgjgb,60732.2019676,1,19.6297,0.099613,20.6679,-1
ZTF18abvgjgb,60734.2918056,1,19.5962,0.17252721,19.9612,-1
ZTF18abvgjgb,60756.2372569,1,19.6822,0.122803,20.5224,-1
ZTF18abvgjgb,60758.2490509,1,19.7468,0.13634345,20.4378,-1
ZTF18abvgjgb,60760.253044,1,19.8797,0.12627289,20.7786,-1
ZTF18abvgjgb,60780.2448032,1,19.8647,0.280865,19.3476,-1
ZTF18abvgjgb,60785.1661343,1,19.7505,0.13013177,20.2893,-1
ZTF18abvgjgb,60787.2352662,1,19.6627,0.1622334,20.0708,-1
ZTF18abvgjgb,60918.5146875,2,19.8275,0.309601,19.3105,-1
ZTF18abvgjgb,60919.5141204,2,19.908,0.271891,19.5444,-1
ZTF18abvgjgb,60922.5071065,2,20.1177,0.24119,20.0042,-1
ZTF18abvgjgb,60922.5110185,2,20.0,0.220472,19.854,-1
ZTF18abvgjgb,60922.5159491,2,19.9681,0.304271,19.6961,-1
ZTF18abvgjgb,60925.5078704,2,19.6368,0.301212,19.3698,-1
ZTF18abvgjgb,60925.5159722,2,19.7851,0.301121,19.4008,-1
ZTF18abvgjgb,60927.5146644,2,19.9286,0.391449,19.3747,-1
ZTF18abvgjgb,60929.5080787,2,19.967,0.271283,19.5901,-1
ZTF18abvgjgb,60929.5120602,2,19.9059,0.269994,19.6221,-1
ZTF18abvgjgb,60930.5084606,2,20.0921,0.272513,19.8014,-1
ZTF18abvgjgb,60930.5124537,2,19.7749,0.232975,19.897,-1
ZTF18abvgjgb,60930.5164468,2,19.8863,0.294466,19.8683,-1
ZTF18abvgjgb,60948.456713,1,19.7408,0.14325427,20.4019,-1
ZTF18abvgjgb,61020.3827315,1,19.7158,0.13688405,20.3595,-1
ZTF18abvgjgb,61026.4223727,1,19.7661,0.11859999,20.7367,-1
ZTF18abvgjgb,61029.446794,1,19.7995,0.15347296,20.8377,-1
ZTF18abvgjgb,61031.3534144,1,19.7372,0.108002834,20.813,-1
ZTF18abvgjgb,61038.3815162,1,19.7779,0.16190657,20.2282,-1
ZTF18abvgjgb,61051.4294329,1,19.5493,0.20277986,20.0572,-1
ZTF18abvgjgb,61055.4014815,1,19.8178,0.218244,19.9823,-1
ZTF18abvgjgb,61057.3985185,1,19.5647,0.270581,19.6264,-1
ZTF18abvgjgb,61059.3548727,1,19.6878,0.12011029,20.6643,-1
ZTF18abvgjgb,61061.2538194,1,19.6354,0.1100528,20.5373,-1
ZTF18abvgjgb,61075.1539815,1,19.6767,0.16279903,19.8345,-1
ZTF18abvgjgb,61079.2426273,1,19.7434,0.109565146,20.5054,-1
ZTF18abvgjgb,61079.2435648,1,19.7642,0.117355905,20.5402,-1
ZTF18abvgjgb,61080.2547685,1,19.7449,0.12312632,20.4446,-1
ZTF18abvgjgb,61080.2557176,1,19.722,0.117509775,20.468,-1
ZTF18abvgjgb,61085.2477315,1,19.8495,0.1485755,20.6151,-1
ZTF18abvgjgb,61086.2273843,1,19.7421,0.21047726,19.9022,-1
ZTF18abvgjgb,61093.2701389,1,19.8409,0.13933264,20.3712,-1
ZTF18abvgjgb,61094.1787616,1,19.7588,0.13119982,20.3771,-1
ZTF18abvgjgb,61095.2342245,1,19.8556,0.1831531,20.4056,-1
ZTF18abvgjgb,61096.1851736,1,19.7504,0.1701253,20.1323,-1
ZTF18abvgjgb,61102.2889236,1,19.4649,0.227408,19.2162,-1
ZTF18abvgjgb,61105.2100926,1,19.7436,0.14372244,20.084,-1
ZTF18abvgjgb,61106.1919444,1,19.6647,0.15668176,20.26,-1
ZTF18abvgjgb,61107.2595139,1,19.7791,0.26213,19.945,-1
ZTF18abvgjgb,61112.1661458,1,19.7901,0.16142005,20.5941,-1
ZTF18abvgjgb,61113.2258449,1,19.4322,0.267172,19.355,-1
ZTF18abvgjgb,61114.2623264,1,19.6582,0.11568585,20.5628,-1
ZTF18abvgjgb,61116.2562153,1,19.7227,0.12647961,20.3219,-1
ZTF18abvgjgb,61119.2556829,1,19.6329,0.11342997,20.6223,-1
ZTF18abvgjgb,61122.3036227,1,19.7446,0.14510612,20.3663,-1
ZTF18abvgjgb,61123.1453819,1,19.6316,0.13482007,20.4101,-1
ZTF18abvgjgb,61124.1923148,1,19.7486,0.17232388,20.3965,-1
ZTF18abvgjgb,61128.1916435,1,19.647,0.223874,19.4511,-1
ZTF18abvgjgb,61129.2290625,1,19.7046,0.225684,19.321,-1
ZTF18abvgjgb,61132.1564931,1,19.7021,0.235879,19.4546,-1
ZTF18abvgjgb,61135.2071065,1,19.791,0.11700975,20.3776,-1
ZTF18abvgjgb,61137.2376389,1,19.7038,0.11781155,20.4996,-1
ZTF18abvgjgb,61138.1984838,1,19.7881,0.12729137,20.4647,-1
ZTF18abvgjgb,61139.2240509,1,19.6412,0.15456206,20.31,-1
ZTF18abvgjgb,61140.234838,1,19.733,0.1901841,20.359,-1
ZTF18abvgjgb,61149.1578935,1,19.8225,0.1667778,20.0608,-1
ZTF18abvgjgb,61162.1649884,1,19.6419,0.21137804,19.6729,-1
ZTF18abvgjgb,61301.514213,2,20.0583,0.20966282,20.2033,-1
ZTF18abvgjgb,61305.5144676,2,19.9952,0.17751151,20.3968,-1
ZTF18acbujhw,58422.2704398,1,18.4986,0.087753534,20.2012,1
ZTF18acbujhw,58422.3277894,2,17.6495,0.043992203,20.1076,1
ZTF18acbujhw,58425.2938889,2,17.1677,0.04016305,20.55,1
ZTF18acbujhw,58425.3877083,1,17.9819,0.06682892,20.7654,1
ZTF18acbujhw,58425.3881597,1,17.9604,0.059484083,20.7521,1
ZTF18acbujhw,58426.3402662,1,17.8625,0.049132787,20.7074,1
ZTF18acbujhw,58427.2981597,1,17.6616,0.075356774,19.6262,1
ZTF18acbujhw,58428.2213542,1,17.704,0.044139702,20.6824,1
ZTF18acbujhw,58428.2879861,2,16.902,0.039800152,20.529,1
ZTF18acbujhw,58428.2958912,1,17.6755,0.06372855,20.8463,1
ZTF18acbujhw,58430.2777546,1,17.6401,0.039421253,20.9685,1
ZTF18acbujhw,58431.2406829,1,17.546,0.06952,19.9761,1
ZTF18acbujhw,58431.2415972,1,17.6569,0.05483177,20.1973,1
ZTF18acbujhw,58431.2758333,2,17.0314,0.03757308,19.7436,1
ZTF18acbujhw,58431.2847454,2,16.9015,0.041538488,19.8462,1
ZTF18acbujhw,58434.2642824,1,17.6751,0.046273142,20.3721,1
ZTF18acbujhw,58434.2656944,1,17.6792,0.055499796,20.3185,1
ZTF18acbujhw,58434.295,2,16.8804,0.03510163,20.17,1
ZTF18acbujhw,58434.3084838,2,17.0561,0.036560412,20.2097,1
ZTF18acbujhw,58437.244294,1,17.8126,0.04944834,20.2718,1
ZTF18acbujhw,58437.2972222,2,17.2066,0.041522905,20.4584,1
ZTF18acbujhw,58437.3009606,2,17.0207,0.03658149,20.3413,1
ZTF18acbujhw,58437.4039699,1,17.8771,0.042697076,20.2925,1
ZTF18acbujhw,58441.2668519,1,18.109,0.06977251,19.7898,1
ZTF18acbujhw,58441.2935185,2,17.299,0.056899924,19.4904,1
ZTF18acbujhw,58441.3035417,2,17.598,0.058571767,19.4936,1
ZTF18acbujhw,58447.3496065,2,17.5389,0.04484746,19.5858,1
ZTF18acbujhw,58447.3553356,2,17.9103,0.070617184,19.4413,1
ZTF18acbujhw,58450.2569097,1,19.0869,0.212166,19.1181,1
ZTF18acbujhw,58455.3018981,2,17.7425,0.053999845,20.3964,1
ZTF18acbujhw,58455.3037384,2,18.1725,0.06961935,20.1174,1
ZTF18acbujhw,58456.2017245,2,18.3425,0.07929632,20.3685,1
ZTF18acbujhw,58457.1825579,2,18.4067,0.07182869,19.8851,1
ZTF18acbujhw,58461.262581,2,19.1514,0.121079,20.3878,1
ZTF18acbujhw,58461.2653819,2,18.1812,0.058267698,20.4672,1
ZTF18acbujhw,58464.2785301,2,19.4157,0.15310887,20.222,1
ZTF18acbujhw,58464.2804398,2,18.4085,0.06425948,20.335,1
ZTF18acbujhw,58474.1189931,1,19.8459,0.258944,19.4144,1
ZTF18acbujhw,58474.3048958,2,18.8668,0.10674825,19.2821,1
ZTF18acbujhw,58480.2689468,1,20.0655,0.242539,20.1557,1
ZTF18acbujhw,58480.2763773,1,20.2958,0.246587,20.2455,1
ZTF18acbujhw,58480.304537,2,19.1208,0.11919483,19.8444,1
ZTF18acbujhw,58483.0972685,2,19.203,0.10120947,20.7053,1
ZTF18acbujhw,58483.1467708,1,20.3621,0.270865,20.6144,1
ZTF18acbujhw,58483.1612037,1,20.4099,0.266549,20.5491,1
ZTF18acbujhw,58483.1744213,1,20.529,0.253729,20.5169,1
ZTF18acbujhw,58486.1190509,2,19.9373,0.18665966,20.2881,-1
ZTF18acbujhw,58490.1629745,2,19.8168,0.208592,20.5442,-1
ZTF18acbujhw,58493.1310069,2,19.7275,0.1622971,20.5022,-1
ZTF18acbujhw,58493.1461458,2,19.5814,0.12528145,20.538,1
ZTF18acbujhw,58510.1595949,1,20.5761,0.354884,20.3274,1
ZTF18acbujhw,58523.1537153,2,19.1333,0.12802985,20.2495,-1
ZTF18acbujhw,58538.1104282,2,19.0028,0.14123744,19.779,-1
ZTF18acbujhw,58670.4725926,2,18.9036,0.12334718,20.3802,-1
ZTF18acbujhw,58676.485544,2,18.8743,0.10388873,20.1558,-1
ZTF18acbujhw,58679.4897106,2,19.03,0.15598,19.7978,-1
ZTF18acbujhw,58682.4301389,2,18.9173,0.13973494,19.5464,-1
ZTF18acbujhw,58685.4566551,2,18.7701,0.12997489,19.8855,-1
ZTF18acbujhw,58693.4736458,2,18.8581,0.13314052,20.5797,-1
ZTF18acbujhw,58696.4859491,2,18.897,0.09685667,20.5772,-1
ZTF18acbujhw,58699.4977546,2,18.8637,0.116301686,20.5179,-1
ZTF18acbujhw,58703.4430671,2,18.9052,0.1044528,20.46,-1
ZTF18acbujhw,58706.4952431,2,18.8599,0.1212766,20.5545,-1
ZTF18acbujhw,58709.4118056,2,18.8108,0.14057389,19.8863,-1
ZTF18acbujhw,58712.4435069,2,18.9515,0.13499865,19.8823,-1
ZTF18acbujhw,58715.4406019,2,18.871,0.10427102,19.9644,-1
ZTF18acbujhw,58718.4640394,2,18.8786,0.10134568,19.8398,-1
ZTF18acbujhw,58724.4832407,2,18.8805,0.089839816,20.3217,-1
ZTF18acbujhw,58727.4820602,2,18.78,0.11300719,20.5312,-1
ZTF18acbujhw,58730.4245139,2,18.8406,0.113707915,20.4577,-1
ZTF18acbujhw,58733.4078935,2,18.881,0.13191254,20.5143,-1
ZTF18acbujhw,58736.5037963,2,18.8494,0.087408,20.5629,-1
ZTF18acbujhw,58739.441088,2,18.7914,0.11037576,19.8927,-1
ZTF18acbujhw,58749.303588,2,18.8632,0.13087353,20.3795,-1
ZTF18acbujhw,58759.3720833,2,18.9287,0.10882469,20.5017,-1
ZTF18acbujhw,58763.3741319,2,18.929,0.11441156,20.4872,-1
ZTF18acbujhw,58766.4935069,2,18.8481,0.107775986,20.2279,-1
ZTF18acbujhw,58769.3578241,2,19.0314,0.14974,19.429,-1
ZTF18acbujhw,58773.2934838,2,18.9052,0.1717413,19.4487,-1
ZTF18acbujhw,58776.28375,2,18.9468,0.13278492,19.9629,-1
ZTF18acbujhw,58779.2954282,2,18.9115,0.14290741,20.1971,-1
ZTF18acbujhw,58782.3254514,2,18.9289,0.144963,20.3724,-1
ZTF18acbujhw,58788.2801273,2,18.9883,0.13703938,19.9436,-1
ZTF18acbujhw,58789.2687963,2,18.8819,0.1384068,19.8987,-1
ZTF18acbujhw,58791.3565856,2,18.8778,0.13299203,20.1953,-1
ZTF18acbujhw,58792.359537,2,18.8284,0.13883477,20.2637,-1
ZTF18acbujhw,58793.3681829,2,18.8798,0.12509112,20.0355,-1
ZTF18acbujhw,58794.296412,2,18.941,0.11403908,19.9456,-1
ZTF18acbujhw,58795.2949884,2,18.8692,0.14801647,19.9277,-1
ZTF18acbujhw,58796.2955671,2,18.9282,0.16781268,19.4884,-1
ZTF18acbujhw,58797.3300463,2,18.9695,0.16754988,19.1767,-1
ZTF18acbujhw,58801.2786111,2,18.9206,0.18215436,18.8803,-1
ZTF18acbujhw,58801.281794,2,18.725,0.20351665,18.9374,-1
ZTF18acbujhw,58804.2276042,2,18.8887,0.17318521,19.6349,-1
ZTF18acbujhw,58804.3523958,2,18.974,0.1501846,19.6605,-1
ZTF18acbujhw,58806.2443519,2,18.8678,0.10965721,20.4149,-1
ZTF18acbujhw,58811.3019792,2,18.7901,0.185244,19.3439,-1
ZTF18acbujhw,58812.1911111,2,18.7907,0.11700412,19.9198,-1
ZTF18acbujhw,58812.2016088,2,18.86,0.10053749,20.154,-1
ZTF18acbujhw,58814.1925116,2,18.8334,0.14133582,20.1477,-1
ZTF18acbujhw,58814.2041088,2,18.9169,0.15207203,20.1067,-1
ZTF18acbujhw,58819.2568056,2,18.81,0.22793,19.0001,-1
ZTF18acbujhw,58830.2324421,2,18.8793,0.156244,19.5537,-1
ZTF18acbujhw,58831.0996296,2,18.8727,0.1314257,19.789,-1
ZTF18acbujhw,58833.1039005,2,18.8756,0.13113537,19.9095,-1
ZTF18acbujhw,58833.2917477,2,18.8103,0.12697613,19.3537,-1
ZTF18acbujhw,58836.0987384,2,18.8717,0.15912193,19.8001,-1
ZTF18acbujhw,58846.1313542,2,18.8924,0.1190879,20.0097,-1
ZTF18acbujhw,58849.1478819,2,18.9208,0.11458088,20.2266,-1
ZTF18acbujhw,58852.1663079,2,18.8697,0.1168797,20.1525,-1
ZTF18acbujhw,58859.1748611,2,18.875,0.13328347,19.6965,-1
ZTF18acbujhw,58859.2167593,2,18.9441,0.14934,19.5638,-1
ZTF18acbujhw,58860.1553935,2,18.9856,0.13666925,19.5137,-1
ZTF18acbujhw,58861.1551389,2,18.9647,0.13421446,19.8417,-1
ZTF18acbujhw,58863.1043981,2,18.9347,0.11280915,20.3222,-1
ZTF18acbujhw,58867.1084606,2,18.9547,0.161736,19.5192,-1
ZTF18acbujhw,58871.0998727,2,18.8816,0.11926524,20.4515,-1
ZTF18acbujhw,58873.2048032,2,18.855,0.11126104,20.3053,-1
ZTF18acbujhw,58874.1414583,2,18.9024,0.1611567,20.0545,-1
ZTF18acbujhw,58875.1017824,2,18.7821,0.111712456,20.1346,-1
ZTF18acbujhw,58877.137963,2,18.8427,0.11698849,20.1092,-1
ZTF18acbujhw,58880.1769097,2,18.8184,0.12130349,19.7272,-1
ZTF18acbujhw,58884.1443866,2,18.6417,0.14297031,19.2194,-1
ZTF18acbujhw,58887.100787,2,18.9178,0.12758002,19.8219,-1
ZTF18acbujhw,58887.1315625,2,18.9076,0.150103,19.7808,-1
ZTF18acbujhw,58896.1346991,2,18.8292,0.10969195,20.2894,-1
ZTF18acbujhw,58899.12125,2,18.9216,0.12687413,20.2111,-1
ZTF18acbujhw,58904.1857523,2,18.8133,0.14730912,19.6903,-1
ZTF18acbujhw,59047.4278935,2,18.9007,0.111724205,20.4063,-1
ZTF18acbujhw,59050.4629282,2,18.8239,0.11493301,20.4016,-1
ZTF18acbujhw,59053.4937153,2,18.9719,0.12856121,20.0459,-1
ZTF18acbujhw,59056.4787847,2,18.9112,0.10692457,20.4372,-1
ZTF18acbujhw,59061.4120486,2,18.9042,0.1298257,20.195,-1
ZTF18acbujhw,59062.4860417,2,18.779,0.120221764,20.3864,-1
ZTF18acbujhw,59064.4045602,2,18.9497,0.13314417,19.4866,-1
ZTF18acbujhw,59065.4140856,2,18.9733,0.17117245,19.555,-1
ZTF18acbujhw,59065.4486921,2,18.9004,0.14373706,19.5568,-1
ZTF18acbujhw,59066.4777778,2,18.9898,0.14796303,19.8319,-1
ZTF18acbujhw,59067.4474884,2,18.8521,0.13585073,19.7963,-1
ZTF18acbujhw,59068.4295602,2,18.9249,0.131731,19.9793,-1
ZTF18acbujhw,59069.4685648,2,18.8847,0.126734,20.0995,-1
ZTF18acbujhw,59069.4709954,2,18.9631,0.09629178,20.2217,-1
ZTF18acbujhw,59075.4670602,2,18.917,0.10968591,20.2435,-1
ZTF18acbujhw,59075.4795486,2,18.8918,0.113688186,20.3787,-1
ZTF18acbujhw,59076.4360648,2,18.7474,0.11693342,20.2498,-1
ZTF18acbujhw,59080.5025116,2,18.8576,0.12406511,20.415,-1
ZTF18acbujhw,59081.435625,2,18.9453,0.11081562,20.4611,-1
ZTF18acbujhw,59082.4899306,2,18.8617,0.13366038,20.441,-1
ZTF18acbujhw,59085.4777431,2,18.9354,0.12760468,20.67,-1
ZTF18acbujhw,59086.4084375,2,18.8491,0.10024512,20.6165,-1
ZTF18acbujhw,59089.4436574,2,18.8291,0.11051441,20.5627,-1
ZTF18acbujhw,59089.4793403,2,18.8915,0.107352525,20.5824,-1
ZTF18acbujhw,59090.4721644,2,18.8842,0.101078406,20.6619,-1
ZTF18acbujhw,59091.485706,2,18.9049,0.0951069,20.7613,-1
ZTF18acbujhw,59093.3934491,2,18.941,0.14121406,19.6978,-1
ZTF18acbujhw,59094.3724769,2,18.7696,0.184857,19.133,-1
ZTF18acbujhw,59095.428044,2,18.924,0.15855983,19.6152,-1
ZTF18acbujhw,59096.3539815,2,18.862,0.13701639,19.6387,-1
ZTF18acbujhw,59102.4436806,2,18.8701,0.18887669,18.9074,-1
ZTF18acbujhw,59104.3978356,2,18.9533,0.17271678,19.741,-1
ZTF18acbujhw,59104.4214699,2,18.8174,0.14004976,19.681,-1
ZTF18acbujhw,59107.4228704,2,18.8183,0.12526844,20.3806,-1
ZTF18acbujhw,59109.4041782,2,18.8153,0.10636131,20.2149,-1
ZTF18acbujhw,59110.4400926,2,18.768,0.14271,20.4168,-1
ZTF18acbujhw,59110.469919,2,18.8479,0.103503555,20.3848,-1
ZTF18acbujhw,59111.4128125,2,18.8249,0.12877457,20.5293,-1
ZTF18acbujhw,59112.3652778,2,18.8619,0.10904847,20.5665,-1
ZTF18acbujhw,59113.3273727,2,18.7988,0.116636015,20.2429,-1
ZTF18acbujhw,59113.4224074,2,18.9122,0.11692515,20.4912,-1
ZTF18acbujhw,59114.4796181,2,18.8165,0.10639635,20.5462,-1
ZTF18acbujhw,59115.3407639,2,18.8856,0.11683026,20.4704,-1
ZTF18acbujhw,59116.3532407,2,18.8313,0.10340673,20.4778,-1
ZTF18acbujhw,59116.3988194,2,18.8623,0.120327145,20.6326,-1
ZTF18acbujhw,59117.3890856,2,18.8515,0.11944665,20.731,-1
ZTF18acbujhw,59118.2860764,2,18.8629,0.11080885,20.2591,-1
ZTF18acbujhw,59119.3954745,2,18.8715,0.12697221,20.3287,-1
ZTF18acbujhw,59122.5158565,2,18.9213,0.131317,20.0091,-1
ZTF18acbujhw,59123.3322917,2,18.8757,0.13238277,19.2481,-1
ZTF18acbujhw,59123.3480324,2,18.9651,0.18074587,19.4101,-1
ZTF18acbujhw,59124.3297338,2,18.8528,0.16126837,19.5275,-1
ZTF18acbujhw,59125.3177083,2,18.8471,0.13939017,19.4687,-1
ZTF18acbujhw,59128.3994329,2,18.7192,0.17990142,19.0849,-1
ZTF18acbujhw,59130.2970023,2,18.8566,0.11253214,20.1783,-1
ZTF18acbujhw,59134.3275116,2,18.8301,0.10117286,20.3744,-1
ZTF18acbujhw,59136.320787,2,18.8322,0.124544,20.5871,-1
ZTF18acbujhw,59138.3462731,2,18.8546,0.10921697,20.5292,-1
ZTF18acbujhw,59142.2890162,2,18.9341,0.118410036,20.5204,-1
ZTF18acbujhw,59142.2890162,2,18.9341,0.118410036,20.5204,-1
ZTF18acbujhw,59144.4110069,2,18.8691,0.10878858,20.6948,-1
ZTF18acbujhw,59150.2899537,2,18.8825,0.12661456,19.8514,-1
ZTF18acbujhw,59152.3846528,2,18.909,0.126162,19.3853,-1
ZTF18acbujhw,59156.4578819,2,18.8118,0.14784656,19.3671,-1
ZTF18acbujhw,59158.3412616,2,18.8438,0.13054335,19.6749,-1
ZTF18acbujhw,59165.2249769,2,18.8899,0.13056855,20.3134,-1
ZTF18acbujhw,59167.2348495,2,18.8087,0.136029,20.3104,-1
ZTF18acbujhw,59169.2834838,2,18.8738,0.112973,20.339,-1
ZTF18acbujhw,59171.226875,2,18.887,0.102794215,20.4183,-1
ZTF18acbujhw,59173.2410301,2,18.8406,0.13080375,20.5938,-1
ZTF18acbujhw,59175.3269213,2,18.9013,0.16358598,19.729,-1
ZTF18acbujhw,59180.2498032,2,18.7953,0.217186,18.786,-1
ZTF18acbujhw,59183.1115162,2,18.7067,0.13940056,18.9915,-1
ZTF18acbujhw,59185.2288773,2,18.7781,0.1317178,19.7656,-1
ZTF18acbujhw,59187.2285648,2,18.8223,0.11483127,19.8655,-1
ZTF18acbujhw,59189.215544,2,18.8748,0.1335057,20.4254,-1
ZTF18acbujhw,59192.1607523,2,18.6936,0.14971343,19.3292,-1
ZTF18acbujhw,59194.1595833,2,18.8593,0.11248165,20.2022,-1
ZTF18acbujhw,59197.2264815,2,18.7768,0.17222,19.1076,-1
ZTF18acbujhw,59199.2181829,2,18.7589,0.116128,20.1398,-1
ZTF18acbujhw,59202.2611343,2,18.8379,0.109290235,19.9694,-1
ZTF18acbujhw,59204.1706597,2,18.8278,0.10501746,19.9771,-1
ZTF18acbujhw,59206.2570718,2,18.3499,0.244874,17.9953,-1
ZTF18acbujhw,59210.2841319,2,18.9095,0.15285365,19.5135,-1
ZTF18acbujhw,59216.2249306,2,18.9575,0.112132385,19.5351,-1
ZTF18acbujhw,59218.1535185,2,18.8978,0.132449,20.3041,-1
ZTF18acbujhw,59220.2173148,2,18.8955,0.104111455,20.0219,-1
ZTF18acbujhw,59222.1941204,2,18.8321,0.142147,20.2316,-1
ZTF18acbujhw,59224.2265625,2,18.8299,0.11276115,19.9531,-1
ZTF18acbujhw,59227.1597222,2,18.9162,0.11608602,20.0142,-1
ZTF18acbujhw,59229.1324884,2,18.796,0.12031009,19.8262,-1
ZTF18acbujhw,59231.1739005,2,18.8255,0.1266959,20.0562,-1
ZTF18acbujhw,59233.2267014,2,18.8166,0.139595,19.975,-1
ZTF18acbujhw,59249.1782176,2,18.8078,0.1376981,19.1626,-1
ZTF18acbujhw,59251.1843519,2,18.9682,0.121515445,19.9882,-1
ZTF18acbujhw,59253.1587963,2,18.9649,0.10687083,20.0771,-1
ZTF18acbujhw,59255.2084491,2,18.4738,0.244357,18.1337,-1
ZTF18acbujhw,59265.1363773,2,18.8479,0.13652301,19.8156,-1
ZTF18acbujhw,59267.1383912,2,18.7794,0.11828142,19.6181,-1
ZTF18acbujhw,59271.1423495,2,18.8539,0.13654308,19.3979,-1
ZTF18acbujhw,59276.1412269,2,18.94,0.1368473,19.9025,-1
ZTF18acbujhw,59280.1413079,2,18.911,0.12740192,20.0856,-1
ZTF18acbujhw,59382.470625,2,18.8798,0.12713976,19.4991,-1
ZTF18acbujhw,59382.4729745,2,18.8043,0.135269,19.4826,-1
ZTF18acbujhw,59382.4753356,2,18.7872,0.14289059,19.4304,-1
ZTF18acbujhw,59382.4776852,2,18.9463,0.19398746,19.3673,-1
ZTF18acbujhw,59382.4800463,2,18.9298,0.16190977,19.1868,-1
ZTF18acbujhw,59384.4761458,2,18.7821,0.186341,18.9818,-1
ZTF18acbujhw,59384.4809606,2,18.6409,0.222674,18.7938,-1
ZTF18acbujhw,59390.4629745,2,18.8831,0.15097514,19.2398,-1
ZTF18acbujhw,59390.4649769,2,18.8689,0.12299243,19.2674,-1
ZTF18acbujhw,59390.4669907,2,18.8272,0.15114467,19.299,-1
ZTF18acbujhw,59390.4689931,2,19.0125,0.15767105,19.2954,-1
ZTF18acbujhw,59390.4710069,2,18.9086,0.1599065,19.2172,-1
ZTF18acbujhw,59391.4636458,2,18.9147,0.17246643,19.2886,-1
ZTF18acbujhw,59391.4656713,2,18.8743,0.15104741,19.2662,-1
ZTF18acbujhw,59391.4676968,2,18.9306,0.17997742,19.2925,-1
ZTF18acbujhw,59391.4697222,2,18.9634,0.16575758,19.2575,-1
ZTF18acbujhw,59391.4717477,2,18.864,0.12598391,19.0868,-1
ZTF18acbujhw,59422.4245718,2,18.7363,0.14242348,19.6241,-1
ZTF18acbujhw,59424.4058102,2,19.0134,0.12920962,19.6267,-1
ZTF18acbujhw,59430.3903704,2,18.7688,0.10352668,20.3023,-1
ZTF18acbujhw,59435.4699653,2,18.8407,0.11677158,20.5008,-1
ZTF18acbujhw,59438.4748611,2,18.8789,0.1188357,20.4236,-1
ZTF18acbujhw,59440.4746412,2,18.8994,0.13218,20.0778,-1
ZTF18acbujhw,59440.4746412,2,18.8994,0.13217962,20.0778,-1
ZTF18acbujhw,59443.4671644,2,18.865,0.13658737,20.3622,-1
ZTF18acbujhw,59459.4724653,2,18.8279,0.119593106,20.6913,-1
ZTF18acbujhw,59461.4725926,2,18.8285,0.1328355,20.5837,-1
ZTF18acbujhw,59463.4051852,2,18.8918,0.12837094,20.4326,-1
ZTF18acbujhw,59465.4684491,2,18.8375,0.10047337,20.3602,-1
ZTF18acbujhw,59467.4089815,2,18.8679,0.11850964,20.4931,-1
ZTF18acbujhw,59469.4064352,2,18.8706,0.12473079,20.628,-1
ZTF18acbujhw,59471.444919,2,18.7813,0.10371874,20.4336,-1
ZTF18acbujhw,59474.3218403,2,18.782,0.12085043,19.9304,-1
ZTF18acbujhw,59477.2898843,2,18.8873,0.14129372,19.6429,-1
ZTF18acbujhw,59479.4042014,2,18.8896,0.157715,19.6718,-1
ZTF18acbujhw,59488.3403009,2,18.8877,0.117849536,20.3055,-1
ZTF18acbujhw,59494.2833333,2,18.8554,0.124206945,19.7447,-1
ZTF18acbujhw,59498.3712153,2,18.8421,0.11210161,20.5531,-1
ZTF18acbujhw,59503.365081,2,18.9287,0.12128691,19.942,-1
ZTF18acbujhw,59505.361331,2,18.8887,0.15721515,19.4499,-1
ZTF18acbujhw,59517.3505671,2,18.8244,0.10980381,20.4943,-1
ZTF18acbujhw,59521.2668866,2,18.8452,0.116375,20.4038,-1
ZTF18acbujhw,59523.2673958,2,18.8923,0.115457594,20.5939,-1
ZTF18acbujhw,59525.2672106,2,18.8363,0.1320734,20.5497,-1
ZTF18acbujhw,59527.2894329,2,18.9054,0.15358032,19.7745,-1
ZTF18acbujhw,59530.3441782,2,18.7983,0.118238136,20.132,-1
ZTF18acbujhw,59532.3642014,2,18.9246,0.121251054,19.9384,-1
ZTF18acbujhw,59538.2889352,2,18.7543,0.18959488,19.087,-1
ZTF18acbujhw,59542.172419,2,18.9112,0.11286331,20.1684,-1
ZTF18acbujhw,59622.1741204,2,18.8105,0.12195851,19.3726,-1
ZTF18acbujhw,59624.1619792,2,19.0151,0.148078,19.6273,-1
ZTF18acbujhw,59627.1390278,2,18.752,0.10616146,19.5391,-1
ZTF18acbujhw,59629.1366898,2,18.9175,0.15172105,19.847,-1
ZTF18acbujhw,59631.1395139,2,18.8407,0.20439859,18.8132,-1
ZTF18acbujhw,59747.4718056,2,18.9163,0.16183928,19.2698,-1
ZTF18acbujhw,59747.4741667,2,18.7611,0.13091037,19.1116,-1
ZTF18acbujhw,59747.4765278,2,18.9513,0.17373322,19.1193,-1
ZTF18acbujhw,59747.4789005,2,18.9553,0.21428,18.975,-1
ZTF18acbujhw,59748.4720139,2,18.8008,0.1440948,19.0695,-1
ZTF18acbujhw,59748.474375,2,18.8765,0.235706,18.8608,-1
ZTF18acbujhw,59748.4767477,2,18.8232,0.17981434,18.9187,-1
ZTF18acbujhw,59748.4791204,2,18.8521,0.16039507,18.8047,-1
ZTF18acbujhw,59749.4727083,2,18.8929,0.16851638,19.3928,-1
ZTF18acbujhw,59749.475081,2,18.9405,0.16001633,19.2207,-1
ZTF18acbujhw,59749.4774421,2,18.8839,0.129406,19.2177,-1
ZTF18acbujhw,59749.4798148,2,18.8333,0.15139504,19.1885,-1
ZTF18acbujhw,59755.4617361,2,18.8197,0.118138574,19.7061,-1
ZTF18acbujhw,59755.4637384,2,18.7973,0.113605715,19.724,-1
ZTF18acbujhw,59755.4657523,2,18.8555,0.13361432,19.8096,-1
ZTF18acbujhw,59755.4697685,2,18.9315,0.1148965,19.8224,-1
ZTF18acbujhw,59756.4634375,2,18.901,0.12011999,19.9555,-1
ZTF18acbujhw,59756.4654398,2,18.8732,0.118089,19.9262,-1
ZTF18acbujhw,59756.4674537,2,18.9284,0.12222,19.9921,-1
ZTF18acbujhw,59756.469456,2,18.8507,0.127343,20.0397,-1
ZTF18acbujhw,59756.4714699,2,18.9216,0.15383708,19.9125,-1
ZTF18acbujhw,59787.4325,2,18.9094,0.103056274,20.3352,-1
ZTF18acbujhw,59798.462419,2,18.8373,0.120764315,20.3614,-1
ZTF18acbujhw,59801.4747569,2,18.8724,0.13941875,20.4476,-1
ZTF18acbujhw,59804.404838,2,18.7956,0.1680798,19.1379,-1
ZTF18acbujhw,59807.364213,2,18.9139,0.17845151,19.5375,-1
ZTF18acbujhw,59811.3816435,2,18.8869,0.1324497,20.0883,-1
ZTF18acbujhw,59814.4663542,2,18.909,0.10002703,20.5911,-1
ZTF18acbujhw,59816.4777083,2,18.8042,0.11876688,20.5375,-1
ZTF18acbujhw,59818.4538889,2,18.8939,0.13481532,20.5646,-1
ZTF18acbujhw,59821.4629861,2,18.8644,0.12345306,20.6718,-1
ZTF18acbujhw,59824.4666551,2,18.8825,0.14411853,20.539,-1
ZTF18acbujhw,59826.433669,2,18.8375,0.108687796,20.5345,-1
ZTF18acbujhw,59843.4116088,2,18.8262,0.11044326,20.5238,-1
ZTF18acbujhw,59846.426875,2,18.872,0.1217348,20.4425,-1
ZTF18acbujhw,59848.4777662,2,18.8743,0.1127312,20.5112,-1
ZTF18acbujhw,59850.3403819,2,18.848,0.113228835,20.5491,-1
ZTF18acbujhw,59852.331169,2,18.8092,0.0998634,20.6089,-1
ZTF18acbujhw,59854.3447338,2,18.7929,0.129283,20.5484,-1
ZTF18acbujhw,59856.3880093,2,18.9061,0.12661499,20.5697,-1
ZTF18acbujhw,59862.4545949,2,18.8538,0.173402,19.4546,-1
ZTF18acbujhw,59870.3016204,2,18.884,0.112203516,20.4024,-1
ZTF18acbujhw,59872.3886921,2,18.7929,0.10459645,20.341,-1
ZTF18acbujhw,59874.3369213,2,18.9096,0.10348952,20.5888,-1
ZTF18acbujhw,59877.3521644,2,18.8576,0.11718293,20.4028,-1
ZTF18acbujhw,59879.3835532,2,18.869,0.12090314,20.278,-1
ZTF18acbujhw,59888.3175347,2,19.1944,0.364444,18.4026,-1
ZTF18acbujhw,59895.2245486,2,18.8203,0.10455985,19.867,-1
ZTF18acbujhw,59901.2541204,2,18.8895,0.118687235,20.4494,-1
ZTF18acbujhw,59903.2879977,2,18.8305,0.1169985,19.9791,-1
ZTF18acbujhw,59905.2620602,2,18.8579,0.10335581,20.2402,-1
ZTF18acbujhw,59907.1849769,2,18.8352,0.13902219,19.6994,-1
ZTF18acbujhw,59910.1959491,2,18.8673,0.10571433,20.2784,-1
ZTF18acbujhw,59913.2541435,2,18.9367,0.09425628,20.0597,-1
ZTF18acbujhw,59928.2152662,2,18.8636,0.10489944,20.0516,-1
ZTF18acbujhw,59932.233044,2,18.8274,0.1355004,20.189,-1
ZTF18acbujhw,59934.2824306,2,18.9826,0.12508841,20.192,-1
ZTF18acbujhw,59936.2067593,2,18.8715,0.097297445,20.4515,-1
ZTF18acbujhw,59957.1859259,2,18.8773,0.16324764,19.6378,-1
ZTF18acbujhw,59967.1353935,2,18.7891,0.10930743,19.8837,-1
ZTF18acbujhw,59969.1342245,2,18.8989,0.10207792,19.9824,-1
ZTF18acbujhw,60111.4702199,2,18.9806,0.13103588,19.3962,-1
ZTF18acbujhw,60111.4722106,2,18.8861,0.13829422,19.3726,-1
ZTF18acbujhw,60111.4745718,2,18.8238,0.14878471,19.3619,-1
ZTF18acbujhw,60111.4769444,2,18.8486,0.12171414,19.251,-1
ZTF18acbujhw,60111.4793056,2,18.8872,0.15853235,19.1209,-1
ZTF18acbujhw,60112.4721644,2,18.9243,0.14408459,19.4293,-1
ZTF18acbujhw,60112.4768866,2,18.9421,0.1605432,19.2657,-1
ZTF18acbujhw,60112.4792593,2,18.8741,0.17223144,19.0198,-1
ZTF18acbujhw,60113.4733681,2,18.905,0.12401295,19.3898,-1
ZTF18acbujhw,60113.4757407,2,18.7889,0.11970499,19.3007,-1
ZTF18acbujhw,60113.4781134,2,18.7358,0.125581,19.1539,-1
ZTF18acbujhw,60113.4804861,2,18.8949,0.13328017,18.9074,-1
ZTF18acbujhw,60114.4756481,2,18.9154,0.150879,19.116,-1
ZTF18acbujhw,60114.4780208,2,18.7574,0.16783682,19.03,-1
ZTF18acbujhw,60114.4803819,2,18.7209,0.13476767,18.7459,-1
ZTF18acbujhw,60115.4710995,2,18.8142,0.18258959,19.2463,-1
ZTF18acbujhw,60115.4735185,2,18.8813,0.13781533,19.4011,-1
ZTF18acbujhw,60115.4759491,2,18.8188,0.16162309,19.2732,-1
ZTF18acbujhw,60115.4783912,2,18.8705,0.13923702,19.2595,-1
ZTF18acbujhw,60120.4632292,2,18.8754,0.15575649,19.5298,-1
ZTF18acbujhw,60120.4652315,2,18.8302,0.15003408,19.6483,-1
ZTF18acbujhw,60120.4672454,2,18.9497,0.12770294,19.6263,-1
ZTF18acbujhw,60120.4692593,2,18.7507,0.09260401,19.7328,-1
ZTF18acbujhw,60120.4712731,2,18.9043,0.12369697,19.6303,-1
ZTF18acbujhw,60121.4617708,2,18.7319,0.09991305,19.6202,-1
ZTF18acbujhw,60121.4637731,2,18.8214,0.11029058,19.659,-1
ZTF18acbujhw,60121.4657755,2,18.9206,0.14933574,19.6259,-1
ZTF18acbujhw,60121.4677894,2,18.8144,0.11639674,19.5794,-1
ZTF18acbujhw,60121.4698032,2,18.8341,0.15559642,19.5491,-1
ZTF18acbujhw,60155.4684144,2,18.8662,0.1145362,20.5136,-1
ZTF18acbujhw,60159.4702546,2,18.8443,0.127384,19.777,-1
ZTF18acbujhw,60162.4557986,2,18.8521,0.117455564,20.049,-1
ZTF18acbujhw,60168.4652546,2,18.8603,0.1078398,20.5413,-1
ZTF18acbujhw,60171.421412,2,18.8055,0.136425,20.3247,-1
ZTF18acbujhw,60174.4070602,2,18.8334,0.11243979,20.2895,-1
ZTF18acbujhw,60181.4665046,2,18.8799,0.09298311,20.5588,-1
ZTF18acbujhw,60183.4668519,2,18.7658,0.092655614,20.4368,-1
ZTF18acbujhw,60185.3709259,2,18.8047,0.14338309,19.7925,-1
ZTF18acbujhw,60187.4423148,2,18.8757,0.140569,19.6497,-1
ZTF18acbujhw,60193.462037,2,18.8774,0.107537635,20.1346,-1
ZTF18acbujhw,60196.3812616,2,18.8789,0.124623,20.3625,-1
ZTF18acbujhw,60200.4398727,2,18.8113,0.11180383,20.4525,-1
ZTF18acbujhw,60202.4977662,2,18.8818,0.115278214,20.5825,-1
ZTF18acbujhw,60205.4031134,2,18.8268,0.11091824,20.7163,-1
ZTF18acbujhw,60207.3871759,2,18.8474,0.1167873,20.707,-1
ZTF18acbujhw,60211.4518981,2,18.8422,0.10531791,20.5426,-1
ZTF18acbujhw,60213.4722454,2,18.8133,0.12106243,20.4404,-1
ZTF18acbujhw,60215.4214005,2,18.8932,0.13626713,19.9163,-1
ZTF18acbujhw,60217.3240856,2,18.8923,0.16943578,19.1086,-1
ZTF18acbujhw,60222.3772106,2,18.8347,0.12142367,19.8272,-1
ZTF18acbujhw,60224.3932176,2,18.8645,0.110382855,20.3495,-1
ZTF18acbujhw,60227.3366319,2,18.8257,0.0903285,20.366,-1
ZTF18acbujhw,60230.371088,2,18.8628,0.117680386,20.4675,-1
ZTF18acbujhw,60232.3800926,2,18.9083,0.13118099,20.3767,-1
ZTF18acbujhw,60234.3043287,2,18.831,0.10875766,20.5225,-1
ZTF18acbujhw,60236.3373958,2,18.8449,0.11470058,20.4116,-1
ZTF18acbujhw,60238.3585532,2,18.8,0.11159011,20.4461,-1
ZTF18acbujhw,60241.402338,2,18.7935,0.0876617,20.0242,-1
ZTF18acbujhw,60244.2985069,2,18.8891,0.14715925,19.6325,-1
ZTF18acbujhw,60250.2939931,2,18.8638,0.13255,19.9079,-1
ZTF18acbujhw,60252.3125231,2,18.8284,0.11629007,20.3242,-1
ZTF18acbujhw,60254.2475231,2,18.7804,0.11607821,20.2382,-1
ZTF18acbujhw,60257.2771181,2,18.7027,0.1475331,19.5711,-1
ZTF18acbujhw,60259.344375,2,18.8275,0.099095576,20.3244,-1
ZTF18acbujhw,60261.2915741,2,18.876,0.124641,20.374,-1
ZTF18acbujhw,60268.2041319,2,18.7915,0.113504276,19.7512,-1
ZTF18acbujhw,60287.1555671,2,18.8744,0.10082033,19.9006,-1
ZTF18acbujhw,60289.1587037,2,18.7592,0.214026,19.1565,-1
ZTF18acbujhw,60291.1579861,2,18.9386,0.10764537,20.0351,-1
ZTF18acbujhw,60292.1227778,2,18.9159,0.091351315,20.8546,-1
ZTF18acbujhw,60293.0992014,2,18.8754,0.08744193,20.2568,-1
ZTF18acbujhw,60294.0823727,2,18.8855,0.08078825,20.2555,-1
ZTF18acbujhw,60307.1766551,2,18.9547,0.14360182,20.081,-1
ZTF18acbujhw,60314.1431597,2,18.8851,0.12185807,20.1847,-1
ZTF18acbujhw,60322.2399421,2,18.9215,0.12222486,19.799,-1
ZTF18acbujhw,60326.3128588,2,18.8485,0.1481143,19.2673,-1
ZTF18acbujhw,60334.1562269,2,18.9798,0.229309,18.7895,-1
ZTF18acbujhw,60351.1525231,2,18.9628,0.11603667,19.8818,-1
ZTF18acbujhw,60378.1641319,2,18.8219,0.1949616,19.3812,-1
ZTF18acbujhw,60479.4665625,2,18.6748,0.17387913,18.9878,-1
ZTF18acbujhw,60481.4646065,2,18.8592,0.13200207,19.5803,-1
ZTF18acbujhw,60481.4675463,2,18.911,0.15005444,19.6037,-1
ZTF18acbujhw,60481.4709606,2,18.8855,0.106683865,19.5385,-1
ZTF18acbujhw,60482.4647106,2,18.8551,0.14535733,19.049,-1
ZTF18acbujhw,60482.4681366,2,18.874,0.1911216,19.0872,-1
ZTF18acbujhw,60515.4259606,2,18.9685,0.168693,19.2738,-1
ZTF18acbujhw,60518.4928009,2,18.8698,0.11785658,19.7272,-1
ZTF18acbujhw,60524.4152199,2,18.8264,0.11964745,20.3888,-1
ZTF18acbujhw,60528.4277431,2,18.818,0.16197036,20.2022,-1
ZTF18acbujhw,60532.407338,2,18.8444,0.10842876,20.6422,-1
ZTF18acbujhw,60533.4092708,2,18.9171,0.09993331,20.8055,-1
ZTF18acbujhw,60534.4664583,2,18.9483,0.10094244,20.6399,-1
ZTF18acbujhw,60537.4283796,2,18.8857,0.10331188,20.4528,-1
ZTF18acbujhw,60540.4106366,2,18.8832,0.110503666,19.9021,-1
ZTF18acbujhw,60544.3509028,2,18.983,0.16108604,19.5077,-1
ZTF18acbujhw,60550.4230903,2,18.8221,0.100644045,20.4936,-1
ZTF18acbujhw,60552.3926736,2,18.8339,0.12419686,20.5691,-1
ZTF18acbujhw,60555.4271644,2,18.8725,0.10193673,20.4519,-1
ZTF18acbujhw,60557.4266435,2,18.8023,0.10145676,20.5598,-1
ZTF18acbujhw,60559.4157523,2,18.8035,0.11749464,20.4003,-1
ZTF18acbujhw,60562.421956,2,18.9449,0.112324975,20.2941,-1
ZTF18acbujhw,60565.4450347,2,18.828,0.10064041,20.5355,-1
ZTF18acbujhw,60568.3683912,2,18.8199,0.117753424,20.1846,-1
ZTF18acbujhw,60572.2998727,2,18.7982,0.14456218,19.4413,-1
ZTF18acbujhw,60576.4206134,2,18.8275,0.13637313,19.9566,-1
ZTF18acbujhw,60577.4124537,2,18.822,0.09253662,20.2981,-1
ZTF18acbujhw,60579.4921412,2,18.8761,0.11406594,20.2823,-1
ZTF18acbujhw,60582.3725231,2,18.8224,0.14095117,20.3722,-1
ZTF18acbujhw,60592.4261458,2,18.7904,0.1267585,20.3285,-1
ZTF18acbujhw,60594.3837731,2,18.8165,0.103428245,20.3109,-1
ZTF18acbujhw,60596.3752431,2,18.8535,0.10312688,20.4297,-1
ZTF18acbujhw,60598.3408681,2,18.8674,0.123875044,19.8891,-1
ZTF18acbujhw,60600.4312847,2,18.7472,0.17510696,18.9686,-1
ZTF18acbujhw,60603.3801157,2,18.858,0.15312088,19.4895,-1
ZTF18acbujhw,60607.2889005,2,18.7951,0.10063313,20.3139,-1
ZTF18acbujhw,60609.3213079,2,18.8598,0.17389354,19.8378,-1
ZTF18acbujhw,60611.3226736,2,18.7459,0.11014589,20.0334,-1
ZTF18acbujhw,60615.3665856,2,18.8187,0.11959673,20.4411,-1
ZTF18acbujhw,60618.3084606,2,18.763,0.11128314,20.0556,-1
ZTF18acbujhw,60624.2953241,2,18.8025,0.13960035,19.4144,-1
ZTF18acbujhw,60626.1787963,2,18.8044,0.13668253,19.4908,-1
ZTF18acbujhw,60631.3249537,2,18.9971,0.15420736,19.2691,-1
ZTF18acbujhw,60634.2789583,2,18.7887,0.12892865,19.8695,-1
ZTF18acbujhw,60636.2128588,2,18.8902,0.10990157,20.3925,-1
ZTF18acbujhw,60639.2170833,2,18.8175,0.1099876,20.1014,-1
ZTF18acbujhw,60643.2363079,2,18.8746,0.151511,19.8085,-1
ZTF18acbujhw,60647.1840856,2,18.905,0.149884,19.9022,-1
ZTF18acbujhw,60649.3662847,2,18.8166,0.09713026,20.2542,-1
ZTF18acbujhw,60651.1579977,2,18.8693,0.101676,20.1829,-1
ZTF18acbujhw,60653.2118287,2,18.8513,0.118948,20.0063,-1
ZTF18acbujhw,60658.1845602,2,18.7174,0.1470392,19.3563,-1
ZTF18acbujhw,60665.1302431,2,18.8746,0.11127417,20.2155,-1
ZTF18acbujhw,60667.1695833,2,18.8964,0.115805,20.2951,-1
ZTF18acbujhw,60673.1867361,2,18.7786,0.12591323,20.0757,-1
ZTF18acbujhw,60675.1502894,2,18.848,0.132314,20.1973,-1
ZTF18acbujhw,60677.1512153,2,18.8667,0.10322257,20.4525,-1
ZTF18acbujhw,60679.1818287,2,18.9333,0.10333685,20.3651,-1
ZTF18acbujhw,60681.1237847,2,18.8859,0.0991877,20.231,-1
ZTF18acbujhw,60681.1237847,2,18.8859,0.099188,20.231,-1
ZTF18acbujhw,60686.3048727,2,18.7157,0.123561315,19.1997,-1
ZTF18acbujhw,60688.1302199,2,18.8462,0.1549837,19.5562,-1
ZTF18acbujhw,60690.1738773,2,18.8249,0.17666183,19.1677,-1
ZTF18acbujhw,60693.238287,2,18.9183,0.16946906,19.8658,-1
ZTF18acbujhw,60695.2408681,2,18.6777,0.117929,19.2695,-1
ZTF18acbujhw,60699.1413079,2,18.7674,0.10834417,19.872,-1
ZTF18acbujhw,60724.1298148,2,18.7249,0.11839728,19.9529,-1
ZTF18acbujhw,60727.1799074,2,18.8256,0.11961398,19.8608,-1
ZTF18acbujhw,60729.1561227,2,18.8672,0.13539852,19.841,-1
ZTF18acbujhw,60731.1809144,2,18.8747,0.10590103,19.881,-1
ZTF18acbujhw,60733.1530208,2,18.7967,0.13327342,19.764,-1
ZTF18acbujhw,60743.134919,2,18.8361,0.13302338,19.52,-1
ZTF18acbujhw,60840.4808912,2,18.7054,0.19733123,18.8152,-1
ZTF18acbujhw,60841.4806597,2,18.848,0.174429,18.8327,-1
ZTF18acbujhw,60845.4801042,2,18.9741,0.175386,18.8759,-1
ZTF18acbujhw,60846.4792593,2,18.6134,0.13713437,18.76,-1
ZTF18acbujhw,60858.4694792,2,18.791,0.13103789,19.9551,-1
ZTF18acbujhw,60858.4733449,2,18.9496,0.13814986,19.7154,-1
ZTF18acbujhw,60858.4772222,2,18.7893,0.1225921,19.7264,-1
ZTF18acbujhw,60859.4695833,2,18.8459,0.14144738,19.8643,-1
ZTF18acbujhw,60859.4729745,2,18.9,0.12216188,20.023,-1
ZTF18acbujhw,60859.4763657,2,18.7945,0.13346493,19.7312,-1
ZTF18acbujhw,60860.4709606,2,18.869,0.12123953,20.2162,-1
ZTF18acbujhw,60860.4743519,2,18.9342,0.15136407,19.9688,-1
ZTF18acbujhw,60860.4787384,2,18.8741,0.12194368,19.9379,-1
ZTF18acbujhw,60900.4236806,2,18.8684,0.110832244,19.7895,-1
ZTF18acbujhw,60904.379537,2,18.8648,0.11602619,20.2781,-1
ZTF18acbujhw,60909.3907292,2,18.8411,0.12412939,20.3708,-1
ZTF18acbujhw,60911.4346991,2,18.8844,0.099910885,20.4795,-1
ZTF18acbujhw,60914.435,2,18.8291,0.08740737,20.3796,-1
ZTF18acbujhw,60917.3636343,2,18.8562,0.09606891,20.4197,-1
ZTF18acbujhw,60919.379838,2,18.8632,0.10244519,20.5053,-1
ZTF18acbujhw,60923.5228588,2,18.899,0.12828937,19.9152,-1
ZTF18acbujhw,60926.4795949,2,18.991,0.14070183,19.8021,-1
ZTF18acbujhw,60928.4918634,2,18.7993,0.133825,19.4753,-1
ZTF18acbujhw,60932.4876968,2,18.9359,0.110817954,20.3123,-1
ZTF18acbujhw,60934.4899769,2,18.907,0.127469,20.3978,-1
ZTF18acbujhw,60938.439375,2,18.8466,0.11017397,20.5589,-1
ZTF18acbujhw,60943.4900231,2,18.8474,0.10562541,20.4374,-1
ZTF18acbujhw,60949.3188773,2,18.7868,0.09926643,20.1251,-1
ZTF18acbujhw,60953.406713,2,18.9234,0.1645878,19.9472,-1
ZTF18acbujhw,60959.3501273,2,18.7881,0.099233,19.7103,-1
ZTF18acbujhw,60961.3847801,2,18.8193,0.116715595,20.3781,-1
ZTF18acbujhw,60966.3871991,2,18.7956,0.10691489,20.2345,-1
ZTF18acbujhw,60968.3381713,2,18.7933,0.10925938,20.4364,-1
ZTF18acbujhw,60973.2567361,2,18.8139,0.11451152,20.3695,-1
ZTF18acbujhw,60975.3861111,2,18.8717,0.109098956,20.2181,-1
ZTF18acbujhw,60979.4097454,2,18.9425,0.15921827,20.4995,-1
ZTF18acbujhw,60981.3191667,2,18.8231,0.115380675,20.0469,-1
ZTF18acbujhw,60986.3876736,2,18.7938,0.14475444,19.4359,-1
ZTF18acbujhw,60988.3066319,2,18.803,0.119969875,19.8415,-1
ZTF18acbujhw,60990.2632755,2,18.9028,0.14817938,19.6632,-1
ZTF18acbujhw,61006.1888889,2,18.9153,0.108839795,19.8576,-1
ZTF18acbujhw,61016.2526852,2,19.0126,0.14278246,19.6176,-1
ZTF18acbujhw,61020.2135301,2,18.8716,0.097696565,20.393,-1
ZTF18acbujhw,61024.1637269,2,18.8622,0.12009404,20.2537,-1
ZTF18acbujhw,61026.2354167,2,18.8426,0.11157984,20.495,-1
ZTF18acbujhw,61028.2546991,2,18.9362,0.14236835,20.1192,-1
ZTF18acbujhw,61030.183125,2,18.9004,0.10163052,20.5342,-1
ZTF18acbujhw,61038.2408796,2,18.829,0.21393564,19.192,-1
ZTF18acbujhw,61049.1202199,2,18.8603,0.11997513,19.885,-1
ZTF18acbujhw,61053.1953935,2,18.856,0.13032365,19.8459,-1
ZTF18acbujhw,61055.1238657,2,18.8789,0.1129372,20.0892,-1
ZTF18acbujhw,61057.1444444,2,18.8744,0.14715655,19.4594,-1
ZTF18acbujhw,61059.148831,2,18.8538,0.124618106,20.3712,-1
ZTF18acbujhw,61061.1651505,2,18.6016,0.230214,18.6742,-1
ZTF18acbujhw,61071.1844097,2,18.7816,0.122407354,19.3173,-1
ZTF18acbujhw,61075.2036574,2,18.7886,0.12620121,19.4914,-1
ZTF18acbujhw,61080.1574884,2,18.8509,0.15641862,20.0452,-1
ZTF18acbujhw,61086.1222222,2,18.8692,0.14140399,19.542,-1
ZTF18acbujhw,61209.4749306,2,19.0054,0.116305456,19.3981,-1
ZTF18acbujhw,61209.4783449,2,18.9528,0.18147062,19.1958,-1
ZTF18acbujhw,61212.4747222,2,18.7798,0.14355516,19.355,-1
ZTF18acbujhw,61212.478588,2,18.887,0.14773333,19.2066,-1
ZTF18acbujhw,61229.4746528,2,18.9169,0.13552676,19.894,-1
ZTF18acbujhw,61230.4755324,2,18.8712,0.11949885,19.6758,-1
ZTF18acbujhw,61234.475706,2,18.8661,0.14321595,20.2203,-1
ZTF18acbujhw,61243.4291782,2,18.8796,0.13001305,19.9724,-1
ZTF18acbujhw,61244.474294,2,18.8378,0.12984474,20.4044,-1
ZTF18acbujhw,61245.4345718,2,18.8656,0.1447853,20.3066,-1
ZTF18acbujhw,61246.4541782,2,18.8965,0.114181,20.3387,-1
ZTF18acbujhw,61248.3877778,2,18.8547,0.12164136,19.7363,-1
ZTF18acbujhw,61249.3858796,2,18.9668,0.24782,18.365,-1
ZTF18acbujhw,61250.3682407,2,18.77,0.14696436,19.2388,-1
ZTF18acbujhw,61254.4075579,2,18.8937,0.12556191,19.7193,-1
ZTF18acbujhw,61255.4501157,2,18.8776,0.14379954,19.8286,-1
ZTF18acbujhw,61256.422963,2,18.926,0.16726787,19.8188,-1
ZTF18acppxgo,58440.5454861,2,18.9125,0.0943575,20.0163,1
ZTF18acppxgo,58447.4983333,2,18.8713,0.12697458,19.3322,1
ZTF18acppxgo,58461.5439352,2,19.6889,0.20539369,19.7243,1
ZTF18acppxgo,58467.5432986,2,19.8548,0.17769131,20.0291,1
ZTF18acppxgo,58472.5224884,1,20.541,0.252003,20.4721,-1
ZTF18acppxgo,58486.4803241,2,20.3268,0.17575909,20.2634,1
ZTF18acppxgo,58575.2722917,1,20.3636,0.249129,20.5212,-1
ZTF18acppxgo,58580.252662,1,20.4365,0.25728,20.4319,-1
ZTF18acppxgo,58597.2518056,1,20.3564,0.21508442,20.4334,-1
ZTF18acppxgo,58600.1894907,1,20.1531,0.1984873,20.5319,-1
ZTF18acppxgo,58605.2329398,1,20.0777,0.2021223,20.3721,-1
ZTF18acppxgo,58608.2751852,1,20.2078,0.21433754,20.26,-1
ZTF18acppxgo,58612.1714352,1,20.0963,0.19643971,20.5775,-1
ZTF18acppxgo,58634.1916204,1,20.1038,0.17704181,20.4687,-1
ZTF18acppxgo,58637.2163426,1,20.2376,0.243672,20.3492,-1
ZTF18acppxgo,58640.1969676,1,20.132,0.2004589,20.3523,-1
ZTF18acppxgo,58831.5461806,1,19.8886,0.351051,19.2962,-1
ZTF18acppxgo,58849.5008333,1,20.0937,0.16918391,20.4702,-1
ZTF18acppxgo,58855.480162,1,20.2011,0.21699385,20.238,-1
ZTF18acppxgo,58867.4157523,1,20.0795,0.20691432,20.2867,-1
ZTF18acppxgo,58962.2092477,1,20.1525,0.18626522,20.5053,-1
ZTF18acppxgo,59265.4167245,1,20.1531,0.20324518,20.3063,-1
ZTF18acppxgo,60325.5399306,1,20.2426,0.22259,20.2574,-1
ZTF18acppxgo,60352.465463,1,20.1452,0.16821152,20.2871,-1
ZTF18acppxgo,60356.44375,1,20.1079,0.12465397,20.7097,-1
ZTF18acppxgo,60374.4009722,1,20.0759,0.1671104,20.186,-1
ZTF18acppxgo,60403.3183565,1,20.1563,0.2034099,20.4563,-1
ZTF18acppxgo,60407.3239236,1,19.9813,0.15098454,20.3031,-1
ZTF18acppxgo,60412.3403472,1,20.2574,0.19884191,20.3479,-1
ZTF18acppxgo,60795.2946296,1,20.3088,0.205518,20.2958,-1
ZTF18acppxgo,60797.2670718,1,20.3617,0.290723,19.9648,-1
ZTF18acppxgo,60817.268669,1,20.0503,0.1834015,20.0751,-1
ZTF18acppxgo,60819.1918866,1,20.1914,0.19120395,20.1686,-1
ZTF18acppxgo,61002.5273727,1,20.0887,0.20404555,20.2851,-1
ZTF18acppxgo,61094.4202546,1,20.1311,0.230782,20.0576,-1
ZTF18acppxgo,61107.4478704,1,19.7804,0.312416,19.3006,-1
ZTF18acppxgo,61108.2328356,1,20.1569,0.319554,19.901,-1
ZTF18acppxgo,61110.3870023,1,20.4118,0.279222,20.2302,-1
ZTF18acppxgo,61118.3575347,1,20.1369,0.2134748,20.3389,-1
ZTF18acppxgo,61146.3063426,1,20.0168,0.328249,19.7612,-1
ZTF18acppxgo,61153.3120139,1,20.0057,0.225647,20.0207,-1
ZTF18acppxgo,61154.2898495,1,20.108,0.237561,19.9859,-1
ZTF18acppxgo,61167.2669213,1,20.0494,0.234149,20.2277,-1
ZTF18acppxgo,61168.2081944,1,20.2399,0.230356,20.3583,-1
ZTF18acppxgo,61171.3235532,1,20.1145,0.20909011,19.9489,-1
ZTF19aadwtoe,58508.1927894,1,18.0305,0.06274833,20.4616,1
ZTF19aadwtoe,58508.2407755,2,17.9218,0.05433863,20.2185,1
ZTF19aadwtoe,58508.288125,2,17.9259,0.06578903,19.9828,1
ZTF19aadwtoe,58510.2882986,2,17.7249,0.06357191,19.4571,1
ZTF19aadwtoe,58511.1715972,1,17.9741,0.0756116,19.9752,1
ZTF19aadwtoe,58523.2275347,2,17.9224,0.06273452,19.9241,1
ZTF19aadwtoe,58523.2358449,1,18.6533,0.115672424,20.7569,1
ZTF19aadwtoe,58526.2268981,2,18.0726,0.065324225,20.1507,1
ZTF19aadwtoe,58541.2880324,2,18.6042,0.17942761,18.951,1
ZTF19aadwtoe,58547.1912847,2,18.9258,0.085253,20.5746,1
ZTF19aadwtoe,58547.208044,2,18.95,0.1092787,20.5672,1
ZTF19aadwtoe,58547.208044,2,18.95,0.109279,20.5672,1
ZTF19aadwtoe,58556.1902894,2,19.0101,0.122584514,19.9269,1
ZTF19aadwtoe,58567.1710185,1,20.5409,0.224716,20.7187,1
ZTF19aadwtoe,58568.1253472,2,19.5489,0.15989847,20.1527,1
ZTF19aadwtoe,58581.1533912,2,19.4521,0.281376,19.3025,1
ZTF19aadwtoe,58584.1569213,2,19.5671,0.20262787,19.9419,1
ZTF19aadwtoe,58608.1667014,2,19.8422,0.20802152,20.1072,1
ZTF19aadwtoe,60562.5043287,2,19.64,0.1522257,20.0222,-1
ZTF19aadwtoe,60562.5071875,2,19.7044,0.16971931,20.0076,-1
ZTF19aadwtoe,60562.5100926,2,19.5237,0.20017268,19.9148,-1
ZTF19aadwtoe,60933.5098727,2,19.8129,0.23095,20.0072,-1
ZTF19aadwtoe,60933.5133796,2,19.6057,0.19597185,20.0316,-1
ZTF19aadwtoe,60934.5090856,2,19.9162,0.2019632,19.9541,-1
ZTF19aadwtoe,60934.5130787,2,19.8175,0.229957,19.9485,-1
ZTF19aadwtoe,60934.5170833,2,19.9438,0.19606753,19.9118,-1
ZTF19aadwtoe,61301.5168171,2,19.7109,0.14914882,20.1473,-1
ZTF19aadwtoe,61304.5181944,2,19.4853,0.165062,20.3485,-1
ZTF19aadwtoe,61305.5170718,2,19.7214,0.1449247,20.3288,-1
ZTF19aceqlxc,58769.4782639,2,19.1268,0.17065153,19.6123,1
ZTF19aceqlxc,58775.5143981,1,17.6665,0.04445197,19.7767,1
ZTF19aceqlxc,58778.485081,2,17.4971,0.049421284,19.5269,1
ZTF19aceqlxc,58778.5166782,1,17.4599,0.043567985,19.6846,1
ZTF19aceqlxc,58781.4778588,1,17.3494,0.05377563,19.785,1
ZTF19aceqlxc,58781.5043287,2,17.296,0.06106139,19.379,1
ZTF19aceqlxc,58784.4838542,1,17.3358,0.062361218,19.6152,1
ZTF19aceqlxc,58784.5245949,2,17.2905,0.074837,19.1282,1
ZTF19aceqlxc,58787.5258218,2,17.1699,0.04750046,19.8286,1
ZTF19aceqlxc,58790.4849769,2,17.1491,0.0380546,19.9055,1
ZTF19aceqlxc,58790.5268056,1,17.3867,0.050386503,20.4498,1
ZTF19aceqlxc,58793.5040046,2,17.1379,0.053489327,20.1851,1
ZTF19aceqlxc,58796.5326157,2,17.1927,0.043164935,20.0642,1
ZTF19aceqlxc,58796.5449653,1,17.5123,0.048736315,20.1872,1
ZTF19aceqlxc,58799.4632407,2,17.1949,0.049582247,19.577,1
ZTF19aceqlxc,58802.5352662,1,17.6632,0.05824745,19.5212,1
ZTF19aceqlxc,58805.4758102,2,17.3107,0.043600023,19.4094,1
ZTF19aceqlxc,58828.4413773,1,18.4278,0.100016356,19.3102,1
ZTF19aceqlxc,58833.3893287,2,17.6458,0.0820528,19.3327,1
ZTF19aceqlxc,58835.4418171,2,17.6358,0.057102475,19.5637,1
ZTF19aceqlxc,58838.4610532,1,18.6838,0.17254421,18.8647,1
ZTF19aceqlxc,58850.4452315,2,17.8023,0.077429816,19.8234,1
ZTF19aceqlxc,58854.4409954,2,17.848,0.119018,19.1917,1
ZTF19aceqlxc,58854.4831134,1,18.8429,0.209717,19.3391,1
ZTF19aceqlxc,58860.3351852,2,17.8066,0.06415277,19.1086,1
ZTF19aceqlxc,58864.1916898,1,18.6575,0.070584886,20.3865,1
ZTF19aceqlxc,58864.2496412,2,17.8065,0.044926006,20.6349,1
ZTF19aceqlxc,58867.2710069,2,17.768,0.04592145,20.4188,1
ZTF19aceqlxc,58867.3869329,1,18.6033,0.07279717,20.4636,1
ZTF19aceqlxc,58871.2288889,1,18.553,0.095188916,20.2254,1
ZTF19aceqlxc,58871.2928704,2,17.7744,0.046821743,20.221,1
ZTF19aceqlxc,58873.2351273,2,17.7838,0.054253202,20.4331,1
ZTF19aceqlxc,58874.2329398,2,17.7701,0.05370326,20.2763,1
ZTF19aceqlxc,58877.2302546,1,18.4796,0.07205033,20.156,1
ZTF19aceqlxc,58880.2103472,2,17.741,0.043385237,20.2183,1
ZTF19aceqlxc,58880.2330671,1,18.4188,0.07299498,20.1295,1
ZTF19aceqlxc,58883.2289931,2,17.711,0.061630107,19.406,1
ZTF19aceqlxc,58883.2309838,2,17.6932,0.063552484,19.3792,1
ZTF19aceqlxc,58888.2538426,1,18.3072,0.115086176,18.9687,1
ZTF19aceqlxc,58891.1346875,2,17.7014,0.041328263,20.2429,1
ZTF19aceqlxc,58891.1909606,1,18.3257,0.0711257,20.0771,1
ZTF19aceqlxc,58892.2897106,2,17.6962,0.04775753,19.8292,1
ZTF19aceqlxc,58894.1910532,1,18.305,0.055683084,20.5793,1
ZTF19aceqlxc,58898.2110532,1,18.2576,0.05944713,20.6611,1
ZTF19aceqlxc,58898.2994444,2,17.6949,0.057290096,20.4313,1
ZTF19aceqlxc,58900.2034259,2,17.6922,0.05908665,20.3145,1
ZTF19aceqlxc,58903.1900694,2,17.6756,0.048614256,20.4984,1
ZTF19aceqlxc,58906.2557176,1,18.2528,0.062125,20.1254,1
ZTF19aceqlxc,58909.1459954,2,17.7267,0.075280555,19.4884,1
ZTF19aceqlxc,58912.1346296,1,18.2008,0.079074696,19.7375,1
ZTF19aceqlxc,58915.1504398,2,17.7039,0.06314502,19.5214,1
ZTF19aceqlxc,58915.190787,1,18.207,0.07918551,19.221,1
ZTF19aceqlxc,58956.1696644,2,17.8665,0.05023977,20.3312,1
ZTF19aceqlxc,58956.191412,1,18.1937,0.06511879,20.3077,1
ZTF19aceqlxc,58964.2238889,2,17.8462,0.04718749,19.8577,1
ZTF19aceqlxc,58967.2040162,1,18.2654,0.080902115,19.84,1
ZTF19aceqlxc,58970.2130208,1,18.2588,0.11386808,18.8747,1
ZTF19aceqlxc,58973.1624884,2,17.8737,0.06671299,19.6197,1
ZTF19aceqlxc,58973.1940162,1,18.1884,0.10174618,19.1822,1
ZTF19aceqlxc,59124.4780671,2,18.6169,0.081428,19.608,1
ZTF19aceqlxc,59126.4634722,1,19.0013,0.15777683,19.2927,1
ZTF19aceqlxc,59130.4677199,2,18.7198,0.109955125,19.8189,1
ZTF19aceqlxc,59130.5162616,1,18.9497,0.12184706,19.733,1
ZTF19aceqlxc,59135.4760995,1,18.9446,0.08480004,20.354,1
ZTF19aceqlxc,59135.4966319,2,18.7045,0.08171164,20.367,1
ZTF19aceqlxc,59137.4566435,1,18.9859,0.09885104,20.4122,1
ZTF19aceqlxc,59137.5023495,2,18.6908,0.08693157,20.4502,1
ZTF19aceqlxc,59139.4578125,1,18.8799,0.104200736,20.1341,1
ZTF19aceqlxc,59139.5178819,2,18.7274,0.11056812,20.3766,1
ZTF19aceqlxc,59141.4568866,1,18.9909,0.08023889,20.4746,1
ZTF19aceqlxc,59141.5023727,2,18.7674,0.066756666,20.5478,1
ZTF19aceqlxc,59143.4794792,2,18.7188,0.06581788,20.5904,1
ZTF19aceqlxc,59143.5066088,1,19.0153,0.0723666,20.8197,1
ZTF19aceqlxc,59145.4616551,1,18.9879,0.08335605,20.5333,1
ZTF19aceqlxc,59149.3855324,2,18.744,0.1227393,19.3105,1
ZTF19aceqlxc,59149.500081,1,18.9833,0.094242394,20.2284,1
ZTF19aceqlxc,59150.4549653,1,18.9847,0.09016163,20.0082,1
ZTF19aceqlxc,59150.5001273,2,18.8719,0.085299775,20.4603,1
ZTF19aceqlxc,59151.4552431,2,18.7292,0.1140281,19.451,1
ZTF19aceqlxc,59151.4818287,1,19.1509,0.13263078,19.6593,1
ZTF19aceqlxc,59152.4628356,2,18.7388,0.087424,19.721,1
ZTF19aceqlxc,59152.5220718,1,19.1921,0.171078,19.7464,1
ZTF19aceqlxc,59155.4138079,1,18.9931,0.161859,19.4124,1
ZTF19aceqlxc,59155.4631134,2,18.9088,0.10617785,19.9744,1
ZTF19aceqlxc,59157.4996065,2,18.8797,0.102054365,19.7282,1
ZTF19aceqlxc,59157.5049306,1,18.9289,0.10878349,19.5237,1
ZTF19aceqlxc,59158.4624537,1,19.1113,0.16872346,19.4165,1
ZTF19aceqlxc,59158.5053356,2,19.0096,0.19154333,18.8652,1
ZTF19aceqlxc,59165.4168171,2,18.9126,0.094751954,20.3736,1
ZTF19aceqlxc,59165.4417477,1,19.1239,0.097883895,20.5425,1
ZTF19aceqlxc,59168.4826389,1,19.137,0.082033366,20.435,1
ZTF19aceqlxc,59170.4158333,2,19.0388,0.098151684,20.4089,1
ZTF19aceqlxc,59170.4618519,1,19.2055,0.10290346,20.48,1
ZTF19aceqlxc,59173.4609259,1,19.284,0.1147601,20.2773,1
ZTF19aceqlxc,59176.4228125,2,19.0298,0.08625137,20.5208,1
ZTF19aceqlxc,59176.4877662,1,19.2054,0.0814551,20.5072,1
ZTF19aceqlxc,59178.4903935,1,19.2142,0.101633355,20.6404,1
ZTF19aceqlxc,59180.445162,2,18.9813,0.15772076,19.4783,1
ZTF19aceqlxc,59182.4619676,2,19.2739,0.16125955,19.5537,1
ZTF19aceqlxc,59182.5274421,1,19.2939,0.19612071,19.421,1
ZTF19aceqlxc,59184.4404398,1,19.2742,0.20280127,19.2814,1
ZTF19aceqlxc,59184.4778009,2,19.1811,0.149056,19.5905,1
ZTF19aceqlxc,59188.3952431,2,19.2685,0.15071872,19.7169,1
ZTF19aceqlxc,59188.4280671,1,19.4071,0.17323922,19.6463,1
ZTF19aceqlxc,59193.4497454,1,19.2786,0.11968444,20.3418,1
ZTF19aceqlxc,59193.5001389,2,19.2017,0.09223331,20.3245,1
ZTF19aceqlxc,59196.3933681,2,19.2535,0.20925269,19.7704,1
ZTF19aceqlxc,59196.4201505,1,19.3334,0.15215099,20.0586,1
ZTF19aceqlxc,59199.3784838,2,19.2985,0.12833472,20.1126,1
ZTF19aceqlxc,59199.4210995,1,19.3991,0.111438,20.4138,1
ZTF19aceqlxc,59202.3597106,1,19.3761,0.1225021,20.235,1
ZTF19aceqlxc,59202.3980671,2,19.2349,0.11072185,20.1394,1
ZTF19aceqlxc,59204.3879282,2,19.3719,0.118332386,20.5481,1
ZTF19aceqlxc,59204.4573495,1,19.4739,0.11904451,20.3854,1
ZTF19aceqlxc,59206.3955093,1,19.7082,0.332094,19.0976,1
ZTF19aceqlxc,59217.3380208,2,19.5481,0.13753554,20.0685,1
ZTF19aceqlxc,59217.4018403,1,19.6743,0.268923,19.6139,1
ZTF19aceqlxc,59219.331412,2,19.5283,0.14022608,19.9248,1
ZTF19aceqlxc,59219.3749074,1,19.6036,0.19298834,19.8627,1
ZTF19aceqlxc,59221.3370833,1,19.6299,0.126268,20.4176,1
ZTF19aceqlxc,59221.3575347,2,19.562,0.172695,20.1738,1
ZTF19aceqlxc,59223.358044,2,19.5168,0.13102964,20.2056,1
ZTF19aceqlxc,59225.3526042,1,19.8218,0.16716059,20.4744,1
ZTF19aceqlxc,59225.3676389,2,19.6011,0.1351526,20.39,1
ZTF19aceqlxc,59227.3140741,2,19.529,0.183053,20.1272,1
ZTF19aceqlxc,59227.4580787,1,19.7043,0.156149,20.0764,1
ZTF19aceqlxc,59229.320625,1,19.6841,0.18982871,19.9918,1
ZTF19aceqlxc,59231.2580093,1,19.6588,0.15001161,20.0365,1
ZTF19aceqlxc,59231.3161227,2,19.6254,0.14928953,20.1183,1
ZTF19aceqlxc,59248.2690625,1,19.8824,0.15605567,20.4962,1
ZTF19aceqlxc,59250.2485648,2,19.7013,0.275129,19.7736,1
ZTF19aceqlxc,59250.2547685,1,20.0467,0.227716,20.1771,1
ZTF19aceqlxc,59252.2057292,2,19.8616,0.16190648,20.54,1
ZTF19aceqlxc,59252.2692361,1,20.1635,0.17757802,20.5696,1
ZTF19aceqlxc,59254.2542014,2,20.0029,0.14404273,20.6947,1
ZTF19aceqlxc,59254.2750579,1,20.1536,0.18864201,20.719,1
ZTF19aceqlxc,59256.234838,2,20.1962,0.233651,20.4181,1
ZTF19aceqlxc,59256.2755903,1,20.1825,0.20084396,20.6544,1
ZTF19aceqlxc,60554.5090278,2,18.5596,0.099403,19.2832,-1
ZTF19aceqlxc,60554.5095023,2,18.5435,0.11807744,19.4686,-1
ZTF19aceqlxc,60554.5099769,2,18.5777,0.09792924,19.3205,-1
ZTF19aceqlxc,60918.5157986,2,18.6975,0.1381571,18.9347,-1
ZTF19aceqlxc,60918.5207755,2,18.3784,0.1935193,18.252,-1
ZTF19aceqlxc,60922.5169329,2,18.6503,0.13553792,19.3731,-1
ZTF19aceqlxc,60922.5219907,2,18.6524,0.15914743,18.8753,-1
ZTF19aceqlxc,60922.5270486,2,18.5,0.235495,18.22,-1
ZTF19aceqlxc,60925.5088542,2,18.6101,0.14597577,19.0055,-1
ZTF19aceqlxc,60925.5129051,2,18.5068,0.12548773,19.1321,-1
ZTF19aceqlxc,60925.516956,2,18.5114,0.15679781,19.1337,-1
ZTF19aceqlxc,60926.5071875,2,18.7228,0.13058619,19.2946,-1
ZTF19aceqlxc,60926.5107176,2,18.7333,0.13081391,19.3001,-1
ZTF19aceqlxc,60926.5152199,2,18.5295,0.102623165,19.3592,-1
ZTF19aceqlxc,60927.5075463,2,18.496,0.12101846,19.3019,-1
ZTF19aceqlxc,60927.5110764,2,18.698,0.13932666,19.1542,-1
ZTF19aceqlxc,60927.5156481,2,18.5682,0.11082377,19.2053,-1
ZTF19aceqlxc,60929.5090625,2,18.5843,0.10399256,19.2443,-1
ZTF19aceqlxc,60929.513044,2,18.6411,0.12242933,19.347,-1
ZTF19aceqlxc,60929.517037,2,18.5687,0.124286026,19.2577,-1
ZTF19aceqlxc,60930.5094444,2,18.5647,0.10981646,19.6031,-1
ZTF19aceqlxc,60930.5134375,2,18.6029,0.104964696,19.6557,-1
ZTF19aceqlxc,60930.5174306,2,18.6066,0.1017183,19.6184,-1
ZTF19aceqlxc,61283.5133565,2,18.5498,0.121815085,18.9226,-1
ZTF19aceqlxc,61285.5122569,2,18.6844,0.243984,18.7349,-1
ZTF19aceqlxc,61301.5151968,2,18.5856,0.11494694,20.1705,-1
ZTF19aceqlxc,61304.5165741,2,18.5936,0.083723426,20.3246,-1
ZTF19aceqlxc,61305.5154514,2,18.524,0.09539383,20.364,-1
ZTF20aamrreb,58891.2721296,2,18.7233,0.11290297,19.551,1
ZTF20aamrreb,58892.3354977,1,18.873,0.16412307,19.5265,1
ZTF20aamrreb,58894.2385069,2,18.4214,0.09721038,19.9893,1
ZTF20aamrreb,58895.378588,1,18.7216,0.13074309,19.6386,1
ZTF20aamrreb,58899.2092824,1,18.7677,0.083847664,20.1764,1
ZTF20aamrreb,58899.2507523,2,18.4024,0.08307584,20.1113,1
ZTF20aamrreb,58905.1668403,1,18.6957,0.19960284,19.1689,1
ZTF20aamrreb,58905.2270486,2,18.3491,0.08372432,19.7045,1
ZTF20aamrreb,58905.2533218,1,18.7353,0.1643527,19.7061,1
ZTF20aamrreb,58913.2238657,2,18.5474,0.11853175,19.3822,1
ZTF20aamrreb,59177.4821875,2,19.574,0.17848605,20.093,-1
ZTF20aamrreb,59201.4399884,2,19.4477,0.230732,19.8376,-1
ZTF20aamrreb,59210.3965162,2,19.627,0.293392,19.338,-1
ZTF20aamrreb,59217.3773611,2,19.433,0.245907,19.4245,-1
ZTF20aamrreb,59218.4234028,2,19.8368,0.230032,19.7796,-1
ZTF20aamrreb,59226.4157986,2,19.5242,0.237761,19.6466,-1
ZTF20aamrreb,59230.4265625,2,19.4943,0.18229353,19.8164,-1
ZTF20aamrreb,59232.3345718,2,19.6618,0.17143807,20.2506,-1
ZTF20aamrreb,59248.3566898,2,19.5537,0.236071,19.7416,-1
ZTF20aamrreb,59251.3151273,2,19.5841,0.17044407,20.1162,-1
ZTF20aamrreb,59253.3334028,2,19.5742,0.17661294,20.2662,-1
ZTF20aamrreb,59255.2937847,2,19.7261,0.17491166,20.1188,-1
ZTF20aamrreb,59264.2926505,2,19.5542,0.25618,19.7996,-1
ZTF20aamrreb,59291.2211574,2,19.4819,0.14959067,20.1241,-1
ZTF20aamrreb,59309.2100231,2,19.7076,0.258854,19.8639,-1
ZTF20aamrreb,59315.1549074,2,19.4398,0.16794552,20.1184,-1
ZTF20aamrreb,59672.169213,2,19.6355,0.17258468,20.2937,-1
ZTF20aamrreb,59676.1689468,2,19.604,0.2182,19.6388,-1
ZTF20aamrreb,59678.2091667,2,19.3655,0.20575556,19.6363,-1
ZTF20aamrreb,59906.4806597,2,19.759,0.222417,19.9608,-1
ZTF20aamrreb,59910.5227894,2,19.4915,0.17368981,19.631,-1
ZTF20aamrreb,59914.5033102,2,19.4952,0.231983,19.9403,-1
ZTF20aamrreb,59930.4344676,2,19.3246,0.20889656,19.821,-1
ZTF20aamrreb,59957.3769329,2,19.4812,0.19525748,19.7491,-1
ZTF20aamrreb,60031.2540972,2,19.4147,0.2100655,19.6476,-1
ZTF20aamrreb,60036.2124074,2,19.4039,0.275565,19.3931,-1
ZTF20aamrreb,60045.2348264,2,19.6198,0.17568463,19.9178,-1
ZTF20aamrreb,60288.4815625,2,19.6531,0.29799,19.5375,-1
ZTF20aamrreb,60291.5021296,2,19.6569,0.19938932,20.1003,-1
ZTF20aamrreb,60314.4421759,2,19.6714,0.283508,19.7966,-1
ZTF20aamrreb,60322.4040509,2,19.5103,0.264845,19.5882,-1
ZTF20aamrreb,60326.3975,2,19.5943,0.18486091,19.9267,-1
ZTF20aamrreb,60341.3392824,2,19.3861,0.1938161,19.6828,-1
ZTF20aamrreb,60352.3143171,2,19.5529,0.1843193,20.0464,-1
ZTF20aamrreb,60354.3356713,2,19.5561,0.20002273,19.8304,-1
ZTF20aamrreb,60355.3573611,2,19.6617,0.261462,19.7764,-1
ZTF20aamrreb,60357.3142477,2,19.5427,0.223291,20.0291,-1
ZTF20aamrreb,60369.2939583,2,19.5916,0.18969508,19.8529,-1
ZTF20aamrreb,60378.2440278,2,19.5374,0.256588,19.8561,-1
ZTF20aamrreb,60403.209838,2,19.5093,0.20683762,19.7581,-1
ZTF20aamrreb,60684.358831,2,19.3685,0.275038,19.4367,-1
ZTF20aamrreb,60686.3980093,2,19.4973,0.33875,19.2361,-1
ZTF20aamrreb,60688.3580324,2,19.0831,0.226777,19.0006,-1
ZTF20aamrreb,60694.3975579,2,19.8013,0.386728,19.7237,-1
ZTF20aamrreb,60695.3568287,2,19.6598,0.286518,19.7827,-1
ZTF20aamrreb,60705.3073148,2,19.5747,0.2059608,19.82,-1
ZTF20aamrreb,60705.3073148,2,19.5747,0.205961,19.82,-1
ZTF20aamrreb,60725.3376042,2,19.6495,0.279568,19.4596,-1
ZTF20aamrreb,60731.2839931,2,19.6548,0.229844,20.0506,-1
ZTF20aamrreb,60732.2734259,2,19.6207,0.17366691,19.9948,-1
ZTF20aamrreb,60739.2253935,2,19.6463,0.218166,19.8779,-1
ZTF20aamrreb,60744.2735069,2,19.4913,0.352163,19.2444,-1
ZTF20aamrreb,60750.2541319,2,19.2378,0.225382,19.3716,-1
ZTF20aamrreb,60761.2097338,2,19.4551,0.17148831,20.0899,-1
ZTF20aamrreb,61005.4804514,2,19.6843,0.2084058,20.0112,-1
ZTF20aamrreb,61007.4803704,2,19.8194,0.21353997,20.0949,-1
ZTF20aamrreb,61010.5028588,2,19.797,0.18154992,20.1589,-1
ZTF20aamrreb,61021.4512847,2,19.6,0.18495245,19.893,-1
ZTF20aamrreb,61022.4603125,2,19.5691,0.19815964,20.0728,-1
ZTF20aamrreb,61025.440463,2,19.6941,0.20033702,19.882,-1
ZTF20aamrreb,61029.4176042,2,19.5219,0.132518,20.2104,-1
ZTF20aamrreb,61030.5014699,2,19.6239,0.18899496,20.1135,-1
ZTF20aamrreb,61031.4063426,2,19.5732,0.18680102,20.2071,-1
ZTF20aamrreb,61055.3735069,2,19.6239,0.20780806,19.7365,-1
ZTF20aamrreb,61058.3339931,2,19.5647,0.17300849,19.9126,-1
ZTF20aamrreb,61060.4406944,2,19.5342,0.19203699,19.8614,-1
ZTF20aamrreb,61077.303669,2,19.4784,0.275712,19.4394,-1
ZTF20aamrreb,61080.3342593,2,19.4847,0.20558837,19.942,-1
ZTF20aamrreb,61095.2729861,2,19.7782,0.251808,19.8854,-1
ZTF20aamrreb,61097.2310995,2,19.6634,0.319123,19.5445,-1
ZTF20aamrreb,61100.2275579,2,19.4095,0.20578063,19.3274,-1
ZTF20acveadu,59188.3809954,2,18.682,0.11737571,19.5097,1
ZTF20acveadu,59188.4404861,1,18.8281,0.13081166,19.5776,1
ZTF20acveadu,59194.4395949,1,18.7126,0.09102443,20.2385,1
ZTF20acveadu,59196.4406366,1,18.7392,0.119263,20.1045,1
ZTF20acveadu,59196.4844444,2,18.3359,0.07919609,19.9621,1
ZTF20acveadu,59199.4038773,2,18.307,0.086991,19.9803,1
ZTF20acveadu,59199.4546759,1,18.8296,0.08873753,20.2699,1
ZTF20acveadu,59203.3795255,1,18.889,0.11199578,20.1814,1
ZTF20acveadu,59203.4604745,2,18.3915,0.09322326,19.8921,1
ZTF20acveadu,59206.3970023,1,19.2115,0.308967,18.9413,1
ZTF20acveadu,59215.4209954,1,18.9345,0.312491,18.5418,1
ZTF20acveadu,59218.3385417,1,19.1243,0.15215802,19.5923,1
ZTF20acveadu,59218.3996296,2,18.3761,0.08038439,19.8439,1
ZTF20acveadu,59222.3539931,2,18.4943,0.07206265,20.3279,1
ZTF20acveadu,59222.3777778,1,19.3617,0.1072845,20.6096,1
ZTF20acveadu,59224.373588,2,18.4977,0.1020938,19.8752,1
ZTF20acveadu,59224.4188773,1,19.3417,0.117394865,20.2887,1
ZTF20acveadu,59226.3811574,1,19.4032,0.14253575,20.3053,1
ZTF20acveadu,59226.4129861,2,18.3962,0.09538245,20.0439,1
ZTF20acveadu,59228.3609259,1,19.3451,0.14475895,20.4407,1
ZTF20acveadu,59228.4441088,2,18.5341,0.088275895,20.1978,1
ZTF20acveadu,59230.4170949,1,19.3903,0.13624887,20.606,1
ZTF20acveadu,59230.4284375,2,18.4204,0.09658314,20.159,1
ZTF20acveadu,59232.3805671,1,19.5632,0.12828569,20.6111,1
ZTF20acveadu,59232.4031134,2,18.5295,0.07634426,20.554,1
ZTF20acveadu,59248.363287,2,18.6687,0.12440928,20.1857,1
ZTF20acveadu,59250.2942245,1,19.6804,0.20406808,20.1722,1
ZTF20acveadu,59250.3354977,2,18.5466,0.086237736,19.9932,1
ZTF20acveadu,59252.2725926,1,19.8267,0.1859789,20.5572,1
ZTF20acveadu,59252.2950347,2,18.5342,0.07927369,20.5156,1
ZTF20acveadu,59254.3785301,2,18.6142,0.06877102,20.5821,1
ZTF20acveadu,59256.2367245,2,18.5936,0.082989655,20.4811,1
ZTF20acveadu,59256.2943981,1,19.7146,0.1830035,20.5276,1
ZTF20acveadu,59260.2708102,2,18.6809,0.09900161,19.6743,1
ZTF20acveadu,59260.3701042,1,19.7707,0.1873874,20.0255,1
ZTF20acveadu,59263.2147338,2,18.7551,0.18275477,19.2911,1
ZTF20acveadu,59265.274919,2,18.6732,0.08286539,20.3102,1
ZTF20acveadu,59265.3949769,1,19.8641,0.1456838,20.3979,1
ZTF20acveadu,59267.2746528,1,19.6507,0.1901202,19.7208,1
ZTF20acveadu,59267.3338194,2,18.7467,0.12368604,19.7869,1
ZTF20acveadu,59273.2345949,2,18.7194,0.17357731,18.8833,1
ZTF20acveadu,59275.2739699,2,18.7757,0.09808613,19.7982,1
ZTF20acveadu,59278.1709144,2,18.8615,0.101164974,19.915,1
ZTF20acveadu,59278.2365046,1,19.9534,0.313033,19.8673,1
ZTF20acveadu,59291.2322338,2,19.4166,0.13013859,20.4036,1
ZTF20acveadu,59293.2101852,2,19.428,0.15728006,20.0902,1
ZTF20acveadu,60572.5226157,2,19.0257,0.280883,18.6067,-1
ZTF20acveadu,60572.5230787,2,18.6816,0.17216799,18.5617,-1
ZTF20acveadu,60574.5167361,2,19.0571,0.231011,18.7659,-1
ZTF20acveadu,60574.5172106,2,18.8566,0.20393507,18.842,-1
ZTF20acveadu,60575.5143171,2,19.0688,0.19725528,19.2425,-1
ZTF20acveadu,60575.5153935,2,18.9072,0.14496471,19.2542,-1
ZTF20acveadu,60948.5170023,2,18.9401,0.13105446,19.802,-1
ZTF20acveadu,60948.5208912,2,18.9049,0.098217376,19.7923,-1
ZTF20acveadu,60948.5247685,2,19.0661,0.1380962,19.615,-1
ZTF20acveadu,60951.5191551,2,19.0297,0.14501654,19.9789,-1
ZTF20acveadu,60951.5231134,2,19.0165,0.10949822,19.9244,-1
ZTF20acveadu,60951.5270718,2,18.9861,0.13279834,19.8353,-1
ZTF20acveadu,61085.3802431,3,18.6213,0.13330323,19.6608,-1
ZTF20acveadu,61093.1928935,3,18.6709,0.15461445,19.2865,-1
ZTF20acveadu,61094.360706,3,18.6349,0.13054922,19.4766,-1
ZTF20acveadu,61095.3818866,3,18.6049,0.115164496,19.9552,-1
ZTF20acveadu,61097.1952315,3,18.5983,0.12552986,19.3369,-1
ZTF20acveadu,61102.1701273,3,18.7506,0.259289,18.8786,-1
ZTF20acveadu,61106.2900463,3,18.8613,0.1684638,19.3429,-1
ZTF20acveadu,61108.2803009,3,18.8071,0.12926242,19.4015,-1
ZTF20acveadu,61111.2670486,3,18.6665,0.117972136,19.7862,-1
ZTF20acveadu,61112.2565741,3,18.7224,0.110368475,19.7966,-1
ZTF20acveadu,61113.2884722,3,18.7243,0.148604,19.5499,-1
ZTF20acveadu,61113.2884722,3,18.7243,0.14860411,19.5499,-1
ZTF20acveadu,61114.2762153,3,18.6066,0.13730083,19.522,-1
ZTF20acveadu,61115.2979398,3,18.6556,0.120136,19.6789,-1
ZTF20acveadu,61115.2979398,3,18.6556,0.120136335,19.6789,-1
ZTF20acveadu,61116.2376968,3,18.6694,0.14342391,19.6214,-1
ZTF20acveadu,61118.2738889,3,18.6777,0.14085239,19.7161,-1
ZTF20acveadu,61121.1701273,3,18.5633,0.17409717,19.1005,-1
ZTF20acveadu,61123.3227662,3,18.6661,0.15886003,19.7143,-1
ZTF20acveadu,61125.2633796,3,18.7431,0.1396521,19.3762,-1
ZTF20acveadu,61126.2341551,3,18.6238,0.14718296,19.6777,-1
ZTF20acveadu,61132.1974306,3,18.6467,0.13695917,19.1787,-1
ZTF20acveadu,61137.1594676,3,18.8053,0.14466102,19.7087,-1
ZTF20acveadu,61139.1595718,3,18.6521,0.1219013,19.4718,-1
ZTF20acveadu,61140.2017824,3,18.7012,0.11757188,19.7415,-1
ZTF20acveadu,61145.1635764,3,18.6013,0.12401247,19.8714,-1
ZTF20acveadu,61146.1860301,3,18.6024,0.140064,19.8055,-1
ZTF20acveadu,61159.1801968,3,18.7519,0.15774769,19.3463,-1
ZTF20acveadu,61161.2348958,3,18.6463,0.18375728,18.5841,-1
ZTF20acveadu,61305.5208333,2,19.112,0.17333779,19.7088,-1
ZTF20acveadu,61305.5237384,2,19.0881,0.1283541,19.5521,-1
ZTF20acveadu,61305.5266898,2,18.9986,0.17030576,19.289,-1
ZTF21aabyifm,59221.4475926,2,19.0763,0.108613,19.9294,1
ZTF21aabyifm,59221.4729282,1,19.3645,0.201164,19.459,1
ZTF21aabyifm,59223.4029514,1,18.953,0.12382783,20.0397,1
ZTF21aabyifm,59223.4684491,2,18.532,0.07082405,20.0558,1
ZTF21aabyifm,59225.4814352,1,18.5757,0.12841797,19.713,1
ZTF21aabyifm,59225.5053356,2,18.4089,0.243912,18.3208,1
ZTF21aabyifm,59227.3799074,2,18.0763,0.06630222,20.3166,1
ZTF21aabyifm,59227.4814005,1,18.3953,0.070103,20.3821,1
ZTF21aabyifm,59229.4678356,1,18.2842,0.118276,19.7552,1
ZTF21aabyifm,59229.5058681,2,17.9261,0.08212112,19.9435,1
ZTF21aabyifm,59231.4218634,1,18.1749,0.059654932,20.4629,1
ZTF21aabyifm,59231.483044,2,17.8412,0.044566836,20.4693,1
ZTF21aabyifm,59248.4387269,2,18.0723,0.05945015,20.0914,1
ZTF21aabyifm,59248.5001157,1,18.9336,0.094825186,20.0277,1
ZTF21aabyifm,59250.419838,2,18.176,0.072975226,20.1427,1
ZTF21aabyifm,59250.4783333,1,19.0982,0.10120739,20.2993,1
ZTF21aabyifm,59252.3328588,2,18.2825,0.076206386,20.6047,1
ZTF21aabyifm,59252.4871991,1,19.2394,0.087152705,20.6764,1
ZTF21aabyifm,59254.4227662,2,18.3791,0.088857785,19.9451,1
ZTF21aabyifm,59256.4216088,2,18.5555,0.07800797,20.6052,1
ZTF21aabyifm,59256.4904167,1,19.4818,0.13271526,20.5794,1
ZTF21aabyifm,59260.4004514,2,18.6476,0.089579016,19.8161,1
ZTF21aabyifm,59260.4850579,1,19.2029,0.251839,18.9151,1
ZTF21aabyifm,59263.3577546,1,19.6998,0.20487739,20.0937,1
ZTF21aabyifm,59265.3739931,2,18.876,0.06940011,20.6813,1
ZTF21aabyifm,59267.4186806,2,18.9033,0.319003,20.1512,1
ZTF21aabyifm,59269.3734491,2,18.967,0.10589253,20.1639,1
ZTF21aabyifm,59269.4366204,1,19.9445,0.17108479,19.9363,1
ZTF21aabyifm,59275.3828009,2,19.0089,0.12278342,19.5254,1
ZTF21aabyifm,59278.4240625,2,19.1579,0.120516166,20.2042,1
ZTF21aabyifm,59281.2887731,2,19.1887,0.1356464,20.4231,1
ZTF21aabyifm,59291.2877199,1,20.0775,0.1409133,20.6388,1
ZTF21aabyifm,59291.3518171,2,19.3664,0.13391101,20.6138,1
ZTF21aabyifm,59294.2544213,1,20.0621,0.231401,19.9125,1
ZTF21aabyifm,59294.3203356,2,19.4466,0.14050497,20.1027,1
ZTF21aabyifm,59297.2585995,2,19.6395,0.221629,19.5239,1
ZTF21aabyifm,59297.298125,1,19.9426,0.26716,19.5266,1
ZTF21aabyifm,59305.297338,2,19.5184,0.14309698,19.6819,1
ZTF21aabyifm,59307.2701042,2,19.5591,0.12982792,20.5973,1
ZTF21aabyifm,59307.2977083,1,20.1364,0.17688425,20.6206,1
ZTF21aabyifm,59309.2768519,2,19.8322,0.15044883,20.5466,1
ZTF21aabyifm,59309.3086806,1,20.2374,0.19002709,20.5238,1
ZTF21aabyifm,59311.234919,1,20.2473,0.220634,20.3039,1
ZTF21aabyifm,59311.3108218,2,19.7441,0.146396,20.6435,1
ZTF21aabyifm,59313.2561111,1,20.401,0.274061,20.43,1
ZTF21aabyifm,59313.2979398,2,20.0443,0.251623,19.8414,1
ZTF21aabyifm,59317.2534028,1,20.3091,0.186498,20.8033,1
ZTF21aabyifm,59317.2534028,1,20.3091,0.18649772,20.8033,1
ZTF21aabyifm,59317.3322454,2,19.7675,0.163958,20.6369,1
ZTF21aabyifm,59317.3322454,2,19.7675,0.16395757,20.6369,1
ZTF21aabyifm,59321.2704745,1,20.3012,0.17086661,20.7334,1
ZTF21aabyifm,59323.2788426,1,20.2816,0.21432066,20.2973,1
ZTF21aabyifm,59325.2781019,2,19.9954,0.19802204,20.3393,1
ZTF21aabyifm,59334.1910764,1,20.6435,0.251974,20.6149,1
ZTF21aabyifm,59336.2583218,1,20.4946,0.230634,20.6806,1
ZTF21aabyifm,59336.3177546,2,20.3386,0.198623,20.7232,1
ZTF21aabyifm,59339.2113889,1,20.4569,0.21009856,20.5694,1
ZTF21aabyifm,59339.2555671,2,20.3294,0.17664914,20.6519,1
ZTF21aabyifm,61008.5519097,2,20.1857,0.18362437,20.1884,-1
ZTF21aabyifm,61010.5496991,2,20.1277,0.19534291,20.1208,-1
ZTF21abouxex,59422.410463,2,19.7052,0.17756891,20.0255,1
ZTF21abouxex,59426.373125,1,19.7468,0.12771863,20.3555,1
ZTF21abouxex,59426.410463,2,19.2844,0.10147604,20.4252,1
ZTF21abouxex,59428.3272917,1,19.7978,0.12911339,20.6244,1
ZTF21abouxex,59428.3860648,2,19.4317,0.10863923,20.7871,1
ZTF21abouxex,59430.3689468,2,19.4452,0.121548116,20.9275,1
ZTF21abouxex,59435.4151042,1,19.2702,0.106981955,20.8917,1
ZTF21abouxex,59438.3525463,2,18.997,0.095150374,20.6318,1
ZTF21abouxex,59438.4092014,1,19.3134,0.11676987,20.7183,1
ZTF21abouxex,59440.3947454,2,19.0929,0.10045894,20.5771,1
ZTF21abouxex,59440.3947454,2,19.0929,0.100459,20.5771,1
ZTF21abouxex,59440.4168056,1,19.5926,0.10396957,20.746,1
ZTF21abouxex,59440.4168056,1,19.5926,0.10397,20.746,1
ZTF21abouxex,59443.3000926,2,19.1937,0.11886656,20.3226,1
ZTF21abouxex,59443.342581,1,19.7722,0.124782495,20.7157,1
ZTF21abouxex,59453.3172454,2,19.4231,0.13621375,20.3339,1
ZTF21abouxex,59453.3811806,1,19.741,0.187901,20.2782,1
ZTF21abouxex,59455.3295833,1,19.0996,0.10491442,20.4822,1
ZTF21abouxex,59459.3208912,1,19.2977,0.0923872,21.0578,1
ZTF21abouxex,59459.3753935,2,19.0719,0.09230853,20.9053,1
ZTF21abouxex,59461.2627546,1,19.2596,0.088744454,20.7055,1
ZTF21abouxex,59461.3008565,2,19.0787,0.07282824,20.7989,1
ZTF21abouxex,59463.3283565,2,18.7745,0.059997797,20.4986,1
ZTF21abouxex,59463.3454861,1,19.189,0.102588706,20.8426,1
ZTF21abouxex,59465.3157639,1,19.2459,0.090900004,20.7907,1
ZTF21abouxex,59465.3522106,2,18.9167,0.081084035,20.7085,1
ZTF21abouxex,59467.3818403,2,19.0552,0.08706425,20.8163,1
ZTF21abouxex,59467.4273495,1,19.4634,0.11141383,20.7123,1
ZTF21abouxex,59469.2582986,1,19.6381,0.13363035,20.8694,1
ZTF21abouxex,59469.394456,2,19.2719,0.11474417,20.538,1
ZTF21abouxex,59471.2336574,2,18.9543,0.10205876,20.2836,1
ZTF21abouxex,59473.3782407,1,19.5571,0.111092195,20.8811,1
ZTF21abouxex,59473.4231713,2,19.145,0.09909376,20.6809,1
ZTF21abouxex,59476.2811111,1,19.5224,0.18074381,19.4746,1
ZTF21abouxex,59476.3188773,2,19.1627,0.13966905,19.8007,1
ZTF21abouxex,59485.2462963,2,19.1323,0.08787104,20.6504,1
ZTF21abouxex,59485.2801157,1,19.7295,0.1460475,20.103,1
ZTF21abouxex,59487.2689352,1,19.9776,0.16254874,20.6456,1
ZTF21abouxex,59487.3234028,2,19.2663,0.13198799,20.3697,1
ZTF21abouxex,59489.281331,2,19.2075,0.12761763,20.5392,1
ZTF21abouxex,59489.281331,2,19.2075,0.127618,20.5392,1
ZTF21abouxex,59489.3382986,1,19.816,0.14254197,20.6963,1
ZTF21abouxex,59489.3382986,1,19.816,0.142542,20.6963,1
ZTF21abouxex,59494.1802778,1,19.503,0.20137379,19.7182,1
ZTF21abouxex,59498.341412,1,19.7397,0.16564023,20.7767,1
ZTF21abouxex,59502.3168866,2,18.8487,0.09916163,20.0089,1
ZTF21abouxex,59502.4018519,1,19.2156,0.18288885,19.6931,1
ZTF21abouxex,59504.2353356,1,19.1701,0.11698472,19.9004,1
ZTF21abouxex,59504.3096412,2,18.5413,0.105959,18.9413,1
ZTF21abouxex,59510.2674769,1,18.9619,0.122201644,19.9101,1
ZTF21abouxex,59517.192662,1,19.4095,0.09712868,20.961,1
ZTF21abouxex,59520.2376736,2,19.0425,0.071344,20.6819,1
ZTF21abouxex,59520.3110069,1,19.6218,0.11924222,20.6078,1
ZTF21abouxex,59522.1965972,2,18.9075,0.083355695,20.7199,1
ZTF21abouxex,59522.2380093,1,19.4341,0.1073534,20.9284,1
ZTF21abouxex,59524.227581,2,18.8375,0.081187606,20.7691,1
ZTF21abouxex,59524.3020833,1,19.1861,0.0904425,20.9206,1
ZTF21abouxex,59526.150081,2,18.7182,0.06589021,20.7774,1
ZTF21abouxex,59526.2145139,1,19.1778,0.09258301,21.0313,1
ZTF21abouxex,59529.1720139,2,18.9205,0.08281377,20.4502,1
ZTF21abouxex,59529.2435185,1,19.5543,0.15191692,20.3338,1
ZTF21abouxex,59531.1490972,2,19.1712,0.119166136,20.1541,1
ZTF21abouxex,59531.2990278,1,19.6037,0.237896,19.4865,1
ZTF21abouxex,59540.2016898,2,19.7193,0.1882225,19.9271,1
ZTF21abouxex,59550.1861574,1,19.9998,0.15706672,20.6353,1
ZTF21abouxex,59696.4935995,2,19.1672,0.20859008,19.431,1
ZTF21abouxex,59698.4907523,2,19.2358,0.19179788,19.6301,1
ZTF21abouxex,59698.4931713,2,19.3093,0.204947,19.4614,1
ZTF21abouxex,59698.4956019,2,19.2484,0.21012744,19.3493,1
ZTF21abouxex,59699.4914815,2,19.4287,0.1641047,20.0103,1
ZTF21abouxex,59699.493912,2,19.5223,0.18281147,19.7838,1
ZTF21abouxex,59699.496331,2,19.4185,0.21082439,19.6598,1
ZTF21abouxex,59700.4904514,2,19.343,0.17362171,19.6925,1
ZTF21abouxex,59700.4928704,2,19.2259,0.13459675,19.6455,1
ZTF21abouxex,59701.4875,1,19.7536,0.243472,19.7359,1
ZTF21abouxex,59701.4898727,1,19.8809,0.246483,19.7644,1
ZTF21abouxex,59707.4734144,2,19.3054,0.20561603,19.5216,1
ZTF21abouxex,59707.4772569,2,19.2909,0.22362,19.6897,1
ZTF21abouxex,59708.4731019,2,19.6264,0.154996,20.0446,1
ZTF21abouxex,59708.4750347,2,19.5242,0.2061,19.9627,1
ZTF21abouxex,59708.4769676,2,19.6455,0.17183533,19.9147,1
ZTF21abouxex,59709.4777199,2,19.214,0.19826178,19.3202,1
ZTF21abouxex,59709.4796528,2,19.1298,0.221095,19.276,1
ZTF21abouxex,59710.4724884,2,19.3257,0.169358,19.9498,1
ZTF21abouxex,59710.4744213,2,19.2715,0.152908,19.8776,1
ZTF21abouxex,59710.4763426,2,19.3482,0.16282567,20.0759,1
ZTF21abouxex,59710.4782639,2,19.3524,0.226389,20.0207,1
ZTF21abouxex,59712.4706481,2,19.4681,0.13566743,20.0364,1
ZTF21abouxex,59738.4127894,1,20.2678,0.257093,20.5028,1
ZTF21abouxex,59740.4540046,2,19.3453,0.1428108,20.6469,1
ZTF21abouxex,59743.4483565,2,19.3854,0.13350686,19.7369,1
ZTF21abouxex,59748.4344907,2,19.5577,0.15587583,19.9305,1
ZTF21abouxex,59751.4275231,2,19.3313,0.13529058,20.4466,1
ZTF21abouxex,59751.4517824,1,19.6774,0.15648693,20.4033,1
ZTF21abouxex,59755.4270486,1,19.7,0.14039573,20.6937,1
ZTF21abouxex,59755.4529051,2,19.2051,0.08525076,20.6712,1
ZTF21abouxex,59757.3825463,1,19.3995,0.11271677,20.5415,1
ZTF21abouxex,59757.4255787,1,19.4789,0.12268888,20.6857,1
ZTF21abouxex,59759.443831,1,19.5217,0.114809334,20.7826,1
ZTF21abouxex,59762.4276042,3,19.1035,0.11938639,20.2477,1
ZTF21abouxex,59762.4544676,3,19.1138,0.11265674,20.2278,1
ZTF21abouxex,59763.423831,2,19.1084,0.1191323,20.7875,1
ZTF21abouxex,59763.4501042,1,19.6611,0.11716404,20.8955,1
ZTF21abouxex,59765.4314352,1,19.1851,0.109570734,20.8599,1
ZTF21abouxex,59765.4475926,2,18.8077,0.10727885,20.8594,1
ZTF21abouxex,59768.4028588,1,19.0817,0.08596365,20.8896,1
ZTF21abouxex,59768.4490046,1,19.0628,0.077138536,20.8765,1
ZTF21abouxex,59770.4118519,1,18.9337,0.09620362,20.8348,1
ZTF21abouxex,59770.4457292,1,18.9236,0.07132722,20.9343,1
ZTF21abouxex,59772.3884028,2,18.6222,0.07332369,20.0899,1
ZTF21abouxex,59772.4511458,2,18.5746,0.100266285,20.4436,1
ZTF21abouxex,59774.4224421,2,18.7156,0.13314064,19.8239,1
ZTF21abouxex,59774.4473032,2,18.7901,0.090246476,19.911,1
ZTF21abouxex,59776.4014931,2,18.7281,0.09261578,20.0508,1
ZTF21abouxex,59776.4422222,2,18.6758,0.10384922,20.0093,1
ZTF21abouxex,59779.4314931,2,18.8873,0.09197372,20.3048,1
ZTF21abouxex,59779.4470139,2,18.9365,0.120273896,20.2878,1
ZTF21abouxex,59781.4066088,1,19.4667,0.15903594,20.0356,1
ZTF21abouxex,59783.3468171,1,19.2653,0.086939484,20.7396,1
ZTF21abouxex,59785.4123611,2,18.8095,0.08723365,20.7915,1
ZTF21abouxex,59787.3828356,1,19.4383,0.114452496,20.8599,1
ZTF21abouxex,59787.4090856,2,18.7282,0.06787621,20.7686,1
ZTF21abouxex,59789.3791667,1,19.4992,0.13388103,20.6424,1
ZTF21abouxex,59789.4492593,2,18.7811,0.08162412,20.4705,1
ZTF21abouxex,59793.4580556,1,19.9549,0.14497225,20.8729,1
ZTF21abouxex,59795.4083218,1,20.0528,0.19037734,20.9462,1
ZTF21abouxex,59798.360625,2,19.1396,0.10496367,20.8231,1
ZTF21abouxex,59798.3924306,1,19.7668,0.1565063,20.8749,1
ZTF21abouxex,59801.4531366,2,19.3947,0.08924064,20.451,1
ZTF21abouxex,59808.3252431,1,20.014,0.228111,20.091,1
ZTF21abouxex,59808.3420949,2,19.4235,0.2005832,20.3161,1
ZTF21abouxex,59810.319213,2,19.2599,0.183042,19.1256,1
ZTF21abouxex,59812.328206,2,19.6414,0.13467339,20.854,1
ZTF21abouxex,59816.4316782,1,20.4298,0.18131298,20.8409,1
ZTF21abouxex,59821.3176736,2,19.3346,0.1371486,20.88,1
ZTF21abouxex,59821.4001968,1,19.8877,0.15815921,20.7812,1
ZTF21abouxex,59824.3510648,1,19.7421,0.13062595,20.8326,1
ZTF21abouxex,59826.2987616,2,19.2919,0.11091149,20.3054,1
ZTF21abouxex,59826.3390394,1,19.5314,0.210245,19.6844,1
ZTF21abouxex,59829.4302662,2,19.5009,0.11013005,20.4692,1
ZTF21abouxex,59839.2703472,1,19.6353,0.11041895,20.6868,1
ZTF21abouxex,59839.310544,1,19.7785,0.15565114,20.7204,1
ZTF21abouxex,59841.2783102,1,19.764,0.12610649,20.8906,1
ZTF21abouxex,59841.3169213,1,19.7437,0.119405545,20.8754,1
ZTF21abouxex,59843.2996181,2,19.17,0.10686882,20.7494,1
ZTF21abouxex,59843.3396875,1,19.6058,0.11473371,20.8819,1
ZTF21abouxex,59845.2421065,1,19.5449,0.11189821,20.9043,1
ZTF21abouxex,59845.2996991,2,19.067,0.089947425,20.7621,1
ZTF21abouxex,59848.3653704,1,19.7176,0.12060822,20.8124,1
ZTF21abouxex,59850.2339236,2,19.4016,0.08943207,20.7625,1
ZTF21abouxex,59850.3810069,1,19.951,0.18840091,20.7511,1
ZTF21abouxex,59852.2124421,2,19.1977,0.11430499,20.7486,1
ZTF21abouxex,59852.3384375,1,19.7819,0.14579436,20.8976,1
ZTF21abouxex,59854.2662847,1,20.0635,0.15524247,21.0495,1
ZTF21abouxex,59854.2780787,2,19.4235,0.106468745,20.9185,1
ZTF21abouxex,59858.1926273,2,19.607,0.14797814,20.0224,1
ZTF21abouxex,59858.3856134,1,19.851,0.222738,19.8912,1
ZTF21abouxex,59860.1749306,2,19.5086,0.23102,19.6193,1
ZTF21abouxex,59860.2518171,1,19.8886,0.25364,19.6485,1
ZTF21abouxex,59862.3004167,2,19.3139,0.17945853,19.5774,1
ZTF21abouxex,59866.2254051,1,19.2325,0.11441466,20.3048,1
ZTF21abouxex,59869.145706,1,19.3991,0.1056657,20.7904,1
ZTF21abouxex,59869.1790046,2,18.8768,0.089757554,20.6745,1
ZTF21abouxex,59871.2269097,1,19.6122,0.124876305,20.5675,1
ZTF21abouxex,59873.182662,2,19.0844,0.1248895,20.699,1
ZTF21abouxex,59873.2134259,1,19.5024,0.09340225,20.8045,1
ZTF21abouxex,59877.2870833,1,19.8262,0.13978088,20.7215,1
ZTF21abouxex,59877.301088,2,19.0389,0.08486146,20.5408,1
ZTF21abouxex,59879.278044,2,19.4294,0.11742894,20.539,1
ZTF21abouxex,59879.3293519,1,19.7483,0.12044974,20.5297,1
ZTF21abouxex,59881.3321181,1,19.9421,0.15967585,20.6578,1
ZTF21abouxex,59883.2466088,1,19.7529,0.19644369,20.5748,1
ZTF21abouxex,59883.2985764,2,19.2651,0.13345999,20.2853,1
ZTF21abouxex,59894.1348032,2,19.0047,0.12421901,20.1746,1
ZTF21abouxex,59894.2459606,1,19.5106,0.232776,19.4117,1
ZTF21abouxex,59896.1703125,1,19.6799,0.15709528,20.4029,1
ZTF21abouxex,59898.2362269,2,18.8514,0.087437585,20.0821,1
ZTF21abouxex,59900.2009954,1,19.3544,0.18715233,20.0784,1
ZTF21abouxex,59900.2225579,2,18.9023,0.16520159,19.656,1
ZTF21abouxex,59902.1526852,2,18.9221,0.13256402,20.2428,1
ZTF21abouxex,59902.2910301,1,19.2177,0.20308954,19.6219,1
ZTF21abouxex,59904.1856134,1,19.3521,0.12696421,20.4115,1
ZTF21abouxex,59906.164213,2,19.1815,0.13374439,20.4843,1
ZTF21abouxex,59906.1970602,1,19.8609,0.14311905,20.8068,1
ZTF21abouxex,59908.1659722,2,19.3468,0.204783,19.8567,1
ZTF21abouxex,59908.2488426,1,19.4552,0.139469,20.119,1
ZTF21abouxex,59910.1407639,1,19.6634,0.13060904,20.802,1
ZTF21abouxex,59910.1546759,2,19.1748,0.102353774,20.2205,1
ZTF21abouxex,59922.2195718,1,19.6231,0.238363,19.6765,1
ZTF21abouxex,59924.1853125,2,18.9151,0.09774265,20.048,1
ZTF21abouxex,59930.2161343,1,19.0065,0.11696895,19.9123,1
ZTF21abouxex,59930.2793287,2,18.6622,0.12574622,19.4155,1
ZTF21abouxex,59933.1404167,2,18.8205,0.094120435,20.1652,1
ZTF21abouxex,59933.1956597,1,19.6144,0.17973295,19.7661,1
ZTF21abouxex,59935.1423843,2,19.0662,0.08704598,20.4367,1
ZTF21abouxex,59935.1950116,1,19.4774,0.13036376,20.3282,1
ZTF21abouxex,59937.1973727,2,19.0134,0.11766818,20.2769,1
ZTF21abouxex,59951.1357292,1,19.417,0.1921107,19.2784,1
ZTF21abouxex,59968.1632176,2,19.0189,0.19864711,19.5186,1
ZTF21abouxex,59972.1601736,2,19.4016,0.19836868,19.339,1
ZTF21abouxex,60055.4981829,2,18.3398,0.06670968,19.8909,1
ZTF21abouxex,60055.5005556,2,18.2411,0.06570227,19.6757,1
ZTF21abouxex,60055.5029282,2,18.412,0.100499876,19.6717,1
ZTF21abouxex,60055.5053009,2,18.4036,0.07375282,19.4279,1
ZTF21abouxex,60055.507662,2,18.4467,0.09339389,19.247,1
ZTF21abouxex,60056.4956134,2,18.1976,0.06379427,19.8058,1
ZTF21abouxex,60056.4979861,2,18.2592,0.07385181,19.8058,1
ZTF21abouxex,60056.5003588,2,18.3297,0.08924252,19.7372,1
ZTF21abouxex,60056.5027199,2,18.27,0.06957636,19.6571,1
ZTF21abouxex,60056.505081,2,18.3068,0.07250639,19.5021,1
ZTF21abouxex,60057.4976042,2,18.1162,0.060494896,19.9147,1
ZTF21abouxex,60057.5000463,2,18.1506,0.062727556,19.8776,1
ZTF21abouxex,60057.5024769,2,18.175,0.06871999,19.8043,1
ZTF21abouxex,60057.5049074,2,18.1612,0.060770903,19.5704,1
ZTF21abouxex,60057.5073495,2,18.1912,0.07361884,19.4179,1
ZTF21abouxex,60058.4969907,2,18.1375,0.07161846,19.4753,1
ZTF21abouxex,60058.4994213,2,18.1136,0.08243005,19.3432,1
ZTF21abouxex,60058.5018519,2,18.0791,0.09258985,19.2373,1
ZTF21abouxex,60058.504294,2,18.1193,0.07127856,19.1879,1
ZTF21abouxex,60058.5067245,2,18.1295,0.08290729,19.0211,1
ZTF21abouxex,60059.494294,2,18.0409,0.054521326,19.691,1
ZTF21abouxex,60059.4961806,2,18.1779,0.06773112,19.6309,1
ZTF21abouxex,60059.4985301,2,18.0648,0.069432,19.441,1
ZTF21abouxex,60059.5009028,2,18.2236,0.10672,19.3693,1
ZTF21abouxex,60059.5032523,2,18.0512,0.079770446,19.2533,1
ZTF21abouxex,60060.4935069,2,18.1588,0.07306467,19.4994,1
ZTF21abouxex,60060.4958796,2,18.1584,0.105571486,19.4005,1
ZTF21abouxex,60060.4982407,2,18.2007,0.08543083,19.434,1
ZTF21abouxex,60060.5006019,2,18.1796,0.09213971,19.3647,1
ZTF21abouxex,60060.5029745,2,18.1038,0.087390386,19.2029,1
ZTF21abouxex,60061.4918056,2,18.4917,0.099147,19.9305,1
ZTF21abouxex,60061.4941667,2,18.4061,0.09609154,19.9205,1
ZTF21abouxex,60061.4965394,2,18.4745,0.10229962,19.9079,1
ZTF21abouxex,60061.4989005,2,18.3675,0.065159485,19.797,1
ZTF21abouxex,60061.5012616,2,18.4086,0.07881186,19.6577,1
ZTF21abouxex,60062.4924421,2,18.5132,0.070999436,19.9826,1
ZTF21abouxex,60062.4948264,2,18.5361,0.1070086,19.8899,1
ZTF21abouxex,60062.4971991,2,18.5101,0.09109182,19.8307,1
ZTF21abouxex,60062.4995718,2,18.4739,0.098025516,19.6182,1
ZTF21abouxex,60062.501956,2,18.5435,0.08972985,19.4892,1
ZTF21abouxex,60063.4910301,2,18.5481,0.09459732,19.968,1
ZTF21abouxex,60063.4934606,2,18.5205,0.07341762,19.8451,1
ZTF21abouxex,60063.4958912,2,18.6083,0.08697646,19.7494,1
ZTF21abouxex,60063.4983102,2,18.6291,0.09171907,19.6457,1
ZTF21abouxex,60063.5007292,2,18.5665,0.09917858,19.5194,1
ZTF21abouxex,60064.4918866,2,18.2296,0.085490145,19.8426,1
ZTF21abouxex,60064.4943171,2,18.1586,0.053714,19.4895,1
ZTF21abouxex,60064.4967361,2,18.5236,0.08652595,19.7227,1
ZTF21abouxex,60064.4991667,2,18.5263,0.10745408,19.5611,1
ZTF21abouxex,60065.4912037,2,18.4105,0.08934538,19.8227,1
ZTF21abouxex,60065.4936227,2,18.3948,0.089770705,19.752,1
ZTF21abouxex,60065.4960417,2,18.5592,0.0933096,19.3397,1
ZTF21abouxex,60065.4984722,2,18.2578,0.086097345,19.4458,1
ZTF21abouxex,60065.5008912,2,18.2065,0.1807393,18.2023,1
ZTF21abouxex,60072.4742245,2,18.5828,0.09578481,19.484,1
ZTF21abouxex,60072.4761458,2,18.5452,0.1315513,19.3187,1
ZTF21abouxex,60072.4780787,2,18.4853,0.10621803,19.4931,1
ZTF21abouxex,60072.4800116,2,18.4529,0.09786378,19.4342,1
ZTF21abouxex,60072.4819329,2,18.5334,0.090538196,19.4947,1
ZTF21abouxex,60073.4745949,2,18.5689,0.106170915,19.1991,1
ZTF21abouxex,60073.4765162,2,18.4027,0.11567477,19.2948,1
ZTF21abouxex,60073.4784491,2,18.439,0.13351175,19.2707,1
ZTF21abouxex,60073.4803704,2,18.445,0.093586974,19.2879,1
ZTF21abouxex,60073.4823032,2,18.4279,0.08522917,19.2706,1
ZTF21abouxex,60075.4726042,2,18.3698,0.08841502,19.8792,1
ZTF21abouxex,60075.474537,2,18.3784,0.06572116,19.9516,1
ZTF21abouxex,60075.4764699,2,18.346,0.07414124,19.8676,1
ZTF21abouxex,60075.4783912,2,18.2602,0.082465954,19.8359,1
ZTF21abouxex,60075.4803241,2,18.3426,0.09369178,19.7915,1
ZTF21abouxex,60076.4714583,2,18.4732,0.080631055,20.0442,1
ZTF21abouxex,60076.4734606,2,18.523,0.07449837,20.096,1
ZTF21abouxex,60076.4754745,2,18.4249,0.07274477,20.1028,1
ZTF21abouxex,60076.4774884,2,18.4367,0.08375698,20.0958,1
ZTF21abouxex,60076.4795023,2,18.5543,0.082504526,20.0741,1
ZTF21abouxex,60077.4692245,2,18.4211,0.081669435,19.8634,1
ZTF21abouxex,60077.4711921,2,18.3787,0.07016014,19.8964,1
ZTF21abouxex,60077.4731713,2,18.4225,0.07140584,19.9154,1
ZTF21abouxex,60077.4751505,2,18.4803,0.069007985,19.8971,1
ZTF21abouxex,60077.4771181,2,18.4213,0.07108176,19.9484,1
ZTF21abouxex,60097.4459375,1,18.7789,0.09862133,19.7582,1
ZTF21abouxex,60116.4046528,1,18.4556,0.06319578,20.2032,1
ZTF21abouxex,60116.455162,2,18.1477,0.054342262,20.4086,1
ZTF21abouxex,60119.4306713,1,18.537,0.0804689,20.5566,1
ZTF21abouxex,60121.4230093,1,18.5463,0.08079127,20.5457,1
ZTF21abouxex,60121.4556366,2,18.2337,0.058976904,20.4918,1
ZTF21abouxex,60123.4133796,1,18.6279,0.072092354,20.703,1
ZTF21abouxex,60123.4564005,2,18.2315,0.055349365,20.7575,1
ZTF21abouxex,60125.407037,1,18.5431,0.077146865,20.3815,1
ZTF21abouxex,60125.4601389,2,18.204,0.07356975,20.8283,1
ZTF21abouxex,60134.4094444,1,18.5717,0.08317879,20.3145,1
ZTF21abouxex,60134.4608565,2,18.142,0.05608612,20.4688,1
ZTF21abouxex,60137.387963,1,18.5239,0.075697824,20.5823,1
ZTF21abouxex,60137.4240509,2,18.161,0.06441777,20.5932,1
ZTF21abouxex,60139.3951505,2,18.1852,0.054761425,20.5556,1
ZTF21abouxex,60139.4563657,1,18.6548,0.083434805,20.6209,1
ZTF21abouxex,60142.3591898,1,18.9384,0.088394396,20.6813,1
ZTF21abouxex,60142.4467593,2,18.3729,0.08532336,20.7638,1
ZTF21abouxex,60144.3717014,2,18.3968,0.07107906,20.6792,1
ZTF21abouxex,60144.4142245,1,18.871,0.08354509,20.8349,1
ZTF21abouxex,60146.4155903,2,18.5079,0.07960783,20.6763,1
ZTF21abouxex,60146.4475926,2,18.5713,0.1012914,20.7896,1
ZTF21abouxex,60148.3856597,2,18.4591,0.07734819,20.7554,1
ZTF21abouxex,60148.4571296,1,18.9741,0.08240649,20.9099,1
ZTF21abouxex,60150.4321759,1,19.0065,0.08484086,20.8948,1
ZTF21abouxex,60150.4432755,2,18.4587,0.07638877,20.6944,1
ZTF21abouxex,60152.4065394,2,18.7133,0.0690833,20.5815,1
ZTF21abouxex,60152.4618171,1,19.0828,0.10068172,20.7292,1
ZTF21abouxex,60160.3810764,1,18.6366,0.090068094,19.6531,1
ZTF21abouxex,60163.3860069,2,18.4295,0.05746804,20.578,1
ZTF21abouxex,60168.3466898,2,18.3526,0.06021076,20.8704,1
ZTF21abouxex,60168.3686806,1,18.8253,0.07589404,20.9386,1
ZTF21abouxex,60170.3505324,1,19.3093,0.10943276,20.9068,1
ZTF21abouxex,60170.4001157,2,18.622,0.081249595,20.8659,1
ZTF21abouxex,60173.4678125,1,19.168,0.10184022,20.6539,1
ZTF21abouxex,60180.4038426,1,19.0518,0.143117,20.6701,1
ZTF21abouxex,60182.3406134,2,18.3038,0.07259161,20.6584,1
ZTF21abouxex,60182.4066204,1,18.736,0.08484989,20.7126,1
ZTF21abouxex,60184.3873843,2,18.494,0.0789785,20.1995,1
ZTF21abouxex,60184.4249884,1,19.014,0.0855207,20.5824,1
ZTF21abouxex,60186.3571296,2,18.5181,0.09181146,19.822,1
ZTF21abouxex,60186.450162,1,19.0144,0.13800931,19.3405,1
ZTF21abouxex,60191.3872569,1,18.9031,0.12541685,20.0106,1
ZTF21abouxex,60194.2909259,1,19.0558,0.07321989,20.7835,1
ZTF21abouxex,60194.3199769,2,18.5876,0.06496,20.741,1
ZTF21abouxex,60194.3199769,2,18.5876,0.06495988,20.741,1
ZTF21abouxex,60196.3542361,2,18.485,0.067355,20.7421,1
ZTF21abouxex,60196.3961111,1,18.9775,0.088515,20.6063,1
ZTF21abouxex,60200.3891898,1,19.0669,0.07579175,20.8973,1
ZTF21abouxex,60200.4131366,2,18.4981,0.07045078,20.8326,1
ZTF21abouxex,60202.2589352,2,18.6328,0.07393328,20.6189,1
ZTF21abouxex,60202.4135417,1,19.03,0.09002721,20.9259,1
ZTF21abouxex,60204.3420486,1,19.1476,0.090041,21.1085,1
ZTF21abouxex,60204.3828125,2,18.7511,0.073295414,20.9045,1
ZTF21abouxex,60206.2271412,2,18.7921,0.06930954,20.5925,1
ZTF21abouxex,60206.4428935,1,19.4212,0.11486542,20.5718,1
ZTF21abouxex,60209.3398264,1,19.0688,0.230645,18.8684,1
ZTF21abouxex,60212.3583796,2,18.5677,0.071796775,20.5465,1
ZTF21abouxex,60212.4043981,1,18.899,0.09744951,20.7866,1
ZTF21abouxex,60214.2979861,2,18.6901,0.097851016,19.9171,1
ZTF21abouxex,60214.3605324,1,19.1249,0.15931784,19.5711,1
ZTF21abouxex,60216.1610532,2,18.8449,0.12119248,19.485,1
ZTF21abouxex,60216.315,1,19.2685,0.242496,19.2548,1
ZTF21abouxex,60221.2251852,2,18.9739,0.11397553,20.4619,1
ZTF21abouxex,60223.202419,2,18.8179,0.079033114,20.4976,1
ZTF21abouxex,60223.2799653,1,19.1821,0.09559796,20.4665,1
ZTF21abouxex,60226.3421412,1,19.2736,0.10253747,20.7254,1
ZTF21abouxex,60228.1814352,2,18.7692,0.074864805,20.4033,1
ZTF21abouxex,60228.2522338,1,19.2261,0.10010289,20.6672,1
ZTF21abouxex,60231.1936111,1,19.12,0.08958778,20.8002,1
ZTF21abouxex,60231.3284259,2,18.6502,0.075995564,20.4852,1
ZTF21abouxex,60233.1709028,2,18.4433,0.075015575,20.6791,1
ZTF21abouxex,60233.215162,1,18.7361,0.08563168,20.6231,1
ZTF21abouxex,60235.1949884,1,18.813,0.079739705,20.8282,1
ZTF21abouxex,60235.2343634,2,18.4973,0.07200558,20.7067,1
ZTF21abouxex,60237.1774653,2,18.4493,0.06742276,20.6813,1
ZTF21abouxex,60237.2133681,1,18.8255,0.07975599,20.8398,1
ZTF21abouxex,60239.2790972,1,18.775,0.060082015,20.7134,1
ZTF21abouxex,60239.3402431,2,18.418,0.08614863,20.4779,1
ZTF21abouxex,60242.1980903,2,18.5786,0.080475695,20.0129,1
ZTF21abouxex,60242.3618287,1,19.1286,0.14108498,19.6866,1
ZTF21abouxex,60245.1870949,2,18.2592,0.08075738,19.3587,1
ZTF21abouxex,60245.2903588,1,18.6824,0.12669474,19.1494,1
ZTF21abouxex,60250.1510069,1,18.8204,0.069548175,20.5109,1
ZTF21abouxex,60250.2563426,2,18.4743,0.07761961,20.2543,1
ZTF21abouxex,60252.1629745,2,18.4237,0.06792699,20.6706,1
ZTF21abouxex,60252.2084606,1,18.6586,0.06324239,20.7536,1
ZTF21abouxex,60254.1337616,2,18.2317,0.06322818,20.7174,1
ZTF21abouxex,60254.1875694,1,18.5608,0.07134924,20.858,1
ZTF21abouxex,60257.1646644,2,18.1711,0.06986642,20.2835,1
ZTF21abouxex,60257.2166667,1,18.6018,0.10883855,19.8734,1
ZTF21abouxex,60259.1336343,2,18.165,0.067626424,20.5885,1
ZTF21abouxex,60259.1979051,1,18.5332,0.0870813,20.6153,1
ZTF21abouxex,60261.1540394,2,18.0841,0.06491559,20.5735,1
ZTF21abouxex,60261.2017477,1,18.4751,0.06149729,20.6539,1
ZTF21abouxex,60268.108831,1,18.5366,0.08197981,20.1092,1
ZTF21abouxex,60268.1625116,2,18.1059,0.08649346,19.9328,1
ZTF21abouxex,60285.1576968,2,18.3479,0.059257094,20.2574,1
ZTF21abouxex,60288.1414699,1,18.4854,0.089194536,20.1923,1
ZTF21abouxex,60288.2020602,2,18.0848,0.06906092,19.78,1
ZTF21abouxex,60290.1459259,2,18.1225,0.06108262,20.5701,1
ZTF21abouxex,60290.2362847,1,18.5334,0.06909932,20.4567,1
ZTF21abouxex,60314.1573843,2,18.6769,0.100686446,19.9774,1
ZTF21abouxex,60334.161412,2,18.6442,0.1641702,18.9326,1
ZTF21abouxex,60416.5099306,2,18.8729,0.164723,18.947,1
ZTF21abouxex,60417.5100579,2,18.9237,0.15111953,18.9742,1
ZTF21abouxex,60417.5105324,2,18.943,0.17942634,18.8869,1
ZTF21abouxex,60417.5110069,2,18.6016,0.12966932,18.8612,1
ZTF21abouxex,60419.504375,2,18.9599,0.14417529,19.3087,1
ZTF21abouxex,60419.5048495,2,18.94,0.14190033,19.1647,1
ZTF21abouxex,60420.4938657,2,19.046,0.10162307,19.7779,1
ZTF21abouxex,60420.4983102,2,18.8672,0.1268826,19.774,1
ZTF21abouxex,60420.502338,2,19.2221,0.1684595,19.5496,1
ZTF21abouxex,60421.4934144,2,18.9794,0.13359095,19.5369,1
ZTF21abouxex,60421.4978704,2,18.816,0.11723937,19.5212,1
ZTF21abouxex,60421.501794,2,18.9215,0.14157641,19.4309,1
ZTF21abouxex,60422.4916782,2,19.1933,0.20045269,19.4119,1
ZTF21abouxex,60422.4956597,2,18.9648,0.137248,19.4121,1
ZTF21abouxex,60422.4992245,2,19.0784,0.1380605,19.4473,1
ZTF21abouxex,60423.4914236,2,18.8269,0.13679469,19.1093,1
ZTF21abouxex,60423.4993056,2,19.0542,0.19713113,19.1822,1
ZTF21abouxex,60428.4852083,2,18.6503,0.10432761,19.5457,1
ZTF21abouxex,60428.4881134,2,19.0424,0.15022016,19.5815,1
ZTF21abouxex,60428.4925231,2,18.6637,0.15360379,19.5644,1
ZTF21abouxex,60429.4855324,2,18.9715,0.14589167,19.6963,1
ZTF21abouxex,60429.4890509,2,18.8348,0.12715055,19.817,1
ZTF21abouxex,60429.4926736,2,18.6657,0.126565,19.6006,1
ZTF21abouxex,60430.4838889,2,18.9428,0.117543,19.7982,1
ZTF21abouxex,60430.4868403,2,19.018,0.14194338,19.8138,1
ZTF21abouxex,60430.4908218,2,18.9355,0.10042368,19.7486,1
ZTF21abouxex,60432.4805324,2,18.7858,0.10119471,19.8109,1
ZTF21abouxex,60432.4833796,2,18.8708,0.122937314,19.7307,1
ZTF21abouxex,60432.4872222,2,18.9754,0.10435401,19.7751,1
ZTF21abouxex,60433.480544,2,18.7725,0.09751475,19.9415,1
ZTF21abouxex,60433.4838889,2,18.8961,0.09294636,20.0583,1
ZTF21abouxex,60433.4877778,2,18.8325,0.12899321,19.9918,1
ZTF21abouxex,60434.4781366,2,18.6603,0.08089468,20.109,1
ZTF21abouxex,60434.4810301,2,18.5667,0.099295035,20.2054,1
ZTF21abouxex,60434.4839236,2,18.7111,0.09975147,20.2074,1
ZTF21abouxex,60477.3676852,2,18.5286,0.09725213,19.9516,1
ZTF21abouxex,60477.4335764,1,19.0798,0.09711362,20.6097,1
ZTF21abouxex,60480.3891782,2,18.3562,0.073845394,19.8951,1
ZTF21abouxex,60480.4482755,1,18.705,0.07736072,20.7851,1
ZTF21abouxex,60483.3624769,2,18.1154,0.086425096,19.2488,1
ZTF21abouxex,60483.4332176,1,18.5186,0.094365396,19.5219,1
ZTF21abouxex,60485.3904167,2,18.2405,0.070579275,19.72,1
ZTF21abouxex,60488.4116435,1,18.6579,0.08152222,20.0423,1
ZTF21abouxex,60490.4006481,2,18.2759,0.06668883,20.1749,1
ZTF21abouxex,60490.4455556,1,18.7427,0.109543346,20.2701,1
ZTF21abouxex,60501.3737616,2,18.365,0.07323018,20.4577,1
ZTF21abouxex,60501.4209028,1,18.9182,0.09719681,20.5326,1
ZTF21abouxex,60504.4123264,2,18.5946,0.09704193,20.6293,1
ZTF21abouxex,60504.4267361,1,19.0433,0.08957398,20.7075,1
ZTF21abouxex,60507.3950116,2,18.4202,0.081426226,20.7637,1
ZTF21abouxex,60507.4042708,1,18.9114,0.07140846,20.8324,1
ZTF21abouxex,60509.4115856,1,18.7901,0.07378339,20.7679,1
ZTF21abouxex,60511.3709144,2,18.38,0.094687454,19.6548,1
ZTF21abouxex,60511.4352199,1,18.5039,0.10881781,19.5935,1
ZTF21abouxex,60511.4352199,1,18.5039,0.108818,19.5935,1
ZTF21abouxex,60514.4410648,1,18.6447,0.12401849,19.4801,1
ZTF21abouxex,60516.4041319,2,18.2493,0.086774126,19.4286,1
ZTF21abouxex,60516.4423611,1,18.5315,0.12131691,19.3698,1
ZTF21abouxex,60519.3813079,2,18.455,0.073211335,20.4637,1
ZTF21abouxex,60519.4250463,1,18.9204,0.082135,20.388,1
ZTF21abouxex,60519.4250463,1,18.9204,0.08213547,20.388,1
ZTF21abouxex,60521.3920949,1,18.8989,0.107112885,20.5177,1
ZTF21abouxex,60521.432037,2,18.3913,0.06995158,20.4799,1
ZTF21abouxex,60525.3655324,1,18.7247,0.07011381,20.7316,1
ZTF21abouxex,60525.4145255,2,18.3055,0.067184545,20.8078,1
ZTF21abouxex,60527.3199074,1,18.7877,0.08189604,20.5775,1
ZTF21abouxex,60527.3952894,2,18.3064,0.07242397,20.7319,1
ZTF21abouxex,60529.3817477,2,18.2749,0.06297786,20.6578,1
ZTF21abouxex,60531.349375,1,18.8164,0.07130962,20.7878,1
ZTF21abouxex,60532.2988542,1,18.7845,0.0633461,20.8978,1
ZTF21abouxex,60532.3384491,2,18.3634,0.06701862,21.0016,1
ZTF21abouxex,60533.307581,1,18.6423,0.09553649,19.995,1
ZTF21abouxex,60534.3401968,2,18.3109,0.040572014,20.615,1
ZTF21abouxex,60536.3478472,1,18.9987,0.08024767,20.6581,1
ZTF21abouxex,60536.3832523,2,18.6835,0.071365885,20.4446,1
ZTF21abouxex,60538.3601389,1,18.8975,0.09534524,20.3345,1
ZTF21abouxex,60545.328287,1,19.2281,0.173346,19.8226,1
ZTF21abouxex,60545.328287,1,19.2281,0.173346,19.8226,1
ZTF21abouxex,60545.328287,1,19.2281,0.17334643,19.8226,1
ZTF21abouxex,60545.3575231,2,18.6461,0.102083325,19.9385,1
ZTF21abouxex,60547.3291551,1,19.5509,0.14491355,20.2681,1
ZTF21abouxex,60547.4433681,2,18.8809,0.097551905,20.3489,1
ZTF21abouxex,60549.3080787,1,19.7748,0.12960604,20.8093,1
ZTF21abouxex,60549.3664236,2,19.0942,0.09724968,20.6886,1
ZTF21abouxex,60551.322662,1,19.9517,0.12777555,20.7443,1
ZTF21abouxex,60551.3852546,2,19.1211,0.098480575,20.8737,1
ZTF21abouxex,60553.3018866,1,19.9449,0.18041703,20.8536,1
ZTF21abouxex,60553.4292361,2,19.2899,0.10131168,20.78,1
ZTF21abouxex,60556.340463,2,19.293,0.13246132,20.5545,1
ZTF21abouxex,60556.4094097,1,19.8184,0.11119381,20.6334,1
ZTF21abouxex,60558.3337616,2,19.2115,0.12154209,20.6364,1
ZTF21abouxex,60558.3806019,1,19.9022,0.16440372,20.8018,1
ZTF21abouxex,60560.3814005,1,19.9899,0.20724131,20.5001,1
ZTF21abouxex,60562.2879861,2,19.311,0.1313777,20.4464,1
ZTF21abouxex,60562.339213,1,19.8962,0.16013259,20.7159,1
ZTF21abouxex,60564.2537037,1,19.9549,0.17594302,20.5149,1
ZTF21abouxex,60564.318206,2,19.2343,0.12528214,20.6916,1
ZTF21abouxex,60566.3403241,1,19.8947,0.21352725,20.2733,1
ZTF21abouxex,60566.3828704,2,19.1926,0.112838894,20.2324,1
ZTF21abouxex,60569.3188194,2,18.9801,0.09674449,19.871,1
ZTF21abouxex,60572.2963657,2,19.25,0.1923317,19.7018,1
ZTF21abouxex,60575.3008796,1,20.0313,0.1932881,20.2112,1
ZTF21abouxex,60576.2606713,1,20.0608,0.2028652,20.4058,1
ZTF21abouxex,60577.2608218,2,19.2534,0.11265005,20.7364,1
ZTF21abouxex,60577.3441898,1,20.0168,0.18827048,20.3866,1
ZTF21abouxex,60578.3000579,1,20.0079,0.14433907,20.7109,1
ZTF21abouxex,60580.4075,2,19.5098,0.11370216,20.4697,1
ZTF21abouxex,60580.4748264,1,19.7868,0.268706,19.7186,1
ZTF21abouxex,60583.1842477,2,19.5766,0.1387509,20.5208,1
ZTF21abouxex,60583.476331,1,19.7828,0.21514021,19.9137,1
ZTF21abouxex,60593.1999537,2,19.2233,0.09548677,20.4558,1
ZTF21abouxex,60593.3334722,1,19.7358,0.12988427,20.6203,1
ZTF21abouxex,60596.1528819,2,19.1322,0.11514263,20.0822,1
ZTF21abouxex,60596.222338,1,19.8117,0.170535,20.2174,1
ZTF21abouxex,60603.2213657,2,19.5157,0.16702692,19.9929,1
ZTF21abouxex,60607.2137037,1,19.7101,0.17197259,20.7867,1
ZTF21abouxex,60609.2344213,1,19.5853,0.1476308,20.7608,1
ZTF21abouxex,60609.2804398,2,19.0392,0.09314785,20.4516,1
ZTF21abouxex,60614.2080671,2,19.1133,0.08881479,20.5444,1
ZTF21abouxex,60614.3665278,1,19.7748,0.15738986,20.1162,1
ZTF21abouxex,60616.3727894,1,19.2803,0.12578093,20.1433,1
ZTF21abouxex,60619.1448727,2,18.649,0.075465,20.4569,1
ZTF21abouxex,60619.3008796,1,19.1104,0.13490511,20.0817,1
ZTF21abouxex,60623.1188079,1,19.4897,0.12506837,20.4026,1
ZTF21abouxex,60623.1593634,2,18.9045,0.10757603,20.0749,1
ZTF21abouxex,60625.1522917,2,18.7434,0.07715312,20.2053,1
ZTF21abouxex,60625.1926389,1,19.2976,0.15447919,19.9753,1
ZTF21abouxex,60627.2373958,2,18.8454,0.14905778,19.4057,1
ZTF21abouxex,60632.131875,1,19.0437,0.10079543,20.159,1
ZTF21abouxex,60634.1845949,1,19.252,0.105812795,20.4992,1
ZTF21abouxex,60634.2004167,2,18.7476,0.16434726,19.204,1
ZTF21abouxex,60636.2,2,18.8887,0.118800074,20.4061,1
ZTF21abouxex,60639.1795139,2,18.8592,0.0991315,20.4407,1
ZTF21abouxex,60639.2039583,1,19.4076,0.11131531,20.3875,1
ZTF21abouxex,60643.1553356,1,18.957,0.099264,20.252,1
ZTF21abouxex,60643.2561806,2,18.5548,0.11254,19.383,1
ZTF21abouxex,60647.2231829,1,18.759,0.091238,20.3444,1
ZTF21abouxex,60649.1752546,1,18.6816,0.100784,20.6863,1
ZTF21abouxex,60649.2448264,2,18.3507,0.053079043,20.3917,1
ZTF21abouxex,60651.1294907,2,18.2909,0.047412,20.3467,1
ZTF21abouxex,60651.1970602,1,18.6505,0.085725,20.1599,1
ZTF21abouxex,60653.0884028,2,18.2427,0.076668,20.283,1
ZTF21abouxex,60653.1531481,1,18.6482,0.090583,20.1078,1
ZTF21abouxex,60655.1534028,1,18.7356,0.219817,18.4325,1
ZTF21abouxex,60658.2133565,1,18.7844,0.128014,19.4564,1
ZTF21abouxex,60660.1826968,2,18.5825,0.096752375,19.5187,1
ZTF21abouxex,60663.2256134,1,19.1631,0.19310836,19.3448,1
ZTF21abouxex,60663.2581481,2,18.7847,0.11963187,19.373,1
ZTF21abouxex,60665.144838,2,18.6787,0.10140337,20.3723,1
ZTF21abouxex,60667.0936806,1,19.1852,0.11009012,20.3136,1
ZTF21abouxex,60671.1123958,2,18.3821,0.08778242,19.6695,1
ZTF21abouxex,60673.0959838,1,18.8216,0.11423083,20.0167,1
ZTF21abouxex,60673.1128935,2,18.3954,0.09357788,20.2008,1
ZTF21abouxex,60675.1443866,2,18.3766,0.08359024,19.8635,1
ZTF21abouxex,60677.1348843,2,18.4881,0.05879801,20.5174,1
ZTF21abouxex,60679.0977083,1,19.0613,0.09803106,20.3385,1
ZTF21abouxex,60679.1290394,2,18.4946,0.08050577,20.23,1
ZTF21abouxex,60681.1529398,1,18.9121,0.09864263,20.0287,1
ZTF21abouxex,60684.1858102,2,18.8913,0.34896,18.6375,1
ZTF21abouxex,60686.1124421,2,18.588,0.08495456,19.9936,1
ZTF21abouxex,60688.1166898,2,18.684,0.13106966,19.4076,1
ZTF21abouxex,60690.1365278,1,19.2382,0.312486,18.7158,1
ZTF21abouxex,60694.1193981,2,18.5902,0.08494574,19.966,1
ZTF21abouxex,60699.1121181,2,18.5158,0.11989793,19.7087,1
ZTF21abouxex,60699.157037,1,18.9507,0.272785,19.0769,1
ZTF21abouxex,60706.1211921,1,18.8769,0.09884323,20.0426,1
ZTF21abouxex,60706.1631134,2,18.4336,0.07379803,19.6018,1
ZTF21abouxex,60774.5205556,2,18.7366,0.17980929,18.5782,1
ZTF21abouxex,60788.491331,2,19.1637,0.11475188,20.0234,1
ZTF21abouxex,60788.4942014,2,19.1968,0.106641255,19.9992,1
ZTF21abouxex,60789.4902894,2,19.0521,0.15750268,19.7821,1
ZTF21abouxex,60789.4927199,2,19.2622,0.14489888,19.7222,1
ZTF21abouxex,60789.5018171,2,19.2367,0.18235591,19.216,1
ZTF21abouxex,60794.4853935,2,18.7824,0.08634084,19.7209,1
ZTF21abouxex,60794.4893866,2,18.8978,0.13367882,19.6257,1
ZTF21abouxex,60794.4944213,2,18.9022,0.11456306,19.6003,1
ZTF21abouxex,60795.4882407,2,18.8412,0.10617164,19.7307,1
ZTF21abouxex,60795.4931134,2,19.0265,0.12163445,19.6724,1
ZTF21abouxex,60797.4818171,2,18.9491,0.08831278,20.0483,1
ZTF21abouxex,60797.4846644,2,18.9171,0.11539447,19.9467,1
ZTF21abouxex,60797.4885417,2,19.0165,0.13867886,19.7454,1
ZTF21abouxex,60798.4805208,2,18.901,0.0957737,20.0556,1
ZTF21abouxex,60798.4838657,2,18.9917,0.10584237,19.9964,1
ZTF21abouxex,60798.4877546,2,18.9476,0.10961577,19.947,1
ZTF21abouxex,60816.4295486,2,18.5229,0.09989639,19.8717,1
ZTF21abouxex,60816.4687616,1,19.146,0.11753688,20.1798,1
ZTF21abouxex,60826.433044,1,19.0936,0.20780386,19.2798,1
ZTF21abouxex,60826.4569907,2,18.3216,0.16232549,18.4024,1
ZTF21abouxex,60842.3928241,2,18.7383,0.108893126,19.8852,1
ZTF21abouxex,60842.4420023,1,18.9611,0.11743465,19.8287,1
ZTF21abouxex,60847.3488542,2,18.3835,0.072134994,20.0653,1
ZTF21abouxex,60847.3852662,1,18.8666,0.10720167,20.2838,1
ZTF21abouxex,60850.425463,2,18.6018,0.08531294,20.6306,1
ZTF21abouxex,60850.4594329,2,18.5759,0.069033,20.7177,1
ZTF21abouxex,60850.4594329,2,18.5759,0.06903259,20.7177,1
ZTF21abouxex,60853.3918519,2,18.905,0.0819509,20.5472,1
ZTF21abouxex,60853.4735532,1,19.4522,0.13744979,20.4084,1
ZTF21abouxex,60859.3217014,2,18.6751,0.10283368,20.086,1
ZTF21abouxex,60859.3855208,1,19.0689,0.09024849,20.6256,1
ZTF21abouxex,60886.3644907,2,18.1742,0.04689754,20.7692,1
ZTF21abouxex,60892.3842361,1,18.7555,0.07870979,20.7805,1
ZTF21abouxex,60892.4228935,2,18.2997,0.07121661,20.8881,1
ZTF21abouxex,60895.3839236,2,18.4158,0.079135455,19.7089,1
ZTF21abouxex,60897.4016319,2,18.3461,0.102615595,19.4171,1
ZTF21abouxex,60897.4468403,1,18.693,0.15905386,19.1796,1
ZTF21abouxex,60901.3683102,2,18.4509,0.06973155,20.1536,1
ZTF21abouxex,60903.3405903,2,18.4163,0.061629213,20.7511,1
ZTF21abouxex,60903.3874074,1,18.9339,0.091438346,20.6543,1
ZTF21abouxex,60905.3226042,1,18.7284,0.07437233,20.8288,1
ZTF21abouxex,60905.3519792,2,18.2828,0.06748512,20.8803,1
ZTF21abouxex,60909.3411574,1,18.7226,0.07758695,20.7765,1
ZTF21abouxex,60909.3746759,2,18.2212,0.07725064,20.7667,1
ZTF21abouxex,60911.3247454,2,18.3484,0.060307216,20.7019,1
ZTF21abouxex,60911.3723032,1,18.9379,0.07272621,20.7924,1
ZTF21abouxex,60914.3030671,1,18.7099,0.060164824,20.6461,1
ZTF21abouxex,60914.3575579,2,18.2508,0.05463777,20.732,1
ZTF21abouxex,60917.2771181,1,18.7557,0.078090236,20.676,1
ZTF21abouxex,60917.3598264,2,18.2851,0.06610251,20.777,1
ZTF21abouxex,60919.3033565,1,18.7927,0.07398094,20.7573,1
ZTF21abouxex,60919.34,2,18.2352,0.065008625,20.801,1
ZTF21abouxex,60923.3815162,2,18.3262,0.07183965,19.9057,1
ZTF21abouxex,60923.4432523,1,18.8038,0.07679146,20.0664,1
ZTF21abouxex,60925.3556134,1,18.8384,0.15728007,19.3072,1
ZTF21abouxex,60925.3906019,2,18.2622,0.07385928,19.3367,1
ZTF21abouxex,60927.3326042,1,18.9305,0.11241929,19.5116,1
ZTF21abouxex,60929.2406944,2,18.7121,0.14392349,19.5856,1
ZTF21abouxex,60929.3158796,1,19.0955,0.16458187,19.6471,1
ZTF21abouxex,60932.242662,2,18.5518,0.070936106,20.8242,1
ZTF21abouxex,60932.3152315,1,19.1679,0.096761785,20.4844,1
ZTF21abouxex,60934.2877778,2,18.4744,0.074389696,20.7468,1
ZTF21abouxex,60934.3361343,1,18.9671,0.0879422,20.4875,1
ZTF21abouxex,60938.2512384,1,19.3729,0.09919432,20.8551,1
ZTF21abouxex,60938.3565046,2,18.7434,0.066257924,20.7128,1
ZTF21abouxex,60941.2454977,2,18.56,0.06552116,20.4517,1
ZTF21abouxex,60941.2997454,1,18.9138,0.08926466,20.7447,1
ZTF21abouxex,60943.2486458,2,18.4811,0.056902464,20.6818,1
ZTF21abouxex,60943.3389699,1,18.9863,0.07153069,20.7474,1
ZTF21abouxex,60949.2750231,2,18.8173,0.06395757,20.6262,1
ZTF21abouxex,60949.3735995,1,19.5457,0.10949857,20.6202,1
ZTF21abouxex,60951.3678125,1,19.2737,0.1161244,20.1054,1
ZTF21abouxex,60953.220787,2,18.6042,0.107247785,19.8489,1
ZTF21abouxex,60953.3076852,1,19.1654,0.17795952,19.4742,1
ZTF21abouxex,60957.2350231,2,18.4271,0.064208,19.6998,1
ZTF21abouxex,60957.2853588,1,19.1164,0.19185778,19.5345,1
ZTF21abouxex,60960.2221412,1,18.9824,0.08976761,20.5921,1
ZTF21abouxex,60960.3603588,2,18.4764,0.07610517,20.2805,1
ZTF21abouxex,60965.2868519,2,18.7413,0.08411098,20.3417,1
ZTF21abouxex,60965.3403241,1,19.2604,0.1420428,20.1917,1
ZTF21abouxex,60967.2476852,1,19.2745,0.09349325,20.7369,1
ZTF21abouxex,60967.2966435,2,18.6693,0.06723421,20.542,1
ZTF21abouxex,60969.2489352,1,19.3219,0.1067574,20.7559,1
ZTF21abouxex,60969.3024769,2,18.7277,0.08309314,20.6831,1
ZTF21abouxex,60972.2236111,2,18.6059,0.079642154,20.4817,1
ZTF21abouxex,60972.2839583,1,19.195,0.10815614,20.3857,1
ZTF21abouxex,60974.2293866,1,18.9106,0.093372785,20.5104,1
ZTF21abouxex,60974.2577199,2,18.5641,0.06400178,20.244,1
ZTF21abouxex,60976.2078819,1,19.028,0.113895,20.4148,1
ZTF21abouxex,60976.2741435,2,18.6234,0.106207,20.3765,1
ZTF21abouxex,60978.1937847,2,18.6371,0.07243521,20.3625,1
ZTF21abouxex,60978.2576042,1,19.0295,0.105957,20.421,1
ZTF21abouxex,60980.2318519,1,19.1021,0.095124,20.0611,1
ZTF21abouxex,60980.3090741,2,18.6847,0.077008,19.8738,1
ZTF21abouxex,60984.1919907,1,19.0594,0.155662,19.3501,1
ZTF21abouxex,60984.2449769,1,19.1984,0.21118051,19.3255,1
ZTF21abouxex,60986.1868519,2,18.7794,0.07960297,19.9553,1
ZTF21abouxex,60986.2071065,1,19.037,0.109752014,19.7435,1
ZTF21abouxex,60988.2759722,2,18.4665,0.09483113,19.8334,1
ZTF21abouxex,60988.2853472,1,18.852,0.13658349,19.8068,1
ZTF21abouxex,60990.2388194,2,18.3805,0.055529986,20.3726,1
ZTF21abouxex,60990.2879977,1,18.7758,0.10628512,20.1504,1
ZTF21abouxex,60992.2168056,1,18.4667,0.253627,18.2512,1
ZTF21abouxex,61003.1865741,2,17.9271,0.057117667,20.4989,1
ZTF21abouxex,61005.1290741,2,18.0139,0.05952088,20.4025,1
ZTF21abouxex,61005.219456,1,18.531,0.076080434,20.2226,1
ZTF21abouxex,61007.1098495,2,17.7003,0.087677,18.5461,1
ZTF21abouxex,61007.1611111,1,18.4829,0.1344389,19.5969,1
ZTF21abouxex,61009.1080556,2,18.0205,0.06798426,20.1204,1
ZTF21abouxex,61009.1485532,1,18.3998,0.07494146,19.9689,1
ZTF21abouxex,61011.1240509,2,18.0505,0.07340497,19.6903,1
ZTF21abouxex,61011.1528704,1,18.2579,0.091579124,19.5037,1
ZTF21abouxex,61013.1235069,1,18.4005,0.13014491,19.0065,1
ZTF21abouxex,61013.1591204,2,17.9822,0.078951515,19.2292,1
ZTF21abouxex,61015.1124421,1,18.4608,0.13091567,19.363,1
ZTF21abouxex,61015.131169,2,18.0356,0.065775596,19.7677,1
ZTF21abouxex,61017.1834838,2,18.0094,0.05519901,20.0772,1
ZTF21abouxex,61020.1118981,2,18.1202,0.058030315,20.3958,1
ZTF21abouxex,61020.1632292,1,18.6673,0.079374224,20.4071,1
ZTF21abouxex,61022.1229977,2,18.1005,0.06309048,19.8472,1
ZTF21abouxex,61022.1491204,1,18.56,0.09879173,20.0991,1
ZTF21abouxex,61024.11875,1,18.588,0.076398775,20.6869,1
ZTF21abouxex,61024.1471296,2,18.1981,0.067223206,20.6553,1
ZTF21abouxex,61026.1233449,2,18.0251,0.049527176,20.5242,1
ZTF21abouxex,61026.1455787,1,18.4165,0.07123046,20.6497,1
ZTF21abouxex,61028.1132639,2,18.0256,0.07220077,20.513,1
ZTF21abouxex,61028.189375,1,18.5034,0.07655054,20.2976,1
ZTF21abouxex,61030.1095486,1,18.5267,0.07280528,20.7173,1
ZTF21abouxex,61030.1454861,2,18.103,0.06230214,20.6305,1
ZTF21abouxex,61032.1214005,1,18.2829,0.31846,17.8303,1
ZTF21abouxex,61038.1561227,1,18.7508,0.241035,18.8095,1
ZTF21abouxex,61049.1104167,2,18.1761,0.066565566,19.9938,1
ZTF21abouxex,61049.1790972,1,18.5753,0.09481294,19.5535,1
ZTF21abouxex,61051.1097801,2,18.195,0.12846437,19.2066,1
ZTF21abouxex,61053.1025231,1,18.5472,0.1164171,19.5837,1
ZTF21abouxex,61053.1358218,2,18.2445,0.070964776,19.7329,1
ZTF21abouxex,61055.1020139,2,18.0551,0.053277925,20.0066,1
ZTF21abouxex,61055.1873148,1,18.2523,0.12497397,19.0843,1
ZTF21abouxex,61057.1551736,1,18.5444,0.259305,18.3599,1
ZTF21abouxex,61059.1102083,1,18.6216,0.06450636,20.4599,1
ZTF21abouxex,61059.1346181,2,18.099,0.06336726,20.3185,1
ZTF21abouxex,61066.1212616,1,18.223,0.10016862,19.1488,1
ZTF21abouxex,61072.1181366,1,18.4818,0.15365617,18.7958,1
ZTF21abouxex,61072.1662731,2,18.0913,0.14843062,18.3709,1
ZTF21abouxex,61140.5181713,2,18.2848,0.100802675,18.9113,1
ZTF21abouxex,61140.5186458,2,18.2698,0.10883547,18.8829,1
ZTF21abouxex,61140.523125,2,18.251,0.1410777,18.4842,1
ZTF21abouxex,61148.5060995,2,18.2179,0.09343646,18.983,1
ZTF21abouxex,61150.5047338,2,18.7515,0.12478819,19.1948,1
ZTF21abouxex,61150.5086111,2,18.5787,0.09976118,19.0574,1
ZTF21abouxex,61151.5035532,2,18.57,0.13127281,19.1676,1
ZTF21abouxex,61151.5076042,2,18.5957,0.1703561,18.7948,1
ZTF21abouxex,61151.513044,2,18.1798,0.15186636,18.2006,1
ZTF21abouxex,61154.499294,2,18.4751,0.116015494,19.6981,1
ZTF21abouxex,61154.5036574,2,18.49,0.094756015,19.3347,1
ZTF21abouxex,61158.4957523,2,18.1929,0.084952,19.3798,1
ZTF21abouxex,61158.5025347,2,18.3879,0.1615818,18.6422,1
ZTF21abouxex,61159.4953819,2,18.3777,0.095983565,19.4405,1
ZTF21abouxex,61159.4987731,2,18.4244,0.12349362,19.1482,1
ZTF21abouxex,61159.5041435,2,18.3615,0.15056191,18.5963,1
ZTF21abouxex,61160.493912,2,18.4868,0.12643546,19.1601,1
ZTF21abouxex,61160.498287,2,18.4315,0.104427785,19.0522,1
ZTF21abouxex,61160.502662,2,18.371,0.13644002,18.5688,1
ZTF21abouxex,61161.4924074,2,18.3909,0.10521791,19.0407,1
ZTF21abouxex,61161.5001273,2,18.5313,0.11839537,18.8286,1
ZTF21abouxex,61179.4795602,2,18.2208,0.071351655,19.7108,1
ZTF21abouxex,61180.4785069,2,17.982,0.062427584,19.9465,1
ZTF21abouxex,61181.4778356,2,17.9986,0.0564741,20.2277,1
ZTF21abouxex,61183.476794,2,17.9106,0.0472811,20.3988,1
ZTF21abouxex,61184.4758681,2,17.8675,0.06462892,20.3278,1
ZTF21abouxex,61185.474456,2,17.8478,0.054675814,20.5199,1
ZTF21abouxex,61186.4749769,2,17.8347,0.05668919,20.2548,1
ZTF21abouxex,61191.4722454,2,17.7275,0.05386546,19.9267,1
ZTF21abouxex,61192.4706366,2,17.7433,0.07121717,19.888,1
ZTF21abouxex,61193.4880208,2,17.7676,0.06542466,19.2676,1
ZTF21abouxex,61194.4836806,2,17.7197,0.05717326,19.7328,1
ZTF21abouxex,61195.4696181,2,17.6991,0.059700567,20.0034,1
ZTF21abouxex,61196.4688773,2,17.7289,0.060001675,20.1132,1
ZTF21abouxex,61197.4682176,2,17.7071,0.07350683,19.6634,1
ZTF21abouxex,61199.4672801,2,17.6598,0.0570252,20.1563,1
ZTF21abouxex,61201.4668056,2,17.6735,0.05069096,20.3583,1
ZTF21abouxex,61202.4659144,2,17.7376,0.052442957,20.4967,1
ZTF23aaritkm,60890.1790162,2,18.5492,0.1212082,19.4933,1
ZTF23aaritkm,60890.3297454,1,19.4862,0.14470264,20.3078,1
ZTF23aaritkm,60894.1760995,1,17.8531,0.08171556,19.8763,1
ZTF23aaritkm,60894.2116319,2,17.1478,0.069682,19.9857,1
ZTF23aaritkm,60894.2116319,2,17.1478,0.06968171,19.9857,1
ZTF23aaritkm,60896.1858681,1,17.4095,0.074792266,19.4425,1
ZTF23aaritkm,60896.2278009,2,16.7787,0.054130074,19.7653,1
ZTF23aaritkm,60898.189294,1,17.1677,0.053847097,20.1772,1
ZTF23aaritkm,60898.2170949,2,16.5733,0.041296,20.1732,1
ZTF23aaritkm,60898.2170949,2,16.5733,0.041296393,20.1732,1
ZTF23aaritkm,60901.2119213,1,16.9589,0.036392,20.9387,1
ZTF23aaritkm,60901.2119213,1,16.9589,0.03639236,20.9388,1
ZTF23aaritkm,60901.3057407,2,16.435,0.039104,20.3127,1
ZTF23aaritkm,60901.3057407,2,16.435,0.039104085,20.3127,1
ZTF23aaritkm,60908.2111111,2,16.4467,0.04938296,20.4757,1
ZTF23aaritkm,60908.2892245,1,17.0382,0.03848747,20.6675,1
ZTF23aaritkm,60914.1747454,1,17.4336,0.048744943,20.8406,1
ZTF23aaritkm,60917.20125,2,17.007,0.04954147,20.3876,1
ZTF23aaritkm,60917.2631597,1,17.6973,0.072968,20.4994,1
ZTF23aaritkm,60917.2631597,1,17.6973,0.07296803,20.4994,1
ZTF23aaritkm,60919.1751042,1,17.874,0.058760244,20.3423,1
ZTF23aaritkm,60919.2066319,2,17.02,0.060589537,20.3702,1
ZTF23aaritkm,60921.1836574,1,18.1207,0.09310417,20.2361,1
ZTF23aaritkm,60923.1650694,1,18.4004,0.09465009,19.911,1
ZTF23aaritkm,60923.2504514,2,17.0632,0.070328,19.3069,1
ZTF23aaritkm,60923.2504514,2,17.0632,0.07032789,19.3069,1
ZTF23aaritkm,60925.1498611,2,17.1532,0.0492311,19.9554,1
ZTF23aaritkm,60925.2497569,1,18.5617,0.16751152,19.598,1
ZTF23aaritkm,60927.1774884,1,18.8315,0.1521799,20.2451,1
ZTF23aaritkm,60927.225,2,17.2195,0.09542041,20.3139,1
ZTF23aaritkm,60929.2259954,2,17.3568,0.064595066,20.1565,1
ZTF23aaritkm,60929.2685764,1,18.9349,0.15476088,19.6588,1
ZTF23aaritkm,60931.1421065,2,17.449,0.046174586,20.3333,1
ZTF23aaritkm,60933.1429167,1,19.1728,0.099868685,20.8396,1
ZTF23aaritkm,60933.1929861,2,17.6596,0.06341,20.4365,1
ZTF23aaritkm,60933.1929861,2,17.6596,0.06341041,20.4365,1
ZTF23aaritkm,60935.1620023,1,19.2347,0.116596654,20.7376,1
ZTF23aaritkm,60939.2019329,1,19.5404,0.15745811,20.5282,1
ZTF23aaritkm,60939.2241088,2,17.9593,0.07293349,20.2677,1
ZTF23aaritkm,60942.1619792,1,19.5345,0.158933,20.216,1
ZTF23aaritkm,60942.1619792,1,19.5345,0.15893337,20.216,1
ZTF23aaritkm,60942.1878472,2,18.1635,0.07277844,20.1903,1
ZTF23aaritkm,60949.1423958,1,19.6313,0.17309448,20.2997,1
ZTF23aaritkm,60949.1596528,2,18.4268,0.114761345,20.2598,1
ZTF23aaritkm,60951.1513773,2,18.4635,0.074034,19.3888,1
ZTF23aaritkm,60953.1726389,2,18.5797,0.12473082,19.9428,1
ZTF23aaritkm,60965.1502662,1,19.8622,0.239337,20.4284,1
ZTF23aaritkm,60969.1247338,2,19.1575,0.12949252,20.2218,1
ZTF23abifxlj,60223.2263889,2,19.5502,0.09450698,20.3541,1
ZTF23abifxlj,60978.2676042,2,20.2979,0.203402,20.3709,1
ZTF23abifxlj,60980.2544329,1,19.3493,0.123824,19.885,1
ZTF23abifxlj,60980.2966898,2,19.3729,0.155314,19.9041,1
ZTF23abifxlj,60983.1925926,1,18.4477,0.102211,19.3802,1
ZTF23abifxlj,60983.2633102,2,18.2883,0.081864886,19.437,1
ZTF23abifxlj,60985.1061806,1,18.0282,0.065139666,19.479,1
ZTF23abifxlj,60985.1733218,1,18.0311,0.0745098,19.3371,1
ZTF23abifxlj,60987.0946759,2,17.6676,0.033253763,20.4771,1
ZTF23abifxlj,60987.1515278,1,17.8069,0.048370216,20.13,1
ZTF23abifxlj,60989.1656366,2,17.5893,0.036126617,20.2155,1
ZTF23abifxlj,60989.2071181,1,17.6381,0.04492845,20.3075,1
ZTF23abifxlj,60992.1942245,2,17.5611,0.13807844,18.0311,1
ZTF23abifxlj,60992.2134954,1,17.4776,0.287078,17.507,1
ZTF23abifxlj,61004.1394329,2,18.1632,0.059340533,20.3604,1
ZTF23abifxlj,61004.1733102,1,18.4009,0.058315605,20.4482,1
ZTF23abifxlj,61006.1009838,1,18.6371,0.084384896,20.0154,1
ZTF23abifxlj,61006.1612269,2,18.2078,0.052914407,19.9809,1
ZTF23abifxlj,61008.1054514,2,18.236,0.06590036,20.1519,1
ZTF23abifxlj,61008.1690856,1,18.8582,0.09644452,19.8575,1
ZTF23abifxlj,61012.1043519,2,18.3413,0.0701382,19.5645,1
ZTF23abifxlj,61014.1810069,2,18.269,0.0957862,18.9186,1
ZTF23abifxlj,61020.1104514,2,18.7938,0.08192534,20.2862,1
ZTF23abifxlj,61022.1080556,2,18.9239,0.09519946,20.3506,1
ZTF23abifxlj,61024.1206366,1,20.2305,0.15788914,20.6968,1
ZTF23abifxlj,61024.1298727,2,19.0699,0.0882118,20.5708,1
ZTF23abifxlj,61026.124294,2,19.1977,0.07780827,20.5692,1
ZTF23abifxlj,61026.2258102,1,20.2213,0.239462,20.2038,1
ZTF23abifxlj,61028.1123148,2,19.32,0.09822765,20.4924,1
ZTF23abifxlj,61030.1085995,1,20.4986,0.219603,20.6409,1
ZTF23abifxlj,61030.16625,2,19.3865,0.11292428,20.2723,1
ZTF24aayqrow,60525.3565625,1,20.8,0.243218,20.5027,1
ZTF24aayqrow,60527.3137153,1,20.3425,0.270936,20.2211,1
ZTF24aayqrow,60527.3769329,2,20.5894,0.265931,20.4444,1
ZTF24aayqrow,60537.3261921,2,19.6988,0.15454,20.1062,1
ZTF24aayqrow,60539.3424653,2,19.7674,0.246424,19.5438,1
ZTF24aayqrow,60539.4154398,1,19.8591,0.26369,19.4784,1
ZTF24aayqrow,60546.3374769,1,19.3618,0.225928,19.4991,1
ZTF24aayqrow,60549.3325579,1,19.4247,0.115369335,20.4629,1
ZTF24aayqrow,60549.3558796,2,19.3479,0.10472826,20.3211,1
ZTF24aayqrow,60551.2701273,2,19.1908,0.09194078,20.51,1
ZTF24aayqrow,60551.4544097,1,19.4129,0.12265285,20.1258,1
ZTF24aayqrow,60554.2936806,1,19.353,0.10287726,20.4353,1
ZTF24aayqrow,60554.4086921,2,19.1618,0.10073452,20.1083,1
ZTF24aayqrow,60556.2367708,1,19.2729,0.10750138,20.2959,1
ZTF24aayqrow,60556.2935764,2,19.0974,0.11067716,20.3874,1
ZTF24aayqrow,60558.2723843,1,19.2289,0.09559502,20.3385,1
ZTF24aayqrow,60558.4291319,2,19.1166,0.103375964,19.9385,1
ZTF24aayqrow,60560.2935532,1,19.2282,0.19750267,19.0885,1
ZTF24aayqrow,60562.2726505,2,18.9562,0.101166815,20.2743,1
ZTF24aayqrow,60562.3064468,1,19.1418,0.13219185,20.1344,1
ZTF24aayqrow,60564.3158449,2,18.9456,0.096054375,20.2878,1
ZTF24aayqrow,60566.2437153,2,18.8632,0.124991626,19.397,1
ZTF24aayqrow,60566.3119444,1,19.2085,0.16658403,19.4508,1
ZTF24aayqrow,60568.290787,1,19.2422,0.221382,19.4177,1
ZTF24aayqrow,60568.290787,1,19.2411,0.221011,19.4151,1
ZTF24aayqrow,60568.3374769,2,18.855,0.11149317,19.4831,1
ZTF24aayqrow,60571.2450463,2,18.7858,0.12522154,19.1349,1
ZTF24aayqrow,60571.2936227,1,19.2685,0.283049,18.9209,1
ZTF24aayqrow,60575.2491435,3,18.6193,0.103725106,19.9007,1
ZTF24aayqrow,60575.2799421,1,19.0607,0.12902431,19.845,1
ZTF24aayqrow,60575.3194792,2,18.8163,0.09550253,20.003,1
ZTF24aayqrow,60576.2520602,1,19.1743,0.11962614,20.0086,1
ZTF24aayqrow,60576.3078125,3,18.6332,0.104438014,19.6956,1
ZTF24aayqrow,60576.386713,2,18.859,0.14413221,19.7295,1
ZTF24aayqrow,60577.2436343,1,19.125,0.09047422,20.5538,1
ZTF24aayqrow,60577.3395602,3,18.6262,0.12033912,19.3459,1
ZTF24aayqrow,60578.2335764,1,19.0669,0.088305704,20.5749,1
ZTF24aayqrow,60578.3751389,2,18.868,0.0841922,20.0448,1
ZTF24aayqrow,60580.1648495,2,18.7634,0.080429256,20.4343,1
ZTF24aayqrow,60583.1696065,2,18.8014,0.074533634,20.4182,1
ZTF24aayqrow,60583.1944213,1,19.1608,0.089487135,20.2054,1
ZTF24aayqrow,60592.3530208,2,18.6865,0.09767547,19.7275,1
ZTF24aayqrow,60593.1875231,2,18.7697,0.09009369,20.1921,1
ZTF24aayqrow,60593.2304398,1,19.1055,0.09007378,20.0939,1
ZTF24aayqrow,60599.3328935,2,18.613,0.2050251,18.8563,1
ZTF24aayqrow,60602.2243519,2,18.7125,0.118397936,19.2439,1
ZTF24aayqrow,60602.2318519,1,19.208,0.268597,18.9229,1
ZTF24aayqrow,60604.28375,1,19.0643,0.1264762,19.5878,1
ZTF24aayqrow,60606.1898843,1,19.1146,0.09731618,20.2968,1
ZTF24aayqrow,60606.2709838,2,18.6567,0.07888688,19.9697,1
ZTF24aayqrow,60608.1848611,2,18.6953,0.06720969,20.3903,1
ZTF24aayqrow,60608.2802894,1,19.1461,0.1088034,20.1081,1
ZTF24aayqrow,60608.2802894,1,19.1461,0.108803,20.1081,1
ZTF24aayqrow,60608.2802894,1,19.1461,0.108803,20.1081,1
ZTF24aayqrow,60610.1703588,2,18.671,0.101077,19.7172,1
ZTF24aayqrow,60614.2331366,1,19.2269,0.10997098,20.1427,1
ZTF24aayqrow,60619.1280903,2,18.7756,0.114169,19.8858,1
ZTF24aayqrow,60620.1247222,2,18.6105,0.09388713,19.5499,1
ZTF24aayqrow,60622.1492593,2,18.8116,0.14496942,19.67,1
ZTF24aayqrow,60623.1275463,2,18.7786,0.11571684,19.7195,1
ZTF24aayqrow,60626.1004745,1,19.0259,0.16048987,19.3496,1
ZTF24aayqrow,60626.1543981,2,18.7079,0.14592172,19.2541,1
ZTF24aayqrow,60629.1264005,2,18.7753,0.12515797,19.089,1
ZTF24aayqrow,60632.1069097,1,19.2102,0.11051969,19.8462,1
ZTF24aayqrow,60632.1485995,2,18.7119,0.09565209,19.8714,1
ZTF24aayqrow,60634.2343634,1,19.2845,0.20792367,19.1352,1
ZTF24aayqrow,60635.1201505,1,19.2908,0.09589624,20.2382,1
ZTF24aayqrow,60635.1530671,2,18.7291,0.08635657,20.1443,1
ZTF24aayqrow,60637.1218171,2,18.7543,0.087672845,20.2462,1
ZTF24aayqrow,60640.1081713,1,19.3519,0.128139,20.2695,1
ZTF24aayqrow,60640.1081713,1,19.3519,0.12813857,20.2695,1
ZTF24aayqrow,60640.1407292,2,18.8176,0.080025405,20.1349,1
ZTF24aayqrow,60640.1407292,2,18.8176,0.080025,20.1349,1
ZTF24aayqrow,60644.1184259,2,18.7799,0.077842,20.1057,1
ZTF24aayqrow,60646.0991204,1,19.4582,0.124329,20.1317,1
ZTF24aayqrow,60648.1551157,2,18.7966,0.079014,20.1922,1
ZTF24aayqrow,60648.1745023,1,19.4452,0.14241122,20.0545,1
ZTF24aayqrow,60654.134537,2,18.9181,0.21973,19.1076,1
ZTF24aayqrow,60660.1227431,1,19.3732,0.237101,19.03,1
ZTF24aayqrow,60660.1545949,2,18.8708,0.116292484,19.0982,1
ZTF24aayqrow,60664.1139583,1,19.6318,0.15922703,19.837,1
ZTF24aayqrow,60664.1296644,2,18.9971,0.12282411,19.5698,1
ZTF24aayqrow,60666.1085069,1,19.7592,0.254629,19.6517,1
ZTF24aayqrow,60666.1354861,2,19.0919,0.18051024,19.3378,1
ZTF24aayqrow,60826.4590046,2,19.6912,0.304807,19.2804,1
ZTF24aayqrow,60831.4613542,1,20.0858,0.17515117,20.5115,1
ZTF24aayqrow,60850.4358796,2,19.87,0.1439656,20.5347,1
ZTF24aayqrow,60850.4516204,2,20.0138,0.15176497,20.5488,1
ZTF24aayqrow,60855.3690741,2,19.5739,0.17653796,19.8271,1
ZTF24aayqrow,60855.4628588,1,20.0414,0.14408123,20.4827,1
ZTF24aayqrow,60858.4323495,1,20.2515,0.18936554,20.5721,1
ZTF24aayqrow,60858.4593634,2,19.9731,0.15277196,20.6248,1
ZTF24aayqrow,60861.3703819,2,19.9975,0.13085558,20.5044,1
ZTF24aayqrow,60862.4620486,2,19.8561,0.15718693,20.6043,1
ZTF24aayqrow,60863.3706944,1,20.1791,0.269969,19.7783,1
ZTF24aayqrow,60863.4619907,2,20.0102,0.1382948,20.6734,1
ZTF24aayqrow,60864.4456713,1,20.2458,0.209,20.6411,1
ZTF24aayqrow,60864.4456713,1,20.2458,0.209,20.6411,1
ZTF24aayqrow,60864.4583912,1,20.2383,0.174555,20.6464,1
ZTF24aayqrow,60864.4583912,1,20.2383,0.17455518,20.6464,1
ZTF24aayqrow,60864.4627083,2,20.0838,0.14934032,20.5809,1
ZTF24aayqrow,60864.4627083,2,20.0838,0.14934,20.5809,1
ZTF24aayqrow,60865.3319907,2,19.8885,0.243683,19.6707,1
ZTF24aayqrow,60865.3789468,3,19.0271,0.152642,19.6685,1
ZTF24aayqrow,60866.3998843,3,18.9146,0.138732,19.2782,1
ZTF24aayqrow,60866.3998843,3,18.9146,0.13873212,19.2782,1
ZTF24aayqrow,60867.387338,3,19.2047,0.183918,19.3513,1
ZTF24aayqrow,60867.4720833,2,19.7829,0.254031,19.6122,1
ZTF24aayqrow,60868.4622338,3,19.2767,0.1857203,19.1342,1
ZTF24aayqrow,60872.380787,3,19.0768,0.173973,19.3008,1
ZTF24aayqrow,60873.3639236,3,19.2603,0.247159,19.3818,1
ZTF24aayqrow,60875.3238657,3,19.2076,0.13696517,19.7106,1
ZTF24aayqrow,60875.3685532,2,19.9341,0.18032925,20.3904,1
ZTF24aayqrow,60875.3694907,2,19.8864,0.16609871,20.3872,1
ZTF24aayqrow,60875.3910069,1,20.6584,0.343761,20.3083,1
ZTF24aayqrow,60876.4201157,1,20.2876,0.20065928,20.5427,1
ZTF24aayqrow,60876.4389236,1,20.1326,0.221197,20.2986,1
ZTF24aayqrow,60877.369375,3,19.0843,0.1602803,19.8951,1
ZTF24aayqrow,60877.3981481,1,20.4586,0.21382087,20.6574,1
ZTF24aayqrow,60877.4167477,1,20.1512,0.15085445,20.6819,1
ZTF24aayqrow,60878.3713773,1,20.2635,0.255698,20.5633,1
ZTF24aayqrow,60878.3723264,1,20.0543,0.21022797,20.2971,1
ZTF24aayqrow,60878.3916898,3,19.152,0.15646952,19.9281,1
ZTF24aayqrow,60879.3792708,2,20.0234,0.21688592,20.1931,1
ZTF24aayqrow,60879.4026389,3,19.3239,0.16293415,19.5405,1
ZTF24aayqrow,60879.4197917,1,20.348,0.233208,20.4127,1
ZTF24aayqrow,60879.4216667,1,20.3813,0.2094484,20.474,1
ZTF24aayqrow,60879.4370255,1,20.4381,0.251136,20.4839,1
ZTF24aayqrow,60880.3925463,2,19.9644,0.14216241,20.601,1
ZTF24aayqrow,60880.4016204,3,19.2046,0.096614,20.0949,1
ZTF24aayqrow,60880.4016204,3,19.2046,0.09661387,20.0949,1
ZTF24aayqrow,60880.4374074,1,20.3781,0.20089255,20.4831,1
ZTF24aayqrow,60881.3569097,3,19.2012,0.15604608,20.1283,1
ZTF24aayqrow,60881.4147801,2,19.8766,0.13505004,20.5403,1
ZTF24aayqrow,60881.4157176,2,20.053,0.15643233,20.5705,1
ZTF24aayqrow,60882.3759954,1,20.2279,0.21683267,20.6188,1
ZTF24aayqrow,60882.379294,1,20.2801,0.21219371,20.6153,1
ZTF24aayqrow,60882.4085995,3,19.1532,0.19891427,19.4117,1
ZTF24aayqrow,60883.3696296,3,19.1153,0.127064,20.1301,1
ZTF24aayqrow,60883.3696296,3,19.1153,0.127064,20.1301,1
ZTF24aayqrow,60883.3696296,3,19.1153,0.1270639,20.1301,1
ZTF24aayqrow,60883.3953009,2,20.1225,0.171661,20.6385,1
ZTF24aayqrow,60883.3953009,2,20.1225,0.171661,20.6385,1
ZTF24aayqrow,60883.3953009,2,20.1225,0.17166132,20.6385,1
ZTF24aayqrow,60883.398125,2,19.9274,0.15139472,20.5796,1
ZTF24aayqrow,60883.398125,2,19.9274,0.151395,20.5797,1
ZTF24aayqrow,60883.398125,2,19.9274,0.151395,20.5797,1
ZTF24aayqrow,60883.4201505,1,20.3673,0.202466,20.7047,1
ZTF24aayqrow,60883.4201505,1,20.3673,0.202466,20.7047,1
ZTF24aayqrow,60883.4201505,1,20.3673,0.20246603,20.7047,1
ZTF24aayqrow,60884.3387153,1,20.0844,0.18420032,20.5343,1
ZTF24aayqrow,60884.3415509,1,20.2916,0.21219206,20.4915,1
ZTF24aayqrow,60884.397419,2,20.0004,0.14396042,20.6075,1
ZTF24aayqrow,60884.4217245,3,19.1941,0.11333237,20.1633,1
ZTF24aayqrow,60885.3525694,2,19.9839,0.16923259,20.5191,1
ZTF24aayqrow,60885.3715046,3,19.1992,0.11919783,20.1568,1
ZTF24aayqrow,60885.3796528,1,20.3553,0.16062997,20.6247,1
ZTF24aayqrow,60885.3805903,1,20.396,0.225778,20.7051,1
ZTF24aayqrow,60886.3569329,2,19.9792,0.156934,20.4479,1
ZTF24aayqrow,60886.3578704,2,20.0114,0.15125155,20.4598,1
ZTF24aayqrow,60886.3825579,3,19.2442,0.1288421,20.0886,1
ZTF24aayqrow,60886.4025347,1,20.2224,0.20455608,20.4913,1
ZTF24aayqrow,60886.4044213,1,20.1061,0.20216006,20.5215,1
ZTF24aayqrow,60886.4081944,1,20.2864,0.18174812,20.5072,1
ZTF24aayqrow,60887.3315856,1,20.319,0.17545046,20.4856,1
ZTF24aayqrow,60887.3325231,1,20.4513,0.20364995,20.5466,1
ZTF24aayqrow,60887.3810648,3,18.9924,0.1068778,20.1259,1
ZTF24aayqrow,60887.4262384,2,20.1487,0.15935306,20.5197,1
ZTF24aayqrow,60888.3677315,1,20.1463,0.2056315,20.6828,1
ZTF24aayqrow,60888.3677315,1,20.1463,0.205631,20.6828,1
ZTF24aayqrow,60888.368669,1,20.396,0.220799,20.6241,1
ZTF24aayqrow,60888.368669,1,20.396,0.220799,20.6241,1
ZTF24aayqrow,60888.3824421,2,20.0286,0.15888867,20.6482,1
ZTF24aayqrow,60888.3824421,2,20.0286,0.158889,20.6482,1
ZTF24aayqrow,60888.4197106,3,19.22,0.138457,20.1074,1
ZTF24aayqrow,60888.4197106,3,19.22,0.13845679,20.1074,1
ZTF24aayqrow,60889.3113889,2,20.0273,0.15524489,20.4304,1
ZTF24aayqrow,60889.3515162,3,19.1373,0.13425271,20.037,1
ZTF24aayqrow,60889.3765046,1,20.2173,0.18663906,20.6491,1
ZTF24aayqrow,60889.4211343,1,20.3739,0.230334,20.567,1
ZTF24aayqrow,60889.4216088,1,20.3053,0.18813156,20.5758,1
ZTF24aayqrow,60890.3512963,3,19.259,0.13205309,20.1056,1
ZTF24aayqrow,60890.3789468,2,20.0413,0.16670498,20.6322,1
ZTF24aayqrow,60891.3826389,1,20.4299,0.219475,20.2918,1
ZTF24aayqrow,60891.3826389,1,20.4299,0.219475,20.2918,1
ZTF24aayqrow,60891.3835764,1,20.3893,0.229087,20.3652,1
ZTF24aayqrow,60891.3835764,1,20.3893,0.229087,20.3652,1
ZTF24aayqrow,60891.4210185,2,19.9668,0.143917,20.401,1
ZTF24aayqrow,60891.4210185,2,19.9668,0.14391722,20.401,1
ZTF24aayqrow,60891.4214931,2,20.0236,0.18231946,20.3524,1
ZTF24aayqrow,60891.4214931,2,20.0236,0.182319,20.3524,1
ZTF24aayqrow,60892.3205556,3,19.2427,0.1728139,19.9642,1
ZTF24aayqrow,60892.3205556,3,19.2427,0.172814,19.9642,1
ZTF24aayqrow,60892.3780787,1,20.1446,0.16554467,20.3984,1
ZTF24aayqrow,60892.3790162,1,20.4288,0.20111383,20.524,1
ZTF24aayqrow,60894.4034375,3,19.1714,0.1637559,19.555,1
ZTF24aayqrow,60894.4224421,1,19.9794,0.224752,19.5562,1
ZTF24aayqrow,60895.3560532,3,18.9421,0.234397,18.8806,1
ZTF24aayqrow,60899.3578356,3,18.9299,0.20146427,19.0687,1
ZTF24aayqrow,60900.2990046,3,19.1624,0.15106127,19.7112,1
ZTF24aayqrow,60901.341331,2,19.9588,0.18441972,20.012,1
ZTF24aayqrow,60901.3422801,2,19.7982,0.191077,20.0742,1
ZTF24aayqrow,60902.2687616,1,20.5354,0.255717,20.1844,1
ZTF24aayqrow,60902.3194444,3,19.0902,0.14828075,19.6057,1
ZTF24aayqrow,60903.2609028,3,19.1581,0.09720956,20.1459,1
ZTF24aayqrow,60903.2609028,3,19.1581,0.09721,20.1459,1
ZTF24aayqrow,60903.3709259,2,20.2275,0.248283,20.4868,1
ZTF24aayqrow,60903.3709259,2,20.2275,0.248283,20.4868,1
ZTF24aayqrow,60903.371875,2,20.1493,0.221222,20.4934,1
ZTF24aayqrow,60903.371875,2,20.1493,0.221222,20.4934,1
ZTF24aayqrow,60903.3916435,1,20.6726,0.374843,20.332,1
ZTF24aayqrow,60903.3916435,1,20.6726,0.374843,20.332,1
ZTF24aayqrow,60903.3959028,1,20.2302,0.16804758,20.3883,1
ZTF24aayqrow,60903.3959028,1,20.2302,0.168048,20.3883,1
ZTF24aayqrow,60904.2573032,3,19.14,0.1256064,19.9067,1
ZTF24aayqrow,60904.2573032,3,19.14,0.125606,19.9067,1
ZTF24aayqrow,60904.3124769,1,20.3985,0.19706403,20.4986,1
ZTF24aayqrow,60904.3904051,2,20.2341,0.20012435,20.4803,1
ZTF24aayqrow,60905.3633449,2,20.1305,0.15696897,20.5756,1
ZTF24aayqrow,60905.3658333,1,20.4851,0.18976668,20.6123,1
ZTF24aayqrow,60908.2571528,3,19.2391,0.13212593,19.8814,1
ZTF24aayqrow,60909.3136458,1,20.3172,0.203041,20.3854,1
ZTF24aayqrow,60909.3136458,1,20.3172,0.2030407,20.3854,1
ZTF24aayqrow,60909.3156019,1,20.0731,0.18007,20.3527,1
ZTF24aayqrow,60909.3156019,1,20.0731,0.18007,20.3527,1
ZTF24aayqrow,60909.3299306,3,19.2352,0.225183,19.0968,1
ZTF24aayqrow,60909.3582639,2,19.9888,0.17738928,20.248,1
ZTF24aayqrow,60909.3582639,2,19.9888,0.177389,20.248,1
ZTF24aayqrow,60909.3592014,2,20.0452,0.215286,20.2009,1
ZTF24aayqrow,60909.3592014,2,20.0452,0.2152861,20.2009,1
ZTF24aayqrow,60910.2982755,3,19.1861,0.15106462,19.6106,1
ZTF24aayqrow,60911.2700347,1,20.4268,0.243623,20.3577,1
ZTF24aayqrow,60911.2771528,3,19.3502,0.12735178,19.9612,1
ZTF24aayqrow,60911.3142708,2,19.9112,0.16845691,20.2831,1
ZTF24aayqrow,60911.3161574,2,20.159,0.18223117,20.4235,1
ZTF24aayqrow,60913.2685648,2,20.1,0.21476665,20.4222,1
ZTF24aayqrow,60913.2695139,2,19.993,0.156573,20.3646,1
ZTF24aayqrow,60913.2771644,3,19.1271,0.13950445,19.941,1
ZTF24aayqrow,60913.3307523,1,20.2082,0.18933533,20.3848,1
ZTF24aayqrow,60913.3316898,1,20.3621,0.196572,20.4602,1
ZTF24aayqrow,60914.2863426,3,19.1602,0.12512411,19.7966,1
ZTF24aayqrow,60914.2953704,1,20.3247,0.224273,20.3676,1
ZTF24aayqrow,60914.3478472,2,20.2298,0.18176407,20.4393,1
ZTF24aayqrow,60916.2773958,2,20.1343,0.1804689,20.4359,1
ZTF24aayqrow,60916.2783333,2,20.1352,0.18774785,20.4214,1
ZTF24aayqrow,60916.3319907,1,20.3658,0.229368,20.5345,1
ZTF24aayqrow,60917.2351042,3,19.1082,0.16804956,19.7058,1
ZTF24aayqrow,60917.2949653,1,20.3879,0.228099,20.4142,1
ZTF24aayqrow,60917.3369444,2,19.9881,0.17002322,20.3868,1
ZTF24aayqrow,60918.2554398,3,19.2616,0.14667869,19.8572,1
ZTF24aayqrow,60918.3428704,2,20.1539,0.20700544,20.3119,1
ZTF24aayqrow,60918.3438079,2,20.013,0.19453447,20.2627,1
ZTF24aayqrow,60919.2787731,3,19.4061,0.19431072,19.8783,1
ZTF24aayqrow,60919.2943287,1,20.3819,0.240394,20.3591,1
ZTF24aayqrow,60919.3716088,2,20.2533,0.19951795,20.3665,1
ZTF24aayqrow,60920.2148032,3,19.3244,0.235038,19.1037,1
ZTF24aayqrow,60920.3543634,1,20.438,0.246602,20.2476,1
ZTF24aayqrow,60920.4334606,1,20.2218,0.246729,19.9388,1
ZTF24aayqrow,60922.287581,2,19.7582,0.244868,19.4191,1
ZTF24aayqrow,60922.3373032,3,19.1321,0.18968199,19.2768,1
ZTF24aayqrow,60927.1734028,3,19.3797,0.189236,19.4429,1
ZTF24aayqrow,60928.2565856,3,19.215,0.14262792,19.5534,1
ZTF24aayqrow,60929.2770486,3,19.0062,0.13752933,19.5027,1
ZTF24aayqrow,60929.3062384,1,19.8481,0.328349,19.5654,1
ZTF24aayqrow,60932.2209144,2,20.0177,0.21054164,20.4303,1
ZTF24aayqrow,60932.2497454,2,20.34,0.263302,20.3765,1
ZTF24aayqrow,60932.2559722,3,19.0688,0.13033135,19.9071,1
ZTF24aayqrow,60932.2744329,1,20.6163,0.297643,20.2709,1
ZTF24aayqrow,60933.2254977,2,20.1289,0.15071678,20.3902,1
ZTF24aayqrow,60933.2354514,3,19.2487,0.15343222,19.8232,1
ZTF24aayqrow,60933.2689236,1,20.5204,0.21653907,20.5498,1
ZTF24aayqrow,60934.215,3,19.3876,0.15919468,19.895,1
ZTF24aayqrow,60934.2915856,2,20.1903,0.232125,20.3915,1
ZTF24aayqrow,60934.3601157,1,20.3588,0.275745,19.9985,1
ZTF24aayqrow,60934.4037731,2,19.7844,0.266795,19.475,1
ZTF24aayqrow,60935.1740741,3,19.4706,0.15267974,19.6269,1
ZTF24aayqrow,60938.2150231,3,19.3402,0.1680681,19.9246,1
ZTF24aayqrow,60938.2721759,1,20.4375,0.21461041,20.5046,1
ZTF24aayqrow,60938.2908912,1,20.4334,0.259013,20.5184,1
ZTF24aayqrow,60938.3146412,2,20.3818,0.232461,20.4353,1
ZTF24aayqrow,60938.3408796,2,20.3442,0.282887,20.1362,1
ZTF24aayqrow,60939.1945139,3,19.2571,0.1442597,19.9636,1
ZTF24aayqrow,60939.2363542,2,20.3462,0.19547735,20.4258,1
ZTF24aayqrow,60939.3152199,1,20.2995,0.17489745,20.4469,1
ZTF24aayqrow,60941.2331134,2,20.2934,0.2092345,20.2052,1
ZTF24aayqrow,60941.255625,3,19.321,0.20293243,19.6857,1
ZTF24aayqrow,60941.2893056,1,20.5483,0.280589,20.2422,1
ZTF24aayqrow,60941.2902431,1,20.4764,0.257769,20.2296,1
ZTF24aayqrow,60942.2069329,2,20.3411,0.300497,20.3086,1
ZTF24aayqrow,60942.2435764,3,19.223,0.13528883,19.8754,1
ZTF24aayqrow,60942.253287,1,20.5872,0.199317,20.4626,1
ZTF24aayqrow,60943.2533449,2,20.2715,0.20282993,20.4187,1
ZTF24aayqrow,60943.256169,2,20.2795,0.234602,20.433,1
ZTF24aayqrow,60943.2755093,3,19.2015,0.12748964,19.8716,1
ZTF24aayqrow,60943.294375,1,20.5151,0.227507,20.3561,1
ZTF24aayqrow,60944.1713889,1,20.2837,0.305908,20.2065,1
ZTF24aayqrow,60944.1939352,3,19.2677,0.12857969,19.7951,1
ZTF24abeywka,60550.4323611,2,20.1223,0.244892,20.2304,1
ZTF24abeywka,60550.484919,1,20.5248,0.225283,20.4164,1
ZTF24abeywka,60552.484838,1,20.7176,0.248422,20.6543,1
ZTF24abeywka,60555.4535764,2,19.6191,0.17086186,20.4409,1
ZTF24abeywka,60558.4491898,2,19.3983,0.10650732,20.4603,1
ZTF24abeywka,60558.4881713,1,20.2102,0.288056,20.1152,1
ZTF24abeywka,60561.4481134,2,19.3084,0.11726905,20.1688,1
ZTF24abeywka,60561.4766667,1,19.9125,0.15888985,20.2703,1
ZTF24abeywka,60564.4349421,1,20.1078,0.1340063,20.6189,1
ZTF24abeywka,60564.474838,2,19.3228,0.11265312,20.5777,1
ZTF24abeywka,60566.4741204,2,19.1712,0.12002405,20.3908,1
ZTF24abeywka,60566.4893866,1,19.8714,0.17817943,20.4167,1
ZTF24abeywka,60571.4306829,2,18.3953,0.07763498,19.652,1
ZTF24abeywka,60574.4773958,2,17.6221,0.047447316,19.4727,1
ZTF24abeywka,60574.4839352,1,18.0341,0.09191108,19.2268,1
ZTF24abeywka,60577.4787037,2,17.6601,0.04990146,20.1442,1
ZTF24abeywka,60577.4883796,1,18.2605,0.06525106,20.1114,1
ZTF24abeywka,60580.4515278,2,17.8748,0.044012375,20.5458,1
ZTF24abeywka,60580.4838079,1,18.5062,0.060224634,20.6164,1
ZTF24abeywka,60591.4356713,1,19.3779,0.08574778,20.563,1
ZTF24abeywka,60591.5044213,2,18.3607,0.087420695,20.0705,1
ZTF24abeywka,60594.4079514,2,18.5297,0.06284893,20.5355,1
ZTF24abeywka,60594.4648032,1,19.3116,0.114439204,20.3241,1
ZTF24abeywka,60596.4559028,1,19.5494,0.100192636,20.7889,1
ZTF24abeywka,60596.4831944,2,18.6052,0.07735151,20.3807,1
ZTF24abeywka,60598.4100694,2,18.6007,0.07547637,20.1309,1
ZTF24abeywka,60598.4572106,1,19.7414,0.15077055,20.0742,1
ZTF24abeywka,60600.4427083,2,18.8962,0.166032,19.2927,1
ZTF24abeywka,60607.422662,1,19.9394,0.14407386,20.3939,1
ZTF24abeywka,60607.4415972,2,18.9313,0.075166985,20.3442,1
ZTF24abeywka,60609.3792014,1,19.9902,0.16356902,20.4848,1
ZTF24abeywka,60609.4618866,2,18.9553,0.090792105,20.2613,1
ZTF24abeywka,60611.3962731,1,19.8863,0.293906,19.6243,1
ZTF24abeywka,60615.455463,2,19.1318,0.107515946,20.3074,1
ZTF24abeywka,60619.4155556,1,20.1743,0.263271,19.998,1
ZTF24abeywka,60619.4337616,2,19.1691,0.100410074,20.1857,1
ZTF24abeywka,60621.380162,2,19.1977,0.164907,19.6275,1
ZTF24abeywka,60621.380162,2,19.1977,0.16490662,19.6275,1
ZTF24abeywka,60622.4610417,1,20.4236,0.222609,20.3673,1
ZTF24abeywka,60624.309294,2,19.3673,0.16665366,19.9676,1
ZTF24abeywka,60627.2525694,2,19.2431,0.140759,19.7039,1
ZTF24abeywka,60628.2871759,2,19.2432,0.1469622,19.7053,1
ZTF24abeywka,60635.4171065,2,19.2722,0.1513131,19.3126,1
ZTF24abeywka,60637.3118981,2,19.4579,0.12433854,20.3463,1
ZTF24abeywka,60640.3408449,2,19.6256,0.11962755,20.5017,1
ZTF24abeywka,60640.3408449,2,19.6256,0.119628,20.5017,1
ZTF24abeywka,60644.3384375,2,19.6822,0.15143,20.4752,1
ZTF24abeywka,60648.2403588,2,19.6564,0.11937541,20.5876,1
ZTF24abeywka,60650.2580903,2,19.7537,0.143797,20.5678,1
ZTF24abeywka,60652.1753704,2,19.8361,0.21264,20.2098,1
ZTF24abeywka,60660.3177083,2,19.8682,0.351357,19.4686,1
ZTF24abeywka,60663.3153935,2,19.8454,0.18698874,20.1588,1
ZTF24abeywka,60665.3412616,2,19.9448,0.1998715,20.3695,1
ZTF24abeywka,60673.3042824,2,20.0312,0.18930471,20.4292,1
ZTF24abeywka,60675.2664815,2,19.8259,0.1469326,20.6027,1
ZTF24abeywka,60677.2369213,2,19.8652,0.14723864,20.4741,1
ZTF24abeywka,60679.1947569,2,19.9208,0.17402142,20.5122,1
ZTF24abeywka,60695.2374421,2,19.9462,0.16753046,20.3648,1
ZTF24abeywka,60727.1942824,2,20.2074,0.20804451,20.2739,1
ZTF24abeywka,60908.432419,2,20.4361,0.21127889,20.3346,1
ZTF24abeywka,60912.4522917,2,20.3249,0.24325,20.2928,1
ZTF24abeywka,60920.4495486,2,20.1118,0.21166813,20.2289,1
ZTF24abeywka,60925.4452315,2,20.0482,0.237795,19.7722,1
ZTF24abeywka,60927.4357407,2,19.8955,0.236063,19.8617,1
ZTF24abeywka,60929.4012616,2,19.7706,0.246583,19.4354,1
ZTF24abeywka,60933.4125463,2,19.6191,0.13787943,20.3184,1
ZTF24abeywka,60935.4319444,2,19.4408,0.24903,19.2953,1
ZTF24abeywka,60939.3998843,2,19.4541,0.13025661,20.364,1
ZTF24abeywka,60939.4349306,1,20.9093,0.246352,20.6768,1
ZTF24abeywka,60943.4607292,1,20.8941,0.236855,20.7274,1
ZTF24abeywka,60943.4950463,2,19.3445,0.11772054,20.602,1
ZTF24abeywka,60949.4034491,1,20.8458,0.274467,20.6081,1
ZTF24abeywka,60949.4467361,2,19.3307,0.1131586,20.5653,1
ZTF24abeywka,60951.4618634,2,19.4284,0.12325338,20.5065,1
ZTF24abeywka,60951.4862963,1,20.6189,0.20732167,20.6266,1
ZTF24abeywka,60954.4413542,2,19.443,0.13633387,19.9557,1
ZTF24abeywka,60956.3174537,2,19.2408,0.1477528,19.3971,1
ZTF24abeywka,60960.4597569,2,19.0787,0.12417142,20.1132,1
ZTF24abeywka,60960.5027894,1,20.2365,0.271594,20.0685,1
ZTF24abeywka,60964.4206019,1,20.2941,0.258097,20.2795,1
ZTF24abeywka,60964.4820833,2,19.1723,0.10628485,20.311,1
ZTF24abeywka,60966.4122685,2,19.1915,0.10446068,20.3813,1
ZTF24abeywka,60968.3516088,2,19.348,0.12039533,20.3959,1
ZTF24abeywka,60968.3973032,1,20.4226,0.20818368,20.4996,1
ZTF24abeywka,60970.4185995,2,19.5539,0.10752109,20.577,1
ZTF24abeywka,60973.3945139,1,20.966,0.29398,20.7641,1
ZTF24abeywka,60973.4185648,2,19.4541,0.10805783,20.5247,1
ZTF24abeywka,60975.3995833,2,19.511,0.15596718,20.2851,1
ZTF24abeywka,60977.3825116,1,20.7345,0.260502,20.412,1
ZTF24abeywka,60977.4403241,2,19.6267,0.13842808,20.4315,1
ZTF24abeywka,60980.4023611,2,19.7638,0.16213115,20.3695,1
ZTF24abpxbbk,60614.5364815,2,17.9319,0.05924094,19.2442,1
ZTF24abpxbbk,60614.5384722,2,17.9577,0.06701837,19.2194,1
ZTF24abpxbbk,60614.5424653,2,17.8425,0.07640267,18.8685,1
ZTF24abpxbbk,60655.5221296,2,17.3881,0.09672671,18.277,1
ZTF24abpxbbk,60698.4794676,2,17.7656,0.05658244,19.6728,1
ZTF24abpxbbk,60710.4368519,2,17.6945,0.11972059,18.6566,1
ZTF24abpxbbk,60723.3419907,2,17.7777,0.20614687,17.3663,1
ZTF24abpxbbk,60755.2963079,2,18.265,0.10236569,19.5486,1
ZTF24abpxbbk,60799.1709838,2,18.3775,0.11472693,19.3386,1
ZTF24abpxbbk,60981.5532407,2,18.4227,0.2000007,18.0726,1
ZTF24abpxbbk,60992.5567477,2,18.9367,0.146922,19.0354,1
ZTF24abpxbbk,60992.5606366,2,19.0882,0.242904,18.6618,1
ZTF24abpxbbk,61004.5045486,2,19.0629,0.10982246,20.0239,1
ZTF24abpxbbk,61005.5490394,2,19.2007,0.15781674,19.7897,1
ZTF24abpxbbk,61007.4845833,2,19.1351,0.12227577,19.8253,1
ZTF24abpxbbk,61007.5490162,2,19.1202,0.10710623,20.1416,1
ZTF24abpxbbk,61010.5291204,2,19.1415,0.11420261,19.9625,1
ZTF24abpxbbk,61015.5274537,2,19.1087,0.15409824,19.7422,1
ZTF24abpxbbk,61017.5769444,2,18.9267,0.274078,18.6446,1
ZTF24abpxbbk,61031.5437269,2,19.1119,0.16610703,19.4539,1
ZTF24abpxbbk,61038.4821412,2,19.3029,0.12492079,19.8273,1
ZTF24abpxbbk,61065.3574769,2,19.4306,0.13092114,19.9594,1
ZTF24abpxbbk,61068.3564236,2,19.4654,0.161234,19.7804,1
ZTF24abpxbbk,61069.4439815,2,19.3902,0.164438,19.6971,1
ZTF24abpxbbk,61079.4366551,2,19.8028,0.18331829,19.7416,1
ZTF24abpxbbk,61080.36875,2,19.7332,0.19610605,20.0127,1
ZTF24abpxbbk,61095.4188889,2,19.8431,0.17626263,19.8329,1
ZTF24abpxbbk,61096.2681366,2,19.7372,0.19746397,19.8323,1
ZTF24abpxbbk,61112.314537,2,19.9153,0.221034,20.1827,1
ZTF24abpxbbk,61116.3535417,2,19.5108,0.16858378,19.4835,1
ZTF24abzxalv,60673.5725116,2,15.6271,0.02617583,19.0513,1
ZTF24abzxalv,60673.5729745,2,15.6399,0.02395627,19.0774,1
ZTF24abzxalv,60673.5734491,2,15.6519,0.02412726,18.9898,1
ZTF24abzxalv,60674.5710995,2,15.5915,0.024117602,18.9686,1
ZTF24abzxalv,60674.5715625,2,15.5817,0.024849681,18.931,1
ZTF24abzxalv,60675.578044,2,15.5073,0.036576692,17.8956,1
ZTF24abzxalv,60676.5764005,2,15.4948,0.0232647,18.9698,1
ZTF24abzxalv,60676.5764005,2,15.4948,0.023265,18.9698,1
ZTF24abzxalv,60676.576875,2,15.4832,0.025017418,18.9261,1
ZTF24abzxalv,60676.576875,2,15.4832,0.025017,18.9261,1
ZTF24abzxalv,60676.5773495,2,15.4662,0.034648,18.9035,1
ZTF24abzxalv,60676.5773495,2,15.4662,0.034648456,18.9035,1
ZTF24abzxalv,60677.5745602,2,15.445,0.036673,19.1634,1
ZTF24abzxalv,60677.5745602,2,15.445,0.036672633,19.1634,1
ZTF24abzxalv,60677.5750347,2,15.4254,0.026017,19.1968,1
ZTF24abzxalv,60677.5754977,2,15.4171,0.031595,19.1367,1
ZTF24abzxalv,60677.5754977,2,15.4171,0.031594582,19.1367,1
ZTF24abzxalv,60679.5628125,2,15.3455,0.022938842,19.0806,1
ZTF24abzxalv,60679.565706,2,15.3176,0.024839496,19.1689,1
ZTF24abzxalv,60679.5686111,2,15.3284,0.021797,19.1542,1
ZTF24abzxalv,60679.5686111,2,15.3284,0.021797,19.1542,1
ZTF24abzxalv,60679.5686111,2,15.3284,0.02179743,19.1542,1
ZTF24abzxalv,60684.5653356,2,15.1131,0.021267146,19.3186,1
ZTF24abzxalv,60684.5743866,2,15.1179,0.02119865,18.9766,1
ZTF24abzxalv,60689.560081,2,15.0019,0.023761055,18.3652,1
ZTF24abzxalv,60689.5630093,2,14.9838,0.024071919,18.4119,1
ZTF24abzxalv,60689.5659491,2,14.9869,0.025018824,18.365,1
ZTF24abzxalv,60690.5623495,2,15.0152,0.028368436,18.7131,1
ZTF24abzxalv,60690.5656597,2,14.9598,0.029831335,18.7232,1
ZTF24abzxalv,60690.5689815,2,14.9265,0.026374144,18.8298,1
ZTF24abzxalv,60706.5044213,2,14.6538,0.035759974,19.8265,1
ZTF24abzxalv,60714.5043634,1,15.0785,0.035550173,18.2019,1
ZTF24abzxalv,60714.53875,2,14.5181,0.01665671,19.3429,1
ZTF24abzxalv,60721.5047685,2,14.4804,0.02338199,18.8262,1
ZTF24abzxalv,60723.5115509,1,14.9119,0.042932138,17.3177,1
ZTF24abzxalv,60725.5029745,2,14.436,0.032052,19.9601,1
ZTF24abzxalv,60725.5261227,1,14.9562,0.024680082,19.1048,1
ZTF24abzxalv,60727.528125,1,14.9658,0.027393397,19.9346,1
ZTF24abzxalv,60729.4964583,2,14.4472,0.030578094,20.1083,1
ZTF24abzxalv,60731.4865278,1,14.993,0.029125024,20.2142,1
ZTF24abzxalv,60733.5027894,1,15.0436,0.029666,19.6096,1
ZTF24abzxalv,60739.5229514,1,15.1308,0.02304952,20.1675,1
ZTF24abzxalv,60744.4570718,2,14.5571,0.031934395,19.6769,1
ZTF24abzxalv,60754.4997569,2,14.6339,0.030065034,19.8159,1
ZTF24abzxalv,60757.4282639,1,15.2544,0.026504345,20.432,1
ZTF24abzxalv,60757.4914699,2,14.6535,0.034412175,20.3031,1
ZTF24abzxalv,60759.4610532,2,14.6679,0.02818526,20.3536,1
ZTF24abzxalv,60759.494375,1,15.2479,0.029869823,20.4999,1
ZTF24abzxalv,60762.4404167,2,14.6951,0.017338233,18.9765,1
ZTF24abzxalv,60771.423287,2,14.7863,0.028414,20.1119,1
ZTF24abzxalv,60773.3535532,1,15.3415,0.029658828,19.1768,1
ZTF24abzxalv,60773.3910301,2,14.7847,0.044205263,19.5879,1
ZTF24abzxalv,60775.434294,2,14.7971,0.042027745,19.7375,1
ZTF24abzxalv,60780.378669,2,14.9545,0.031605467,19.4909,1
ZTF24abzxalv,60785.4171181,2,15.3094,0.044511,20.0688,1
ZTF24abzxalv,60785.4171181,2,15.3094,0.04451109,20.0688,1
ZTF24abzxalv,60787.3991088,1,16.0832,0.036553245,20.7097,1
ZTF24abzxalv,60787.4628588,2,15.4828,0.032842554,20.3766,1
ZTF24abzxalv,60789.4020255,2,15.593,0.031727713,20.4329,1
ZTF24abzxalv,60795.3151852,1,16.4973,0.037854098,20.3362,1
ZTF24abzxalv,60795.3804745,2,15.8013,0.038500823,20.3416,1
ZTF24abzxalv,60797.4007523,2,15.8461,0.04621993,20.4649,1
ZTF24abzxalv,60803.4213657,1,16.6814,0.04506885,20.0793,1
ZTF24abzxalv,60805.3427431,1,16.729,0.044941902,19.6462,1
ZTF24abzxalv,60805.3687153,2,15.993,0.033045154,19.7755,1
ZTF24abzxalv,60807.3792361,2,16.0394,0.030400222,19.254,1
ZTF24abzxalv,60807.4306829,1,16.7411,0.047870774,18.6529,1
ZTF24abzxalv,60811.3563194,2,16.0843,0.043701615,19.7981,1
ZTF24abzxalv,60811.4278704,1,16.7742,0.042218216,19.8336,1
ZTF24abzxalv,60816.3380093,1,16.7881,0.04107952,20.497,1
ZTF24abzxalv,60816.3811806,2,16.1183,0.038825605,20.4912,1
ZTF24abzxalv,60818.3522454,1,16.8106,0.04129357,20.827,1
ZTF24abzxalv,60818.3837037,2,16.1294,0.04063037,20.6912,1
ZTF24abzxalv,60820.3379051,1,16.8273,0.043924,20.5229,1
ZTF24abzxalv,60820.3379051,1,16.8273,0.043923963,20.5229,1
ZTF24abzxalv,60820.4204977,2,16.1629,0.030388653,20.4576,1
ZTF24abzxalv,60822.3639236,2,16.1617,0.045353655,20.6001,1
ZTF24abzxalv,60822.4346759,1,16.8203,0.046151068,20.7465,1
ZTF24abzxalv,60824.3176157,2,16.1869,0.046239972,20.5674,1
ZTF24abzxalv,60824.406794,1,16.8243,0.041233324,20.7751,1
ZTF24abzxalv,60829.3303472,2,16.2534,0.041292008,20.4377,1
ZTF24abzxalv,60829.3396412,1,16.8961,0.03854152,20.7185,1
ZTF24abzxalv,60832.4359838,2,16.3026,0.041088443,20.4198,1
ZTF24abzxalv,60834.3515972,2,16.3059,0.036356714,19.8459,1
ZTF24abzxalv,60834.4163889,1,16.917,0.04962323,19.92,1
ZTF24abzxalv,60836.2741319,1,16.9187,0.043866787,18.954,1
ZTF24abzxalv,60836.3405903,2,16.3196,0.03583934,19.2482,1
ZTF24abzxalv,60838.2887269,1,16.9861,0.04117974,19.2861,1
ZTF24abzxalv,60838.3358102,2,16.364,0.03266592,19.5781,1
ZTF24abzxalv,60840.2333681,1,16.9842,0.04721495,20.3652,1
ZTF24abzxalv,60840.2969792,2,16.3654,0.040902324,20.0016,1
ZTF24abzxalv,60842.2707407,1,16.997,0.04622148,20.6558,1
ZTF24abzxalv,60842.2954977,2,16.3822,0.040917557,20.2445,1
ZTF24abzxalv,60846.2956019,1,17.0006,0.039512943,20.6004,1
ZTF24abzxalv,60846.3564236,2,16.4443,0.036096152,20.452,1
ZTF24abzxalv,60848.2941782,2,16.4554,0.0379757,20.314,1
ZTF24abzxalv,60848.3572917,1,16.9904,0.03893645,20.3983,1
ZTF24abzxalv,60850.334456,2,16.4541,0.048632402,20.4988,1
ZTF24abzxalv,60850.3882407,2,16.4592,0.048005227,20.4458,1
ZTF24abzxalv,60856.3188657,1,17.066,0.046017095,20.4636,1
ZTF24abzxalv,60856.3509259,2,16.5246,0.037485003,20.3431,1
ZTF24abzxalv,60858.2995602,2,16.5355,0.046989683,20.5822,1
ZTF24abzxalv,60858.3402315,1,17.0747,0.043305546,20.7185,1
ZTF24abzxalv,60860.2531481,1,17.1108,0.040239144,20.2843,1
ZTF24abzxalv,60860.3185417,2,16.5518,0.043405723,20.3079,1
ZTF24abzxalv,60862.3148727,2,16.5728,0.046922766,20.1694,1
ZTF24abzxalv,60862.4022454,1,17.1263,0.04311,20.0427,1
ZTF24abzxalv,60862.4022454,1,17.1263,0.04311007,20.0427,1
ZTF24abzxalv,60864.27375,2,16.592,0.05033154,19.753,1
ZTF24abzxalv,60864.4103588,1,17.1314,0.051660247,19.4144,1
ZTF24abzxalv,60866.2163079,1,17.1252,0.055020012,19.5017,1
ZTF24abzxalv,60866.255544,2,16.6278,0.06161025,19.5956,1
ZTF24abzxalv,60868.2154167,1,17.1815,0.05845938,19.8074,1
ZTF24abzxalv,60868.2898727,2,16.6509,0.04759388,19.8091,1
ZTF24abzxalv,60870.2130671,1,17.1755,0.04767867,20.5234,1
ZTF24abzxalv,60870.2558449,2,16.6534,0.05035855,19.8983,1
ZTF24abzxalv,60872.2515394,1,17.2152,0.0477772,20.4928,1
ZTF24abzxalv,60872.2890046,2,16.6888,0.049394414,20.0759,1
ZTF24abzxalv,60875.2683333,2,16.6881,0.045155913,20.5981,1
ZTF24abzxalv,60875.2839468,1,17.2574,0.048682604,20.6011,1
ZTF24abzxalv,60887.1946528,1,17.2316,0.04872535,20.5898,1
ZTF24abzxalv,60887.2490856,2,16.7523,0.046384543,20.5814,1
ZTF24abzxalv,60900.2079051,1,17.3632,0.049435075,20.4131,1
ZTF24abzxalv,60900.277338,2,16.9283,0.04856895,19.9319,1
ZTF24abzxalv,60902.1906713,2,16.9597,0.05080395,20.6054,1
ZTF24abzxalv,60902.2282986,1,17.4048,0.05093062,20.7389,1
ZTF24abzxalv,60904.1696991,1,17.4073,0.04476338,20.5578,1
ZTF24abzxalv,60904.2706829,2,16.9695,0.041914,20.2529,1
ZTF24abzxalv,60904.2706829,2,16.9695,0.04191382,20.2529,1
ZTF24abzxalv,60908.1712153,1,17.462,0.048395753,20.4988,1
ZTF24abzxalv,60908.2604051,2,16.9916,0.05344904,20.1022,1
ZTF24abzxalv,60910.1735532,2,16.9971,0.06618529,20.3406,1
ZTF24abzxalv,60910.2079977,1,17.3518,0.0875032,18.7043,1
ZTF24abzxalv,60914.1589352,1,17.4993,0.06262545,20.3576,1
ZTF24abzxalv,60914.1924074,2,17.0111,0.05202707,20.4283,1
ZTF24abzxalv,60916.1748264,1,17.5021,0.061633095,20.3596,1
ZTF24abzxalv,60916.2135301,2,17.0133,0.06160012,20.229,1
ZTF24abzxalv,60918.1679282,1,17.4541,0.051146522,20.0808,1
ZTF24abzxalv,60918.1915625,2,16.9987,0.06321272,20.2205,1
ZTF24abzxalv,60920.2251852,2,17.0034,0.04111001,19.435,1
ZTF24abzxalv,60920.2485995,1,17.4159,0.057247907,19.188,1
ZTF24abzxalv,60922.1695486,1,17.4692,0.06848643,19.5984,1
ZTF24abzxalv,60922.1912153,2,17.0166,0.050036572,19.6694,1
ZTF24abzxalv,60924.2015046,2,16.9916,0.057249676,19.5589,1
ZTF24abzxalv,60924.2124306,1,17.4647,0.06404107,19.2571,1
ZTF24abzxalv,60926.1658333,1,17.4372,0.06468157,19.4379,1
ZTF24abzxalv,60926.1741319,2,17.0376,0.04346734,19.6557,1
ZTF24abzxalv,60928.1437616,1,17.4356,0.049419522,19.9341,1
ZTF24abzxalv,60928.1912037,2,17.0427,0.04743746,19.7251,1
ZTF24abzxalv,60932.151875,1,17.4834,0.053113386,20.4703,1
ZTF24abzxalv,60934.1696875,2,17.0449,0.07157033,20.2668,1
ZTF24abzxalv,60939.1348264,1,17.4591,0.06100141,20.4232,1
ZTF24abzxalv,60939.2222338,2,17.0458,0.051721863,19.7417,1
ZTF24abzxalv,60942.1318056,1,17.5072,0.0540924,20.1482,1
ZTF24abzxalv,60942.1727199,2,17.1398,0.04836888,19.7044,1
ZTF24abzxalv,60944.1449653,2,17.1369,0.054514572,20.063,1
ZTF24abzxalv,60944.1618056,1,17.5214,0.056807302,19.963,1
ZTF24abzxalv,60949.1233796,1,17.6279,0.05944005,19.9081,1
ZTF24abzxalv,60949.1498958,2,17.2025,0.04987964,19.7872,1
ZTF24abzxalv,60951.1301157,1,17.672,0.06659427,19.7461,1
ZTF24abzxalv,60951.1696528,2,17.233,0.04230032,19.5926,1
ZTF24abzxalv,60953.1313426,1,17.6639,0.06612404,19.4523,1
ZTF24abzxalv,60955.1161806,2,17.1934,0.053726595,19.2271,1
ZTF24abzxalv,60955.1521181,1,17.7836,0.095442355,18.5807,1
ZTF24abzxalv,60957.1700347,2,17.2773,0.06938772,19.0355,1
ZTF24abzxalv,60960.1314815,2,17.2248,0.05587589,20.015,1
ZTF24abzxalv,60965.1540278,1,17.7292,0.08526242,19.2494,1
ZTF24abzxalv,60972.1045023,1,17.9819,0.07294483,19.7884,1
ZTF24abzxalv,61038.5720255,2,17.8541,0.139979,18.5697,1
ZTF24abzxalv,61038.5770602,2,17.5743,0.156574,18.3026,1
ZTF24abzxalv,61038.5825116,2,17.704,0.209567,17.7789,1
ZTF24abzxalv,61055.5692361,2,18.183,0.12748517,19.0785,1
ZTF24abzxalv,61055.5726389,2,18.0585,0.113895796,18.8042,1
ZTF24abzxalv,61055.5791435,2,18.1565,0.217609,18.157,1
ZTF24abzxalv,61070.5333565,1,18.7232,0.12995373,19.4399,1
ZTF24abzxalv,61071.5632755,2,18.2273,0.106932886,19.4014,1
ZTF24abzxalv,61072.5555556,2,18.2593,0.08196737,19.2795,1
ZTF24abzxalv,61072.5623958,2,18.2389,0.11323843,19.3299,1
ZTF24abzxalv,61073.562963,2,18.2524,0.0963081,19.3805,1
ZTF24abzxalv,61074.5210532,1,18.6611,0.17671406,18.7217,1
ZTF24abzxalv,61074.5559606,2,18.2485,0.09556056,19.3321,1
ZTF24abzxalv,61076.5543056,1,18.8162,0.16010772,19.1671,1
ZTF24abzxalv,61078.4828472,1,18.7586,0.15124522,19.3405,1
ZTF24abzxalv,61078.558206,2,18.295,0.095742986,19.8019,1
ZTF24abzxalv,61078.5770023,2,18.1401,0.11994927,18.943,1
ZTF24abzxalv,61083.5550463,2,18.1896,0.07552834,19.8974,1
ZTF24abzxalv,61093.5495949,1,18.8857,0.10416267,20.2139,1
ZTF24abzxalv,61094.5455324,2,18.3103,0.0885938,20.1199,1
ZTF24abzxalv,61095.5441435,2,18.2387,0.19801494,18.6325,1
ZTF24abzxalv,61096.5108218,2,18.308,0.081357,20.0327,1
ZTF24abzxalv,61096.5331481,1,18.9846,0.12483392,19.9531,1
ZTF24abzxalv,61097.5388194,2,18.2928,0.095815,20.1954,1
ZTF24abzxalv,61099.4761574,2,18.3087,0.077857666,19.5554,1
ZTF24abzxalv,61099.5054514,1,18.9016,0.12561136,19.8891,1
ZTF24abzxalv,61101.4991088,2,18.3558,0.15046005,18.7661,1
ZTF24abzxalv,61105.4468403,2,18.6357,0.124552555,19.4692,1
ZTF24abzxalv,61105.5285764,1,19.2494,0.19094916,19.7489,1
ZTF24abzxalv,61106.5003704,2,18.7071,0.12734577,19.3429,1
ZTF24abzxalv,61110.4645949,1,19.2269,0.13401555,19.8608,1
ZTF24abzxalv,61110.5058912,2,18.9302,0.10987167,19.8666,1
ZTF24abzxalv,61111.4862731,2,19.0974,0.13874012,20.2708,1
ZTF24abzxalv,61111.5071296,1,19.4663,0.124258175,20.185,1
ZTF24abzxalv,61113.5042361,2,19.2172,0.242933,19.0149,1
ZTF24abzxalv,61114.4500347,1,19.7686,0.319258,19.6435,1
ZTF24abzxalv,61114.4500347,1,19.7686,0.319258,19.6435,1
ZTF24abzxalv,61114.5152315,2,19.1699,0.15243067,20.0761,1
ZTF24abzxalv,61115.4654282,2,19.3767,0.17079356,20.0353,1
ZTF24abzxalv,61115.5090278,1,19.6713,0.17801107,20.232,1
ZTF24abzxalv,61116.4836458,1,19.7723,0.283952,19.6694,1
ZTF24abzxalv,61117.4285764,2,19.3148,0.12555315,20.2308,1
ZTF24abzxalv,61117.5075926,1,20.0046,0.1843667,20.6262,1
ZTF24abzxalv,61118.4991551,2,19.4182,0.15591216,20.2992,1
ZTF24abzxalv,61118.5068519,1,19.7844,0.15021709,20.392,1
ZTF24abzxalv,61119.4524537,1,19.9014,0.16472904,20.4545,1
ZTF24abzxalv,61119.4940856,2,19.41,0.120145865,20.3136,1
ZTF24abzxalv,61120.4841435,2,19.4562,0.12093208,20.3849,1
ZTF24abzxalv,61120.5085185,1,20.0143,0.18411042,20.6606,1
ZTF24abzxalv,61121.4782639,2,19.4794,0.14664662,19.9533,1
ZTF24abzxalv,61121.5059722,1,20.1056,0.16478862,20.6687,1
ZTF24abzxalv,61122.4540046,2,19.4866,0.15406565,20.4269,1
ZTF24abzxalv,61122.5025,1,20.041,0.17785583,20.6244,1
ZTF24abzxalv,61123.4463889,2,19.6131,0.11401405,20.6111,1
ZTF24abzxalv,61123.5070718,1,20.2559,0.239384,20.1722,1
ZTF24abzxalv,61124.445544,2,19.6077,0.13714665,20.647,1
ZTF24abzxalv,61124.4991898,1,20.0753,0.20123906,20.7351,1
ZTF24abzxalv,61126.4583333,2,19.6386,0.11690358,20.5889,1
ZTF24abzxalv,61126.4968287,1,20.2218,0.208234,20.692,1
ZTF24abzxalv,61127.4786574,1,20.2848,0.21713322,20.4641,1
ZTF24abzxalv,61127.503044,2,19.6914,0.15374939,20.3805,1
ZTF24abzxalv,61135.4199884,2,19.8835,0.246497,19.6818,1
ZTF24abzxalv,61137.3888773,3,19.4664,0.281095,19.2781,-1
ZTF24abzxalv,61137.4430208,1,20.2655,0.295572,19.9564,1
ZTF24abzxalv,61137.4643981,2,19.6266,0.217644,19.8993,1
ZTF24abzxalv,61138.4074653,1,20.3458,0.258271,20.0052,1
ZTF24abzxalv,61138.4717014,2,19.7629,0.19191818,20.0561,1
ZTF24abzxalv,61139.4364468,1,20.4271,0.368796,20.0725,1
ZTF24abzxalv,61140.4354745,1,20.644,0.341203,20.2671,1
ZTF24abzxalv,61140.4818171,2,19.7081,0.14782313,20.1442,1
ZTF24abzxalv,61145.4214236,2,19.7782,0.20637263,20.3236,1
ZTF24abzxalv,61145.4638194,1,20.6415,0.29595,20.3994,1
ZTF24abzxalv,61145.4864236,3,19.4099,0.17266802,19.7039,-1
ZTF24abzxalv,61147.4197106,1,20.3703,0.270583,20.1896,1
ZTF24abzxalv,61147.4622222,2,19.6463,0.13705513,20.3082,1
ZTF24abzxalv,61147.484919,3,19.3945,0.1770475,19.5917,-1
ZTF24abzxalv,61148.3847917,3,19.1317,0.15221687,19.6805,-1
ZTF24abzxalv,61148.4090856,2,19.822,0.21153313,20.2555,1
ZTF24abzxalv,61148.4641435,1,20.5406,0.37966,20.2316,1
ZTF24abzxalv,61150.3658102,3,19.2813,0.20094126,19.5875,-1
ZTF24abzxalv,61150.4001389,2,19.7365,0.15625381,20.4098,1
ZTF24abzxalv,61150.4554282,1,20.8403,0.28061,20.7136,1
ZTF24abzxalv,61151.4012153,2,19.8256,0.17063202,20.1442,1
ZTF24abzxalv,61151.4456944,3,19.2599,0.17210011,19.7663,-1
ZTF24abzxalv,61151.4657639,1,20.6619,0.313275,20.7416,1
ZTF24abzxalv,61153.4133333,2,20.0374,0.223845,20.1464,1
ZTF24abzxalv,61154.4074653,3,19.1669,0.19571804,19.5153,-1
ZTF24abzxalv,61154.4405671,1,20.7977,0.31114,20.6047,1
ZTF24abzxalv,61154.51375,2,19.5631,0.347872,19.1166,1
ZTF24abzxalv,61155.4069792,3,19.2263,0.260042,19.1972,-1
ZTF24abzxalv,61158.3997454,2,20.1875,0.309082,19.8129,1
ZTF24abzxalv,61159.3912731,2,19.933,0.288409,19.6558,1
ZTF24abzxalv,61162.4579051,2,19.7563,0.34864,19.3756,1
ZTF24abzxalv,61163.4778819,3,19.1437,0.239188,18.9376,-1
ZTF24abzxalv,61167.3979398,3,19.1584,0.18576966,19.1568,-1
ZTF24abzxalv,61167.4568866,2,19.7345,0.254631,19.5237,1
ZTF24abzxalv,61168.3913426,2,19.7537,0.19102429,20.0142,1
ZTF24abzxalv,61168.4368634,1,20.433,0.298573,20.0299,1
ZTF24abzxalv,61169.3465278,3,19.2943,0.20112611,19.4831,-1
ZTF24abzxalv,61169.3812963,1,20.4618,0.273293,20.4438,1
ZTF24abzxalv,61169.4376736,2,19.8744,0.16447765,20.391,1
ZTF24abzxalv,61170.3530093,1,20.6684,0.23619,20.6278,1
ZTF24abzxalv,61170.3668171,3,19.031,0.17655344,19.6905,-1
ZTF24abzxalv,61170.4194213,2,20.0105,0.17752016,20.4241,1
ZTF24abzxalv,61171.3745949,1,20.4103,0.218211,20.5895,1
ZTF24abzxalv,61171.3841782,3,19.2745,0.236816,19.5699,-1
ZTF24abzxalv,61171.4221759,2,19.8118,0.15361466,20.558,1
ZTF24abzxalv,61172.3728819,1,20.73,0.303035,20.6421,1
ZTF24abzxalv,61172.4126389,3,19.0365,0.15609767,19.7398,-1
ZTF24abzxalv,61172.4415046,2,19.8524,0.15184663,20.5766,1
ZTF24abzxalv,61173.3620949,1,20.8578,0.272111,20.5512,1
ZTF24abzxalv,61173.4615278,2,19.9475,0.182792,20.3816,1
ZTF24abzxalv,61174.3498611,2,19.9886,0.1919397,20.3769,1
ZTF24abzxalv,61175.352037,2,19.9586,0.20525552,20.4769,1
ZTF24abzxalv,61175.3657986,3,18.9707,0.14485954,19.8322,-1
ZTF24abzxalv,61175.4132292,1,20.5116,0.21076848,20.8774,1
ZTF24abzxalv,61176.3457986,3,18.9898,0.1609062,19.6509,-1
ZTF24abzxalv,61176.3916435,2,19.9347,0.14562146,20.7179,1
ZTF24abzxalv,61176.4440046,1,20.6582,0.241788,20.704,1
ZTF24abzxalv,61179.3012153,3,18.9047,0.1522074,19.4207,-1
ZTF24abzxalv,61179.4377315,2,20.032,0.308382,19.8184,1
ZTF24abzxalv,61180.2826852,3,19.1382,0.21032426,19.4923,-1
ZTF24abzxalv,61180.3643287,1,20.9385,0.359714,20.5654,1
ZTF24abzxalv,61180.4247801,2,20.1088,0.20785117,20.3852,1
ZTF24abzxalv,61181.3222222,3,18.9674,0.1370372,19.6229,-1
ZTF24abzxalv,61181.3602083,1,20.6103,0.304559,20.5389,1
ZTF24abzxalv,61181.4153472,2,19.9354,0.16965485,20.3524,1
ZTF24abzxalv,61182.3478125,3,19.1727,0.16742831,19.6711,-1
ZTF24abzxalv,61182.3749653,1,20.4181,0.221648,20.8195,1
ZTF24abzxalv,61182.4008449,2,19.8357,0.17473508,20.7086,1
ZTF24abzxalv,61183.3814815,3,18.981,0.14203428,19.931,-1
ZTF24abzxalv,61183.411713,2,19.9362,0.15434718,20.6409,1
ZTF24abzxalv,61184.3872917,3,18.9401,0.1224974,19.7442,-1
ZTF24abzxalv,61184.4072685,1,20.6075,0.242004,20.7683,1
ZTF24abzxalv,61185.3243981,1,20.423,0.287911,20.1471,1
ZTF24abzxalv,61185.3753125,2,20.0227,0.18053514,20.5376,1
ZTF24abzxalv,61185.3830093,3,18.9099,0.12126413,19.7432,-1
ZTF24abzxalv,61186.3849653,2,19.9735,0.233339,20.4363,1
ZTF24abzxalv,61186.4480671,3,18.9143,0.13935794,19.5212,-1
ZTF24abzxalv,61192.4464931,3,18.9291,0.20189413,18.8404,-1
ZTF24abzxalv,61193.3233449,2,20.1185,0.399788,19.6805,1
ZTF24abzxalv,61194.3585532,2,20.1183,0.30424,19.8143,1
ZTF24abzxalv,61195.3713542,2,20.3521,0.353348,19.8147,1
ZTF24abzxalv,61195.4431829,3,18.695,0.10855423,19.4319,-1
ZTF24abzxalv,61196.3312731,2,20.0312,0.19845612,20.1104,1
ZTF24abzxalv,61196.3643519,3,18.7477,0.09902309,19.5531,-1
ZTF24abzxalv,61197.2911574,3,18.8891,0.122593,19.4497,-1
ZTF24abzxalv,61198.3313542,1,20.8254,0.296821,20.7075,1
ZTF24abzxalv,61198.3542593,2,20.1809,0.231044,20.4521,1
ZTF24abzxalv,61198.4015278,3,18.7633,0.14376388,19.3986,-1
ZTF24abzxalv,61199.2863889,3,18.7694,0.11467802,19.6109,-1
ZTF24abzxalv,61199.3164699,1,20.7292,0.264662,20.6874,1
ZTF24abzxalv,61199.382338,2,20.2514,0.276479,20.3716,1
ZTF24abzxalv,61200.288669,1,20.6606,0.314706,20.4859,1
ZTF24abzxalv,61200.338125,3,18.6931,0.13534015,19.7527,-1
ZTF24abzxalv,61200.3827778,2,20.271,0.299418,20.3119,1
ZTF24abzxalv,61201.2837384,3,18.6984,0.120220765,19.6968,-1
ZTF24abzxalv,61201.3786806,2,20.4809,0.283333,20.2685,1
ZTF24abzxalv,61202.3028009,3,18.6302,0.09939754,19.6732,-1
ZTF24abzxalv,61202.3663426,2,20.199,0.24104,20.416,1
ZTF24abzxalv,61203.2971991,3,18.6545,0.119332,19.5617,-1
ZTF24abzxalv,61204.305544,3,18.6261,0.10354579,19.6894,-1
ZTF24abzxalv,61204.3945602,2,20.5232,0.268722,20.5011,1
ZTF24abzxalv,61205.3076273,3,18.6498,0.09293253,19.6639,-1
ZTF24abzxalv,61206.3014583,3,18.7906,0.14480199,19.6676,-1
ZTF24abzxalv,61206.3591435,2,20.4176,0.261201,20.318,1
ZTF24abzxalv,61207.2859144,3,18.6166,0.10805839,19.7747,-1
ZTF24abzxalv,61207.4057755,2,20.2327,0.280208,20.1755,1
ZTF24abzxalv,61208.3012616,3,18.5975,0.1107442,19.7132,-1
ZTF24abzxalv,61208.3578935,2,20.2553,0.17976362,20.5096,1
ZTF24abzxalv,61209.2844444,3,18.6654,0.097156666,19.719,-1
ZTF24abzxalv,61209.3661574,2,20.3157,0.254853,20.3534,1
ZTF24abzxalv,61209.4079977,1,20.6757,0.340817,20.4216,1
ZTF24abzxalv,61210.291088,1,20.7864,0.323638,20.6406,1
ZTF24abzxalv,61210.3109722,3,18.5743,0.09571956,19.8412,-1
ZTF24abzxalv,61210.3872801,2,20.354,0.194541,20.5591,1
ZTF24abzxalv,61211.3058912,3,18.5707,0.09963374,19.6877,-1
ZTF24abzxalv,61212.2901273,1,20.5823,0.336655,20.4074,1
ZTF24abzxalv,61212.3048264,3,18.6212,0.11352991,19.6591,-1
ZTF24abzxalv,61213.2912384,2,20.3566,0.228755,20.4851,1
ZTF24abzxalv,61213.366794,3,18.5096,0.09683469,19.6484,-1
ZTF24abzxalv,61214.2138426,3,18.5666,0.118282355,19.6162,-1
ZTF24abzxalv,61214.3073495,2,20.2749,0.249562,20.2329,1
ZTF24abzxalv,61216.2627315,2,20.4615,0.301459,20.1056,1
ZTF24abzxalv,61216.301713,3,18.4982,0.09246462,19.5956,-1
ZTF24abzxalv,61218.2912037,3,18.4605,0.1153935,19.2762,-1
ZTF24abzxalv,61219.2063657,3,18.5921,0.14338332,19.0851,-1
ZTF24abzxalv,61221.3642824,3,18.5001,0.16577551,19.0197,-1
ZTF24abzxalv,61223.2454861,3,18.426,0.0997006,19.4795,-1
ZTF24abzxalv,61224.2946644,2,20.5152,0.29061,20.1091,1
ZTF24abzxalv,61224.3614583,3,18.3945,0.09799826,19.4874,-1
ZTF24abzxalv,61225.3271412,3,18.4855,0.11409006,19.5034,-1
ZTF24abzxalv,61226.206794,3,18.4698,0.10723646,19.6592,-1
ZTF24abzxalv,61227.1995255,3,18.4531,0.099979304,19.6121,-1
ZTF24abzxalv,61228.2504051,1,20.9979,0.289212,20.6828,1
ZTF24abzxalv,61228.2833565,3,18.3912,0.1108261,20.0084,-1
ZTF24abzxalv,61229.1971875,3,18.3766,0.118512295,19.5769,-1
ZTF24abzxalv,61230.3169676,3,18.4223,0.081384934,19.8022,-1
ZTF24abzxalv,61231.2321644,2,20.4291,0.243158,20.5597,1
ZTF24abzxalv,61231.2840972,3,18.371,0.089334145,19.8587,-1
ZTF24abzxalv,61232.2615741,3,18.3528,0.08650346,19.9962,-1
ZTF24abzxalv,61233.3011458,3,18.3641,0.103196114,19.4507,-1
ZTF24abzxalv,61235.2568981,3,18.3529,0.09662245,19.8538,-1
ZTF24abzxalv,61236.1851736,3,18.3957,0.106057964,19.6714,-1
ZTF24abzxalv,61237.255787,3,18.3593,0.097707026,19.6779,-1
ZTF24abzxalv,61238.3406134,3,18.3639,0.073975176,19.617,-1
ZTF24abzxalv,61240.1979977,3,18.2697,0.10703408,19.5815,-1
ZTF24abzxalv,61243.2786227,3,18.2607,0.12845969,19.6692,-1
ZTF24abzxalv,61244.1921181,3,18.2583,0.09632582,19.6,-1
ZTF24abzxalv,61245.1874884,3,18.4074,0.10243955,19.411,-1
ZTF24abzxalv,61246.1902894,3,18.4099,0.11054185,19.0996,-1
ZTF24abzxalv,61247.1959954,3,18.3545,0.1360633,19.2735,-1
ZTF24abzxalv,61248.1843171,3,18.2854,0.10087231,19.3312,-1
ZTF24abzxalv,61249.1948148,3,18.3594,0.09466499,19.3774,-1
ZTF24abzxalv,61254.3020139,3,18.2847,0.09710754,19.4862,-1
ZTF24abzxalv,61256.2171528,3,18.2848,0.08890046,19.8707,-1
ZTF24abzxalv,61257.2437847,3,18.2108,0.07640067,19.8889,-1
ZTF24abzxalv,61258.1830324,3,18.2386,0.068496525,19.8715,-1
ZTF24abzxalv,61261.1781481,3,18.3412,0.10208967,19.5192,-1
ZTF24abzxalv,61262.2817014,3,18.2543,0.112881,19.4174,-1
ZTF24abzxalv,61268.1951389,3,18.2054,0.089112,19.7455,-1
ZTF24abzxalv,61269.2612731,3,18.1589,0.099167,19.5258,-1
ZTF24abzxalv,61276.2416898,3,18.1628,0.09899095,19.24,-1
ZTF24abzxalv,61277.2174653,3,18.1686,0.1197691,19.252,-1
ZTF24abzxalv,61278.1975231,3,18.1702,0.0905915,19.1462,-1
ZTF24abzxalv,61281.2584606,3,18.0992,0.11284005,19.0487,-1
ZTF24abzxalv,61282.1696759,3,18.1889,0.093367934,19.531,-1
ZTF24abzxalv,61285.2080903,3,18.183,0.09586075,19.5122,-1
ZTF24abzxalv,61287.1457407,3,18.1456,0.107596435,19.7977,-1
ZTF24abzxalv,61288.1362384,3,18.1185,0.06813668,19.6682,-1
ZTF24abzxalv,61293.196794,3,18.1071,0.08336425,19.4868,-1
ZTF24abzxalv,61298.1576273,3,18.1725,0.09623472,19.6366,-1
ZTF24abzxalv,61299.1765856,3,18.088,0.09438987,19.6332,-1
ZTF24abzxalv,61303.135625,3,18.0471,0.07998891,19.4469,-1
ZTF24abzxalv,61306.1379167,3,18.1103,0.0823528,19.4465,-1
ZTF24abzxalv,61307.1458681,3,18.1308,0.08609193,19.2867,-1
ZTF24abzxalv,61308.1233796,3,18.1391,0.09922797,19.3055,-1
ZTF24abzxalv,61317.1221296,3,18.1532,0.07943783,19.4042,-1
ZTF25aaabnwi,60677.2271644,1,19.1906,0.09146162,20.4847,1
ZTF25aaabnwi,60679.1869329,2,18.6423,0.08064838,20.5588,1
ZTF25aaabnwi,60681.1229861,2,18.2612,0.0708943,20.2392,1
ZTF25aaabnwi,60683.2269792,2,17.8815,0.124885365,18.8246,1
ZTF25aaabnwi,60687.2195139,1,17.2789,0.061046816,18.8124,1
ZTF25aaabnwi,60689.1424306,2,17.1601,0.046713904,19.4002,1
ZTF25aaabnwi,60691.1794907,1,17.0354,0.04259594,19.8309,1
ZTF25aaabnwi,60691.2017361,2,17.0485,0.040732615,19.7848,1
ZTF25aaabnwi,60694.1766898,1,16.8584,0.04029374,20.4367,1
ZTF25aaabnwi,60694.2003935,2,16.8965,0.03866492,20.4719,1
ZTF25aaabnwi,60697.2032292,1,16.7527,0.09496035,17.754,1
ZTF25aaabnwi,60699.2212269,2,16.7696,0.042719733,19.5461,1
ZTF25aaabnwi,60706.1545255,2,16.5021,0.05127391,20.2343,1
ZTF25aaabnwi,60722.1579861,1,16.4522,0.046527866,19.913,1
ZTF25aaabnwi,60727.1249306,1,16.4093,0.040992193,20.1408,1
ZTF25aaabnwi,60727.1808565,2,16.3623,0.034192942,20.104,1
ZTF25aaabnwi,60729.1354745,1,16.4271,0.041838,20.2653,1
ZTF25aaabnwi,60729.1734606,2,16.3542,0.03378334,20.0462,1
ZTF25aaabnwi,60731.1837384,2,16.3438,0.038671333,20.0908,1
ZTF25aaabnwi,60731.2258218,1,16.469,0.027829949,19.957,1
ZTF25aaabnwi,60733.1403356,1,16.4702,0.026437292,20.042,1
ZTF25aaabnwi,60733.1615394,2,16.326,0.032536946,19.7942,1
ZTF25aaabnwi,60735.1415625,1,16.4295,0.043416064,20.2179,1
ZTF25aaabnwi,60743.1734606,1,16.4517,0.038511433,19.3145,1
ZTF25aaabnwi,60745.1450231,2,16.276,0.03594671,18.3836,1
ZTF25aaabnwi,60753.1549653,2,16.2529,0.027499946,19.3552,1
ZTF25aaabnwi,60753.1846296,1,16.4739,0.032430544,19.2271,1
ZTF25aaabnwi,60757.1554167,2,16.3146,0.037237924,19.9116,1
ZTF25aaabnwi,60757.1829745,1,16.543,0.035480935,19.5981,1
ZTF25aaabnwi,60825.4895718,2,16.7328,0.05613552,17.8135,1
ZTF25aaabnwi,60831.4827083,2,16.8109,0.032225393,18.8427,1
ZTF25aaabnwi,60831.4871296,2,16.8318,0.047657546,18.3187,1
ZTF25aaabnwi,60832.4805324,2,16.8334,0.038476836,19.0533,1
ZTF25aaabnwi,60832.4843634,2,16.8179,0.040925454,18.7221,1
ZTF25aaabnwi,60832.4882639,2,16.8685,0.047971983,18.2555,1
ZTF25aaabnwi,60833.4817824,2,16.8227,0.033535,18.9224,1
ZTF25aaabnwi,60833.4856366,2,16.864,0.03311,18.6061,1
ZTF25aaabnwi,60833.4899884,2,16.857,0.049374,17.8981,1
ZTF25aaabnwi,60834.4794792,2,16.8521,0.03117857,19.2062,1
ZTF25aaabnwi,60834.4828241,2,16.8549,0.03651747,18.8739,1
ZTF25aaabnwi,60835.4811343,2,16.8195,0.029009374,18.9965,1
ZTF25aaabnwi,60835.485625,2,16.8619,0.040573817,18.4445,1
ZTF25aaabnwi,60836.4814468,2,16.862,0.047001492,18.7182,1
ZTF25aaabnwi,60836.486412,2,16.8542,0.049876947,18.2263,1
ZTF25aaabnwi,60838.4815046,2,16.9468,0.04148894,18.8212,1
ZTF25aaabnwi,60838.4864468,2,16.7888,0.096931465,17.4069,1
ZTF25aaabnwi,60839.4803356,2,16.9954,0.04675849,18.4972,1
ZTF25aaabnwi,60839.4851968,2,16.9726,0.06228723,18.1041,1
ZTF25aaabnwi,60840.4803819,2,16.9289,0.043336328,19.1937,1
ZTF25aaabnwi,60840.4843634,2,16.9651,0.041860458,18.9605,1
ZTF25aaabnwi,60840.4883449,2,16.9591,0.055863127,18.3856,1
ZTF25aaabnwi,60841.481169,2,16.9395,0.043459203,19.2828,1
ZTF25aaabnwi,60841.4851273,2,16.9906,0.05023372,18.9256,1
ZTF25aaabnwi,60841.4896412,2,16.9255,0.05144497,18.3843,1
ZTF25aaabnwi,60842.4790278,2,16.9326,0.04048272,19.2065,1
ZTF25aaabnwi,60842.4829514,2,16.9331,0.04992987,18.9134,1
ZTF25aaabnwi,60843.479213,2,16.9449,0.037938025,19.5363,1
ZTF25aaabnwi,60843.4831597,2,16.9892,0.035889808,19.2287,1
ZTF25aaabnwi,60843.4876389,2,16.9531,0.034154627,18.8805,1
ZTF25aaabnwi,60845.4810532,2,16.9776,0.047228914,19.2549,1
ZTF25aaabnwi,60845.4854051,2,17.0138,0.04407501,18.7623,1
ZTF25aaabnwi,60846.4802083,2,17.0333,0.04781751,19.049,1
ZTF25aaabnwi,60846.4845602,2,16.973,0.049006697,18.5756,1
ZTF25aaabnwi,60846.4894097,2,17.0195,0.06319822,18.0107,1
ZTF25aaabnwi,60848.4789699,2,17.1297,0.07530972,18.7534,1
ZTF25aaabnwi,60848.483287,2,17.0403,0.06414434,18.3538,1
ZTF25aaabnwi,60848.4876042,2,17.0274,0.08003322,17.9912,1
ZTF25aaabnwi,60849.4804051,2,17.0521,0.043672107,19.3586,1
ZTF25aaabnwi,60849.4848495,2,17.0215,0.04710097,18.8776,1
ZTF25aaabnwi,60849.4893634,2,16.9661,0.055421576,18.2878,1
ZTF25aaabnwi,60909.3840394,2,17.6102,0.051867563,20.5879,1
ZTF25aaabnwi,60909.4304398,1,18.0932,0.06517171,20.5497,1
ZTF25aaabnwi,60911.349537,2,17.6508,0.050575234,20.3615,1
ZTF25aaabnwi,60911.4016898,1,18.1537,0.060462374,20.621,1
ZTF25aaabnwi,60914.4321412,2,17.6962,0.043610062,20.5449,1
ZTF25aaabnwi,60914.4883912,1,18.164,0.06343104,20.708,1
ZTF25aaabnwi,60917.3283102,1,18.1727,0.04762343,20.46,1
ZTF25aaabnwi,60917.3897222,2,17.7033,0.04539835,20.5791,1
ZTF25aaabnwi,60919.3822106,2,17.7059,0.052066494,20.6733,1
ZTF25aaabnwi,60919.4238426,1,18.2203,0.057684,20.6854,1
ZTF25aaabnwi,60923.4029745,1,18.3062,0.061261524,19.8371,1
ZTF25aaabnwi,60923.5195023,2,17.7463,0.053094376,20.3733,1
ZTF25aaabnwi,60925.4476852,2,17.8216,0.06667221,19.8542,1
ZTF25aaabnwi,60925.499456,1,18.3256,0.08466258,19.569,1
ZTF25aaabnwi,60928.3806944,1,18.2177,0.06878493,19.3099,1
ZTF25aaabnwi,60928.4948264,2,17.8222,0.054824017,19.8126,1
ZTF25aaabnwi,60930.4189815,2,17.8423,0.07476312,19.9895,1
ZTF25aaabnwi,60930.4914931,1,18.2637,0.060831092,19.8213,1
ZTF25aaabnwi,60933.3041435,1,18.2984,0.046375383,20.6103,1
ZTF25aaabnwi,60933.3871296,2,17.857,0.06758614,20.3846,1
ZTF25aaabnwi,60935.3799884,1,18.3604,0.06146495,20.6564,1
ZTF25aaabnwi,60935.4090741,2,17.8659,0.050350882,20.6495,1
ZTF25aaabnwi,60944.3116088,2,17.963,0.06306569,20.1992,1
ZTF25aaabnwi,60949.328912,2,18.0216,0.0479546,20.3954,1
ZTF25aaabnwi,60949.4094444,1,18.476,0.06004484,20.7861,1
ZTF25aaabnwi,60951.4281829,1,18.4977,0.058037315,20.7575,1
ZTF25aaabnwi,60951.4783449,2,18.0327,0.07211275,20.3825,1
ZTF25aaabnwi,61015.2030556,1,19.0444,0.11661996,19.523,1
ZTF25aaabnwi,61015.3175,2,18.5287,0.08794593,19.836,1
ZTF25aaabnwi,61017.2350694,2,18.5093,0.07000029,20.1303,1
ZTF25aaabnwi,61017.2784144,1,19.1081,0.10943263,19.92,1
ZTF25aaabnwi,61021.1560648,1,19.049,0.08433697,20.5041,1
ZTF25aaabnwi,61021.1965278,2,18.6292,0.06793155,20.5797,1
ZTF25aaabnwi,61027.1622454,2,18.6079,0.08422908,20.329,1
ZTF25aaabnwi,61027.2237731,1,19.2242,0.093940824,20.4064,1
ZTF25aaabnwi,61029.1497569,2,18.6432,0.07211054,20.4311,1
ZTF25aaabnwi,61029.2203935,1,19.1414,0.06577044,20.5303,1
ZTF25aaabnwi,61031.1349769,2,18.6718,0.0648768,20.7094,1
ZTF25aaabnwi,61031.1985417,1,19.2235,0.105849855,20.5178,1
ZTF25aaabnwi,61037.3411574,1,19.3572,0.1353157,19.6779,1
ZTF25aaabnwi,61051.196875,1,19.4331,0.15044785,20.0344,1
ZTF25aaabnwi,61051.2622569,2,18.8595,0.15706246,19.723,1
ZTF25aaabnwi,61053.2783796,1,19.3179,0.14659709,19.8515,1
ZTF25aaabnwi,61053.3633912,2,18.5895,0.1332587,19.2394,1
ZTF25aaabnwi,61055.1910532,1,19.4589,0.10636114,20.2552,1
ZTF25aaabnwi,61055.2753704,2,18.8526,0.088310026,19.8323,1
ZTF25aaabnwi,61057.139537,2,18.8223,0.149718,19.0271,1
ZTF25aaabnwi,61057.2051389,1,19.4491,0.1314165,20.0295,1
ZTF25aaabnwi,61059.1604051,2,18.8396,0.08392546,20.5746,1
ZTF25aaabnwi,61059.1999074,1,19.5053,0.092884816,20.4991,1
ZTF25aaabnwi,61061.1540741,2,18.8389,0.181992,18.9579,1
ZTF25aaabnwi,61061.2231019,1,19.4915,0.1511404,20.3981,1
ZTF25aaabnwi,61066.1373148,1,19.2955,0.1738109,19.2563,1
ZTF25aaabnwi,61070.1573495,2,18.9661,0.15682654,19.1613,1
ZTF25aaabnwi,61070.1573495,2,18.9661,0.156827,19.1613,1
ZTF25aaabnwi,61072.1392014,1,19.3662,0.18488106,19.3343,1
ZTF25aaabnwi,61072.1619792,2,18.9034,0.13845655,19.374,1
ZTF25aaabnwi,61074.1916782,2,19.0577,0.15043528,19.7158,1
ZTF25aaabnwi,61074.2354398,1,19.5918,0.229584,19.2284,1
ZTF25aaabnwi,61076.1223843,2,18.9305,0.08775757,20.1462,1
ZTF25aabaanf,60676.5617593,2,19.0542,0.125887,19.6367,1
ZTF25aabaanf,60676.5646296,2,19.0932,0.137144,19.5799,1
ZTF25aabaanf,60676.5675,2,19.04,0.111646,19.5911,1
ZTF25aabaanf,60677.5602662,2,18.9748,0.122767,19.7458,1
ZTF25aabaanf,60677.5626389,2,18.9539,0.103521,19.8441,1
ZTF25aabaanf,60706.5034838,2,18.9056,0.09604584,19.9384,1
ZTF25aabaanf,60714.5435995,2,19.0218,0.17462045,19.3739,1
ZTF25aabaanf,60721.5038194,2,18.8663,0.21090417,18.9426,1
ZTF25aabaanf,60725.5025,2,18.8929,0.09283165,20.0518,1
ZTF25aabaanf,60725.5256481,1,19.6164,0.261083,19.5493,1
ZTF25aabaanf,60727.4876042,2,18.8246,0.118509725,19.6474,1
ZTF25aabaanf,60727.5276505,1,19.8043,0.19405141,19.8752,1
ZTF25aabaanf,60729.5264931,1,20.0334,0.19255708,20.2846,1
ZTF25aabaanf,60731.4668171,1,19.7697,0.15763009,20.2591,1
ZTF25aabaanf,60744.4575463,2,18.7742,0.10009859,19.7279,1
ZTF25aabaanf,60754.5002315,2,18.7468,0.08329024,20.0477,1
ZTF25aabaanf,60754.5047222,1,20.049,0.278988,19.7639,1
ZTF25aabaanf,60757.4071644,1,19.7297,0.15416935,20.2835,1
ZTF25aabaanf,60757.5019907,2,18.7938,0.063986175,20.6324,1
ZTF25aabaanf,60759.4519792,2,18.7457,0.08009364,20.514,1
ZTF25aabaanf,60759.4934028,1,19.9328,0.188856,20.4109,1
ZTF25aabaanf,60771.3617014,1,19.7146,0.247825,19.728,1
ZTF25aabaanf,60771.4212847,2,18.5882,0.061183,20.2959,1
ZTF25aabaanf,60773.3915046,2,18.5394,0.07939892,19.9377,1
ZTF25aabaanf,60775.4347569,2,18.5636,0.09709738,19.9748,1
ZTF25aabaanf,60786.3594329,1,19.356,0.1209952,20.4613,1
ZTF25aabaanf,60786.4316088,2,18.3999,0.06823516,20.0394,1
ZTF25aabaanf,60788.4001736,2,18.4686,0.051689923,20.6346,1
ZTF25aabaanf,60796.4145486,2,18.4459,0.05372522,20.837,1
ZTF25aabaanf,60798.4190046,2,18.4381,0.053547382,20.7859,1
ZTF25aabaanf,60804.41625,2,18.321,0.06626973,19.8936,1
ZTF25aabaanf,60804.4638426,1,19.2929,0.13974503,20.0299,1
ZTF25aabaanf,60816.3360995,1,19.2511,0.102995425,20.6057,1
ZTF25aabaanf,60816.3802431,2,18.2421,0.05552362,20.654,1
ZTF25aabaanf,60818.3531829,1,19.3343,0.10352561,20.7946,1
ZTF25aabaanf,60818.4084491,2,18.2545,0.04680529,20.7152,1
ZTF25aabaanf,60820.3374421,1,19.2739,0.090162136,20.4789,1
ZTF25aabaanf,60820.4286111,2,18.1961,0.057998072,20.5966,1
ZTF25aabaanf,60824.3365741,2,18.1812,0.046022847,20.8102,1
ZTF25aabaanf,60829.3317593,2,18.1914,0.04232636,20.5024,1
ZTF25aabaanf,60829.3382176,1,19.201,0.10015506,20.4558,1
ZTF25aabaanf,60832.3192477,2,18.0968,0.07059275,19.617,1
ZTF25aabaanf,60832.359294,1,19.1098,0.12221838,19.775,1
ZTF25aabaanf,60834.3506597,2,18.2163,0.07483657,19.8285,1
ZTF25aabaanf,60834.4159144,1,19.1505,0.13345881,19.8686,1
ZTF25aabaanf,60836.2838079,1,19.1313,0.17720842,18.9835,1
ZTF25aabaanf,60836.3396528,2,18.1723,0.0916641,19.2667,1
ZTF25aabaanf,60838.291088,1,18.9172,0.15450193,19.2486,1
ZTF25aabaanf,60840.2328935,1,19.2055,0.101506606,20.2583,1
ZTF25aabaanf,60840.2960301,2,18.1122,0.06290835,20.0721,1
ZTF25aabaanf,60842.2945486,2,18.2297,0.060965266,20.3544,1
ZTF25aabaanf,60842.3491898,1,19.0996,0.11003264,19.9581,1
ZTF25aabaanf,60844.3122106,1,19.2748,0.09840526,20.409,1
ZTF25aabaanf,60844.3526505,2,18.1965,0.056400668,20.2598,1
ZTF25aabaanf,60846.2965509,1,19.2645,0.10435696,20.5883,1
ZTF25aabaanf,60846.3525231,2,18.1915,0.050546795,20.4417,1
ZTF25aabaanf,60848.3374537,1,19.2086,0.11902616,20.2952,1
ZTF25aabaanf,60848.3798032,2,18.2431,0.064054646,19.9993,1
ZTF25aabaanf,60850.3354051,2,18.2201,0.06411447,20.5841,1
ZTF25aabaanf,60850.3891782,2,18.1856,0.046449184,20.4665,1
ZTF25aabaanf,60852.3296065,2,18.2369,0.0577,20.4051,1
ZTF25aabaanf,60852.3296065,2,18.2369,0.057699807,20.4051,1
ZTF25aabaanf,60854.2981829,1,19.3104,0.13080955,20.5957,1
ZTF25aabaanf,60856.2916782,2,18.3078,0.056721263,20.6503,1
ZTF25aabaanf,60858.3005093,2,18.2764,0.059409767,20.7062,1
ZTF25aabaanf,60858.333044,1,19.3286,0.08858572,20.6725,1
ZTF25aabaanf,60860.2559722,1,19.2268,0.10889255,20.1381,1
ZTF25aabaanf,60862.1871759,1,19.2548,0.17154762,19.8499,1
ZTF25aabaanf,60862.2942824,2,18.2809,0.06291059,20.1987,1
ZTF25aabaanf,60864.2712037,2,18.3297,0.07617192,19.8915,1
ZTF25aabaanf,60864.4098843,1,19.2525,0.220698,19.0995,1
ZTF25aabaanf,60868.2135069,1,19.516,0.16729587,19.7392,1
ZTF25aabaanf,60868.2889352,2,18.4419,0.0672385,19.8335,1
ZTF25aabaanf,60887.2486111,2,19.1004,0.09700946,20.6092,1
ZTF25aabaanf,60902.1714583,2,20.2536,0.16283378,20.6673,1
ZTF25aabaanf,60910.1745023,2,20.2403,0.185734,20.2806,1
ZTF25aabaanf,60917.1948958,2,20.2731,0.252924,20.184,1
ZTF25aabaanf,60919.191956,2,20.2741,0.285965,20.0561,1
ZTF25aabaanf,60921.1604167,2,20.0395,0.221767,19.934,1
ZTF25aabaanf,60925.2246528,2,19.9009,0.244429,19.3635,1
ZTF25aabaanf,60927.1950463,2,19.9697,0.268419,19.6378,1
ZTF25aabaanf,60934.170625,2,20.1093,0.17530204,20.3814,1
ZTF25aabaanf,60941.1909375,2,19.9102,0.21051314,19.6976,1
ZTF25aadhpuz,60706.129294,1,19.045,0.09697525,19.9944,1
ZTF25aadhpuz,60711.1450347,2,18.7815,0.12075919,19.4543,1
ZTF25aadhpuz,60723.1201273,1,18.6006,0.13371846,18.8745,1
ZTF25aadhpuz,60904.4223958,2,19.0972,0.09297949,20.4508,1
ZTF25aadhpuz,60909.4174884,1,19.6166,0.16040468,20.3171,1
ZTF25aadhpuz,60909.468206,2,19.0502,0.110252574,20.2884,1
ZTF25aadhpuz,60912.4608796,1,19.7551,0.151529,20.4486,1
ZTF25aadhpuz,60912.4608796,1,19.7551,0.15152927,20.4486,1
ZTF25aadhpuz,60916.4213773,2,19.0131,0.10236624,20.145,1
ZTF25aadhpuz,60916.4403935,1,19.7135,0.14489631,20.4285,1
ZTF25aadhpuz,60918.3590972,2,19.1911,0.13569085,20.0688,1
ZTF25aadhpuz,60918.4805208,1,19.6752,0.11715559,20.3935,1
ZTF25aadhpuz,60920.4419907,2,19.2443,0.09498598,20.1848,1
ZTF25aadhpuz,60922.4420139,1,19.6884,0.12440771,20.5419,1
ZTF25aadhpuz,60926.4610301,2,19.1747,0.13362457,19.4842,1
ZTF25aadhpuz,60928.4855208,2,19.1478,0.18440735,19.1705,1
ZTF25aadhpuz,60930.4007407,2,19.2082,0.11609897,19.9359,1
ZTF25aadhpuz,60930.4968287,1,19.5371,0.233212,19.6061,1
ZTF25aadhpuz,60933.3974421,2,19.2653,0.10739336,20.3111,1
ZTF25aadhpuz,60933.4197801,1,19.7512,0.1575081,20.3337,1
ZTF25aadhpuz,60949.3313773,2,19.3652,0.10630412,20.198,1
ZTF25aadhpuz,60949.3766319,1,19.7762,0.14365312,20.3801,1
ZTF25aadhpuz,60951.3302315,2,19.3803,0.11813095,19.9948,1
ZTF25aadhpuz,61015.1784722,2,19.7123,0.1686049,19.7595,1
ZTF25aadhpuz,61017.21,2,19.7131,0.15323803,20.1965,1
ZTF25aadhpuz,61021.1470023,1,20.1351,0.1900827,20.3447,1
ZTF25aadhpuz,61021.2009375,2,19.6026,0.123946756,20.2492,1
ZTF25aadhpuz,61027.1493519,2,19.7339,0.18415855,20.0052,1
ZTF25aadhpuz,61027.1704745,1,20.1701,0.260619,19.996,1
ZTF25aadhpuz,61029.1547569,1,20.4147,0.29513,20.2265,1
ZTF25aadhpuz,61029.1728472,2,19.765,0.18184423,20.1059,1
ZTF25aadhpuz,61031.1737616,2,19.6227,0.15403652,20.2848,1
ZTF25aadhpuz,61031.1893171,1,20.2873,0.364942,20.0491,1
ZTF25aadhpuz,61059.1468981,2,19.9598,0.17516088,20.2232,1
ZTF25aafuzcr,60724.3041319,2,19.7027,0.17657311,19.9059,1
ZTF25aafuzcr,60726.2866204,2,19.7336,0.15190412,20.4541,1
ZTF25aafuzcr,60726.4155671,1,19.813,0.241289,19.4827,1
ZTF25aafuzcr,60728.1940972,2,19.5732,0.16444,19.9866,1
ZTF25aafuzcr,60728.2557407,1,19.9451,0.157643,20.5447,1
ZTF25aafuzcr,60730.2159722,2,19.3744,0.123729,20.2611,1
ZTF25aafuzcr,60730.2380671,1,19.8762,0.18448333,20.4436,1
ZTF25aafuzcr,60732.1921644,1,19.6414,0.15822782,20.6666,1
ZTF25aafuzcr,60732.2331134,2,19.2641,0.10046334,20.4727,1
ZTF25aafuzcr,60734.2696759,2,19.1792,0.0960196,20.1024,1
ZTF25aafuzcr,60734.2755671,1,19.8355,0.18879929,20.1785,1
ZTF25aafuzcr,60739.1501042,1,19.6251,0.15297388,20.3479,1
ZTF25aafuzcr,60739.1920486,2,19.2896,0.220724,19.4072,1
ZTF25aafuzcr,60753.1500926,2,19.0649,0.08522613,20.3714,1
ZTF25aafuzcr,60753.2067477,1,19.5559,0.15993768,20.1582,1
ZTF25aafuzcr,60755.1426042,1,19.5463,0.19269994,20.0995,1
ZTF25aafuzcr,60755.2581713,2,19.0485,0.12624887,19.7479,1
ZTF25aafuzcr,60757.2064005,1,19.5876,0.1264257,20.6653,1
ZTF25aafuzcr,60757.2648843,2,19.1108,0.09576188,20.1611,1
ZTF25aafuzcr,60759.1641898,1,19.598,0.14088255,20.5167,1
ZTF25aafuzcr,60759.1874537,2,19.0623,0.08533787,20.433,1
ZTF25aafuzcr,60761.1658565,1,19.7993,0.190832,20.8528,1
ZTF25aafuzcr,60761.1658565,1,19.7993,0.19083191,20.8528,1
ZTF25aafuzcr,60761.213125,2,19.1098,0.0928897,20.5601,1
ZTF25aafuzcr,60774.2357755,1,19.5106,0.237461,19.3279,1
ZTF25aafuzcr,60774.2692708,2,19.1426,0.16002423,19.3603,1
ZTF25aafuzcr,60776.2352431,2,19.1111,0.145184,19.5905,1
ZTF25aafuzcr,60787.1804977,1,19.6393,0.17245533,19.9755,1
ZTF25aafuzcr,60795.2260648,2,19.1461,0.15616783,19.7178,1
ZTF25aafuzcr,60910.5125694,2,18.7768,0.234011,18.9476,1
ZTF25aafuzcr,60910.5176736,2,18.6961,0.256848,18.5329,1
ZTF25aafuzcr,60911.5134838,2,18.918,0.21304718,18.8591,1
ZTF25aafuzcr,60913.5126273,2,19.1826,0.234871,19.2241,1
ZTF25aafuzcr,60916.5036458,2,18.9022,0.14036149,19.7552,1
ZTF25aafuzcr,60916.5076042,2,18.9639,0.15755755,19.7904,1
ZTF25aafuzcr,60916.5115509,2,18.9691,0.18000437,19.6414,1
ZTF25aafuzcr,60917.5027778,2,18.9928,0.1649339,19.7834,1
ZTF25aafuzcr,60917.5066898,2,18.8579,0.11187937,19.8377,1
ZTF25aafuzcr,60917.5106134,2,18.9087,0.125897,19.6753,1
ZTF25aafuzcr,60918.5039236,2,19.0013,0.11950909,20.0107,1
ZTF25aafuzcr,60918.5078472,2,18.8906,0.13517462,19.8517,1
ZTF25aafuzcr,60918.5117824,2,18.9919,0.1333962,19.7035,1
ZTF25aafuzcr,60919.503831,2,19.0045,0.102978,20.0158,1
ZTF25aafuzcr,60919.5077662,2,19.0517,0.121952,19.9336,1
ZTF25aafuzcr,60919.5116898,2,19.0252,0.122099,19.8191,1
ZTF25aafuzcr,60922.5041898,2,18.8671,0.14631757,19.9826,1
ZTF25aafuzcr,60922.5081019,2,18.9785,0.12698278,19.908,1
ZTF25aafuzcr,60922.5120139,2,19.0943,0.1419314,19.8187,1
ZTF25aafuzcr,60942.5067245,2,19.2217,0.09220964,20.3962,1
ZTF25aafuzcr,60948.4581366,1,20.0556,0.186109,20.4631,1
ZTF25aafuzcr,60948.4995833,2,19.1317,0.12352469,20.3485,1
ZTF25aafuzcr,60950.4357176,2,19.2332,0.12032659,20.2964,1
ZTF25aafuzcr,60950.4905093,1,20.3234,0.243046,20.4407,1
ZTF25aafuzcr,60952.4353125,2,19.2433,0.11570809,19.7027,1
ZTF25aafuzcr,60952.4869907,1,20.2948,0.21224901,20.3929,1
ZTF25aafuzcr,60955.4697106,2,19.266,0.141068,19.7029,1
ZTF25aafuzcr,60955.5040856,1,19.8376,0.301752,19.5749,1
ZTF25aafuzcr,60957.5139005,2,19.3875,0.15846965,19.8791,1
ZTF25aafuzcr,60964.4918866,2,19.3453,0.12172697,20.274,1
ZTF25aafuzcr,60966.4444213,2,19.2901,0.12183512,20.3317,1
ZTF25aafuzcr,60968.4103819,1,20.3509,0.238563,20.3222,1
ZTF25aafuzcr,60970.4555671,2,19.4848,0.11635657,20.4667,1
ZTF25aafuzcr,60970.4858912,1,20.6101,0.267636,20.6086,1
ZTF25aafuzcr,60973.4868403,1,20.5514,0.266079,20.6623,1
ZTF25aafuzcr,60975.4843403,2,19.4997,0.13938126,20.5344,1
ZTF25aafuzcr,60977.4626736,2,19.4652,0.12303251,20.3592,1
ZTF25aafuzcr,60979.4482176,2,19.4784,0.1477226,20.5968,1
ZTF25aafuzcr,60979.4855671,1,20.5164,0.28372,20.7565,1
ZTF25aafuzcr,60981.3833912,2,19.432,0.15225442,20.1169,1
ZTF25aafuzcr,60987.3878704,2,19.4091,0.16283967,19.7667,1
ZTF25aafuzcr,60990.5084606,2,19.6763,0.243281,19.4216,1
ZTF25aafuzcr,60992.5048264,2,19.5615,0.12522584,20.3444,1
ZTF25aafuzcr,61004.3586574,2,19.6108,0.13382664,20.3336,1
ZTF25aafuzcr,61004.3913426,1,20.9504,0.38501,20.6431,1
ZTF25aafuzcr,61010.3837384,2,19.6869,0.258529,19.6413,1
ZTF25aafuzcr,61010.4419792,1,20.9908,0.382822,20.5707,1
ZTF25aafuzcr,61020.2627083,2,19.7461,0.1843612,20.2176,1
ZTF25aafuzcr,61022.3455903,2,19.6915,0.1576346,20.1588,1
ZTF25aafuzcr,61024.3984259,2,19.7361,0.13467014,20.5322,1
ZTF25aafuzcr,61026.3239931,2,19.7164,0.12703913,20.5026,1
ZTF25aafuzcr,61026.4233333,1,20.8404,0.332206,20.6544,1
ZTF25aafuzcr,61031.4165046,2,19.8394,0.16825676,20.5945,1
ZTF25aafuzcr,61038.316875,2,19.9233,0.19265524,19.9191,1
ZTF25aafuzcr,61054.3391319,2,19.8311,0.1655655,20.2598,1
ZTF25aafuzcr,61056.2326505,2,20.0813,0.21322797,20.4391,1
ZTF25aafuzcr,61058.2772801,2,20.1972,0.222091,20.2533,1
ZTF25aafuzcr,61060.2345949,2,20.2064,0.230807,20.4279,1
ZTF25aafuzcr,61065.3166667,2,20.1881,0.20189741,20.2101,1
ZTF25aafuzcr,61077.3199421,2,20.1903,0.18205453,20.2329,1
ZTF25aafuzcr,61079.1707523,2,20.3445,0.268674,20.414,1
ZTF25aafuzcr,61079.1779051,2,20.123,0.20015211,20.3508,1
ZTF25aagbrpb,60725.5048843,2,19.3162,0.112583786,20.3518,1
ZTF25aagbrpb,60727.4890162,2,19.2013,0.1059563,20.1876,1
ZTF25aagbrpb,60727.5304977,1,18.948,0.07504051,20.3066,1
ZTF25aagbrpb,60729.4325231,1,18.7312,0.083728,20.4099,1
ZTF25aagbrpb,60729.493588,2,18.9628,0.10300185,20.5949,1
ZTF25aagbrpb,60731.4836806,1,18.6284,0.08320293,20.5879,1
ZTF25aagbrpb,60731.5245023,2,18.8173,0.08808315,20.6966,1
ZTF25aagbrpb,60733.3804977,2,18.6788,0.10047866,19.8586,1
ZTF25aagbrpb,60733.4040162,1,18.5785,0.08346567,19.9394,1
ZTF25aagbrpb,60735.3931134,1,18.5057,0.07329341,20.3625,1
ZTF25aagbrpb,60743.4054514,2,18.4207,0.088203184,19.6989,1
ZTF25aagbrpb,60743.4501736,1,18.4214,0.074398905,19.8541,1
ZTF25aagbrpb,60750.3420139,1,18.3043,0.09064873,19.0506,1
ZTF25aagbrpb,60753.4418866,2,18.3421,0.074391,19.925,1
ZTF25aagbrpb,60753.4418866,2,18.3421,0.07439108,19.925,1
ZTF25aagbrpb,60753.4945139,1,18.4418,0.113956414,19.4301,1
ZTF25aagbrpb,60755.4228472,1,18.4542,0.08060349,19.9999,1
ZTF25aagbrpb,60755.495787,2,18.3545,0.086172916,20.2157,1
ZTF25aagbrpb,60758.4360764,1,18.4767,0.059225764,20.5732,1
ZTF25aagbrpb,60758.4976968,2,18.3774,0.07181339,20.3931,1
ZTF25aagbrpb,60762.4414005,2,18.4001,0.112906374,19.6727,1
ZTF25aagbrpb,60771.350787,1,18.5491,0.075074,20.0144,1
ZTF25aagbrpb,60771.4153125,2,18.3596,0.085905,20.3916,1
ZTF25aagbrpb,60773.3507292,1,18.5268,0.08347749,19.689,1
ZTF25aagbrpb,60773.3896065,2,18.3011,0.07666085,20.2005,1
ZTF25aagbrpb,60775.436169,2,18.2857,0.080667,20.0652,1
ZTF25aagbrpb,60775.436169,2,18.2857,0.080667466,20.0652,1
ZTF25aagbrpb,60775.4646181,1,18.6207,0.086702205,19.9268,1
ZTF25aagbrpb,60780.4045486,2,18.3687,0.08344455,19.7789,1
ZTF25aagbrpb,60785.3519097,1,18.6651,0.068791695,20.7379,1
ZTF25aagbrpb,60785.4155903,2,18.3305,0.07330104,20.5619,1
ZTF25aagbrpb,60787.370081,2,18.3709,0.0755758,20.7711,1
ZTF25aagbrpb,60787.3924769,1,18.7321,0.06086854,20.9403,1
ZTF25aagbrpb,60789.3635185,1,18.8042,0.09241719,20.939,1
ZTF25aagbrpb,60789.4068519,2,18.3652,0.073046535,20.6589,1
ZTF25aagbrpb,60795.3386574,1,18.8217,0.07985211,20.7698,1
ZTF25aagbrpb,60795.3790509,2,18.4462,0.08202611,20.7499,1
ZTF25aagbrpb,60797.3387269,1,18.838,0.07668662,20.8407,1
ZTF25aagbrpb,60797.3781944,2,18.4586,0.070615895,20.85,1
ZTF25aagbrpb,60803.42375,1,18.9698,0.07998794,19.9898,1
ZTF25aagbrpb,60805.3082639,1,19.0566,0.10939802,19.7144,1
ZTF25aagbrpb,60805.3563542,2,18.5852,0.068994,19.9859,1
ZTF25aagbrpb,60811.3573495,2,18.5311,0.08195493,20.2475,1
ZTF25aagbrpb,60816.3526273,1,19.121,0.09014642,20.7301,1
ZTF25aagbrpb,60818.3082407,2,18.5857,0.07878353,20.7549,1
ZTF25aagbrpb,60820.2975347,2,18.7771,0.104336,20.0364,1
ZTF25aagbrpb,60820.3611343,1,19.1431,0.087807715,20.7801,1
ZTF25aagbrpb,60822.3925579,2,18.6814,0.08412105,20.8099,1
ZTF25aagbrpb,60822.4218519,1,19.1763,0.09973049,20.853,1
ZTF25aagbrpb,60824.3219329,2,18.6962,0.07832964,20.8356,1
ZTF25aagbrpb,60824.3725347,1,19.1674,0.07078944,21.0023,1
ZTF25aagbrpb,60829.353206,1,19.2594,0.10221624,20.7244,1
ZTF25aagbrpb,60829.4034375,2,18.6995,0.09014056,20.5983,1
ZTF25aagbrpb,60832.2729514,2,18.6982,0.08604044,20.1278,1
ZTF25aagbrpb,60832.3640625,1,19.2482,0.14928779,19.8606,1
ZTF25aagbrpb,60834.271956,2,18.684,0.08658214,20.0319,1
ZTF25aagbrpb,60834.357419,1,19.3643,0.15143521,19.7353,1
ZTF25aagbrpb,60836.2700926,1,19.6249,0.278576,19.3426,1
ZTF25aagbrpb,60836.3111343,2,18.8198,0.12656242,19.6079,1
ZTF25aagbrpb,60838.3099653,2,18.7102,0.098832995,19.9453,1
ZTF25aagbrpb,60840.2054167,1,19.3598,0.088196054,20.6967,1
ZTF25aagbrpb,60840.2902315,2,18.732,0.0941568,20.2739,1
ZTF25aagbrpb,60842.2741551,1,19.3835,0.09588583,20.6756,1
ZTF25aagbrpb,60842.3020486,2,18.7577,0.09280755,20.3699,1
ZTF25aagbrpb,60846.2998611,1,19.3776,0.1007417,20.5569,1
ZTF25aagbrpb,60846.3161343,2,18.7844,0.08950199,20.7135,1
ZTF25aagbrpb,60848.308287,2,18.7974,0.07466301,20.6525,1
ZTF25aagbrpb,60848.3320718,1,19.4909,0.11972165,20.5598,1
ZTF25aagbrpb,60850.311713,2,18.8164,0.08230191,20.6705,1
ZTF25aagbrpb,60850.3721875,2,18.8508,0.11457802,20.6009,1
ZTF25aagbrpb,60854.3014815,1,19.6563,0.129983,20.4316,1
ZTF25aagbrpb,60854.3496759,2,18.9182,0.08958444,20.333,1
ZTF25aagbrpb,60856.2883796,2,18.8535,0.07354192,20.5408,1
ZTF25aagbrpb,60856.3087616,1,19.5276,0.110476,20.5772,1
ZTF25aagbrpb,60858.2760069,2,18.8832,0.09442067,20.5577,1
ZTF25aagbrpb,60858.3302083,1,19.5419,0.119425,20.6996,1
ZTF25aagbrpb,60860.2607176,1,19.5238,0.128491,20.0554,1
ZTF25aagbrpb,60860.3421759,2,18.8883,0.07496787,20.5883,1
ZTF25aagbrpb,60900.1818634,1,19.7955,0.15242249,20.6332,1
ZTF25aagbrpb,60904.1924653,1,19.8344,0.15275934,20.4366,1
ZTF25aagbrpb,60916.1837847,1,19.871,0.17199814,20.281,1
ZTF25aagbrpb,60916.2182523,2,19.1375,0.10791076,20.3158,1
ZTF25aagbrpb,60919.1591551,1,19.9125,0.18044074,20.132,1
ZTF25aagbrpb,60919.1952546,2,19.2495,0.13091092,20.1159,1
ZTF25aagbrpb,60923.16125,1,19.8329,0.2302,19.5299,1
ZTF25aagbrpb,60948.1249306,1,19.9952,0.225491,20.148,1
ZTF25aagbrpb,60950.1754977,2,19.1932,0.17624873,19.4941,1
ZTF25aagbrpb,61049.5273495,2,19.4809,0.19841304,19.5112,1
ZTF25aagbrpb,61052.5189005,2,19.4339,0.33042,19.5246,1
ZTF25aagbrpb,61054.5593519,2,19.6596,0.19010936,20.2164,1
ZTF25aagbrpb,61056.5194907,2,19.563,0.15215163,19.9597,1
ZTF25aagbrpb,61058.5404167,2,19.5635,0.15790339,20.3236,1
ZTF25aagbrpb,61058.558669,1,20.8924,0.296549,20.4193,1
ZTF25aagbrpb,61060.5191204,2,19.7018,0.17291519,20.4515,1
ZTF25aagtjfn,60728.2257407,2,20.3643,0.222517,20.3073,1
ZTF25aagtjfn,60729.2590394,2,19.7115,0.157789,20.5643,1
ZTF25aagtjfn,60729.284537,1,19.4087,0.124473,20.583,1
ZTF25aagtjfn,60730.2266088,2,19.1885,0.085365,20.4633,1
ZTF25aagtjfn,60730.3274653,1,19.0474,0.081492774,20.5169,1
ZTF25aagtjfn,60731.269456,1,18.8225,0.0766818,20.7146,1
ZTF25aagtjfn,60731.382419,2,18.8432,0.0847794,20.5446,1
ZTF25aagtjfn,60732.3504398,1,18.5609,0.07902768,20.6258,1
ZTF25aagtjfn,60733.2687731,2,18.5459,0.08893267,20.2919,1
ZTF25aagtjfn,60733.3146528,1,18.4285,0.07170853,20.3576,1
ZTF25aagtjfn,60734.3043171,1,18.3328,0.09144121,20.3286,1
ZTF25aagtjfn,60734.3216898,2,18.3763,0.06727761,19.9049,1
ZTF25aagtjfn,60735.347419,1,18.2089,0.072776295,20.3668,1
ZTF25aagtjfn,60736.3390509,1,18.1168,0.04125206,20.4787,1
ZTF25aagtjfn,60743.260081,1,17.789,0.054956254,19.8132,1
ZTF25aagtjfn,60750.2995718,1,17.7139,0.054484967,19.7947,1
ZTF25aagtjfn,60751.2548032,2,17.584,0.15461104,17.7264,1
ZTF25aagtjfn,60753.2270139,1,17.6781,0.0432805,20.5631,1
ZTF25aagtjfn,60753.3259028,2,17.5544,0.047408156,20.2469,1
ZTF25aagtjfn,60754.2889815,1,17.6969,0.038255658,20.5929,1
ZTF25aagtjfn,60754.3789583,2,17.5721,0.049603704,20.1202,1
ZTF25aagtjfn,60755.2712731,2,17.5408,0.051094387,20.0655,1
ZTF25aagtjfn,60756.2808912,1,17.7513,0.037506238,20.3652,1
ZTF25aagtjfn,60756.2960995,2,17.5559,0.042437226,20.4949,1
ZTF25aagtjfn,60757.2256829,1,17.7295,0.041854355,20.7074,1
ZTF25aagtjfn,60757.2409028,2,17.5353,0.06178044,20.5675,1
ZTF25aagtjfn,60758.2526273,1,17.7501,0.04380891,20.6195,1
ZTF25aagtjfn,60758.2764236,2,17.5274,0.047261484,20.432,1
ZTF25aagtjfn,60759.2233333,2,17.4907,0.040709194,20.4691,1
ZTF25aagtjfn,60759.2475694,1,17.738,0.051184576,20.641,1
ZTF25aagtjfn,60760.2503356,1,17.7704,0.051293943,20.8212,1
ZTF25aagtjfn,60760.2759144,2,17.5308,0.04648952,20.6501,1
ZTF25aagtjfn,60761.2551157,2,17.4801,0.056303132,20.6578,1
ZTF25aagtjfn,60761.2826505,1,17.7635,0.0478685,20.6964,1
ZTF25aagtjfn,60770.2674653,2,17.5149,0.049423944,19.7351,1
ZTF25aagtjfn,60770.2679398,2,17.5194,0.045881115,19.9681,1
ZTF25aagtjfn,60770.3318403,1,17.9773,0.09379,19.6352,1
ZTF25aagtjfn,60770.3678472,1,17.9432,0.071812,19.4235,1
ZTF25aagtjfn,60774.2576389,2,17.5586,0.038909033,19.3149,1
ZTF25aagtjfn,60774.3585648,1,17.9056,0.10164587,18.723,1
ZTF25aagtjfn,60775.1740509,2,17.5801,0.049707253,19.6033,1
ZTF25aagtjfn,60775.2385069,1,18.1173,0.07961627,19.4947,1
ZTF25aagtjfn,60776.2457176,2,17.5913,0.044170145,19.6234,1
ZTF25aagtjfn,60776.2558449,1,18.0864,0.083617866,19.2779,1
ZTF25aagtjfn,60780.2382986,1,18.159,0.07233235,19.7044,1
ZTF25aagtjfn,60780.289537,2,17.6036,0.04559828,19.6309,1
ZTF25aagtjfn,60781.2150231,1,18.207,0.06350516,20.7162,1
ZTF25aagtjfn,60781.239375,2,17.5902,0.038656212,20.2759,1
ZTF25aagtjfn,60785.2260532,2,17.6298,0.051080056,20.38,1
ZTF25aagtjfn,60786.1611806,1,18.2872,0.06912365,20.4821,1
ZTF25aagtjfn,60786.2549769,2,17.7168,0.04938187,20.3451,1
ZTF25aagtjfn,60787.2041319,1,18.3664,0.0966111,20.4994,1
ZTF25aagtjfn,60788.255625,1,18.2631,0.07549208,20.6638,1
ZTF25aagtjfn,60788.255625,1,18.2631,0.075492,20.6638,1
ZTF25aagtjfn,60788.3189352,2,17.6545,0.05227362,20.2374,1
ZTF25aagtjfn,60789.2622917,2,17.6743,0.052002873,20.4676,1
ZTF25aagtjfn,60790.2783565,1,18.2527,0.08756245,20.1719,1
ZTF25aagtjfn,60795.1794444,1,18.3422,0.06932529,20.5786,1
ZTF25aagtjfn,60795.2596528,2,17.697,0.053891566,20.352,1
ZTF25aagtjfn,60796.2652894,2,17.735,0.060825154,20.5519,1
ZTF25aagtjfn,60797.2757523,1,18.2459,0.077362776,19.8291,1
ZTF25aagtjfn,60798.2655787,2,17.6973,0.053007558,19.9403,1
ZTF25aagtjfn,60798.3327431,1,18.3395,0.11113188,19.5688,1
ZTF25aagtjfn,60803.1827431,1,18.3511,0.10180195,19.6505,1
ZTF25aagtjfn,60804.2049769,1,18.3499,0.09241153,19.7378,1
ZTF25aagtjfn,60804.2148958,2,17.73,0.05747315,19.8045,1
ZTF25aagtjfn,60805.2191898,1,18.2655,0.10230141,19.3732,1
ZTF25aagtjfn,60806.287037,2,17.7651,0.08380681,18.5599,1
ZTF25aagtjfn,60807.186331,1,18.2619,0.072698615,19.6566,1
ZTF25aagtjfn,60807.2646296,2,17.7002,0.053065002,19.4753,1
ZTF25aagtjfn,60810.2252431,1,18.2775,0.08207752,20.154,1
ZTF25aagtjfn,60810.3082407,2,17.7039,0.06444493,19.2431,1
ZTF25aagtjfn,60811.1763773,1,18.2921,0.051250026,20.4299,1
ZTF25aagtjfn,60811.265787,2,17.7666,0.0455441,19.7228,1
ZTF25aagtjfn,60816.227037,1,18.1871,0.06975798,20.1335,1
ZTF25aagtjfn,60816.2275116,1,18.1676,0.07419841,20.2101,1
ZTF25aagtjfn,60816.2377083,2,17.6862,0.04705103,20.0252,1
ZTF25aagtjfn,60818.2655324,2,17.6974,0.04962876,19.8866,1
ZTF25aagtjfn,60818.2659954,2,17.6877,0.052697916,19.846,1
ZTF25aagtjfn,60820.1835069,1,18.208,0.07715026,20.3142,1
ZTF25aagtjfn,60820.1839815,1,18.1465,0.061589602,20.1584,1
ZTF25aagtjfn,60820.2870949,2,17.6693,0.074301675,19.1781,1
ZTF25aagtjfn,60822.1861111,2,17.3448,0.13802467,17.7523,1
ZTF25aagtjfn,60822.2545718,1,18.1472,0.07599672,19.8641,1
ZTF25aagtjfn,60930.5248958,2,18.3257,0.20555054,18.0764,1
ZTF25aagtjfn,60931.525081,2,18.3177,0.1925774,18.3495,1
ZTF25aagtjfn,60932.524213,2,18.2412,0.11474108,18.5378,1
ZTF25aagtjfn,60933.5263079,2,18.3187,0.14209862,18.3236,1
ZTF25aagtjfn,60934.5249884,2,18.048,0.12017695,18.653,1
ZTF25aagtjfn,60938.5265394,2,18.447,0.12872528,18.7167,1
ZTF25aagtjfn,60941.5264005,2,18.371,0.102952555,19.2391,1
ZTF25aagtjfn,60941.5313773,2,18.5422,0.14725243,18.5802,1
ZTF25aagtjfn,60943.5163194,2,18.3457,0.08870271,19.6067,1
ZTF25aagtjfn,60943.5203472,2,18.3464,0.09302278,19.5853,1
ZTF25aagtjfn,60943.524375,2,18.3244,0.09021127,19.431,1
ZTF25aagtjfn,60943.5273958,2,18.3266,0.11884493,19.1785,1
ZTF25aagtjfn,60943.532338,2,18.2278,0.1305675,18.475,1
ZTF25aagtjfn,60948.5164468,2,18.3583,0.068729706,19.8812,1
ZTF25aagtjfn,60948.5203356,2,18.4112,0.08705372,19.7921,1
ZTF25aagtjfn,60948.5242245,2,18.365,0.07880847,19.7683,1
ZTF25aagtjfn,60949.5229051,2,18.404,0.07084858,19.7964,1
ZTF25aagtjfn,60949.5253704,2,18.4362,0.08170147,19.756,1
ZTF25aagtjfn,60949.5268866,2,18.4124,0.08057186,19.5768,1
ZTF25aagtjfn,60949.5293519,2,18.4482,0.087879494,19.4499,1
ZTF25aagtjfn,60949.5308796,2,18.3959,0.08996477,19.2867,1
ZTF25aagtjfn,60949.5333449,2,18.2834,0.099306814,18.9817,1
ZTF25aagtjfn,60950.5176736,2,18.3971,0.07212154,19.9206,1
ZTF25aagtjfn,60950.5201273,2,18.4065,0.08076181,20.1645,1
ZTF25aagtjfn,60950.5216435,2,18.3187,0.05632728,20.1647,1
ZTF25aagtjfn,60950.5241088,2,18.3559,0.067925125,20.1408,1
ZTF25aagtjfn,60950.5256366,2,18.4528,0.07189497,19.9758,1
ZTF25aagtjfn,60950.5280903,2,18.3908,0.0743327,19.8657,1
ZTF25aagtjfn,60951.5186111,2,18.3822,0.075173825,19.9747,1
ZTF25aagtjfn,60951.5225579,2,18.4508,0.075422585,19.9049,1
ZTF25aagtjfn,60951.5265278,2,18.4301,0.07556026,19.9092,1
ZTF25aagtjfn,60952.5189352,2,18.4729,0.06970775,19.8649,1
ZTF25aagtjfn,60952.5228819,2,18.3859,0.07020401,19.839,1
ZTF25aagtjfn,60952.5268403,2,18.3944,0.10134951,19.6863,1
ZTF25aagtjfn,60953.4691551,1,19.0259,0.286714,18.7984,1
ZTF25aagtjfn,60954.5212269,2,18.4259,0.1065078,19.7022,1
ZTF25aagtjfn,60954.5251736,2,18.4925,0.09590325,19.7631,1
ZTF25aagtjfn,60954.5291319,2,18.4144,0.06784082,19.6542,1
ZTF25aagtjfn,60955.4625347,2,18.6126,0.16397,18.7199,1
ZTF25aagtjfn,60955.5074421,1,18.9436,0.2454,18.9514,1
ZTF25aagtjfn,60956.5202894,2,18.4073,0.08947565,19.4149,1
ZTF25aagtjfn,60956.5241898,2,18.4966,0.099805,19.463,1
ZTF25aagtjfn,60956.5280903,2,18.3602,0.10047009,19.4807,1
ZTF25aagtjfn,60957.4695833,1,19.0443,0.285497,18.8468,1
ZTF25aagtjfn,60957.5133102,2,18.4323,0.09336058,19.5121,1
ZTF25aagtjfn,60961.4473611,2,18.4751,0.091829434,19.5512,1
ZTF25aagtjfn,60961.4774653,2,18.4809,0.09964101,20.0242,1
ZTF25aagtjfn,60961.4896991,1,18.9416,0.1369293,19.8815,1
ZTF25aagtjfn,60961.5104051,1,18.9782,0.11175238,19.877,1
ZTF25aagtjfn,60966.4720833,2,18.5166,0.07414187,19.9174,1
ZTF25aagtjfn,60966.4730208,2,18.5108,0.08435812,20.1145,1
ZTF25aagtjfn,60966.496331,1,18.9517,0.11181473,20.1916,1
ZTF25aagtjfn,60966.5078704,1,19.0537,0.17406128,20.1374,1
ZTF25aagtjfn,60968.4968866,2,18.5227,0.08909841,20.1426,1
ZTF25aagtjfn,60968.4973611,2,18.5872,0.07055597,20.0508,1
ZTF25aagtjfn,60968.5085069,1,19.0404,0.11296665,20.3051,1
ZTF25aagtjfn,60968.5180324,1,19.0254,0.09655426,20.4648,1
ZTF25aagtjfn,60970.4527199,2,18.5669,0.07347059,20.1302,1
ZTF25aagtjfn,60970.4642477,2,18.5644,0.07774922,20.1886,1
ZTF25aagtjfn,60970.5083565,1,19.0513,0.104291566,20.4542,1
ZTF25aagtjfn,60970.5255903,1,19.0419,0.09778686,20.537,1
ZTF25aagtjfn,60973.4410069,2,18.6475,0.07600291,20.0326,1
ZTF25aagtjfn,60973.4756944,2,18.5358,0.07709708,20.3825,1
ZTF25aagtjfn,60973.5181944,1,19.0248,0.112677105,20.5343,1
ZTF25aagtjfn,60973.5191319,1,19.0451,0.14058433,20.414,1
ZTF25aagtjfn,60975.4546412,1,19.0208,0.12231044,20.2143,1
ZTF25aagtjfn,60975.4654514,1,19.1728,0.109384164,20.3036,1
ZTF25aagtjfn,60975.5168287,2,18.5523,0.070111915,20.2196,1
ZTF25aagtjfn,60975.5173032,2,18.5626,0.06832475,20.2411,1
ZTF25aagtjfn,60978.4971412,2,18.5303,0.082688,20.3061,1
ZTF25aagtjfn,60978.4976157,2,18.5945,0.086867,20.3143,1
ZTF25aagtjfn,60978.5248843,1,19.1267,0.131464,20.4703,1
ZTF25aagtjfn,60978.5253472,1,19.0569,0.104817,20.57,1
ZTF25aagtjfn,60980.4636921,1,19.0752,0.120751,20.4095,1
ZTF25aagtjfn,60980.4965856,1,19.0668,0.102324,20.6313,1
ZTF25aagtjfn,60980.532662,2,18.6148,0.068704,20.4375,1
ZTF25aagtjfn,60982.434838,2,18.6786,0.21455,18.9669,1
ZTF25aagtjfn,60982.4439583,2,18.4933,0.107219,19.348,1
ZTF25aagtjfn,60982.4971412,1,18.9534,0.126921,19.8938,1
ZTF25aagtjfn,60982.5105671,1,19.1073,0.163603,19.7201,1
ZTF25aagtjfn,60984.4836227,1,18.9847,0.250992,19.0045,1
ZTF25aagtjfn,60984.4840856,1,19.0631,0.16918264,19.2867,1
ZTF25aagtjfn,60984.5457176,1,19.4543,0.324452,19.0678,1
ZTF25aagtjfn,60984.5461806,1,19.4453,0.341195,19.1019,1
ZTF25aagtjfn,60986.482037,1,19.049,0.15072708,19.4781,1
ZTF25aagtjfn,60986.5441204,2,18.5996,0.091885,19.7829,1
ZTF25aagtjfn,60986.5445833,2,18.6468,0.08449059,19.829,1
ZTF25aagtjfn,60988.4746759,1,19.2533,0.15811181,19.5321,1
ZTF25aagtjfn,60988.4751505,1,19.2182,0.221479,19.3427,1
ZTF25aagtjfn,60988.5238889,2,18.6805,0.09891043,19.6856,1
ZTF25aagtjfn,60988.5243634,2,18.7411,0.101896726,19.7628,1
ZTF25aagtjfn,60992.5248611,2,18.6639,0.09584822,20.111,1
ZTF25aagtjfn,60992.5248611,2,18.6639,0.095848,20.111,1
ZTF25aagtjfn,61002.5531829,1,19.2899,0.1256375,20.4237,1
ZTF25aagtjfn,61005.4127199,1,19.2863,0.11033676,20.3726,1
ZTF25aagtjfn,61005.4824653,2,18.7754,0.08189675,20.3293,1
ZTF25aagtjfn,61006.4244213,2,18.8147,0.084437564,20.0461,1
ZTF25aagtjfn,61006.467419,1,19.5734,0.307771,19.6638,1
ZTF25aagtjfn,61007.4234954,1,19.2855,0.11078956,20.5528,1
ZTF25aagtjfn,61007.498912,2,18.8076,0.090728134,20.5653,1
ZTF25aagtjfn,61009.4223148,2,18.738,0.0824722,20.4143,1
ZTF25aagtjfn,61009.4781944,1,19.3032,0.109819606,20.671,1
ZTF25aagtjfn,61011.4224653,2,18.8592,0.0999001,20.0227,1
ZTF25aagtjfn,61011.4950463,1,19.3001,0.13355266,20.5501,1
ZTF25aagtjfn,61013.4739352,2,18.8627,0.12650152,19.3229,1
ZTF25aagtjfn,61014.3936343,2,18.8802,0.18219742,19.2504,1
ZTF25aagtjfn,61014.4835995,1,19.532,0.252712,19.0692,1
ZTF25aagtjfn,61015.3828125,2,18.8358,0.10849074,19.4995,1
ZTF25aagtjfn,61016.4428241,1,19.3438,0.224912,19.3335,1
ZTF25aagtjfn,61020.4195949,1,19.3734,0.21126367,19.8745,1
ZTF25aagtjfn,61020.4200694,1,19.5132,0.147366,20.1791,1
ZTF25aagtjfn,61020.4784606,2,18.9425,0.09669254,20.1773,1
ZTF25aagtjfn,61020.4833565,2,18.9254,0.10030965,20.1073,1
ZTF25aagtjfn,61022.3753935,2,19.0066,0.11840064,20.2814,1
ZTF25aagtjfn,61022.4120718,1,19.4166,0.11794842,20.4697,1
ZTF25aagtjfn,61022.4640394,2,18.9145,0.10667353,20.558,1
ZTF25aagtjfn,61024.4008449,2,18.96,0.099895,20.2424,1
ZTF25aagtjfn,61024.4722454,1,19.4058,0.14954558,20.3903,1
ZTF25aagtjfn,61025.4334144,1,19.3877,0.11163657,20.4849,1
ZTF25aagtjfn,61025.4470023,2,19.0167,0.107194304,20.3952,1
ZTF25aagtjfn,61026.4372222,1,19.4346,0.19182877,20.0945,1
ZTF25aagtjfn,61026.4985648,2,18.9872,0.13941085,20.0056,1
ZTF25aagtjfn,61027.4019097,2,18.9806,0.1380921,20.2197,1
ZTF25aagtjfn,61027.4327315,1,19.4988,0.12243673,20.6791,1
ZTF25aagtjfn,61029.4250926,2,18.9854,0.0679385,20.7129,1
ZTF25aagtjfn,61029.4255671,2,18.926,0.09692371,20.6936,1
ZTF25aagtjfn,61029.4566435,1,19.4011,0.12797967,20.8076,1
ZTF25aagtjfn,61029.465706,1,19.4691,0.12664339,20.768,1
ZTF25aagtjfn,61031.4269676,2,18.9923,0.074073575,20.7297,1
ZTF25aagtjfn,61031.4274421,2,19.0263,0.08440565,20.697,1
ZTF25aagtjfn,61031.4613657,1,19.5131,0.12428082,20.8156,1
ZTF25aagtjfn,61031.4916204,1,19.4913,0.15606922,20.1538,1
ZTF25aagtjfn,61038.4209028,1,19.4958,0.18404986,20.1621,1
ZTF25aagtjfn,61038.4426157,2,19.0848,0.09665987,19.9698,1
ZTF25aagtjfn,61038.4578472,2,18.9676,0.116258375,20.0312,1
ZTF25aagtjfn,61050.3400347,1,19.5636,0.284992,19.4314,1
ZTF25aagtjfn,61050.3498611,1,19.5077,0.252689,19.7297,1
ZTF25aagtjfn,61052.3534028,1,19.5509,0.13797082,20.1023,1
ZTF25aagtjfn,61052.3629167,1,19.5565,0.18089537,20.0733,1
ZTF25aagtjfn,61052.4223727,2,19.1932,0.14138506,20.0191,1
ZTF25aagtjfn,61052.4242708,2,19.0598,0.11221471,19.9793,1
ZTF25aagtjfn,61054.3620833,2,19.2368,0.10961746,20.2906,1
ZTF25aagtjfn,61054.3794907,2,19.1151,0.1248601,20.4147,1
ZTF25aagtjfn,61054.4420602,1,19.6397,0.18054949,20.288,1
ZTF25aagtjfn,61056.2749769,2,19.1444,0.11526284,20.2144,1
ZTF25aagtjfn,61056.2973032,2,19.1854,0.08834264,20.3154,1
ZTF25aagtjfn,61056.3387037,1,19.6401,0.17221318,20.3397,1
ZTF25aagtjfn,61056.3391667,1,19.6147,0.12855792,20.4095,1
ZTF25aagtjfn,61058.3177315,2,19.0288,0.16496783,19.2341,1
ZTF25aagtjfn,61058.366713,1,19.6994,0.217758,20.5005,1
ZTF25aagtjfn,61058.3671875,1,19.6557,0.1552556,20.4255,1
ZTF25aagtjfn,61060.3051389,2,19.2304,0.1098428,20.432,1
ZTF25aagtjfn,61060.3065741,2,19.1408,0.10271859,20.2602,1
ZTF25aagtjfn,61060.3514699,1,19.5807,0.15901643,20.6314,1
ZTF25aagtjfn,61065.3003588,1,19.7779,0.16608848,20.2219,1
ZTF25aagtjfn,61065.3008333,1,19.7708,0.15913102,20.2864,1
ZTF25aagtjfn,61065.3262963,2,19.2124,0.102655604,20.3388,1
ZTF25aagtjfn,61065.3267708,2,19.1578,0.08708417,20.3745,1
ZTF25aagtjfn,61068.2980208,1,19.7226,0.25994,19.7466,1
ZTF25aagtjfn,61068.3111574,1,19.8443,0.277945,19.5465,1
ZTF25aagtjfn,61068.3379282,2,19.2513,0.12750858,20.0546,1
ZTF25aagtjfn,61068.3554051,2,19.3977,0.172125,20.0017,1
ZTF25aagtjfn,61070.4062037,2,19.1761,0.15249142,19.4508,1
ZTF25aagtjfn,61070.4066782,2,19.2605,0.18193333,19.449,1
ZTF25aagtjfn,61075.3782176,2,19.212,0.15537815,19.4564,1
ZTF25aagtjfn,61075.4258218,1,19.9339,0.29455,19.4806,1
ZTF25aagtjfn,61076.1873958,1,19.8049,0.352184,19.5465,1
ZTF25aagtjfn,61076.4217014,2,19.27,0.15393408,19.7812,1
ZTF25aagtjfn,61077.3435532,2,19.2429,0.12513328,19.8031,1
ZTF25aagtjfn,61078.2851736,2,19.2552,0.10089478,20.2886,1
ZTF25aagtjfn,61078.2861111,2,19.3023,0.13908505,20.3361,1
ZTF25aagtjfn,61078.3896412,2,18.8889,0.240284,18.6926,1
ZTF25aagtjfn,61079.259294,1,19.8153,0.2027336,20.3111,1
ZTF25aagtjfn,61079.2602431,1,19.9861,0.226122,20.3629,1
ZTF25aagtjfn,61079.280162,1,19.8403,0.14468634,20.3998,1
ZTF25aagtjfn,61079.3284491,2,19.4234,0.17937393,19.8743,1
ZTF25aagtjfn,61079.3293866,2,19.4008,0.17729743,19.7929,1
ZTF25aagtjfn,61079.3298611,2,19.4108,0.15454054,20.0468,1
ZTF25aagtjfn,61079.3307986,2,19.3273,0.1687407,19.8128,1
ZTF25aagtjfn,61080.282581,1,19.889,0.230094,20.2008,1
ZTF25aagtjfn,61080.2830556,1,19.8013,0.18533818,20.2993,1
ZTF25aagtjfn,61080.2886574,1,19.8832,0.18318154,20.4403,1
ZTF25aagtjfn,61080.2891319,1,19.6492,0.20347159,20.2927,1
ZTF25aagtjfn,61080.3200231,2,19.3803,0.12159901,20.4109,1
ZTF25aagtjfn,61080.3219097,2,19.3514,0.12251751,20.5287,1
ZTF25aagtjfn,61080.3223843,2,19.4406,0.12249574,20.547,1
ZTF25aagtjfn,61080.3659028,2,19.3013,0.13308229,20.427,1
ZTF25aagtjfn,61085.3659259,2,19.3384,0.12625189,20.4582,1
ZTF25aagtjfn,61085.3739931,2,19.362,0.124988206,20.6015,1
ZTF25aagtjfn,61085.3849537,3,19.9024,0.25824,19.9002,1
ZTF25aagtjfn,61085.434919,1,19.8826,0.14904895,20.5724,1
ZTF25aagtjfn,61086.2549653,2,19.3066,0.14641944,19.92,1
ZTF25aagtjfn,61086.2554514,2,19.4837,0.13696359,20.2592,1
ZTF25aagtjfn,61086.3850579,1,19.8299,0.242609,20.0766,1
ZTF25aagtjfn,61087.2249769,2,19.4434,0.17166497,19.5967,1
ZTF25aagtjfn,61094.2362963,2,19.508,0.11264058,20.2417,1
ZTF25aagtjfn,61094.246412,2,19.5311,0.14408255,20.3164,1
ZTF25aagtjfn,61094.2639583,1,19.8359,0.20634411,20.3635,1
ZTF25aagtjfn,61094.2644213,1,19.7512,0.19113544,20.3202,1
ZTF25aagtjfn,61094.3701852,3,20.0657,0.249518,19.8942,1
ZTF25aagtjfn,61094.3701852,3,20.0657,0.249518,19.8942,1
ZTF25aagtjfn,61094.3825116,3,19.7815,0.20338897,19.9563,1
ZTF25aagtjfn,61094.3825116,3,19.7815,0.203389,19.9563,1
ZTF25aagtjfn,61095.2948727,2,19.6035,0.13008012,20.5202,1
ZTF25aagtjfn,61095.2968171,2,19.5065,0.13144861,20.4777,1
ZTF25aagtjfn,61095.3185648,1,19.9692,0.20350604,20.425,1
ZTF25aagtjfn,61095.3913194,3,19.8761,0.220188,19.9693,1
ZTF25aagtjfn,61095.4008218,3,19.9708,0.297508,19.9184,1
ZTF25aagtjfn,61096.2387731,2,19.4968,0.210941,19.675,1
ZTF25aagtjfn,61096.2392477,2,19.4707,0.1751814,19.9081,1
ZTF25aagtjfn,61096.3607523,3,19.9043,0.258228,19.6804,1
ZTF25aagtjfn,61096.3903009,1,19.8118,0.16995254,20.0472,1
ZTF25aagtjfn,61096.4045602,1,19.9844,0.237436,20.0581,1
ZTF25aagtjfn,61097.2349537,2,19.4288,0.14085583,19.9815,1
ZTF25aagtjfn,61097.2693403,2,19.5182,0.136013,19.9347,1
ZTF25aagtjfn,61098.2636111,1,20.0009,0.324962,19.8309,1
ZTF25aagtjfn,61098.2650231,1,19.8686,0.361541,19.5525,1
ZTF25aagtjfn,61098.3258333,2,19.6509,0.20501126,19.9435,1
ZTF25aagtjfn,61099.1521644,2,19.4465,0.19339253,19.5471,1
ZTF25aagtjfn,61099.4079398,2,19.365,0.18898812,19.2621,1
ZTF25aagtjfn,61102.2349306,2,19.2845,0.19379735,19.1603,1
ZTF25aagtjfn,61105.2254051,1,19.99,0.236508,19.9185,1
ZTF25aagtjfn,61105.2258796,1,19.8554,0.270617,19.7478,1
ZTF25aagtjfn,61105.3861574,2,19.632,0.20665833,19.6498,1
ZTF25aagtjfn,61105.3866319,2,19.3558,0.1589813,19.6089,1
ZTF25aagtjfn,61106.2153472,1,20.123,0.311366,20.0499,1
ZTF25aagtjfn,61106.2158102,1,19.8819,0.235185,20.0987,1
ZTF25aagtjfn,61106.4257986,2,19.527,0.21197662,19.4575,1
ZTF25aagtjfn,61106.4330324,2,19.5069,0.224745,19.5467,1
ZTF25aagtjfn,61107.2441204,2,19.5935,0.15620695,20.1438,1
ZTF25aagtjfn,61107.256169,1,19.9552,0.221573,20.0137,1
ZTF25aagtjfn,61108.1760417,2,19.6114,0.115995586,20.3267,1
ZTF25aagtjfn,61108.2459606,1,20.0983,0.19799058,20.3456,1
ZTF25aagtjfn,61108.2468981,1,20.163,0.238585,20.3444,1
ZTF25aagtjfn,61108.4072917,2,19.5738,0.240571,19.2734,1
ZTF25aagtjfn,61111.2907639,2,19.6375,0.12611894,20.5452,1
ZTF25aagtjfn,61111.2907639,2,19.6375,0.126119,20.5452,1
ZTF25aagtjfn,61111.2975926,2,19.6924,0.12065964,20.5977,1
ZTF25aagtjfn,61111.3276157,1,19.9586,0.19004047,20.3797,1
ZTF25aagtjfn,61111.3511458,1,20.0506,0.19526568,20.3785,1
ZTF25aagtjfn,61112.2551505,3,20.0387,0.23029,19.9097,1
ZTF25aagtjfn,61112.3016319,2,19.7099,0.16759752,20.3014,1
ZTF25aagtjfn,61112.3059259,2,19.7626,0.13994397,20.5124,1
ZTF25aagtjfn,61113.2048264,1,20.196,0.222923,20.6041,1
ZTF25aagtjfn,61113.2053009,1,20.0501,0.213297,20.7289,1
ZTF25aagtjfn,61113.3419907,2,19.3824,0.234551,19.1913,1
ZTF25aagtjfn,61114.2552315,1,20.1144,0.17407197,20.6797,1
ZTF25aagtjfn,61114.3447338,2,19.7252,0.13670887,20.592,1
ZTF25aagtjfn,61114.3447338,2,19.7252,0.136709,20.592,1
ZTF25aagtjfn,61114.3711458,2,19.7018,0.13393688,20.419,1
ZTF25aagtjfn,61115.28,2,19.7705,0.14233063,20.3968,1
ZTF25aagtjfn,61115.3251157,1,20.0823,0.221274,20.3039,1
ZTF25aagtjfn,61115.3255903,1,20.2224,0.262251,20.2559,1
ZTF25aagtjfn,61115.3255903,1,20.2224,0.262251,20.2559,1
ZTF25aagtjfn,61116.2155324,2,19.6699,0.130194,20.4623,1
ZTF25aagtjfn,61116.2994213,1,20.0172,0.23228,20.0576,1
ZTF25aagtjfn,61116.2998958,1,20.1127,0.253754,20.1429,1
ZTF25aagtjfn,61117.2807986,2,19.7406,0.1461947,20.5337,1
ZTF25aagtjfn,61117.3294676,3,20.1365,0.261186,20.078,1
ZTF25aagtjfn,61117.3456597,1,19.8767,0.18358526,20.5049,1
ZTF25aagtjfn,61117.3657755,1,20.3982,0.225298,20.3227,1
ZTF25aagtjfn,61118.2772222,3,20.1975,0.301038,19.9619,1
ZTF25aagtjfn,61118.3075116,2,19.532,0.109033704,20.4697,1
ZTF25aagtjfn,61118.3079861,2,19.7181,0.15203197,20.555,1
ZTF25aagtjfn,61118.3418287,1,20.1273,0.17086868,20.6047,1
ZTF25aagtjfn,61118.35125,1,20.1436,0.218579,20.5962,1
ZTF25aagtjfn,61119.1924074,2,19.7969,0.14585462,20.494,1
ZTF25aagtjfn,61119.1928819,2,19.6803,0.16360874,20.5442,1
ZTF25aagtjfn,61119.2833102,1,20.0048,0.19037452,20.6406,1
ZTF25aagtjfn,61120.3005787,2,19.7928,0.14193624,20.6218,1
ZTF25aagtjfn,61120.3077199,2,19.6709,0.114174955,20.5619,1
ZTF25aagtjfn,61120.3477431,1,20.0853,0.225117,20.568,1
ZTF25aagtjfn,61120.3753125,1,20.0353,0.19216,20.4216,1
ZTF25aagtjfn,61121.3044097,2,19.7343,0.247755,19.5363,1
ZTF25aagtjfn,61121.3190856,1,20.0077,0.251562,20.0621,1
ZTF25aagtjfn,61122.2619907,2,19.6036,0.1295937,20.5503,1
ZTF25aagtjfn,61122.2799653,3,19.9653,0.293541,19.9526,1
ZTF25aagtjfn,61122.297338,1,20.0966,0.18058692,20.6869,1
ZTF25aagtjfn,61123.1823032,2,19.7183,0.14476268,20.4572,1
ZTF25aagtjfn,61123.3712037,1,20.2484,0.276937,20.181,1
ZTF25aagtjfn,61124.1759259,2,19.7822,0.136542,20.4439,1
ZTF25aagtjfn,61124.3217708,1,20.0942,0.17746979,20.5116,1
ZTF25aagtjfn,61125.1553935,1,20.198,0.378036,20.0325,1
ZTF25aagtjfn,61125.2253356,2,19.6739,0.17686647,20.0661,1
ZTF25aagtjfn,61125.3250694,1,20.0138,0.238124,19.8868,1
ZTF25aagtjfn,61126.1608681,2,19.9326,0.19075195,20.0412,1
ZTF25aagtjfn,61126.1714931,2,19.8255,0.18876567,20.0661,1
ZTF25aagtjfn,61126.1963542,1,20.1262,0.28025,20.0169,1
ZTF25aagtjfn,61126.1973032,1,20.0835,0.21609555,20.1242,1
ZTF25aagtjfn,61129.1918056,2,19.7623,0.275246,19.5001,1
ZTF25aagtjfn,61132.2126852,2,19.5707,0.17387867,19.7761,1
ZTF25aagtjfn,61132.2602894,2,19.6991,0.18208407,19.7626,1
ZTF25aagtjfn,61135.1812037,2,19.8058,0.1654866,20.4823,1
ZTF25aagtjfn,61135.1849769,2,19.7966,0.12090556,20.5561,1
ZTF25aagtjfn,61137.2034491,2,19.7406,0.1416487,20.5095,1
ZTF25aagtjfn,61137.2499653,1,20.167,0.18953253,20.6537,1
ZTF25aagtjfn,61138.1727894,2,20.0091,0.14573942,20.473,1
ZTF25aagtjfn,61138.2177083,1,20.1252,0.18832667,20.6781,1
ZTF25aagtjfn,61139.1720602,2,19.6787,0.16378097,20.2564,1
ZTF25aagtjfn,61139.1744444,2,20.022,0.19860658,20.2991,1
ZTF25aagtjfn,61139.2212384,1,20.207,0.277011,20.3399,1
ZTF25aagtjfn,61139.2351273,1,20.2695,0.2231,20.5467,1
ZTF25aagtjfn,61140.1829167,2,19.8906,0.16715483,20.2753,1
ZTF25aagtjfn,61140.2391204,1,20.0449,0.260404,20.2005,1
ZTF25aagtjfn,61140.2395833,1,20.1422,0.21774,20.143,1
ZTF25aagtjfn,61146.2067477,2,19.9163,0.14862825,20.4466,1
ZTF25aagtjfn,61146.2220949,2,19.8466,0.16016753,20.3705,1
ZTF25aagtjfn,61146.2555787,1,20.2548,0.237836,20.4089,1
ZTF25aagtjfn,61147.285625,2,19.9896,0.1979464,20.1069,1
ZTF25aagtjfn,61148.3098843,1,20.2354,0.248881,20.1201,1
ZTF25aagtjfn,61148.3103588,1,20.5159,0.309051,20.142,1
ZTF25aagtjfn,61149.1858218,1,20.265,0.285081,20.4558,1
ZTF25aagtjfn,61150.1589005,1,20.4082,0.248927,20.6161,1
ZTF25aagtjfn,61150.1718519,2,20.1172,0.1863212,20.5008,1
ZTF25aagtjfn,61150.1746759,2,19.8973,0.19536717,20.4628,1
ZTF25aagtjfn,61159.235625,2,19.9927,0.321249,19.6147,1
ZTF25aagtjfn,61167.2006944,2,20.3555,0.267474,20.2825,1
ZTF25aagtjfn,61167.2583449,1,20.4453,0.293871,20.194,1
ZTF25aagtjfn,61168.1738079,2,20.1091,0.231991,20.246,1
ZTF25aagtjfn,61168.1957407,1,20.5079,0.227344,20.4258,1
ZTF25aagtjfn,61170.2068866,1,20.6259,0.265784,20.4658,1
ZTF25aagtjfn,61176.2003009,2,20.2377,0.21449578,20.3192,1
ZTF25aairhqk,60739.4379514,1,19.1475,0.09997047,20.41,1
ZTF25aairhqk,60744.4025231,1,18.3728,0.09102757,19.4381,1
ZTF25aairhqk,60753.3035069,1,17.8076,0.063266724,19.2724,1
ZTF25aairhqk,60753.4394329,2,17.6754,0.053008847,19.6536,1
ZTF25aairhqk,60755.3062847,2,17.5719,0.07296629,19.2305,1
ZTF25aairhqk,60755.3358333,1,17.7384,0.059205767,19.9415,1
ZTF25aairhqk,60757.3223611,2,17.4884,0.042188328,20.2986,1
ZTF25aairhqk,60757.3984722,1,17.7243,0.051197506,20.3929,1
ZTF25aairhqk,60759.407037,1,17.6292,0.058379136,20.2468,1
ZTF25aairhqk,60759.4248148,2,17.4073,0.038515937,20.449,1
ZTF25aairhqk,60761.3989815,1,17.6005,0.08949243,18.7204,1
ZTF25aairhqk,60761.4216088,2,17.2737,0.0854179,18.1472,1
ZTF25aairhqk,60771.3939352,2,17.1313,0.034391,20.0641,1
ZTF25aairhqk,60773.3347917,1,17.3733,0.049935225,19.553,1
ZTF25aairhqk,60773.3632523,2,17.0712,0.037290893,19.8069,1
ZTF25aairhqk,60775.3371991,1,17.3907,0.048815366,19.4489,1
ZTF25aairhqk,60775.3835764,2,17.0683,0.04096002,19.6468,1
ZTF25aairhqk,60780.3191088,2,17.0489,0.040501162,19.2274,1
ZTF25aairhqk,60785.2582639,2,17.0575,0.041989602,20.2579,1
ZTF25aairhqk,60785.3154514,1,17.413,0.04073626,20.4385,1
ZTF25aairhqk,60788.3687731,2,17.0351,0.0398786,20.2964,1
ZTF25aairhqk,60796.3363657,1,17.5433,0.035751496,20.7462,1
ZTF25aairhqk,60798.2959028,2,17.1004,0.045200486,20.4137,1
ZTF25aairhqk,60798.3487269,1,17.5712,0.047818888,20.7216,1
ZTF25aairhqk,60804.3408333,2,17.1323,0.04300041,19.5551,1
ZTF25aairhqk,60807.2295486,1,17.656,0.06736384,19.0514,1
ZTF25aairhqk,60811.2493866,1,17.6819,0.047945086,20.3637,1
ZTF25aairhqk,60816.2668634,2,17.2308,0.050251387,20.3113,1
ZTF25aairhqk,60816.3166319,1,17.7923,0.052574016,20.2344,1
ZTF25aairhqk,60818.3190509,1,17.7865,0.04205438,20.5165,1
ZTF25aairhqk,60820.3330787,1,17.7957,0.04997947,20.0278,1
ZTF25aairhqk,60820.3767708,2,17.2942,0.040476166,20.0005,1
ZTF25aairhqk,60822.3010417,1,17.8702,0.05250125,20.4182,1
ZTF25aairhqk,60822.3380093,2,17.2968,0.026377205,19.762,1
ZTF25aairhqk,60824.2740972,1,17.8483,0.06635162,20.5266,1
ZTF25aairhqk,60826.3173495,1,17.9351,0.18644936,17.8755,1
ZTF25aairhqk,60826.3403472,2,17.3544,0.03853134,19.4251,1
ZTF25aairhqk,60829.229456,1,17.9169,0.06337456,19.7923,1
ZTF25aairhqk,60829.2337731,2,17.4008,0.05130437,20.0161,1
ZTF25aairhqk,60831.2444213,1,17.9156,0.052095,19.7016,1
ZTF25aairhqk,60831.2444213,1,17.9156,0.052095,19.7016,1
ZTF25aairhqk,60831.2850694,2,17.4059,0.0456,19.6834,1
ZTF25aairhqk,60835.226088,1,17.8676,0.06421901,19.248,1
ZTF25aairhqk,60835.2533681,2,17.4692,0.043628316,19.3223,1
ZTF25aairhqk,60837.2137037,1,17.9861,0.075535625,19.1273,1
ZTF25aairhqk,60837.2561227,2,17.4577,0.04061221,19.3055,1
ZTF25aairhqk,60839.2132755,1,18.0195,0.049813364,20.0705,1
ZTF25aairhqk,60839.2546644,2,17.4828,0.045776,19.9177,1
ZTF25aairhqk,60839.2546644,2,17.4828,0.045775715,19.9177,1
ZTF25aairhqk,60842.2063657,2,17.531,0.03742009,20.3544,1
ZTF25aairhqk,60844.2915046,1,18.0722,0.06565704,19.9416,1
ZTF25aairhqk,60844.3314005,2,17.5491,0.054779693,19.7344,1
ZTF25aairhqk,60846.2801273,1,18.1225,0.05652007,20.0256,1
ZTF25aairhqk,60846.3329167,2,17.5867,0.06131819,19.87,1
ZTF25aairhqk,60848.2915856,2,17.5835,0.048922595,20.0641,1
ZTF25aairhqk,60848.3160417,1,18.156,0.06551528,19.8391,1
ZTF25aairhqk,60850.2923495,2,17.6388,0.049832,20.1026,1
ZTF25aairhqk,60850.2923495,2,17.6388,0.04983239,20.1026,1
ZTF25aairhqk,60850.3161227,2,17.6061,0.053220507,20.0016,1
ZTF25aairhqk,60852.2764583,1,18.2058,0.069383055,19.7413,1
ZTF25aairhqk,60852.3109491,2,17.6425,0.048387,19.6868,1
ZTF25aairhqk,60852.3109491,2,17.6425,0.048386693,19.6868,1
ZTF25aairhqk,60854.2757755,1,18.2588,0.06881546,20.0349,1
ZTF25aairhqk,60857.2118866,1,18.2933,0.07483231,20.0407,1
ZTF25aairhqk,60857.2503125,2,17.6675,0.05448311,20.2945,1
ZTF25aairhqk,60859.1928819,1,18.2643,0.08629846,19.4772,1
ZTF25aairhqk,60859.2235532,2,17.6796,0.0529523,19.7654,1
ZTF25aairhqk,61006.5593866,2,18.4768,0.29516,18.0026,1
ZTF25aairhqk,61007.5583333,2,18.6431,0.088079,19.2744,1
ZTF25aairhqk,61007.5687847,2,18.3702,0.15701291,18.1223,1
ZTF25aairhqk,61008.5593056,2,18.5587,0.10014894,19.1811,1
ZTF25aairhqk,61008.5637616,2,18.6354,0.14721759,18.7357,1
ZTF25aairhqk,61016.5612731,2,18.5756,0.15025531,18.8364,1
ZTF25aairhqk,61016.5652199,2,18.737,0.281665,18.6279,1
ZTF25aairhqk,61022.5630556,2,18.5464,0.06951804,19.9568,1
ZTF25aairhqk,61026.56375,2,18.6091,0.076240815,19.5883,1
ZTF25aairhqk,61027.5644907,2,18.7138,0.091080375,19.7181,1
ZTF25aairhqk,61028.5060648,2,18.6349,0.107292496,19.8783,1
ZTF25aairhqk,61028.5507986,1,19.4277,0.122627236,20.1118,1
ZTF25aairhqk,61028.5635648,2,18.795,0.08145545,19.9836,1
ZTF25aairhqk,61030.5576968,2,18.7286,0.076149136,20.1342,1
ZTF25aairhqk,61030.5632407,2,18.6831,0.09598173,20.1493,1
ZTF25aairhqk,61031.5645023,2,18.5509,0.19368961,18.6076,1
ZTF25aairhqk,61037.560463,2,18.6418,0.16910025,19.0603,1
ZTF25aairhqk,61037.5642361,2,18.7703,0.14823164,19.2735,1
ZTF25aairhqk,61038.5641435,2,18.7417,0.11731753,19.5433,1
ZTF25aairhqk,61049.5036227,2,18.798,0.184684,18.9799,1
ZTF25aairhqk,61053.4575694,1,19.3225,0.251531,19.3326,1
ZTF25aairhqk,61055.551794,1,19.6311,0.202672,19.9091,1
ZTF25aairhqk,61057.4867477,2,18.7167,0.224097,19.1093,1
ZTF25aairhqk,61057.5458681,1,19.6089,0.211754,19.66,1
ZTF25aairhqk,61059.4947106,2,18.8518,0.096704066,20.2174,1
ZTF25aairhqk,61061.5490278,2,18.8821,0.07798989,20.2073,1
ZTF25aairhqk,61066.5444213,1,19.7113,0.2078384,19.9455,1
ZTF25aairhqk,61069.4829167,2,18.8657,0.116499,19.7027,1
ZTF25aairhqk,61069.5237269,1,19.5731,0.15034,20.1704,1
ZTF25aairhqk,61071.4803356,1,19.7336,0.285993,19.2606,1
ZTF25aairhqk,61071.5421181,2,18.8411,0.13594878,19.4976,1
ZTF25aairhqk,61073.5027199,2,18.7452,0.1763623,18.9382,1
ZTF25aairhqk,61075.5029977,1,19.3978,0.20608515,19.2346,1
ZTF25aairhqk,61075.5262731,2,18.7538,0.10523971,19.586,1
ZTF25aairhqk,61081.5052083,2,18.9274,0.13411477,19.5889,1
ZTF25aairhqk,61083.4804167,1,19.8486,0.16196501,20.3348,1
ZTF25aairhqk,61083.5390625,2,18.9237,0.10878413,20.3108,1
ZTF25aairhqk,61085.4144213,3,19.4462,0.20221226,19.8947,1
ZTF25aairhqk,61085.4815278,2,18.9746,0.100737415,20.354,1
ZTF25aairhqk,61085.5246875,1,19.8542,0.169876,20.5557,1
ZTF25aairhqk,61094.459375,1,19.987,0.2059485,20.394,1
ZTF25aairhqk,61095.4122222,3,19.6233,0.17191082,19.9766,1
ZTF25aairhqk,61095.4608449,2,18.8707,0.086452216,19.6292,1
ZTF25aairhqk,61095.4828009,1,19.6892,0.18543467,19.7392,1
ZTF25aairhqk,61096.4377546,1,20.1446,0.251698,20.1217,1
ZTF25aairhqk,61096.4576389,3,19.5696,0.17967163,19.5802,1
ZTF25aairhqk,61096.4780324,2,18.9876,0.10668675,19.911,1
ZTF25aairhqk,61097.4398611,2,18.9332,0.12365761,19.6957,1
ZTF25aairhqk,61097.5033449,1,19.9092,0.18793008,20.25,1
ZTF25aairhqk,61099.4548495,2,19.0784,0.111985825,20.0049,1
ZTF25aairhqk,61099.4548495,2,19.0784,0.111986,20.0049,1
ZTF25aairhqk,61100.4070255,1,19.7003,0.247447,19.4585,1
ZTF25aairhqk,61100.4070255,1,19.7003,0.247447,19.4585,1
ZTF25aairhqk,61100.4621412,2,19.0901,0.10288662,19.8754,1
ZTF25aairhqk,61100.513044,3,19.5048,0.18980671,19.7301,1
ZTF25aairhqk,61101.4277662,1,19.6414,0.263669,19.3221,1
ZTF25aairhqk,61101.4435069,2,19.0957,0.14724573,19.6673,1
ZTF25aairhqk,61107.3954051,2,19.2971,0.295024,19.1224,1
ZTF25aairhqk,61108.460463,2,19.2168,0.19727069,19.0749,1
ZTF25aairhqk,61110.3693056,3,19.4702,0.243805,19.6198,1
ZTF25aairhqk,61110.4377083,1,19.932,0.273711,19.8951,1
ZTF25aairhqk,61110.5180324,2,19.1377,0.13776089,19.6926,1
ZTF25aairhqk,61111.4221412,1,19.9634,0.15874012,20.2771,1
ZTF25aairhqk,61111.4644907,2,19.1759,0.10876517,20.3248,1
ZTF25aairhqk,61113.4669792,3,19.6964,0.18304448,19.7736,1
ZTF25aairhqk,61114.3917824,2,19.088,0.10652723,20.2659,1
ZTF25aairhqk,61114.4205787,1,20.0949,0.20193103,20.1965,1
ZTF25aairhqk,61115.3946528,3,19.748,0.317929,19.5199,1
ZTF25aairhqk,61115.4976736,1,20.0137,0.224674,20.0844,1
ZTF25aairhqk,61116.4134606,2,19.2351,0.15001635,19.7251,1
ZTF25aairhqk,61117.4575579,1,20.0205,0.20721063,20.2036,1
ZTF25aairhqk,61117.5012847,2,19.1832,0.09934507,20.3421,1
ZTF25aairhqk,61118.4016551,1,20.1545,0.20833188,20.2517,1
ZTF25aairhqk,61118.4251042,3,19.8111,0.239799,19.8723,1
ZTF25aairhqk,61118.4416667,2,19.0956,0.1123985,20.2363,1
ZTF25aairhqk,61119.461088,2,19.0805,0.090636194,20.1884,1
ZTF25aairhqk,61119.5050231,3,19.8325,0.260581,19.7444,1
ZTF25aairhqk,61120.4018287,1,20.0597,0.15125151,20.5057,1
ZTF25aairhqk,61120.4242361,3,19.7657,0.21352324,20.1541,1
ZTF25aairhqk,61120.442419,2,19.1719,0.09279968,20.5059,1
ZTF25aairhqk,61121.4409375,2,19.1823,0.1569461,19.2853,1
ZTF25aairhqk,61123.3978472,1,20.21,0.17425351,20.5347,1
ZTF25aairhqk,61123.4549769,2,19.1783,0.09348882,20.461,1
ZTF25aairhqk,61125.3958102,1,20.296,0.279216,20.1585,1
ZTF25aairhqk,61125.4201736,2,19.2534,0.13365203,20.1686,1
ZTF25aairhqk,61126.3871065,1,19.8859,0.16092256,20.1537,1
ZTF25aairhqk,61126.4177431,2,19.2136,0.107905395,20.3747,1
ZTF25aairhqk,61127.3597801,2,19.3065,0.17739232,19.7013,1
ZTF25aairhqk,61127.4194213,3,19.81,0.230706,19.8666,1
ZTF25aairhqk,61127.4432986,1,20.1215,0.245492,19.9819,1
ZTF25aairhqk,61129.4375926,2,19.3233,0.15329012,19.636,1
ZTF25aairhqk,61140.4185417,1,20.267,0.19499688,20.2429,1
ZTF25aairhqk,61140.4658218,2,19.3576,0.11259636,20.2112,1
ZTF25aairhqk,61145.4165856,2,19.4261,0.11552063,20.3826,1
ZTF25aairhqk,61147.3184375,2,19.4044,0.10915618,20.4131,1
ZTF25aairhqk,61148.370162,3,19.9258,0.315969,19.7592,1
ZTF25aairhqk,61148.4047801,2,19.3444,0.12087861,20.137,1
ZTF25aairhqk,61150.394375,2,19.3319,0.10689113,20.2074,1
ZTF25aairhqk,61151.3150926,1,20.1923,0.19950029,20.2122,1
ZTF25aairhqk,61151.3475926,3,19.8329,0.27185,19.8895,1
ZTF25aairhqk,61151.3589468,2,19.5068,0.1484674,20.1261,1
ZTF25aairhqk,61153.3678588,3,19.9855,0.257659,19.8046,1
ZTF25aairhqk,61153.379294,2,19.514,0.113197014,20.2059,1
ZTF25aairhqk,61155.3150231,1,20.0541,0.297312,19.6144,1
ZTF25aairhqk,61155.3578356,2,19.3268,0.1355938,20.0489,1
ZTF25aairhqk,61158.3582523,2,19.6318,0.2069662,19.7363,1
ZTF25aairhqk,61167.2493056,2,19.561,0.15118353,20.2794,1
ZTF25aairhqk,61169.2964468,2,19.5613,0.14677107,20.4717,1
ZTF25aairhqk,61170.2737269,2,19.4794,0.11452349,20.6351,1
ZTF25aairhqk,61171.2944213,2,19.5406,0.16929628,20.3522,1
ZTF25aairhqk,61173.3115394,2,19.5316,0.13244282,20.3764,1
ZTF25aairhqk,61174.3359722,2,19.5559,0.15448113,20.1839,1
ZTF25aairhqk,61175.2899537,1,20.3223,0.220057,20.3843,1
ZTF25aairhqk,61176.2311111,2,19.6564,0.116857104,20.5021,1
ZTF25aairhqk,61176.2937847,1,20.7193,0.251196,20.6172,1
ZTF25aairhqk,61179.2562616,2,19.5785,0.15115087,20.2335,1
ZTF25aairhqk,61180.297581,2,19.5199,0.13097009,20.1641,1
ZTF25aairhqk,61184.2809491,1,20.2234,0.341261,19.7918,1
ZTF25aairhqk,61184.3311574,2,19.661,0.13398096,20.0183,1
ZTF25aairhqk,61191.3063194,2,19.8129,0.274335,19.3866,1
ZTF25aairhqk,61192.303044,2,19.6915,0.262172,19.6247,1
ZTF25aairhqk,61193.301956,2,19.6146,0.15315585,19.979,1
ZTF25aairhqk,61194.1896528,2,19.7257,0.120207936,20.4768,1
ZTF25aairhqk,61195.3419444,2,19.8666,0.21192536,19.6914,1
ZTF25aairhqk,61196.3160648,2,19.8359,0.17902432,20.1605,1
ZTF25aairhqk,61197.3100231,2,19.6565,0.154392,20.3927,1
ZTF25aairhqk,61197.3100231,2,19.6565,0.15439181,20.3927,1
ZTF25aairhqk,61198.2979861,1,20.5067,0.19307855,20.4709,1
ZTF25aairhqk,61201.1818519,2,19.9213,0.229535,20.3254,1
ZTF25aairhqk,61207.1855903,2,19.8061,0.17498554,20.2883,1
ZTF25aairhqk,61210.1928704,2,19.8157,0.17237432,20.2037,1
ZTF25aairhqk,61211.2054977,2,20.0372,0.18314408,20.229,1
ZTF25aairhqk,61212.1835532,2,19.7862,0.1851745,20.0462,1
ZTF25aairhqk,61225.2075231,2,19.9594,0.191381,20.1432,1
ZTF25aajuqtp,60756.2411806,1,18.5445,0.09271623,20.2736,1
ZTF25aajuqtp,60756.2617361,2,17.6261,0.08048842,20.2072,1
ZTF25aajuqtp,60758.2561921,1,17.9814,0.08304107,20.2783,1
ZTF25aajuqtp,60758.2952083,2,17.522,0.061465,20.0444,1
ZTF25aajuqtp,60758.2952083,2,17.522,0.06146471,20.0444,1
ZTF25aajuqtp,60760.2563889,1,17.559,0.06285305,20.4907,1
ZTF25aajuqtp,60760.2822454,2,17.0694,0.058572114,20.4236,1
ZTF25aajuqtp,60770.2970602,2,16.8672,0.055495463,19.5679,1
ZTF25aajuqtp,60770.3265278,1,17.8381,0.08722,19.385,1
ZTF25aajuqtp,60772.3224769,2,17.0147,0.05754573,19.1389,1
ZTF25aajuqtp,60774.2449653,1,18.2093,0.09299271,19.4394,1
ZTF25aajuqtp,60774.262662,2,17.0972,0.048506986,19.6409,1
ZTF25aajuqtp,60776.2409722,2,17.2365,0.052267306,19.6439,1
ZTF25aajuqtp,60776.2954051,1,18.3298,0.12343833,19.2494,1
ZTF25aajuqtp,60781.2570023,2,17.3127,0.06884301,19.6838,1
ZTF25aajuqtp,60786.2814352,2,17.9041,0.102180086,19.8781,1
ZTF25aajuqtp,60788.2787153,1,19.0399,0.148888,20.284,1
ZTF25aajuqtp,60788.2787153,1,19.0399,0.14888817,20.284,1
ZTF25aajuqtp,60795.2385764,2,17.9621,0.064407356,20.158,1
ZTF25aajuqtp,60970.432963,2,15.4022,0.12980029,16.6692,1
ZTF25aajuqtp,61016.383669,1,18.4989,0.14151327,19.5189,-1
ZTF25aajygin,60756.4135301,1,19.2521,0.12293228,20.5163,1
ZTF25aajygin,60758.4226505,1,18.2833,0.057853937,20.6019,1
ZTF25aajygin,60758.4231134,1,18.2988,0.069659196,20.5432,1
ZTF25aajygin,60760.3759838,1,18.2424,0.067580104,20.8645,1
ZTF25aajygin,60762.4258681,2,18.1978,0.12673561,19.1987,1
ZTF25aajygin,60770.4046528,1,18.3636,0.069375,20.3667,1
ZTF25aajygin,60771.3464468,1,18.3356,0.079151,20.2921,1
ZTF25aajygin,60773.3233449,1,18.4491,0.08358131,19.9861,1
ZTF25aajygin,60774.3942245,1,18.3746,0.08109769,19.7835,1
ZTF25aajygin,60775.3199421,1,18.3569,0.098669834,19.6986,1
ZTF25aajygin,60775.4226042,2,18.0064,0.0625373,19.6991,1
ZTF25aajygin,60776.3004051,1,18.3787,0.08965375,19.5979,1
ZTF25aajygin,60780.2588079,1,18.4587,0.08588865,19.8276,1
ZTF25aajygin,60781.2935764,2,17.9078,0.08263268,19.1229,1
ZTF25aajygin,60781.3630208,1,18.3584,0.1477882,19.0078,1
ZTF25aajygin,60786.3228588,1,18.5974,0.342316,18.3591,1
ZTF25aajygin,60787.2899306,1,18.3866,0.07505212,20.7069,1
ZTF25aajygin,60789.3244676,1,18.3479,0.06695801,20.7101,1
ZTF25aajygin,60794.4034375,1,18.4107,0.08192291,20.4889,1
ZTF25aajygin,60796.342963,1,18.3969,0.059279602,20.9492,1
ZTF25aajygin,60798.3621759,1,18.3732,0.06638649,20.8202,1
ZTF25aajygin,60804.2567245,1,18.4578,0.089802764,19.7412,1
ZTF25aajygin,60804.4310301,1,18.4539,0.11472071,19.3947,1
ZTF25aajygin,60810.288206,1,18.4397,0.07212264,20.058,1
ZTF25aajygin,60810.2886806,1,18.4752,0.080600746,20.1556,1
ZTF25aajygin,60814.3032176,1,18.5143,0.072240315,20.2796,1
ZTF25aajygin,60814.3229398,1,18.5356,0.09902713,20.2837,1
ZTF25aajygin,60816.3051157,1,18.5991,0.0730974,20.5697,1
ZTF25aajygin,60817.3058333,1,18.525,0.07703452,20.7203,1
ZTF25aajygin,60819.2159838,1,18.5337,0.08805078,20.4752,1
ZTF25aajygin,60819.287581,2,17.449,0.085153505,18.8429,1
ZTF25aajygin,60820.2798495,2,17.5846,0.053989865,19.2279,1
ZTF25aajygin,60821.265706,1,18.5373,0.086873524,20.7279,1
ZTF25aajygin,60823.2848843,1,18.5379,0.08456775,20.7853,1
ZTF25aajygin,60828.3173148,1,18.575,0.08375924,20.4603,1
ZTF25aajygin,60829.2211806,1,18.5368,0.08870321,20.2076,1
ZTF25aajygin,60831.2191204,1,18.5811,0.085709,20.0928,1
ZTF25aajygin,60831.2350579,1,18.6614,0.120416,20.1523,1
ZTF25aajygin,60833.2227431,1,18.6245,0.111881,19.9954,1
ZTF25aajygin,60835.2213542,1,18.6152,0.105398476,19.8242,1
ZTF25aajygin,60835.4314931,1,18.6463,0.219283,18.678,1
ZTF25aajygin,60837.1991898,1,18.7092,0.11015795,19.7764,1
ZTF25aajygin,60837.2006597,1,18.6794,0.10596414,19.803,1
ZTF25aajygin,60839.1924074,1,18.7187,0.09382668,20.6962,1
ZTF25aajygin,60839.1933796,1,18.6576,0.093624115,20.6944,1
ZTF25aajygin,60839.1933796,1,18.6576,0.093624,20.6944,1
ZTF25aajygin,60839.2631944,2,17.3807,0.037721,19.5172,1
ZTF25aajygin,60839.2631944,2,17.3807,0.03772062,19.5172,1
ZTF25aajygin,60839.2751736,2,17.4322,0.035240192,20.0881,1
ZTF25aajygin,60839.2751736,2,17.4322,0.03524,20.0881,1
ZTF25aajygin,60842.2438773,1,18.7063,0.084780954,20.5915,1
ZTF25aajygin,60842.3108796,2,17.4424,0.05478694,19.91,1
ZTF25aajygin,60843.1954977,1,18.7386,0.07036305,20.7141,1
ZTF25aajygin,60843.2379514,2,17.5057,0.036869735,20.5948,1
ZTF25aajygin,60844.2862616,1,18.7413,0.09849116,20.4168,1
ZTF25aajygin,60844.3271296,2,17.4798,0.05159202,20.2741,1
ZTF25aajygin,60845.1952546,1,18.8109,0.09060439,20.4795,1
ZTF25aajygin,60845.2568056,2,17.5334,0.035961457,20.6668,1
ZTF25aajygin,60846.2848727,1,18.844,0.08344115,20.4209,1
ZTF25aajygin,60846.3383449,2,17.4591,0.04525275,20.0648,1
ZTF25aajygin,60847.2017361,1,18.8429,0.0975709,20.5456,1
ZTF25aajygin,60847.2602662,2,17.51,0.034018993,20.3691,1
ZTF25aajygin,60848.2854514,2,17.5182,0.047601882,20.3218,1
ZTF25aajygin,60848.3492245,1,18.8457,0.12471953,19.8633,1
ZTF25aajygin,60849.205081,1,18.818,0.08871386,20.4346,1
ZTF25aajygin,60849.2412847,2,17.5841,0.040892996,20.5932,1
ZTF25aajygin,60850.2783449,2,17.5409,0.052613102,20.4655,1
ZTF25aajygin,60850.305544,2,17.5387,0.050437648,20.4462,1
ZTF25aajygin,60851.1718519,2,17.5088,0.03367673,19.9066,1
ZTF25aajygin,60851.1962037,2,17.5296,0.047579348,19.8925,1
ZTF25aajygin,60852.2576273,1,19.0126,0.15407261,19.9911,1
ZTF25aajygin,60852.3190856,2,17.577,0.06525,19.994,1
ZTF25aajygin,60852.3190856,2,17.577,0.06525036,19.994,1
ZTF25aajygin,60853.1964468,1,18.9366,0.11763719,20.4245,1
ZTF25aajygin,60853.2452662,2,17.6113,0.040112834,20.5519,1
ZTF25aajygin,60854.2809722,1,18.9767,0.11186402,20.4138,1
ZTF25aajygin,60854.3273148,2,17.6008,0.05549851,20.2701,1
ZTF25aajygin,60857.195544,1,18.9754,0.082616985,20.4635,1
ZTF25aajygin,60857.1960069,1,19.0904,0.10081445,20.4973,1
ZTF25aajygin,60857.2401736,2,17.6009,0.041425373,20.3172,1
ZTF25aajygin,60857.2440972,2,17.6103,0.05106771,20.4631,1
ZTF25aajygin,60859.2282755,2,17.6716,0.042609334,20.1334,1
ZTF25aajygin,60859.2287384,2,17.6584,0.06381763,20.0593,1
ZTF25aajygin,60859.2794329,1,19.0401,0.1331324,19.9041,1
ZTF25aajygin,60859.282338,1,19.1219,0.12555026,19.7942,1
ZTF25aajygin,61009.5465972,2,19.525,0.12914759,20.418,1
ZTF25aajygin,61015.5443287,2,19.6238,0.19908182,20.0003,1
ZTF25aajygin,61017.5096759,2,19.6559,0.1439144,20.0569,1
ZTF25aajygin,61020.4916898,2,19.4941,0.16945462,20.0796,1
ZTF25aajygin,61030.5327431,2,19.4984,0.14073615,20.4206,1
ZTF25aajygin,61030.5475347,2,19.6579,0.1343819,20.6651,1
ZTF25aaoxrmn,60795.4170602,2,19.1681,0.0911303,20.7529,1
ZTF25aaoxrmn,60797.4152662,2,18.8801,0.086880796,20.9091,1
ZTF25aaoxrmn,60797.4511111,1,18.9176,0.08168651,20.9952,1
ZTF25aaoxrmn,60802.4632523,2,18.6202,0.04921147,20.8697,1
ZTF25aaoxrmn,60804.461956,1,18.9878,0.08647353,20.5119,1
ZTF25aaoxrmn,60804.484375,2,18.6552,0.05298242,20.4118,1
ZTF25aaoxrmn,60810.4496181,1,18.9836,0.11581776,19.876,1
ZTF25aaoxrmn,60815.4577199,2,18.5208,0.092356145,20.6301,1
ZTF25aaoxrmn,60817.369375,1,19.0686,0.06862768,20.8739,1
ZTF25aaoxrmn,60817.3877662,2,18.5651,0.069006585,20.913,1
ZTF25aaoxrmn,60819.421875,1,19.2605,0.110782884,20.8232,1
ZTF25aaoxrmn,60821.3197569,1,19.1964,0.10507282,20.6735,1
ZTF25aaoxrmn,60821.3471875,2,18.5947,0.08019458,20.7774,1
ZTF25aaoxrmn,60823.3286921,1,19.2101,0.107368745,20.9659,1
ZTF25aaoxrmn,60823.3429282,2,18.5789,0.07511808,20.9841,1
ZTF25aaoxrmn,60829.3275,2,18.5677,0.07311943,20.6402,1
ZTF25aaoxrmn,60829.3425579,1,19.3622,0.08376911,20.755,1
ZTF25aaoxrmn,60832.4534722,2,18.6195,0.06252563,20.8369,1
ZTF25aaoxrmn,60834.4246412,1,19.3511,0.13118523,20.5534,1
ZTF25aaoxrmn,60834.4469444,2,18.5764,0.06715573,20.9077,1
ZTF25aaoxrmn,60838.3777199,2,18.4594,0.11174681,19.1678,1
ZTF25aaoxrmn,60838.429213,1,19.5227,0.23657,19.4356,1
ZTF25aaoxrmn,60840.2422685,1,19.3676,0.15482432,20.2577,1
ZTF25aaoxrmn,60840.3271759,2,18.5819,0.08631292,20.2583,1
ZTF25aaoxrmn,60843.2463426,2,18.5651,0.07806211,20.5144,1
ZTF25aaoxrmn,60843.3172917,1,19.3065,0.10195457,20.3757,1
ZTF25aaoxrmn,60847.3235648,2,18.4903,0.065011315,20.6874,1
ZTF25aaoxrmn,60847.3768403,1,19.3396,0.110844985,20.6253,1
ZTF25aaoxrmn,60849.2186806,1,19.2906,0.11777751,20.4702,1
ZTF25aaoxrmn,60849.2878819,2,18.5264,0.07887013,20.8878,1
ZTF25aaoxrmn,60851.2987963,2,18.4824,0.06022676,20.7483,1
ZTF25aaoxrmn,60851.2987963,2,18.4858,0.061235,20.752,1
ZTF25aaoxrmn,60851.3255208,2,18.4397,0.080366,20.8649,1
ZTF25aaoxrmn,60851.3255208,2,18.4392,0.07916827,20.86,1
ZTF25aaoxrmn,60853.2999074,1,19.1236,0.0937446,20.6687,1
ZTF25aaoxrmn,60853.3409606,2,18.4308,0.062285356,20.8371,1
ZTF25aaoxrmn,60853.3409606,2,18.4308,0.062285,20.8371,1
ZTF25aaoxrmn,60855.2907755,1,19.1896,0.10270559,20.4619,1
ZTF25aaoxrmn,60855.3170023,2,18.4265,0.062532425,20.3386,1
ZTF25aaoxrmn,60857.333669,1,19.1986,0.10139622,20.8008,1
ZTF25aaoxrmn,60857.3439468,2,18.3959,0.05609529,20.5762,1
ZTF25aaoxrmn,60859.3711111,1,19.0788,0.08266393,20.8976,1
ZTF25aaoxrmn,60861.339838,2,18.3961,0.07223157,20.6512,1
ZTF25aaoxrmn,60861.4083565,1,19.2103,0.10486468,20.8535,1
ZTF25aaoxrmn,60863.2818634,1,19.1301,0.13597459,20.0693,1
ZTF25aaoxrmn,60863.3123958,2,18.3246,0.0630916,20.2335,1
ZTF25aaoxrmn,60865.2550579,1,19.2207,0.18636338,19.9406,1
ZTF25aaoxrmn,60865.2550579,1,19.2207,0.186363,19.9406,1
ZTF25aaoxrmn,60865.2943403,2,18.3168,0.07918286,20.1819,1
ZTF25aaoxrmn,60867.2784375,2,18.2245,0.056883037,20.0894,1
ZTF25aaoxrmn,60867.3433565,1,18.863,0.11630696,19.526,1
ZTF25aaoxrmn,60869.1952894,1,19.0077,0.09573312,20.6656,1
ZTF25aaoxrmn,60869.2763542,2,18.2648,0.063997716,20.2176,1
ZTF25aaoxrmn,60871.2397685,1,18.939,0.098463684,20.49,1
ZTF25aaoxrmn,60871.2906829,2,18.2878,0.07913262,19.9003,1
ZTF25aaoxrmn,60873.222419,1,18.9707,0.08980437,20.5798,1
ZTF25aaoxrmn,60873.2889815,2,18.2728,0.0705637,20.3942,1
ZTF25aaoxrmn,60876.2570139,2,18.2185,0.059266377,20.767,1
ZTF25aaoxrmn,60876.3000347,1,18.9282,0.07241878,20.8831,1
ZTF25aaoxrmn,60878.2576273,2,18.2091,0.054800346,20.9467,1
ZTF25aaoxrmn,60878.3462847,1,18.9498,0.076692425,21.0102,1
ZTF25aaoxrmn,60880.1907986,1,18.9483,0.07627334,20.7875,1
ZTF25aaoxrmn,60880.2670833,2,18.2259,0.063170634,20.5855,1
ZTF25aaoxrmn,60882.2250116,1,18.89,0.079684764,20.7701,1
ZTF25aaoxrmn,60882.2658796,2,18.1632,0.068049446,20.7117,1
ZTF25aaoxrmn,60884.1935069,1,18.8671,0.07676157,20.9236,1
ZTF25aaoxrmn,60884.2581944,2,18.187,0.057066288,20.9448,1
ZTF25aaoxrmn,60886.2618171,1,18.8848,0.08681827,20.5722,1
ZTF25aaoxrmn,60886.3103241,2,18.1794,0.071622,20.7771,1
ZTF25aaoxrmn,60888.2565509,1,18.8326,0.08174123,20.6833,1
ZTF25aaoxrmn,60888.3050347,2,18.1288,0.056229,20.9416,1
ZTF25aaoxrmn,60888.3050347,2,18.1288,0.056229252,20.9416,1
ZTF25aaoxrmn,60890.1800694,2,18.1371,0.07008385,20.2903,1
ZTF25aaoxrmn,60890.3038194,1,18.8094,0.08617898,20.19,1
ZTF25aaoxrmn,60892.2240856,2,18.1844,0.071366295,20.4379,1
ZTF25aaoxrmn,60895.1741204,1,18.7687,0.13147995,19.6071,1
ZTF25aaoxrmn,60895.2218981,2,18.1212,0.070751175,19.5399,1
ZTF25aaoxrmn,60897.224213,2,18.1117,0.07906268,19.8144,1
ZTF25aaoxrmn,60897.2665046,1,18.8202,0.097022235,19.61,1
ZTF25aaoxrmn,60899.1722917,1,18.8367,0.08550309,20.5821,1
ZTF25aaoxrmn,60899.1722917,1,18.8367,0.085503,20.5821,1
ZTF25aaoxrmn,60899.2148495,2,18.0905,0.08214923,20.1729,1
ZTF25aaoxrmn,60901.2054745,2,18.0836,0.06506855,20.9046,1
ZTF25aaoxrmn,60901.2142708,1,18.8223,0.09047167,20.8722,1
ZTF25aaoxrmn,60903.1750116,2,18.046,0.059544086,20.9562,1
ZTF25aaoxrmn,60903.2179051,1,18.8699,0.06934896,20.864,1
ZTF25aaoxrmn,60905.395162,1,18.8431,0.11803341,19.9891,1
ZTF25aaoxrmn,60910.265787,2,18.0843,0.054613505,20.6771,1
ZTF25aaoxrmn,60914.1752315,1,18.8934,0.07260751,20.6712,1
ZTF25aaoxrmn,60914.2044907,2,18.117,0.052665114,20.6211,1
ZTF25aaoxrmn,60917.215544,2,18.1077,0.06323664,20.6238,1
ZTF25aaoxrmn,60917.215544,2,18.1077,0.063237,20.6238,1
ZTF25aaoxrmn,60917.2645718,1,18.9331,0.075963415,20.5704,1
ZTF25aaoxrmn,60919.1798958,1,19.0182,0.12225766,20.4133,1
ZTF25aaoxrmn,60919.2047338,2,18.1591,0.07662573,20.3392,1
ZTF25aaoxrmn,60921.1651273,2,18.1456,0.06723283,20.3044,1
ZTF25aaoxrmn,60921.1898264,1,19.0569,0.14539415,20.118,1
ZTF25aaoxrmn,60923.1737847,1,19.1485,0.15871976,19.7848,1
ZTF25aaoxrmn,60925.2040972,2,18.2276,0.08166024,19.9475,1
ZTF25aaoxrmn,60925.2474074,1,18.8865,0.11381792,19.5247,1
ZTF25aaoxrmn,60927.167037,1,19.1273,0.11125813,20.1339,1
ZTF25aaoxrmn,60927.2069444,2,18.2602,0.06142401,20.0413,1
ZTF25aaoxrmn,60929.2474769,2,18.2984,0.07625649,19.9976,1
ZTF25aaoxrmn,60929.2901852,1,19.0802,0.1695771,19.5129,1
ZTF25aaoxrmn,60931.1449769,2,18.288,0.07014717,20.5654,1
ZTF25aaoxrmn,60934.1615394,1,19.2821,0.09558883,20.8533,1
ZTF25aaoxrmn,60934.1871991,2,18.3441,0.07889528,20.797,1
ZTF25aaoxrmn,60938.1812963,2,18.3878,0.054205067,20.7425,1
ZTF25aaoxrmn,60938.2386458,1,19.4224,0.13079809,20.4618,1
ZTF25aaoxrmn,60941.2645833,2,18.4395,0.056336302,19.7497,1
ZTF25aaoxrmn,60943.1947917,2,18.4723,0.0554758,20.6964,1
ZTF25aaoxrmn,60948.2199653,2,18.558,0.08024073,20.2788,1
ZTF25aaoxrmn,60948.2370602,1,19.7646,0.17771593,20.2962,1
ZTF25aaoxrmn,60950.1450231,1,19.838,0.1654502,20.2408,1
ZTF25aaoxrmn,60950.1702662,2,18.6252,0.069976546,20.1905,1
ZTF25aaoxrmn,60953.1434606,1,19.8021,0.19365981,19.8776,1
ZTF25aaoxrmn,60953.1740972,2,18.6566,0.08755932,19.9957,1
ZTF25aaoxrmn,60955.1443519,2,18.8001,0.09344965,19.5632,1
ZTF25aaoxrmn,60955.1665741,1,19.3906,0.247969,19.0809,1
ZTF25aaoxrmn,60960.1164468,1,20.0038,0.13920638,20.761,1
ZTF25aaoxrmn,60960.1572222,2,18.8631,0.101712584,20.5499,1
ZTF25aaoxrmn,60965.1304398,2,18.926,0.11380428,20.4921,1
ZTF25aaoxrmn,60965.1640162,1,19.9875,0.19024931,20.1534,1
ZTF25aaoxrmn,60967.1306713,2,19.0137,0.119747825,19.9487,1
ZTF25aaoxrmn,60967.1621644,1,20.259,0.303434,19.9883,1
ZTF25aaoxrmn,60969.1286921,2,18.9546,0.0855984,20.2941,1
ZTF25aaoxrmn,60969.1545833,1,20.1635,0.243101,20.2594,1
ZTF25aaoxrmn,60972.1127894,1,20.2073,0.18822157,20.3827,1
ZTF25aaoxrmn,60972.1714931,2,18.9694,0.11194532,19.8686,1
ZTF25aaoxrmn,60974.1079282,2,19.0148,0.10342691,20.2716,1
ZTF25aaoxrmn,60974.1537616,1,20.3837,0.248551,20.0879,1
ZTF25aaoxrmn,60976.1135301,2,19.0934,0.095264606,20.0804,1
ZTF25aaoxrmn,60978.1021875,1,20.3162,0.27406,20.1585,1
ZTF25aaoxrmn,60978.1514468,2,19.1031,0.12741782,20.0368,1
ZTF25aaoxrmn,60986.1735532,2,18.9929,0.11751896,19.1678,1
ZTF25aaoxrmn,60990.0749653,2,19.2117,0.21296664,19.4273,1
ZTF25aaoxrmn,61075.5472106,2,19.555,0.17461388,19.6286,1
ZTF25aaoxrmn,61077.5529514,2,19.6112,0.18459655,19.903,1
ZTF25aapplfd,60805.3009259,1,19.9479,0.308232,19.4438,1
ZTF25aapplfd,60805.4063542,2,20.2528,0.218229,19.9578,1
ZTF25aapplfd,60807.4444907,1,19.4792,0.20025949,19.2698,1
ZTF25aapplfd,60811.4557292,1,19.4259,0.1462183,19.9051,1
ZTF25aapplfd,60816.344919,1,19.387,0.118854865,20.415,1
ZTF25aapplfd,60816.4353819,2,19.3757,0.10855065,20.3185,1
ZTF25aapplfd,60818.3675463,1,19.394,0.103386,20.5898,1
ZTF25aapplfd,60818.3675463,1,19.394,0.10338623,20.5898,1
ZTF25aapplfd,60818.4037963,2,19.2555,0.088627785,20.5453,1
ZTF25aapplfd,60820.3675463,1,19.3839,0.1149513,20.6129,1
ZTF25aapplfd,60820.4064931,2,19.2515,0.10006624,20.5509,1
ZTF25aapplfd,60822.3253819,1,19.2849,0.12643178,20.5561,1
ZTF25aapplfd,60822.3490394,2,19.1338,0.08392369,20.3253,1
ZTF25aapplfd,60824.3405903,2,19.1753,0.09170131,20.5063,1
ZTF25aapplfd,60824.4125579,1,19.3427,0.100988105,20.6559,1
ZTF25aapplfd,60828.3227315,1,19.2526,0.12519756,20.3711,1
ZTF25aapplfd,60830.3704514,2,18.9896,0.074294,20.4012,1
ZTF25aapplfd,60830.4132523,1,19.3869,0.156859,20.3742,1
ZTF25aapplfd,60832.3962963,1,19.3861,0.1313351,20.2917,1
ZTF25aapplfd,60832.4523264,2,19.135,0.08528314,20.5731,1
ZTF25aapplfd,60834.4272338,1,19.4701,0.1394299,20.1861,1
ZTF25aapplfd,60836.3033333,2,19.1579,0.16250244,19.2546,1
ZTF25aapplfd,60836.4445139,1,19.3145,0.16652429,19.6413,1
ZTF25aapplfd,60839.2855671,1,19.4986,0.244981,19.365,1
ZTF25aapplfd,60839.2855671,1,19.4986,0.244981,19.365,1
ZTF25aapplfd,60839.36625,2,19.1065,0.10632533,20.0401,1
ZTF25aapplfd,60843.2456597,2,19.0981,0.09249051,20.3398,1
ZTF25aapplfd,60843.3069444,1,19.5814,0.19146611,20.3611,1
ZTF25aapplfd,60845.241169,1,19.5985,0.13764693,20.3911,1
ZTF25aapplfd,60845.2758565,2,19.0995,0.1010895,20.5054,1
ZTF25aapplfd,60847.2429398,1,19.6298,0.253797,20.2478,1
ZTF25aapplfd,60847.4055903,2,19.2699,0.10451712,20.4309,1
ZTF25aapplfd,60850.3417824,2,19.2291,0.093619525,20.48,1
ZTF25aapplfd,60850.3697685,2,19.3288,0.0893139,20.5328,1
ZTF25aapplfd,60852.3427662,2,19.2024,0.09204365,20.2922,1
ZTF25aapplfd,60852.3696875,1,19.8352,0.17610934,20.3357,1
ZTF25aapplfd,60854.3103588,1,19.7154,0.15101951,20.4842,1
ZTF25aapplfd,60854.3448148,2,19.3226,0.09507537,20.4832,1
ZTF25aapplfd,60858.3652662,1,19.8357,0.14641199,20.5551,1
ZTF25aapplfd,60860.3163773,2,19.3559,0.11650453,20.3187,1
ZTF25aapplfd,60860.410162,1,19.9249,0.17689222,20.3008,1
ZTF25aapplfd,60862.315787,2,19.4116,0.120668516,20.2722,1
ZTF25aapplfd,60862.4069792,1,19.9246,0.18946774,20.4804,1
ZTF25aapplfd,60864.3002315,2,19.5116,0.15161105,20.0226,1
ZTF25aapplfd,60866.2267245,1,19.916,0.271768,19.5039,1
ZTF25aapplfd,60866.266331,2,19.6027,0.14398512,19.7925,1
ZTF25aapplfd,60868.2003935,1,19.975,0.298915,19.8707,1
ZTF25aapplfd,60868.2965856,2,19.5756,0.19507873,19.8793,1
ZTF25aapplfd,60870.2224306,1,20.0149,0.222292,20.25,1
ZTF25aapplfd,60870.2631134,2,19.6222,0.20785071,19.7425,1
ZTF25aapplfd,60872.2330324,1,19.8233,0.19542833,20.3206,1
ZTF25aapplfd,60872.2808218,2,19.4105,0.14695,20.0899,1
ZTF25aapplfd,60875.2607986,2,19.6222,0.11270823,20.5077,1
ZTF25aapplfd,60875.2882176,1,20.034,0.16155402,20.5308,1
ZTF25aapplfd,60877.2639468,1,20.2198,0.19033755,20.3794,1
ZTF25aapplfd,60877.3012963,2,19.6282,0.15105817,20.3876,1
ZTF25aapplfd,60879.2375579,2,19.6735,0.1115089,20.5026,1
ZTF25aapplfd,60881.2630556,2,19.7065,0.1325147,20.4203,1
ZTF25aapplfd,60885.1960648,1,20.2832,0.271241,20.2046,1
ZTF25aapplfd,60885.2147685,2,19.6614,0.12568352,20.3909,1
ZTF25aapplfd,60887.2168634,2,19.6879,0.12420965,20.4475,1
ZTF25aapplfd,60887.423206,1,20.5904,0.416727,20.186,1
ZTF25aapplfd,60901.1790625,2,20.0146,0.20435415,20.4353,1
ZTF25aapplfd,60903.1859375,2,20.0328,0.13879222,20.5832,1
ZTF25aapplfd,60903.2236343,1,20.4843,0.239055,20.5322,1
ZTF25aapplfd,60908.2005556,2,20.0796,0.18533725,20.2861,1
ZTF25aapplfd,60908.3047222,1,20.4107,0.273791,20.2881,1
ZTF25aapplfd,60914.1827315,1,20.658,0.310395,20.3931,1
ZTF25aapplfd,60914.2118866,2,20.1169,0.18859826,20.2312,1
ZTF25aapplfd,60917.212581,2,20.3172,0.21424623,20.3146,1
ZTF25aapplfd,60919.1985995,2,20.1528,0.2139806,20.2095,1
ZTF25aapplfd,60921.1547106,2,20.1363,0.218236,20.056,1
ZTF25aapplfd,60929.218912,2,20.4317,0.361746,19.7804,1
ZTF25aapplfd,60932.2065856,2,20.306,0.20585102,20.4385,1
ZTF25aapplfd,60934.2034954,2,20.336,0.19902003,20.3466,1
ZTF25aapplfd,60943.2214699,2,20.3418,0.21500076,20.2942,1
ZTF25aapplfd,60948.2009722,2,20.4658,0.281917,20.1788,1
ZTF25aapplfd,60960.1395139,2,20.8371,0.261191,20.3207,1
ZTF25aapplfd,60965.1230208,2,20.4939,0.243729,20.2623,1
ZTF25aapplfd,60967.1128125,2,20.2311,0.21674977,20.0893,1
ZTF25aapsisw,60803.4867708,2,18.1412,0.077898815,19.3307,1
ZTF25aapsisw,60803.4916435,2,18.1409,0.08105297,19.1138,1
ZTF25aapsisw,60803.4965162,2,18.1461,0.10499467,18.7802,1
ZTF25aapsisw,60805.4940741,2,18.1239,0.11820125,18.5346,1
ZTF25aapsisw,60806.4834838,2,18.1581,0.10077923,18.8932,1
ZTF25aapsisw,60806.4873611,2,18.1218,0.1519356,18.2415,1
ZTF25aapsisw,60806.4922685,2,17.9603,0.09005975,18.3982,1
ZTF25aapsisw,60810.4783102,2,18.057,0.079449326,19.1803,1
ZTF25aapsisw,60810.4826157,2,18.2438,0.11629089,19.1346,1
ZTF25aapsisw,60810.4864583,2,18.1214,0.09508413,19.0423,1
ZTF25aapsisw,60811.478669,2,18.0919,0.07430758,19.2335,1
ZTF25aapsisw,60811.4825116,2,18.0195,0.10406953,18.9638,1
ZTF25aapsisw,60811.4863542,2,18.1877,0.117201634,18.9037,1
ZTF25aapsisw,60814.4764815,2,17.9804,0.056891322,19.3229,1
ZTF25aapsisw,60814.4803704,2,18.0098,0.08255242,19.3317,1
ZTF25aapsisw,60814.484213,2,17.9729,0.05822847,19.2933,1
ZTF25aapsisw,60815.4798843,2,18.0835,0.064576544,19.5199,1
ZTF25aapsisw,60815.4837153,2,18.0556,0.07244886,19.3567,1
ZTF25aapsisw,60816.4749074,2,18.0113,0.05631035,19.7571,1
ZTF25aapsisw,60816.4787384,2,18.0788,0.071892224,19.7433,1
ZTF25aapsisw,60816.482581,2,18.0507,0.057633966,19.562,1
ZTF25aapsisw,60817.4740509,2,18.0707,0.06274811,19.8676,1
ZTF25aapsisw,60817.4778935,2,18.0297,0.067285515,19.7152,1
ZTF25aapsisw,60817.4817245,2,18.0374,0.049745824,19.5419,1
ZTF25aapsisw,60818.4739583,2,18.0413,0.053244885,19.7911,1
ZTF25aapsisw,60818.4777894,2,18.0148,0.05294771,19.8062,1
ZTF25aapsisw,60818.4816319,2,18.0694,0.047615778,19.7153,1
ZTF25aapsisw,60820.4714583,2,18.0942,0.06754436,19.9585,1
ZTF25aapsisw,60820.4752662,2,18.0878,0.058070056,19.9736,1
ZTF25aapsisw,60820.4790625,2,18.0639,0.05093744,19.8446,1
ZTF25aapsisw,60821.4723611,2,18.1218,0.061831627,19.9467,1
ZTF25aapsisw,60821.476169,2,18.085,0.057350364,19.8726,1
ZTF25aapsisw,60821.4799769,2,18.0498,0.05117248,19.7563,1
ZTF25aapsisw,60822.4711806,2,18.0796,0.052379943,20.2016,1
ZTF25aapsisw,60822.4750116,2,18.1067,0.04991307,20.224,1
ZTF25aapsisw,60822.4793287,2,18.1042,0.062231436,19.9952,1
ZTF25aapsisw,60823.4709491,2,18.065,0.052740976,20.2643,1
ZTF25aapsisw,60823.4785995,2,18.1449,0.059143115,20.0861,1
ZTF25aapsisw,60824.4767477,2,18.108,0.06963004,20.0642,1
ZTF25aapsisw,60825.473588,2,18.1634,0.06098826,19.8702,1
ZTF25aapsisw,60825.4778819,2,18.1436,0.058922876,19.8832,1
ZTF25aapsisw,60826.4684375,2,18.0434,0.092775136,19.0073,1
ZTF25aapsisw,60829.468912,2,18.2498,0.07274973,19.9848,1
ZTF25aapsisw,60829.4727431,2,18.1973,0.06855881,19.8212,1
ZTF25aapsisw,60829.4765856,2,18.2041,0.06876724,19.6576,1
ZTF25aapsisw,60850.4249884,2,18.4364,0.06274893,20.323,1
ZTF25aapsisw,60850.4599074,2,18.4301,0.06031394,20.5034,1
ZTF25aapsisw,60850.4599074,2,18.4301,0.060314,20.5034,1
ZTF25aapsisw,60853.4022569,2,18.5109,0.069766395,20.4165,1
ZTF25aapsisw,60853.4754398,1,18.4585,0.08294587,20.1026,1
ZTF25aapsisw,60857.4056134,2,18.4724,0.06134,20.4536,1
ZTF25aapsisw,60859.3845718,1,18.5268,0.069517225,20.3238,1
ZTF25aapsisw,60859.4634954,2,18.5006,0.06642681,20.5222,1
ZTF25aapsisw,60887.3268634,1,18.6763,0.07746957,20.4373,1
ZTF25aapsisw,60887.3609144,2,18.6266,0.068656325,20.6898,1
ZTF25aapsisw,60904.2972338,1,18.7704,0.07783934,20.4976,1
ZTF25aapsisw,60904.2972338,1,18.7704,0.077839,20.4976,1
ZTF25aapsisw,60904.3875694,2,18.7293,0.07038539,20.7495,1
ZTF25aapsisw,60909.3406829,1,18.7287,0.07443867,20.5694,1
ZTF25aapsisw,60909.3658102,2,18.6965,0.07157014,20.6955,1
ZTF25aapsisw,60911.34,2,18.6692,0.066475004,20.5977,1
ZTF25aapsisw,60911.3718403,1,18.7699,0.07890213,20.6992,1
ZTF25aapsisw,60914.3580208,2,18.7307,0.061272185,20.6375,1
ZTF25aapsisw,60914.446088,1,18.767,0.09075397,20.3959,1
ZTF25aapsisw,60917.3191319,1,18.7935,0.07185924,20.5371,1
ZTF25aapsisw,60917.3603009,2,18.7813,0.057889137,20.557,1
ZTF25aapsisw,60919.3312731,1,18.8109,0.093843035,20.6079,1
ZTF25aapsisw,60919.3562616,2,18.7549,0.06516893,20.738,1
ZTF25aapsisw,60923.314838,2,18.6638,0.0726098,19.8784,1
ZTF25aapsisw,60923.4004977,1,18.9935,0.11649516,19.6793,1
ZTF25aapsisw,60925.326169,1,18.8629,0.13607113,19.0965,1
ZTF25aapsisw,60925.3939005,2,18.7207,0.112309664,19.3093,1
ZTF25aapsisw,60930.358287,1,18.8149,0.08689899,19.9836,1
ZTF25aapsisw,60930.3822222,2,18.771,0.07793149,20.2203,1
ZTF25aapsisw,60933.2790046,1,18.849,0.08107309,20.7205,1
ZTF25aapsisw,60933.3605093,2,18.8286,0.075408734,20.4425,1
ZTF25aapsisw,60935.2734954,2,18.7824,0.09285863,20.6224,1
ZTF25aapsisw,60935.340081,1,18.8087,0.06915364,20.5556,1
ZTF25aapsisw,60944.3015509,2,18.7983,0.0672892,20.6147,1
ZTF25aapsisw,60944.3185185,1,18.7918,0.103004724,20.5446,1
ZTF25aapsisw,60949.2851968,2,18.8071,0.066706754,20.572,1
ZTF25aapsisw,60949.374537,1,18.8465,0.080027096,20.6201,1
ZTF25aapsisw,60951.252662,2,18.7648,0.07111294,20.3418,1
ZTF25aapsisw,60951.3706481,1,18.7983,0.08227223,20.0915,1
ZTF25aapsisw,60980.2952778,2,18.7048,0.0868857,19.891,1
ZTF25aapsisw,61015.1287963,2,18.815,0.12148179,19.7964,1
ZTF25aapsisw,61015.1946181,1,18.6979,0.08780044,19.4345,1
ZTF25aapsisw,61017.1080208,1,18.8175,0.06570163,20.6164,1
ZTF25aapsisw,61017.1848958,2,18.7634,0.0782171,20.187,1
ZTF25aapsisw,61021.1637037,1,18.8388,0.07719012,20.4876,1
ZTF25aapsisw,61021.1784838,2,18.812,0.07849678,20.5187,1
ZTF25aapsisw,61027.0897222,1,18.7828,0.07877054,20.107,1
ZTF25aapsisw,61027.1420949,2,18.7988,0.07367417,20.2286,1
ZTF25aapsisw,61029.1111111,1,18.8351,0.07724514,20.5506,1
ZTF25aapsisw,61029.1337037,2,18.7258,0.07642806,20.358,1
ZTF25aapsisw,61031.109375,1,18.8049,0.062116854,20.5986,1
ZTF25aapsisw,61031.1420139,2,18.8761,0.08378029,20.7009,1
ZTF25aapsisw,61038.1204398,2,19.024,0.20799223,18.9932,1
ZTF25aapsisw,61038.1537616,1,19.0431,0.304433,18.7016,1
ZTF25aapsisw,61049.1,2,18.8553,0.090688914,19.9926,1
ZTF25aapsisw,61049.1631713,1,18.9228,0.12534913,19.7285,1
ZTF25aapsisw,61051.1826736,1,18.9915,0.14489298,19.643,1
ZTF25aapsisw,61053.1193634,1,18.8592,0.14902626,19.6412,1
ZTF25aapsisw,61053.1281366,2,18.8351,0.21555491,19.3733,1
ZTF25aapsisw,61055.1205556,2,18.8712,0.1090626,19.8933,1
ZTF25aapsisw,61055.1432986,1,18.9872,0.11097924,19.7828,1
ZTF25aapsisw,61057.1249306,2,19.0988,0.22162,18.853,1
ZTF25aapsisw,61057.1789005,1,18.9425,0.195737,19.1669,1
ZTF25aapsisw,61059.1220602,1,18.9013,0.0753033,20.054,1
ZTF25aapsisw,61059.1317245,2,18.8728,0.08678789,20.4152,1
ZTF25aapsisw,61061.1102199,1,18.9356,0.21369697,18.6039,1
ZTF25aapsisw,61066.1236343,1,18.9964,0.19896857,19.0185,1
ZTF25aapsisw,61070.1160185,1,19.062,0.231838,18.8062,1
ZTF25aapsisw,61070.1612731,2,18.7085,0.234622,18.6368,1
ZTF25aapsisw,61072.1595602,2,18.8752,0.250282,18.6237,1
ZTF25aapsisw,61074.1546412,1,18.8187,0.19385263,18.6264,1
ZTF25aapsisw,61076.1146644,2,18.8726,0.110722296,19.5535,1
ZTF25aapsisw,61168.4982755,2,18.7519,0.284798,18.2042,1
ZTF25aapsisw,61169.4871875,2,19.0019,0.12934402,19.3122,1
ZTF25aapsisw,61169.4910648,2,18.7869,0.14084812,19.1579,1
ZTF25aapsisw,61169.4949421,2,18.8566,0.17259572,18.8323,1
ZTF25aapsisw,61170.4896528,2,18.9936,0.15180856,19.2512,1
ZTF25aapsisw,61170.4926273,2,19.2846,0.231919,18.9485,1
ZTF25aapsisw,61171.4850579,2,18.9797,0.13063858,19.3923,1
ZTF25aapsisw,61171.487963,2,19.0342,0.160837,19.2196,1
ZTF25aapsisw,61171.4918866,2,18.9038,0.20323668,18.9922,1
ZTF25aapsisw,61179.4800463,2,18.9459,0.18989737,19.2092,1
ZTF25aapsisw,61180.4794792,2,18.8891,0.14700313,19.6055,1
ZTF25aapsisw,61181.4788194,2,18.9634,0.12326637,19.8742,1
ZTF25aapsisw,61183.4777778,2,19.0885,0.10882602,19.8884,1
ZTF25aapsisw,61184.4768519,2,18.9411,0.10264121,19.9053,1
ZTF25aapsisw,61185.4754398,2,19.0277,0.11583964,20.0349,1
ZTF25aapsisw,61186.4759606,2,19.0612,0.123947255,19.8838,1
ZTF25aapsisw,61192.4721065,2,18.981,0.111383915,19.5776,1
ZTF25aapsisw,61194.4851157,2,19.0882,0.227379,19.3647,1
ZTF25aapsisw,61195.4710532,2,19.0511,0.104030855,19.7097,1
ZTF25aapsisw,61196.4703356,2,19.0525,0.108254805,19.9098,1
ZTF25aapsisw,61197.4696875,2,19.1374,0.1769339,19.4171,1
ZTF25aapsisw,61199.469213,2,19.0021,0.13637182,19.9581,1
ZTF25aapsisw,61200.4678588,2,19.0405,0.10224296,19.9999,1
ZTF25aapsisw,61201.4687384,2,19.0102,0.08733093,19.9726,1
ZTF25aapsisw,61202.4678472,2,18.9869,0.08979243,20.3272,1
ZTF25aapsisw,61204.4668056,2,19.0242,0.07859207,20.3068,1
ZTF25aaqqjud,60811.486875,2,19.5683,0.236843,19.1909,1
ZTF25aaqqjud,60817.4272454,2,18.9714,0.0750298,20.1425,1
ZTF25aaqqjud,60817.4628241,1,18.9071,0.091798514,20.0901,1
ZTF25aaqqjud,60850.427338,2,18.2239,0.06605862,20.3708,1
ZTF25aaqqjud,60850.4426273,2,18.2118,0.053698607,20.4584,1
ZTF25aaqqjud,60853.3939468,2,18.2053,0.059833623,20.3094,1
ZTF25aaqqjud,60853.4668403,1,18.5044,0.078462094,20.2806,1
ZTF25aaqqjud,60857.407963,2,18.2308,0.051967,20.584,1
ZTF25aaqqjud,60857.4255787,1,18.4849,0.062132,20.6158,1
ZTF25aaqqjud,60859.3231481,2,18.244,0.06480791,19.8877,1
ZTF25aaqqjud,60859.3930671,1,18.5378,0.072184995,20.3907,1
ZTF25aaqqjud,60887.3210648,1,18.7067,0.067560814,20.5931,1
ZTF25aaqqjud,60887.3637384,2,18.3388,0.062881,20.6133,1
ZTF25aaqqjud,60895.3850116,2,18.3661,0.06610646,19.7735,1
ZTF25aaqqjud,60895.433912,1,18.834,0.09540331,19.7736,1
ZTF25aaqqjud,60898.3636227,2,18.4095,0.07054754,19.7454,1
ZTF25aaqqjud,60898.4657986,1,18.8521,0.12662758,19.6486,1
ZTF25aaqqjud,60901.3711343,2,18.4153,0.062536,20.1196,1
ZTF25aaqqjud,60901.3711343,2,18.4153,0.06253647,20.1196,1
ZTF25aaqqjud,60901.3844097,1,18.9216,0.11364397,19.8586,1
ZTF25aaqqjud,60903.3411921,2,18.4442,0.05626759,20.5535,1
ZTF25aaqqjud,60903.4093519,1,18.8804,0.095415,20.4364,1
ZTF25aaqqjud,60903.4093519,1,18.8804,0.09541532,20.4364,1
ZTF25aaqqjud,60905.3259838,1,18.9182,0.08616334,20.5974,1
ZTF25aaqqjud,60905.3509954,2,18.457,0.053116024,20.6551,1
ZTF25aaqqjud,60909.3440856,1,18.963,0.083736755,20.6444,1
ZTF25aaqqjud,60909.3824421,2,18.5041,0.05557106,20.5853,1
ZTF25aaqqjud,60911.3437847,2,18.5329,0.06247947,20.6381,1
ZTF25aaqqjud,60911.3676042,1,18.9575,0.095689245,20.7289,1
ZTF25aaqqjud,60914.3221181,1,19.1276,0.09334636,20.6083,1
ZTF25aaqqjud,60914.3614352,2,18.5366,0.05034731,20.6191,1
ZTF25aaqqjud,60917.3220602,1,19.0377,0.097422384,20.7336,1
ZTF25aaqqjud,60917.3458681,2,18.6165,0.064318515,20.5389,1
ZTF25aaqqjud,60919.3237963,1,19.0685,0.06780165,20.7626,1
ZTF25aaqqjud,60919.3416088,2,18.612,0.05927667,20.6848,1
ZTF25aaqqjud,60923.3388889,2,18.6838,0.06337444,20.1443,1
ZTF25aaqqjud,60923.4480324,1,19.0894,0.10161167,20.3112,1
ZTF25aaqqjud,60925.3211574,1,19.1466,0.11990772,19.5722,1
ZTF25aaqqjud,60925.4059954,2,18.7041,0.093573794,19.6689,1
ZTF25aaqqjud,60927.3011458,2,18.6503,0.09098804,19.7643,1
ZTF25aaqqjud,60927.3226736,1,19.2354,0.17973037,19.6985,1
ZTF25aaqqjud,60929.3232755,1,19.2822,0.16642077,19.6729,1
ZTF25aaqqjud,60929.3786921,2,18.7083,0.081656314,19.8672,1
ZTF25aaqqjud,60933.2144444,2,18.7634,0.066266246,20.3959,1
ZTF25aaqqjud,60933.2911227,1,19.3289,0.08661482,20.7973,1
ZTF25aaqqjud,60935.2644329,2,18.7965,0.10156667,19.8022,1
ZTF25aaqqjud,60935.3416898,1,19.2454,0.10052593,20.7088,1
ZTF25aaqqjud,60939.3049769,2,18.8746,0.07476139,20.6756,1
ZTF25aaqqjud,60939.3389699,1,19.3732,0.106037855,20.7811,1
ZTF25aaqqjud,60942.2649074,1,19.3719,0.09928789,20.7135,1
ZTF25aaqqjud,60942.3211921,2,18.8937,0.07917667,20.4205,1
ZTF25aaqqjud,60944.325706,1,19.466,0.102274425,20.7395,1
ZTF25aaqqjud,60949.3235995,2,18.9632,0.085614726,20.5308,1
ZTF25aaqqjud,60949.3853009,1,19.5511,0.122142,20.5756,1
ZTF25aaqqjud,60951.2550926,2,19.1267,0.08366164,20.3505,1
ZTF25aaqqjud,60953.2170255,2,19.0891,0.09859732,19.841,1
ZTF25aaqqjud,60953.3128704,1,19.4197,0.16002052,19.7678,1
ZTF25aaqqjud,60955.3460995,2,19.0854,0.166429,19.5316,1
ZTF25aaqqjud,60957.237963,2,19.2395,0.16693544,19.5638,1
ZTF25aaqqjud,60960.2630903,1,19.6901,0.1744288,20.363,1
ZTF25aaqqjud,60960.325463,2,19.1347,0.08712899,20.3117,1
ZTF25aaqqjud,60964.3544329,1,19.6431,0.15542358,20.1684,1
ZTF25aaqqjud,60966.1952778,2,19.1775,0.13506325,20.3258,1
ZTF25aaqqjud,60966.2220139,1,19.7594,0.123559944,20.6288,1
ZTF25aaqqjud,60968.2152546,1,19.7326,0.12392585,20.6339,1
ZTF25aaqqjud,60968.3000579,2,19.2018,0.08609536,20.5739,1
ZTF25aaqqjud,60970.1987847,2,19.1601,0.100850604,19.803,1
ZTF25aaqqjud,60970.2827546,1,19.7582,0.15610775,20.688,1
ZTF25aaqqjud,60972.2079977,2,19.3616,0.0923403,20.4692,1
ZTF25aaqqjud,60972.3016898,1,19.754,0.11371891,20.5122,1
ZTF25aaqqjud,60974.2176736,1,19.7382,0.1696021,20.6359,1
ZTF25aaqqjud,60976.3058333,2,19.3387,0.106399,20.2023,1
ZTF25aaqqjud,60976.3486806,1,19.9184,0.171466,20.3483,1
ZTF25aaqqjud,60978.3455556,1,20.0181,0.187636,20.5246,1
ZTF25aaqqjud,60980.306713,2,19.3985,0.106373146,20.2348,1
ZTF25aaqqjud,60984.1726273,1,19.6944,0.293439,19.3937,1
ZTF25aaqqjud,60984.2382755,1,19.8898,0.347091,19.4398,1
ZTF25aaqqjud,60986.3422801,2,19.3633,0.15034197,19.85,1
ZTF25aaqqjud,60988.1812731,1,20.0443,0.20563014,20.3821,1
ZTF25aaqqjud,60988.2614236,2,19.4154,0.12606798,19.9616,1
ZTF25aaqqjud,60990.2038889,1,19.9764,0.15324295,20.6121,1
ZTF25aaqqjud,61004.1794676,1,20.1728,0.17188337,20.3369,1
ZTF25aaqqjud,61004.2148264,2,19.6096,0.130741,20.405,1
ZTF25aaqqjud,61006.1736921,2,19.6011,0.16185647,20.0487,1
ZTF25aaqqjud,61012.1008449,2,19.6641,0.20285426,19.6855,1
ZTF25aaqqjud,61020.1608333,1,20.1994,0.2057911,20.4861,1
ZTF25aaqqjud,61022.1163657,2,19.7998,0.1679424,20.225,1
ZTF25aaqqjud,61022.1550694,1,20.4741,0.258431,20.4753,1
ZTF25aaqqjud,61024.1023843,1,20.5691,0.250722,20.7293,1
ZTF25aaqqjud,61024.1597454,2,20.0536,0.16636221,20.4624,1
ZTF25aaqqjud,61026.1872106,1,20.3712,0.226639,20.5271,1
ZTF25aaqqjud,61026.2173611,2,19.9715,0.15825357,20.4573,1
ZTF25aaqqjud,61028.2080324,2,20.0555,0.19572781,20.3911,1
ZTF25aatclux,60824.4208565,1,20.5298,0.288211,20.1541,1
ZTF25aatclux,60824.4631713,2,19.7511,0.19556499,20.2873,1
ZTF25aatclux,60829.4634722,1,20.0601,0.18603204,20.2393,1
ZTF25aatclux,60832.3993981,1,19.6935,0.223044,19.7247,1
ZTF25aatclux,60832.4606366,2,19.3403,0.14742933,20.3181,1
ZTF25aatclux,60834.461088,2,19.2484,0.11785445,20.4515,1
ZTF25aatclux,60846.422963,2,18.7294,0.087803505,20.0538,1
ZTF25aatclux,60846.4559606,1,19.2229,0.11096523,20.0223,1
ZTF25aatclux,60850.4368287,2,18.7058,0.103314,20.3963,1
ZTF25aatclux,60850.4368287,2,18.7058,0.103314295,20.3963,1
ZTF25aatclux,60850.4511574,2,18.6527,0.08608566,20.3353,1
ZTF25aatclux,60855.3671875,2,18.7962,0.13655691,19.6788,1
ZTF25aatclux,60855.4410648,1,19.2483,0.15229091,20.0341,1
ZTF25aatclux,60858.3777083,1,19.3215,0.12579912,20.2975,1
ZTF25aatclux,60858.441088,2,18.8183,0.08784563,20.3548,1
ZTF25aatclux,60860.3567361,2,18.7489,0.08884178,20.2727,1
ZTF25aatclux,60860.4197106,1,19.3203,0.121606864,20.4701,1
ZTF25aatclux,60861.371794,2,18.7266,0.08576294,20.29,1
ZTF25aatclux,60861.4378472,1,19.3274,0.108604416,20.4212,1
ZTF25aatclux,60862.435081,1,19.3976,0.116476044,20.4523,1
ZTF25aatclux,60862.4360185,1,19.4218,0.119912215,20.531,1
ZTF25aatclux,60862.4610995,2,18.7241,0.09698551,20.3395,1
ZTF25aatclux,60863.3815856,1,19.4469,0.14139165,19.9529,1
ZTF25aatclux,60863.4610417,2,18.7819,0.07488191,20.4082,1
ZTF25aatclux,60864.4437963,1,19.4106,0.11217949,20.3835,1
ZTF25aatclux,60864.4447338,1,19.5413,0.1375798,20.4458,1
ZTF25aatclux,60864.4617708,2,18.731,0.08600228,20.4034,1
ZTF25aatclux,60865.3324653,2,18.6958,0.09911845,19.4535,1
ZTF25aatclux,60865.3599306,1,19.3127,0.19248623,19.3322,1
ZTF25aatclux,60865.3608681,1,19.5483,0.239262,19.3271,1
ZTF25aatclux,60865.3864815,3,18.5649,0.1323691,19.348,1
ZTF25aatclux,60866.3809838,2,18.6664,0.11401311,19.1594,1
ZTF25aatclux,60866.4151042,2,18.7494,0.11619165,19.3292,1
ZTF25aatclux,60867.373588,1,19.3252,0.21141513,18.9268,1
ZTF25aatclux,60867.3745255,1,19.2995,0.270592,19.0252,1
ZTF25aatclux,60867.378831,3,18.6083,0.1313914,18.9967,1
ZTF25aatclux,60868.4108796,2,18.6934,0.12177849,19.0622,1
ZTF25aatclux,60868.4118171,2,18.5955,0.121059984,19.0611,1
ZTF25aatclux,60871.3820833,3,18.5856,0.218676,18.4366,1
ZTF25aatclux,60871.4609722,2,18.7827,0.19047233,18.6323,1
ZTF25aatclux,60871.4628588,2,18.4864,0.17983006,18.5376,1
ZTF25aatclux,60872.3771759,3,18.7192,0.1711734,19.0807,1
ZTF25aatclux,60872.4167593,2,18.6956,0.12787609,19.1147,1
ZTF25aatclux,60873.3022338,2,18.6736,0.14739773,19.2822,1
ZTF25aatclux,60873.3592245,3,18.5067,0.118465275,19.2294,1
ZTF25aatclux,60873.3861574,1,19.2585,0.19999032,19.3684,1
ZTF25aatclux,60873.396412,1,19.4316,0.18306611,19.4824,1
ZTF25aatclux,60875.3196181,3,18.5107,0.09654236,19.4496,1
ZTF25aatclux,60875.3699537,2,18.5537,0.08267797,20.1832,1
ZTF25aatclux,60875.377419,1,19.2151,0.13829593,20.0554,1
ZTF25aatclux,60875.3919444,1,19.2358,0.12829296,20.1926,1
ZTF25aatclux,60876.3411111,3,18.535,0.093098775,19.4963,1
ZTF25aatclux,60876.4070255,2,18.5379,0.082634285,20.3098,1
ZTF25aatclux,60876.4079745,2,18.4536,0.07975143,20.2887,1
ZTF25aatclux,60876.4187037,1,19.2338,0.10179038,20.3747,1
ZTF25aatclux,60876.4196528,1,19.1674,0.11970184,20.3646,1
ZTF25aatclux,60877.3613773,3,18.4494,0.08675368,19.4486,1
ZTF25aatclux,60877.3758102,2,18.4226,0.073777795,20.4285,1
ZTF25aatclux,60877.3796991,1,19.066,0.117183775,20.4647,1
ZTF25aatclux,60877.3806366,1,19.141,0.104870975,20.471,1
ZTF25aatclux,60878.3395023,1,19.1039,0.093844056,20.5945,1
ZTF25aatclux,60878.340463,1,19.0973,0.09043399,20.6876,1
ZTF25aatclux,60878.3414236,1,19.0013,0.08791579,20.6673,1
ZTF25aatclux,60878.3827662,3,18.3983,0.12401738,19.3969,1
ZTF25aatclux,60878.4133796,2,18.4795,0.071718976,20.3905,1
ZTF25aatclux,60878.4143171,2,18.4482,0.07109359,20.3853,1
ZTF25aatclux,60879.3783218,2,18.415,0.08600975,20.0236,1
ZTF25aatclux,60879.4016898,3,18.2922,0.09522142,19.2134,1
ZTF25aatclux,60880.3939699,2,18.3586,0.07319959,20.2555,1
ZTF25aatclux,60880.3958449,2,18.3732,0.060083084,20.2205,1
ZTF25aatclux,60880.4006713,3,18.3056,0.081037246,19.787,1
ZTF25aatclux,60880.4006713,3,18.3056,0.081037,19.787,1
ZTF25aatclux,60880.4195718,1,18.8895,0.107839055,20.2523,1
ZTF25aatclux,60880.4205208,1,18.8442,0.09325531,20.3246,1
ZTF25aatclux,60880.4214583,1,18.8761,0.101245,20.3972,1
ZTF25aatclux,60880.4214583,1,18.8761,0.10124502,20.3972,1
ZTF25aatclux,60881.3564468,3,18.2669,0.078953005,19.6912,1
ZTF25aatclux,60881.3987153,2,18.3169,0.07008174,20.2313,1
ZTF25aatclux,60882.3178704,2,18.288,0.08521615,20.1115,1
ZTF25aatclux,60882.3188194,2,18.3082,0.079461776,20.2518,1
ZTF25aatclux,60882.3774074,1,18.7681,0.07975173,20.4461,1
ZTF25aatclux,60882.3783449,1,18.7606,0.08521811,20.4014,1
ZTF25aatclux,60882.4095486,3,18.2859,0.128965,19.0707,1
ZTF25aatclux,60882.4152315,1,18.8196,0.0861023,20.3437,1
ZTF25aatclux,60883.3611574,3,18.2397,0.06677121,19.6084,1
ZTF25aatclux,60883.3735532,1,18.7103,0.0950188,20.398,1
ZTF25aatclux,60883.3740278,1,18.7474,0.092032656,20.451,1
ZTF25aatclux,60883.3796991,2,18.262,0.06644437,20.3704,1
ZTF25aatclux,60884.3199769,1,18.7524,0.09036853,20.3207,1
ZTF25aatclux,60884.3782407,2,18.2664,0.08641383,20.3927,1
ZTF25aatclux,60884.4207755,3,18.1369,0.07808341,19.7538,1
ZTF25aatclux,60884.4355208,1,18.7109,0.095105715,20.3906,1
ZTF25aatclux,60884.4359954,1,18.7247,0.08193779,20.551,1
ZTF25aatclux,60885.354456,2,18.2593,0.083744906,20.3741,1
ZTF25aatclux,60885.3606597,3,18.1708,0.062349882,19.7309,1
ZTF25aatclux,60885.3782407,1,18.6493,0.08060298,20.354,1
ZTF25aatclux,60885.3791782,1,18.6324,0.079064704,20.3986,1
ZTF25aatclux,60886.3816088,3,18.1311,0.06250461,19.6707,1
ZTF25aatclux,60886.3996991,1,18.6759,0.08799771,20.2351,1
ZTF25aatclux,60886.4006481,1,18.6941,0.07354028,20.3028,1
ZTF25aatclux,60886.4015856,1,18.6432,0.09684438,20.2522,1
ZTF25aatclux,60887.3306366,1,18.6139,0.08989023,20.2995,1
ZTF25aatclux,60887.3801157,3,18.092,0.06827911,19.8057,1
ZTF25aatclux,60887.4194907,1,18.6408,0.075682044,20.2316,1
ZTF25aatclux,60887.4267014,2,18.1748,0.06455085,20.3104,1
ZTF25aatclux,60888.3225231,3,18.0927,0.062338103,19.72,1
ZTF25aatclux,60888.3710532,1,18.5909,0.07002795,20.3967,1
ZTF25aatclux,60888.3800926,2,18.1797,0.06736065,20.3154,1
ZTF25aatclux,60888.3810301,2,18.1683,0.07486302,20.3391,1
ZTF25aatclux,60889.3330208,2,18.1289,0.0688072,20.2972,1
ZTF25aatclux,60889.3411227,3,18.0482,0.07287789,19.5724,1
ZTF25aatclux,60889.3626042,1,18.5644,0.08228521,20.4864,1
ZTF25aatclux,60889.4220833,1,18.5001,0.08297081,20.2939,1
ZTF25aatclux,60890.3437269,3,18.0864,0.07909778,19.5626,1
ZTF25aatclux,60890.3765972,2,18.1145,0.055696506,20.2747,1
ZTF25aatclux,60890.3775347,2,18.1477,0.059890456,20.2537,1
ZTF25aatclux,60891.3441551,3,18.0425,0.06882968,19.4596,1
ZTF25aatclux,60891.3614005,2,18.0823,0.06045615,20.1054,1
ZTF25aatclux,60891.3807523,1,18.5493,0.07933118,20.212,1
ZTF25aatclux,60891.3816898,1,18.5337,0.07672673,20.1743,1
ZTF25aatclux,60892.3200926,3,18.0605,0.06977547,19.4765,1
ZTF25aatclux,60892.3771412,1,18.4821,0.07546268,20.2113,1
ZTF25aatclux,60892.4185995,2,18.0975,0.068675905,20.1691,1
ZTF25aatclux,60894.3962384,2,18.041,0.07831874,19.3742,1
ZTF25aatclux,60894.4025,3,18.0353,0.08330436,19.1332,1
ZTF25aatclux,60895.3345833,3,17.96,0.11249225,18.3657,1
ZTF25aatclux,60895.3980671,2,18.0356,0.10746534,18.6938,1
ZTF25aatclux,60895.3990046,2,18.0144,0.10105922,18.7513,1
ZTF25aatclux,60895.4234028,1,18.4871,0.17638233,18.4513,1
ZTF25aatclux,60899.3568866,3,18.0397,0.12228755,18.7116,1
ZTF25aatclux,60899.3957755,2,17.9768,0.08150855,18.9236,1
ZTF25aatclux,60899.400081,1,18.3543,0.141145,18.7582,1
ZTF25aatclux,60899.400081,1,18.3543,0.14114515,18.7582,1
ZTF25aatclux,60899.4528472,2,17.9159,0.09295992,18.9362,1
ZTF25aatclux,60900.2985417,3,17.9374,0.07218141,19.4089,1
ZTF25aatclux,60900.3157407,1,18.3944,0.088473,19.5767,1
ZTF25aatclux,60900.3157407,1,18.3944,0.088473484,19.5767,1
ZTF25aatclux,60900.4059491,2,17.9525,0.06353153,19.6193,1
ZTF25aatclux,60901.282963,3,17.9126,0.07403286,19.3287,1
ZTF25aatclux,60901.282963,3,17.9126,0.074033,19.3287,1
ZTF25aatclux,60901.3408681,2,17.9919,0.060039103,19.889,1
ZTF25aatclux,60901.3408681,2,17.9919,0.060039,19.889,1
ZTF25aatclux,60902.2692245,1,18.2396,0.08011357,20.1397,1
ZTF25aatclux,60902.2765741,1,18.2886,0.075128585,20.0313,1
ZTF25aatclux,60902.3365046,2,17.9356,0.06413048,20.0049,1
ZTF25aatclux,60902.3388542,2,17.9439,0.06743381,19.9889,1
ZTF25aatclux,60903.2366204,1,18.2516,0.07150712,20.4314,1
ZTF25aatclux,60903.2604282,3,17.8313,0.05811398,19.7684,1
ZTF25aatclux,60903.3090278,2,17.9223,0.05457466,20.2909,1
ZTF25aatclux,60904.2568403,3,17.8528,0.05449352,19.5601,1
ZTF25aatclux,60904.2943519,1,18.1893,0.06762539,20.2593,1
ZTF25aatclux,60904.3090741,1,18.2077,0.0668749,20.2268,1
ZTF25aatclux,60904.3158218,2,17.8787,0.054756545,20.1815,1
ZTF25aatclux,60904.3167708,2,17.919,0.059916943,20.1018,1
ZTF25aatclux,60905.3383333,2,17.8532,0.07148153,20.2208,1
ZTF25aatclux,60905.3667824,1,18.1153,0.067480974,20.341,1
ZTF25aatclux,60908.2566898,3,17.747,0.057302944,19.4771,1
ZTF25aatclux,60908.316713,1,18.0257,0.10604162,19.1808,1
ZTF25aatclux,60908.317662,1,18.0567,0.11432299,19.4902,1
ZTF25aatclux,60909.2941667,1,18.0746,0.07259344,20.1947,1
ZTF25aatclux,60909.329456,3,17.8139,0.0779785,19.3071,1
ZTF25aatclux,60910.274294,2,17.8177,0.058293894,20.1266,1
ZTF25aatclux,60910.2761921,2,17.8001,0.062084217,20.1889,1
ZTF25aatclux,60910.2978125,3,17.7639,0.06720999,19.4348,1
ZTF25aatclux,60910.3143981,1,18.1239,0.07802777,20.0786,1
ZTF25aatclux,60911.2695718,1,18.0893,0.075108446,20.2553,1
ZTF25aatclux,60911.2766782,3,17.7987,0.06457896,19.4367,1
ZTF25aatclux,60911.3166319,2,17.8208,0.04853899,20.1501,1
ZTF25aatclux,60913.2704514,2,17.8,0.051129706,20.1103,1
ZTF25aatclux,60913.2766898,3,17.8181,0.06865712,19.6205,1
ZTF25aatclux,60913.2903819,2,17.8437,0.08037222,20.1831,1
ZTF25aatclux,60913.333588,1,18.1108,0.06535469,20.1843,1
ZTF25aatclux,60913.3395602,1,18.106,0.06850334,20.2843,1
ZTF25aatclux,60914.2868171,3,17.8156,0.06439714,19.4249,1
ZTF25aatclux,60914.2948958,1,18.0918,0.0761268,20.2321,1
ZTF25aatclux,60914.3473727,2,17.8085,0.053270757,20.0227,1
ZTF25aatclux,60916.2792708,2,17.8683,0.06645578,20.2099,1
ZTF25aatclux,60916.2802199,2,17.814,0.061798904,20.2212,1
ZTF25aatclux,60916.2981019,3,17.7471,0.083235614,19.4818,1
ZTF25aatclux,60916.3329282,1,18.0727,0.08000516,20.3357,1
ZTF25aatclux,60916.3596181,1,18.0642,0.057255346,20.1796,1
ZTF25aatclux,60917.2346296,3,17.7507,0.070511736,19.4286,1
ZTF25aatclux,60917.2737384,1,18.047,0.06439978,20.1203,1
ZTF25aatclux,60917.3364699,2,17.7951,0.06562469,20.1678,1
ZTF25aatclux,60918.2549653,3,17.7296,0.057962954,19.4618,1
ZTF25aatclux,60918.293206,1,18.0797,0.06887629,20.0883,1
ZTF25aatclux,60918.3359375,2,17.7987,0.057514817,20.12,1
ZTF25aatclux,60918.3442824,2,17.821,0.068867534,20.0059,1
ZTF25aatclux,60919.2783102,3,17.7899,0.06284461,19.3882,1
ZTF25aatclux,60919.2966898,1,18.122,0.08072566,20.1437,1
ZTF25aatclux,60919.3720718,2,17.826,0.061798617,19.996,1
ZTF25aatclux,60920.2143287,3,17.8895,0.13806458,17.9977,1
ZTF25aatclux,60920.3534259,1,18.105,0.06542635,20.0545,1
ZTF25aatclux,60920.3778241,2,17.7858,0.05976746,19.8411,1
ZTF25aatclux,60920.4339352,1,18.1184,0.0825424,19.5623,1
ZTF25aatclux,60920.435787,2,17.8712,0.06769057,19.5811,1
ZTF25aatclux,60921.2855903,1,18.106,0.07966569,19.5653,1
ZTF25aatclux,60921.2957176,3,17.7397,0.07054217,19.2227,1
ZTF25aatclux,60922.3148148,2,17.8239,0.0644366,19.1042,1
ZTF25aatclux,60922.3157523,2,17.8401,0.08371179,19.0535,1
ZTF25aatclux,60922.3368287,3,17.7712,0.087029554,18.7745,1
ZTF25aatclux,60922.377037,1,18.1649,0.09193588,19.2384,1
ZTF25aatclux,60922.3789236,1,18.0791,0.08426348,19.275,1
ZTF25aatclux,60923.1810532,1,18.1724,0.12880039,18.6462,1
ZTF25aatclux,60926.216412,2,17.9841,0.089627005,19.0837,1
ZTF25aatclux,60926.2178241,2,17.9343,0.10199767,19.0671,1
ZTF25aatclux,60926.255463,3,17.8435,0.08580481,18.6664,1
ZTF25aatclux,60926.3104861,1,18.2552,0.1141145,18.7942,1
ZTF25aatclux,60926.3114236,1,18.2925,0.12793654,18.7958,1
ZTF25aatclux,60927.1738773,3,17.9912,0.09459382,19.1979,1
ZTF25aatclux,60927.3464699,1,18.499,0.13355486,19.1316,1
ZTF25aatclux,60927.3485069,2,18.0883,0.08020049,19.3585,1
ZTF25aatclux,60928.2334838,2,18.13,0.065833926,19.6219,1
ZTF25aatclux,60928.2344329,2,18.1802,0.08227824,19.6937,1
ZTF25aatclux,60928.2561227,3,18.0885,0.08137543,19.2111,1
ZTF25aatclux,60928.3007986,1,18.4617,0.10590631,19.4351,1
ZTF25aatclux,60928.3017361,1,18.513,0.112744495,19.4618,1
ZTF25aatclux,60929.2345255,2,18.2595,0.089654244,19.5606,1
ZTF25aatclux,60929.2765741,3,18.1866,0.10886724,19.1241,1
ZTF25aatclux,60929.306713,1,18.7165,0.122662894,19.4004,1
ZTF25aatclux,60932.2502199,2,18.592,0.083716325,20.0815,1
ZTF25aatclux,60932.2555093,3,18.4915,0.08922807,19.3918,1
ZTF25aatclux,60932.2638657,2,18.4794,0.07787926,20.1223,1
ZTF25aatclux,60932.2739583,1,19.118,0.12589985,20.0753,1
ZTF25aatclux,60932.293125,1,19.2057,0.14778791,20.0195,1
ZTF25aatclux,60933.2259606,2,18.6703,0.10471759,20.1269,1
ZTF25aatclux,60933.2684491,1,19.1946,0.10535683,20.3372,1
ZTF25aatclux,60934.214537,3,18.6349,0.104658134,19.4524,1
ZTF25aatclux,60934.2733565,2,18.7322,0.10665392,20.1531,1
ZTF25aatclux,60934.274294,2,18.7734,0.09200547,20.0929,1
ZTF25aatclux,60934.3337153,1,19.3394,0.15821554,19.8192,1
ZTF25aatclux,60934.3620255,1,19.2918,0.17562409,19.6311,1
ZTF25aatclux,60935.2115741,2,19.0796,0.13057059,19.6057,1
ZTF25aatclux,60938.2185532,2,19.1728,0.11761538,20.249,1
ZTF25aatclux,60938.2918403,1,19.8524,0.18836668,20.1717,1
ZTF25aatclux,60938.3422917,2,19.2263,0.12723014,19.8403,1
ZTF25aatclux,60939.1868981,1,19.8669,0.14898913,20.2167,1
ZTF25aatclux,60939.2111574,2,19.3002,0.12985642,20.1931,1
ZTF25aatclux,60941.2108102,2,19.227,0.14343174,19.9195,1
ZTF25aatclux,60941.2117477,2,19.3358,0.15836163,19.8121,1
ZTF25aatclux,60941.2551505,3,19.1952,0.20832425,19.1523,1
ZTF25aatclux,60941.2736458,1,20.1003,0.224351,20.1429,1
ZTF25aatclux,60941.2745833,1,19.9366,0.305561,19.666,1
ZTF25aatclux,60942.2074074,2,19.196,0.16585048,20.0269,1
ZTF25aatclux,60942.2416204,3,19.1419,0.17636666,19.222,1
ZTF25aatclux,60942.2528241,1,19.8903,0.1831013,20.2345,1
ZTF25aatclux,60943.2318981,2,19.0632,0.087687135,20.202,1
ZTF25aatclux,60943.2519329,2,19.0955,0.10605895,20.0905,1
ZTF25aatclux,60943.2750347,3,19.0478,0.14837998,19.3777,1
ZTF25aatclux,60943.2948495,1,19.8461,0.18283927,20.0134,1
ZTF25aatclux,60943.295787,1,19.8383,0.18338014,20.0142,1
ZTF25aatclux,60944.1709144,1,19.7707,0.1992125,20.0165,1
ZTF25aatclux,60944.1934722,3,19.02,0.13519207,19.3511,1
ZTF25aatclux,60948.2101505,2,18.6296,0.09203914,19.9528,1
ZTF25aatclux,60948.2889352,1,19.177,0.1036387,20.2928,1
ZTF25aatclux,60950.1989005,2,18.5747,0.100665115,19.6774,1
ZTF25aatclux,60950.2302315,1,19.0079,0.1409842,19.6025,1
ZTF25aatclux,60954.1790741,2,18.9379,0.15171894,19.2282,1
ZTF25aatclux,60954.1903588,1,19.5542,0.287111,19.0332,1
ZTF25aatclux,60956.1453356,1,19.6133,0.267485,19.1672,1
ZTF25aatclux,60956.1821644,2,18.9404,0.12738357,19.343,1
ZTF25aatclux,60960.1875,2,19.1213,0.11752601,20.142,1
ZTF25aatclux,60960.189537,1,19.8511,0.16911718,20.2494,1
ZTF25aatclux,60965.2469792,1,20.0056,0.283559,19.6582,1
ZTF25aatclux,60965.2528241,2,19.4158,0.255991,19.4982,1
ZTF25aatclux,60967.2077662,1,20.1888,0.308328,20.0027,1
ZTF25aatclux,60967.2530093,2,19.1531,0.116053894,19.7977,1
ZTF25aatclux,60969.2103819,1,20.1022,0.261536,20.0224,1
ZTF25aatclux,60972.22125,2,19.4188,0.15039933,19.8653,1
ZTF25aatclux,60974.2324769,2,19.3074,0.15358214,19.6848,1
ZTF25aatclux,60976.2063773,1,20.0205,0.277467,19.6668,1
ZTF25aatclux,60981.1072801,2,19.7484,0.256786,19.5891,1
ZTF25aatclux,60983.122338,2,19.5725,0.20137936,19.6477,1
ZTF25aatclux,60989.1021528,2,19.5148,0.1823508,19.9699,1
ZTF25aatclux,61009.1905903,2,19.2656,0.250273,19.2789,1
ZTF25aatclux,61020.1069213,2,19.4654,0.264028,19.5138,1
ZTF25aatclux,61024.1317824,2,19.6356,0.15254837,19.7654,1
ZTF25aatclux,61026.0848843,2,19.6694,0.21021485,19.6705,1
ZTF25aaufltl,60834.4679745,2,18.954,0.091205105,19.8931,1
ZTF25aaufltl,60834.4722801,2,19.0236,0.1015396,19.7837,1
ZTF25aaufltl,60834.4761227,2,18.8695,0.11605961,19.6604,1
ZTF25aaufltl,60836.4697338,2,18.8151,0.14728923,19.0224,1
ZTF25aaufltl,60836.4735764,2,18.7339,0.14134412,19.1019,1
ZTF25aaufltl,60836.4773958,2,18.724,0.14665008,19.2457,1
ZTF25aaufltl,60838.4694329,2,18.717,0.115854375,19.3624,1
ZTF25aaufltl,60838.4732639,2,18.769,0.14657067,19.2974,1
ZTF25aaufltl,60838.4770833,2,18.6133,0.20604569,18.6998,1
ZTF25aaufltl,60840.4682639,2,18.6361,0.07909367,19.7057,1
ZTF25aaufltl,60840.4720718,2,18.6383,0.101254545,19.6851,1
ZTF25aaufltl,60840.4758912,2,18.6715,0.088305,19.5784,1
ZTF25aaufltl,60841.468669,2,18.5961,0.064746514,19.711,1
ZTF25aaufltl,60841.4724884,2,18.5101,0.07964173,19.6995,1
ZTF25aaufltl,60841.4763079,2,18.5693,0.084446214,19.6249,1
ZTF25aaufltl,60842.4679282,2,18.5335,0.07461953,19.6803,1
ZTF25aaufltl,60842.4722569,2,18.5502,0.08562409,19.6586,1
ZTF25aaufltl,60842.476088,2,18.5548,0.07777633,19.4762,1
ZTF25aaufltl,60843.4681597,2,18.5886,0.0939839,19.672,1
ZTF25aaufltl,60843.4719907,2,18.5907,0.07698103,19.7376,1
ZTF25aaufltl,60843.4758218,2,18.592,0.09677538,19.7431,1
ZTF25aaufltl,60862.4681713,2,18.6877,0.062242527,20.4734,1
ZTF25aaufltl,60863.4662269,2,18.7272,0.057323754,20.6309,1
ZTF25aaufltl,60864.4669444,2,18.7489,0.068299316,20.4485,1
ZTF25aaufltl,60865.4678241,2,18.7169,0.06967414,20.4041,1
ZTF25aaufltl,60866.3894676,2,18.8327,0.1530875,19.197,1
ZTF25aaufltl,60866.4046065,3,18.5036,0.136215,19.2064,1
ZTF25aaufltl,60866.4046065,3,18.5036,0.13621457,19.2064,1
ZTF25aaufltl,60867.3830903,3,18.4729,0.10415148,19.1227,1
ZTF25aaufltl,60867.4659491,2,18.8824,0.08383029,19.8072,1
ZTF25aaufltl,60868.4033102,2,18.7501,0.11482563,19.5431,1
ZTF25aaufltl,60869.3846296,3,18.5697,0.13657068,18.9892,1
ZTF25aaufltl,60869.4671528,2,18.7631,0.083919376,19.8526,1
ZTF25aaufltl,60870.4005093,3,18.5352,0.1525788,18.7001,1
ZTF25aaufltl,60870.4307523,2,18.833,0.14992303,18.9708,1
ZTF25aaufltl,60871.3841435,3,18.4975,0.1963003,18.5899,1
ZTF25aaufltl,60872.379213,3,18.5786,0.20565051,18.7327,1
ZTF25aaufltl,60872.4287963,2,18.864,0.17750673,19.23,1
ZTF25aaufltl,60876.3586343,3,18.6012,0.10375495,19.5395,1
ZTF25aaufltl,60876.4013657,2,18.8956,0.06375876,20.2488,1
ZTF25aaufltl,60878.4048843,2,18.9624,0.06842285,20.4557,1
ZTF25aaufltl,60879.3891898,2,18.8347,0.09055137,20.0915,1
ZTF25aaufltl,60879.4078125,3,18.5875,0.11292576,19.4958,1
ZTF25aaufltl,60879.4480324,1,20.1706,0.20605384,20.353,1
ZTF25aaufltl,60879.4489815,1,20.0994,0.20297779,20.3311,1
ZTF25aaufltl,60880.385463,2,18.9558,0.07474187,20.4094,1
ZTF25aaufltl,60880.4062847,3,18.662,0.106509194,20.0183,1
ZTF25aaufltl,60880.455162,1,20.4374,0.256232,20.4446,1
ZTF25aaufltl,60881.3616319,3,18.7032,0.10175262,19.817,1
ZTF25aaufltl,60881.4039236,2,18.9951,0.09287953,20.4238,1
ZTF25aaufltl,60882.4034144,3,18.5939,0.13609336,19.4828,1
ZTF25aaufltl,60882.4337153,2,18.9525,0.07232175,20.1637,1
ZTF25aaufltl,60882.4467361,1,20.4541,0.267847,20.4731,1
ZTF25aaufltl,60883.4129167,2,18.9605,0.064824596,20.4966,1
ZTF25aaufltl,60884.4093981,2,19.0766,0.07493258,20.6563,1
ZTF25aaufltl,60884.4273727,3,18.6287,0.08441531,19.9939,1
ZTF25aaufltl,60884.4635069,1,20.3151,0.1995239,20.7604,1
ZTF25aaufltl,60885.3436227,2,19.0639,0.078100674,20.2634,1
ZTF25aaufltl,60885.3663194,3,18.6794,0.10423506,19.9714,1
ZTF25aaufltl,60886.3673495,2,19.0015,0.080014475,20.4415,1
ZTF25aaufltl,60886.3877083,3,18.7105,0.09362525,19.9613,1
ZTF25aaufltl,60886.4691551,1,20.7395,0.334257,20.4868,1
ZTF25aaufltl,60886.4701042,1,20.355,0.19478868,20.5799,1
ZTF25aaufltl,60887.3672569,2,19.0894,0.09566328,20.4562,1
ZTF25aaufltl,60887.38625,3,18.7512,0.09055295,20.0055,1
ZTF25aaufltl,60888.4078125,2,19.1042,0.08633265,20.6486,1
ZTF25aaufltl,60888.4277199,3,18.7147,0.071515,20.133,1
ZTF25aaufltl,60888.4277199,3,18.7147,0.07151548,20.133,1
ZTF25aaufltl,60888.4705903,1,20.5057,0.19511369,20.7622,1
ZTF25aaufltl,60888.4715394,1,20.3498,0.20413879,20.7799,1
ZTF25aaufltl,60889.3241667,2,19.1513,0.09140383,20.1983,1
ZTF25aaufltl,60889.3467824,3,18.7222,0.103505895,19.7367,1
ZTF25aaufltl,60890.3475,3,18.7542,0.1365839,19.5713,1
ZTF25aaufltl,60891.3498148,3,18.7619,0.103566,19.7799,1
ZTF25aaufltl,60891.3498148,3,18.7619,0.1035663,19.7799,1
ZTF25aaufltl,60891.3706829,2,18.9778,0.08595092,20.3149,1
ZTF25aaufltl,60892.3243519,3,18.8474,0.12865765,19.557,1
ZTF25aaufltl,60892.3243519,3,18.8474,0.128658,19.557,1
ZTF25aaufltl,60892.4325116,2,19.1964,0.07760552,20.6743,1
ZTF25aaufltl,60892.4716898,1,20.4962,0.237566,20.7167,1
ZTF25aaufltl,60892.4726389,1,20.4504,0.18398078,20.6804,1
ZTF25aaufltl,60903.3637731,2,19.3519,0.10374329,20.3183,1
ZTF25aaufltl,60909.366331,2,19.4088,0.10388983,20.4968,1
ZTF25aaufltl,60911.3414352,2,19.5021,0.095811985,20.4868,1
ZTF25aaufltl,60911.3988079,1,20.71,0.277812,20.6013,1
ZTF25aaufltl,60914.3847454,2,19.5015,0.11461566,20.5208,1
ZTF25aaufltl,60917.3796759,2,19.5669,0.09312891,20.6372,1
ZTF25aaufltl,60919.3770139,2,19.5336,0.084498964,20.6487,1
ZTF25aaufltl,60923.3626852,2,19.5497,0.13966869,20.0614,1
ZTF25aaufltl,60925.4152778,2,19.4951,0.18701056,19.4259,1
ZTF25aaufltl,60933.3648032,2,19.7556,0.12437059,20.5776,1
ZTF25aaufltl,60935.4015394,2,19.7502,0.09584127,20.6832,1
ZTF25aaufltl,60944.3509722,2,19.8342,0.1255425,20.5741,1
ZTF25aaufltl,60949.2974884,2,19.7407,0.11996581,20.41,1
ZTF25aaufltl,60951.3296875,2,19.762,0.11121346,20.3778,1
ZTF25aaufltl,61015.1843866,2,19.8227,0.195414,19.9362,1
ZTF25aaufltl,61017.2469097,2,20.0069,0.17901339,20.3377,1
ZTF25aaufltl,61020.2140741,2,19.9348,0.1331591,20.4466,1
ZTF25aaufltl,61028.235081,2,20.0705,0.20635815,20.2024,1
ZTF25aaufltl,61030.1703819,2,19.9649,0.15178427,20.5541,1
ZTF25aaufltl,61055.1219676,2,20.188,0.21413775,20.0367,1
ZTF25aavcvel,60840.4783681,2,18.9193,0.16103408,19.2129,1
ZTF25aavcvel,60840.482338,2,19.0925,0.22198,19.0007,1
ZTF25aavcvel,60840.486331,2,18.7295,0.20335042,18.5793,1
ZTF25aavcvel,60847.4850116,2,18.5904,0.229244,18.4495,1
ZTF25aavcvel,60847.4899884,2,18.4113,0.315039,17.9007,1
ZTF25aavcvel,60854.4807407,2,18.5866,0.08961152,19.7329,1
ZTF25aavcvel,60854.4850926,2,18.54,0.12188448,19.2929,1
ZTF25aavcvel,60854.4899306,2,18.5019,0.15225351,18.7287,1
ZTF25aavcvel,60855.4809606,2,18.6422,0.08933459,19.5447,1
ZTF25aavcvel,60855.4859144,2,18.6338,0.14997092,18.9815,1
ZTF25aavcvel,60855.4908681,2,18.5527,0.16542146,18.458,1
ZTF25aavcvel,60856.4820486,2,18.6393,0.10555191,19.2973,1
ZTF25aavcvel,60856.486956,2,18.5415,0.14900182,18.8445,1
ZTF25aavcvel,60856.4918634,2,18.6509,0.248524,18.1799,1
ZTF25aavcvel,60858.480706,2,18.7133,0.076212175,19.7922,1
ZTF25aavcvel,60858.4857755,2,18.483,0.083756775,19.4001,1
ZTF25aavcvel,60858.4908333,2,18.6789,0.19311509,18.7744,1
ZTF25aavcvel,60900.4308449,2,19.2632,0.12870993,19.9037,1
ZTF25aavcvel,60902.4026505,2,19.4804,0.12661843,19.9358,1
ZTF25aavcvel,60904.4315509,2,19.3645,0.10091698,20.5267,1
ZTF25aavcvel,60904.4329861,2,19.5168,0.11918197,20.587,1
ZTF25aavcvel,60908.4021065,2,19.5472,0.13140145,20.1923,1
ZTF25aavcvel,60911.3471065,2,19.5609,0.1117926,20.2046,1
ZTF25aavcvel,60914.4306944,2,19.6709,0.12501134,20.524,1
ZTF25aavcvel,60914.4316551,2,19.6309,0.1207297,20.4042,1
ZTF25aavcvel,60917.3695949,2,19.7945,0.135395,20.2273,1
ZTF25aavcvel,60919.3625347,2,19.9975,0.15685426,20.586,1
ZTF25aavcvel,60919.3630324,2,19.6719,0.120640546,20.3897,1
ZTF25aavcvel,60919.3630324,2,19.6719,0.120641,20.3897,1
ZTF25aavcvel,60925.4285995,2,19.7906,0.218242,19.6165,1
ZTF25aavcvel,60926.4703588,2,19.9297,0.18017064,20.1143,1
ZTF25aavcvel,60928.4958218,2,20.0628,0.20613612,20.0562,1
ZTF25aavcvel,60930.4016435,2,20.0013,0.220421,20.1079,1
ZTF25aavcvel,60933.3823495,2,19.9633,0.20754421,20.1201,1
ZTF25aavcvel,60933.4067708,2,20.3513,0.222265,20.4222,1
ZTF25aavcvel,60935.4071759,2,20.2192,0.16542445,20.5161,1
ZTF25aawdpdu,60846.4210648,2,19.1385,0.087119766,20.092,1
ZTF25aawdpdu,60846.4573727,1,19.0514,0.1343131,20.1019,1
ZTF25aawdpdu,60848.4350347,1,18.9011,0.10610934,20.0362,1
ZTF25aawdpdu,60850.4377662,2,18.8351,0.07541116,20.4048,1
ZTF25aawdpdu,60850.4525694,2,18.8083,0.063331075,20.4533,1
ZTF25aawdpdu,60852.4281019,1,18.8942,0.11771405,20.2197,1
ZTF25aawdpdu,60852.4281019,1,18.8942,0.117714,20.2197,1
ZTF25aawdpdu,60852.4487616,2,18.8187,0.08101133,20.3185,1
ZTF25aawdpdu,60855.3681366,2,18.8677,0.11254088,19.665,1
ZTF25aawdpdu,60855.4614468,1,18.8784,0.10309417,20.1524,1
ZTF25aawdpdu,60858.3976389,1,18.8834,0.07916845,20.4382,1
ZTF25aawdpdu,60858.4401505,2,18.7924,0.07689947,20.4531,1
ZTF25aawdpdu,60860.3557986,2,18.6929,0.067282654,20.2953,1
ZTF25aawdpdu,60860.435787,1,18.8981,0.09326524,20.4457,1
ZTF25aawdpdu,60861.3722685,2,18.7155,0.0613764,20.428,1
ZTF25aawdpdu,60861.4179167,1,18.9368,0.08314571,20.5318,1
ZTF25aawdpdu,60861.4188657,1,18.9428,0.10425677,20.4833,1
ZTF25aawdpdu,60862.3965162,2,18.7656,0.068318635,20.3967,1
ZTF25aawdpdu,60862.4190972,1,18.9693,0.10697006,20.2535,1
ZTF25aawdpdu,60863.3806481,1,18.8998,0.100665934,19.8966,1
ZTF25aawdpdu,60863.4605787,2,18.7894,0.06653332,20.5306,1
ZTF25aawdpdu,60864.3623727,2,18.7449,0.07923009,19.9025,1
ZTF25aawdpdu,60864.4423727,1,19.0187,0.09756881,20.4821,1
ZTF25aawdpdu,60864.4433218,1,18.9773,0.082931064,20.4881,1
ZTF25aawdpdu,60865.3329282,2,18.6432,0.079474,19.4928,1
ZTF25aawdpdu,60865.3329282,2,18.6432,0.07947398,19.4928,1
ZTF25aawdpdu,60865.358044,1,18.9716,0.1507871,19.3024,1
ZTF25aawdpdu,60865.3589931,1,19.0256,0.16071962,19.3147,1
ZTF25aawdpdu,60865.3779977,3,18.8717,0.15134491,19.4994,1
ZTF25aawdpdu,60866.3989352,3,18.7292,0.16145886,19.1303,1
ZTF25aawdpdu,60866.4155787,2,18.7613,0.11172279,19.2071,1
ZTF25aawdpdu,60867.3783681,3,18.8804,0.139743,19.1008,1
ZTF25aawdpdu,60867.3917593,1,19.1265,0.298395,18.913,1
ZTF25aawdpdu,60871.4633218,2,18.7955,0.224445,18.575,1
ZTF25aawdpdu,60871.4642708,2,18.8993,0.229897,18.5764,1
ZTF25aawdpdu,60873.2998727,2,18.5273,0.11501927,19.259,1
ZTF25aawdpdu,60873.3008218,2,18.707,0.11762664,19.3142,1
ZTF25aawdpdu,60873.35875,3,18.7665,0.17343311,19.3206,1
ZTF25aawdpdu,60875.3248032,3,18.8652,0.113608874,19.5619,1
ZTF25aawdpdu,60875.3559028,2,18.7235,0.08220801,20.3445,1
ZTF25aawdpdu,60876.3316898,1,19.2525,0.12276579,20.2097,1
ZTF25aawdpdu,60876.3449884,3,18.7264,0.10882406,19.8189,1
ZTF25aawdpdu,60876.3865162,2,18.7722,0.07074706,20.3502,1
ZTF25aawdpdu,60876.3874653,2,18.7029,0.061488066,20.3758,1
ZTF25aawdpdu,60877.3703241,3,18.7493,0.1112346,19.6937,1
ZTF25aawdpdu,60878.373287,1,19.3327,0.122212894,20.4462,1
ZTF25aawdpdu,60878.3742361,1,19.3735,0.13929515,20.395,1
ZTF25aawdpdu,60878.3751736,1,19.2971,0.1457191,20.4008,1
ZTF25aawdpdu,60878.3823032,3,18.76,0.12016519,19.6652,1
ZTF25aawdpdu,60878.4152662,2,18.82,0.07688194,20.423,1
ZTF25aawdpdu,60878.4162037,2,18.81,0.06796922,20.3852,1
ZTF25aawdpdu,60879.3769097,2,18.7844,0.10904654,20.0971,1
ZTF25aawdpdu,60879.4012269,3,18.9011,0.13546589,19.3408,1
ZTF25aawdpdu,60880.3423611,2,18.824,0.069712594,20.4173,1
ZTF25aawdpdu,60880.4002083,3,18.8052,0.096218,20.0552,1
ZTF25aawdpdu,60880.4002083,3,18.8052,0.09621846,20.0552,1
ZTF25aawdpdu,60880.415787,2,18.8304,0.07621026,20.4023,1
ZTF25aawdpdu,60880.4190972,1,19.3634,0.1383915,20.2005,1
ZTF25aawdpdu,60881.3351157,3,18.8295,0.10483704,19.8855,1
ZTF25aawdpdu,60881.3982407,2,18.8439,0.06543297,20.4413,1
ZTF25aawdpdu,60882.4166435,1,19.4845,0.21364516,19.7527,1
ZTF25aawdpdu,60883.3606829,3,18.8598,0.090060994,19.9996,1
ZTF25aawdpdu,60884.3353935,1,19.5242,0.14757034,20.3413,1
ZTF25aawdpdu,60884.3590741,2,18.766,0.0699998,20.4222,1
ZTF25aawdpdu,60884.3777662,2,18.8378,0.073697515,20.5017,1
ZTF25aawdpdu,60884.4330324,3,18.8153,0.07854805,20.0184,1
ZTF25aawdpdu,60885.3601852,3,18.7634,0.08314534,20.0808,1
ZTF25aawdpdu,60885.3749074,2,18.8162,0.057278167,20.5429,1
ZTF25aawdpdu,60886.3151389,2,18.8036,0.06836356,20.1643,1
ZTF25aawdpdu,60886.3196181,2,18.8468,0.069324315,20.2694,1
ZTF25aawdpdu,60886.3811343,3,18.7526,0.094401866,20.0243,1
ZTF25aawdpdu,60886.3992361,1,19.6105,0.15763392,20.1769,1
ZTF25aawdpdu,60887.2991088,1,19.5121,0.120237865,20.3205,1
ZTF25aawdpdu,60887.3000579,1,19.6008,0.13729711,20.2623,1
ZTF25aawdpdu,60887.3796528,3,18.807,0.09984113,20.0404,1
ZTF25aawdpdu,60887.4276505,2,18.8791,0.06804445,20.3941,1
ZTF25aawdpdu,60888.3220486,3,18.8697,0.11287272,20.0614,1
ZTF25aawdpdu,60888.3556019,1,19.5838,0.1160874,20.5264,1
ZTF25aawdpdu,60888.3917014,2,18.817,0.07021333,20.5045,1
ZTF25aawdpdu,60888.3926505,2,18.8546,0.0589165,20.547,1
ZTF25aawdpdu,60889.3138194,2,18.8365,0.08081603,20.2485,1
ZTF25aawdpdu,60889.3611921,1,19.6294,0.13522965,20.5432,1
ZTF25aawdpdu,60889.3621296,1,19.6792,0.12888344,20.5849,1
ZTF25aawdpdu,60890.3432523,3,18.9036,0.09483591,19.9875,1
ZTF25aawdpdu,60890.3761227,2,18.8228,0.07519781,20.4612,1
ZTF25aawdpdu,60891.3436921,3,18.73,0.11539216,19.6802,1
ZTF25aawdpdu,60891.3609259,2,18.9656,0.07121678,20.2269,1
ZTF25aawdpdu,60892.3290741,3,18.8559,0.09630828,19.8953,1
ZTF25aawdpdu,60892.3590741,1,19.8322,0.234144,19.8539,1
ZTF25aawdpdu,60892.3978241,2,18.8741,0.06806266,20.4096,1
ZTF25aawdpdu,60892.3987731,2,18.9272,0.08405482,20.3899,1
ZTF25aawdpdu,60894.2939005,2,18.824,0.13612096,19.3433,1
ZTF25aawdpdu,60894.4015509,3,18.7194,0.142499,19.2626,1
ZTF25aawdpdu,60895.242338,2,18.654,0.233352,18.3356,1
ZTF25aawdpdu,60898.2768634,3,18.8506,0.217635,18.5238,1
ZTF25aawdpdu,60898.3765856,2,18.8228,0.150438,18.873,1
ZTF25aawdpdu,60900.2980671,3,18.8596,0.14180985,19.6099,1
ZTF25aawdpdu,60900.3152778,1,19.8265,0.307581,19.5082,1
ZTF25aawdpdu,60901.2824884,3,18.7525,0.108096585,19.5104,1
ZTF25aawdpdu,60901.2953125,2,18.8605,0.09818899,19.8982,1
ZTF25aawdpdu,60901.29625,2,18.871,0.0968053,19.9101,1
ZTF25aawdpdu,60901.3771991,1,19.6225,0.19734155,19.5782,1
ZTF25aawdpdu,60902.2696991,1,19.84,0.217865,20.0313,1
ZTF25aawdpdu,60902.3185069,3,18.806,0.1334926,19.4551,1
ZTF25aawdpdu,60902.3383912,2,18.9032,0.0885116,19.9195,1
ZTF25aawdpdu,60903.2361458,1,19.7448,0.17461213,20.3793,1
ZTF25aawdpdu,60903.2599653,3,18.8584,0.11273366,19.9673,1
ZTF25aawdpdu,60903.3095023,2,18.9177,0.065055214,20.4277,1
ZTF25aawdpdu,60903.3099769,2,18.9107,0.06449853,20.4515,1
ZTF25aawdpdu,60904.2563657,3,18.7898,0.1036811,19.8497,1
ZTF25aawdpdu,60904.3110185,1,19.8628,0.14773013,20.314,1
ZTF25aawdpdu,60904.3162963,2,18.8464,0.07241806,20.3636,1
ZTF25aawdpdu,60905.3009491,1,19.8083,0.17940564,20.3323,1
ZTF25aawdpdu,60905.3369213,2,18.8883,0.07160293,20.4336,1
ZTF25aawdpdu,60905.3378588,2,18.9064,0.080916844,20.405,1
ZTF25aawdpdu,60905.3926968,1,19.7544,0.203285,20.3,1
ZTF25aawdpdu,60908.2562153,3,18.8422,0.095516875,19.8332,1
ZTF25aawdpdu,60908.3094213,1,19.7974,0.17524159,20.1662,1
ZTF25aawdpdu,60909.2946412,1,19.7929,0.18804322,20.1268,1
ZTF25aawdpdu,60909.3319097,3,18.8404,0.11860395,19.6179,1
ZTF25aawdpdu,60910.297338,3,18.82,0.089900665,19.7875,1
ZTF25aawdpdu,60911.2709838,1,19.8905,0.20778349,20.2537,1
ZTF25aawdpdu,60911.2762037,3,18.9139,0.10103107,19.8068,1
ZTF25aawdpdu,60911.2831481,1,19.9725,0.20688044,20.2752,1
ZTF25aawdpdu,60911.2946991,2,18.8422,0.08485617,20.2306,1
ZTF25aawdpdu,60911.3170949,2,18.9267,0.07962098,20.2662,1
ZTF25aawdpdu,60913.2523264,2,18.9425,0.07924474,20.2558,1
ZTF25aawdpdu,60913.2762153,3,19.0615,0.11184782,19.8468,1
ZTF25aawdpdu,60913.2908449,2,18.9558,0.077485345,20.364,1
ZTF25aawdpdu,60913.294213,1,19.8208,0.18163066,20.2837,1
ZTF25aawdpdu,60913.3404977,1,19.8593,0.18914779,20.2316,1
ZTF25aawdpdu,60914.2394676,2,18.8543,0.07901104,20.2785,1
ZTF25aawdpdu,60914.2877546,3,18.9873,0.13156882,19.5656,1
ZTF25aawdpdu,60914.2944213,1,19.8422,0.2122485,20.1227,1
ZTF25aawdpdu,60916.2513542,2,18.9398,0.08059771,20.3329,1
ZTF25aawdpdu,60916.2976389,3,18.789,0.09160698,19.686,1
ZTF25aawdpdu,60916.3071759,2,18.921,0.07354797,20.3573,1
ZTF25aawdpdu,60916.3334028,1,19.9403,0.20143944,20.2034,1
ZTF25aawdpdu,60916.360081,1,19.9978,0.21614482,20.1982,1
ZTF25aawdpdu,60917.2341551,3,18.7694,0.09050536,19.6364,1
ZTF25aawdpdu,60917.3355208,2,18.9257,0.0857107,20.2959,1
ZTF25aawdpdu,60918.2545023,3,18.8345,0.09225204,19.691,1
ZTF25aawdpdu,60918.335463,2,18.8941,0.07783809,20.0761,1
ZTF25aawdpdu,60918.3447454,2,18.9798,0.09407487,20.0618,1
ZTF25aawdpdu,60919.2778356,3,18.9012,0.10906978,19.7124,1
ZTF25aawdpdu,60920.3563657,2,18.9306,0.10605216,20.0318,1
ZTF25aawdpdu,60922.3152778,2,18.8654,0.14557049,19.0309,1
ZTF25aawdpdu,60926.2168866,2,18.8477,0.15669166,19.1475,1
ZTF25aawdpdu,60926.2173611,2,18.781,0.104713365,19.1107,1
ZTF25aawdpdu,60926.2559259,3,18.7524,0.16846818,19.0882,1
ZTF25aawdpdu,60927.2205787,2,19.1203,0.14442933,19.6112,1
ZTF25aawdpdu,60928.2214236,2,19.0647,0.112617575,19.7653,1
ZTF25aawdpdu,60928.2305208,2,18.8404,0.09460409,19.7772,1
ZTF25aawdpdu,60928.2556481,3,18.9244,0.10373114,19.5746,1
ZTF25aawdpdu,60928.3012731,1,19.6663,0.221897,19.3631,1
ZTF25aawdpdu,60929.2032292,1,19.9124,0.26312,19.5239,1
ZTF25aawdpdu,60929.2544792,2,18.8965,0.109043956,19.7283,1
ZTF25aawdpdu,60932.2218519,2,18.9694,0.071970716,20.409,1
ZTF25aawdpdu,60932.2550347,3,18.8542,0.14913149,19.7806,1
ZTF25aawdpdu,60932.2643287,2,18.9719,0.07052403,20.2163,1
ZTF25aawdpdu,60932.2734954,1,19.9669,0.238314,20.0961,1
ZTF25aawdpdu,60932.350081,1,20.1792,0.298321,19.6427,1
ZTF25aawdpdu,60933.2264352,2,18.9233,0.07665744,20.3185,1
ZTF25aawdpdu,60933.2345139,3,18.9082,0.14056832,19.6468,1
ZTF25aawdpdu,60933.2679745,1,20.1148,0.18475753,20.4252,1
ZTF25aawdpdu,60934.2140625,3,18.935,0.10694052,19.7882,1
ZTF25aawdpdu,60934.2728819,2,18.9243,0.079944305,20.2197,1
ZTF25aawdpdu,60934.273831,2,18.9679,0.07588038,20.2164,1
ZTF25aawdpdu,60934.2950463,1,20.1159,0.248614,20.0945,1
ZTF25aawdpdu,60934.3624884,1,20.1035,0.254978,19.7037,1
ZTF25aawdpdu,60935.1528009,1,20.0206,0.286268,19.81,1
ZTF25aawdpdu,60935.1731366,3,18.9852,0.11761667,19.5203,1
ZTF25aawdpdu,60935.2110995,2,19.1987,0.18156327,19.2162,1
ZTF25aawdpdu,60938.2140856,3,18.9086,0.123574026,19.7145,1
ZTF25aawdpdu,60938.2190278,2,18.9481,0.06902542,20.2688,1
ZTF25aawdpdu,60938.3418171,2,19.1074,0.10743717,19.7705,1
ZTF25aawdpdu,60939.1873727,1,20.2341,0.21343687,20.2134,1
ZTF25aawdpdu,60939.1935764,3,18.8829,0.11058585,19.7683,1
ZTF25aawdpdu,60939.2106829,2,18.988,0.083427876,20.2944,1
ZTF25aawdpdu,60941.2312384,2,19.1254,0.09415682,20.0767,1
ZTF25aawdpdu,60941.2321759,2,19.024,0.12611414,19.9699,1
ZTF25aawdpdu,60941.2546759,3,18.7719,0.12773426,19.4151,1
ZTF25aawdpdu,60942.2078819,2,19.0145,0.08658462,20.084,1
ZTF25aawdpdu,60942.2411574,3,19.0328,0.10652249,19.7164,1
ZTF25aawdpdu,60942.2523495,1,20.2815,0.22654,20.2239,1
ZTF25aawdpdu,60943.2514699,2,19.0412,0.09625581,20.2362,1
ZTF25aawdpdu,60943.2524074,2,19.0538,0.090492204,20.2617,1
ZTF25aawdpdu,60943.2962616,1,20.3622,0.30901,19.945,1
ZTF25aawdpdu,60943.2971991,1,20.2524,0.19922265,20.1819,1
ZTF25aawdpdu,60944.1704514,1,20.3066,0.283364,20.153,1
ZTF25aawdpdu,60944.1929977,3,18.8761,0.12061765,19.6952,1
ZTF25aawdpdu,60948.2096759,2,19.1107,0.09652906,20.1976,1
ZTF25aawdpdu,60948.2721181,1,20.3032,0.227049,20.2983,1
ZTF25aawdpdu,60955.2523727,2,19.0384,0.181832,19.1476,1
ZTF25aawdpdu,60957.209838,2,19.346,0.1905931,19.5157,1
ZTF25aawdpdu,60965.2532986,2,19.4428,0.20559631,19.6111,1
ZTF25aawdpdu,60967.2534838,2,19.3021,0.14622308,19.6866,1
ZTF25aawdpdu,60969.2529167,2,19.5768,0.13780288,19.9453,1
ZTF25aawdpdu,60972.1880556,2,19.5588,0.18486266,19.7865,1
ZTF25aawdpdu,60981.1068171,2,19.7698,0.21338765,19.5555,1
ZTF25aawdpdu,60983.1232755,2,19.9512,0.18790652,19.7313,1
ZTF25aawdzpn,60846.4253125,2,19.5886,0.14877152,19.8808,1
ZTF25aawdzpn,60846.459375,1,19.4666,0.14159237,20.019,1
ZTF25aawdzpn,60848.4312616,1,19.41,0.15627898,20.195,1
ZTF25aawdzpn,60848.4577315,2,19.2322,0.16505332,19.6448,1
ZTF25aawdzpn,60851.4608218,2,19.2967,0.12303869,20.2903,1
ZTF25aawdzpn,60854.4231366,2,19.3887,0.10255567,20.3958,1
ZTF25aawdzpn,60854.4529051,1,19.2994,0.09934869,20.5232,1
ZTF25aawdzpn,60857.3990162,2,19.209,0.130468,20.0916,1
ZTF25aawdzpn,60857.4198843,1,19.3801,0.128243,20.4304,1
ZTF25aawdzpn,60859.4611343,2,19.3246,0.115439795,20.3166,1
ZTF25aawdzpn,60861.3684954,2,19.2122,0.090104416,20.3537,1
ZTF25aawdzpn,60861.4575579,1,19.4655,0.1000109,20.6645,1
ZTF25aawdzpn,60861.4585069,1,19.361,0.12243375,20.6157,1
ZTF25aawdzpn,60862.4317708,1,19.4934,0.117471874,20.6215,1
ZTF25aawdzpn,60862.4327199,1,19.4044,0.13693063,20.6131,1
ZTF25aawdzpn,60862.4634606,2,19.2116,0.11958281,20.4031,1
ZTF25aawdzpn,60863.3839468,1,19.5649,0.1749743,19.8598,1
ZTF25aawdzpn,60863.3944329,1,19.4872,0.1239512,20.2197,1
ZTF25aawdzpn,60863.4699884,2,19.2348,0.115237586,20.3884,1
ZTF25aawdzpn,60864.4470833,1,19.4678,0.1205708,20.6649,1
ZTF25aawdzpn,60864.4569792,1,19.4969,0.13682655,20.6234,1
ZTF25aawdzpn,60865.3641782,1,19.5771,0.21246077,19.4193,1
ZTF25aawdzpn,60865.3716551,1,19.4943,0.236333,19.5697,1
ZTF25aawdzpn,60865.3850694,3,19.2487,0.140627,19.5403,1
ZTF25aawdzpn,60865.4631134,2,19.2428,0.11173871,20.2098,1
ZTF25aawdzpn,60866.3838194,2,19.0101,0.13737729,19.4049,1
ZTF25aawdzpn,60866.4597801,1,19.421,0.16657591,19.6474,1
ZTF25aawdzpn,60866.4607176,1,19.4251,0.1747362,19.6216,1
ZTF25aawdzpn,60867.3649537,1,19.2027,0.232603,19.1025,1
ZTF25aawdzpn,60867.3802431,3,19.0969,0.16792616,19.1616,1
ZTF25aawdzpn,60867.461713,2,19.1686,0.10864078,19.6919,1
ZTF25aawdzpn,60868.4075579,2,19.1315,0.1461356,19.54,1
ZTF25aawdzpn,60868.4383449,1,19.4364,0.217193,19.4001,1
ZTF25aawdzpn,60868.4402315,1,19.3242,0.218924,19.3939,1
ZTF25aawdzpn,60868.4636458,3,19.3134,0.211083,19.3705,1
ZTF25aawdzpn,60869.3676968,1,19.5567,0.269841,19.14,1
ZTF25aawdzpn,60869.4624421,2,19.108,0.16196881,19.5185,1
ZTF25aawdzpn,60873.3396759,2,19.3188,0.220122,19.0988,1
ZTF25aawdzpn,60875.3210301,3,19.5759,0.265308,19.3389,1
ZTF25aawdzpn,60875.3611111,2,19.2306,0.09623722,20.0805,1
ZTF25aawdzpn,60876.360544,3,19.4982,0.18288033,19.8536,1
ZTF25aawdzpn,60876.4051389,2,19.2004,0.12426532,20.4294,1
ZTF25aawdzpn,60876.4215278,1,19.8668,0.19555005,20.3921,1
ZTF25aawdzpn,60876.4296181,1,19.7216,0.19030005,20.2413,1
ZTF25aawdzpn,60877.3522917,2,19.2904,0.10936678,20.3724,1
ZTF25aawdzpn,60877.3627894,3,19.4077,0.18035711,19.4672,1
ZTF25aawdzpn,60877.3995718,1,19.7874,0.14799851,20.684,1
ZTF25aawdzpn,60877.4162731,1,20.0538,0.17005067,20.8178,1
ZTF25aawdzpn,60878.3841898,3,19.3922,0.16485892,19.5886,1
ZTF25aawdzpn,60878.4100694,2,19.2274,0.090162404,20.6296,1
ZTF25aawdzpn,60878.4190856,1,19.9032,0.18102802,20.6203,1
ZTF25aawdzpn,60879.3820949,2,19.1949,0.110474885,20.0902,1
ZTF25aawdzpn,60879.4035764,3,19.3195,0.20779705,19.2917,1
ZTF25aawdzpn,60879.4342014,1,19.8983,0.166881,20.4645,1
ZTF25aawdzpn,60879.4351389,1,19.7486,0.12634788,20.6009,1
ZTF25aawdzpn,60880.3896991,2,19.3585,0.14579797,20.436,1
ZTF25aawdzpn,60880.3896991,2,19.3585,0.145798,20.436,1
ZTF25aawdzpn,60880.4025579,3,19.2622,0.14716475,19.9461,1
ZTF25aawdzpn,60880.4341088,1,19.8884,0.17832895,20.3991,1
ZTF25aawdzpn,60880.4350463,1,19.7782,0.15804653,20.4693,1
ZTF25aawdzpn,60881.3578588,3,19.1996,0.13506666,19.8063,1
ZTF25aawdzpn,60881.4109838,2,19.2586,0.12505347,20.2992,1
ZTF25aawdzpn,60881.4354861,1,19.8968,0.18762541,20.5282,1
ZTF25aawdzpn,60881.4364236,1,19.905,0.15869507,20.5307,1
ZTF25aawdzpn,60882.3802315,1,20.0236,0.19676952,20.6653,1
ZTF25aawdzpn,60882.384537,1,19.8499,0.20338732,20.5097,1
ZTF25aawdzpn,60882.407662,3,19.3448,0.170972,19.6944,1
ZTF25aawdzpn,60882.4241782,2,19.3559,0.13301952,20.1807,1
ZTF25aawdzpn,60883.3625694,3,19.4768,0.19313438,19.7488,1
ZTF25aawdzpn,60883.4,2,19.3374,0.109656684,20.4533,1
ZTF25aawdzpn,60883.4225116,1,20.1047,0.15771528,20.739,1
ZTF25aawdzpn,60883.4234491,1,19.945,0.18147294,20.708,1
ZTF25aawdzpn,60884.3948148,1,19.9682,0.20074807,20.814,1
ZTF25aawdzpn,60884.3983565,2,19.36,0.09757036,20.607,1
ZTF25aawdzpn,60884.3993287,2,19.4375,0.15574613,20.4859,1
ZTF25aawdzpn,60884.4231366,3,19.2912,0.14317104,19.9627,1
ZTF25aawdzpn,60885.3492708,2,19.4301,0.12605472,20.5283,1
ZTF25aawdzpn,60885.3620718,3,19.342,0.10797127,20.0152,1
ZTF25aawdzpn,60885.3982986,1,19.9854,0.17182857,20.6885,1
ZTF25aawdzpn,60885.4169097,1,19.8639,0.17084615,20.5951,1
ZTF25aawdzpn,60886.3592824,2,19.3409,0.11954884,20.2917,1
ZTF25aawdzpn,60886.3734722,2,19.2894,0.09261736,20.4886,1
ZTF25aawdzpn,60886.3834954,3,19.2648,0.14238772,19.8935,1
ZTF25aawdzpn,60886.4034838,1,19.866,0.19187203,20.585,1
ZTF25aawdzpn,60886.4067708,1,20.1987,0.20696472,20.4576,1
ZTF25aawdzpn,60886.4096065,1,20.0095,0.1914924,20.5716,1
ZTF25aawdzpn,60887.3743287,2,19.293,0.10840714,20.4425,1
ZTF25aawdzpn,60887.3820023,3,19.3676,0.163752,19.9309,1
ZTF25aawdzpn,60887.416169,1,19.9259,0.17883544,20.5969,1
ZTF25aawdzpn,60887.4171181,1,20.0833,0.2025213,20.4725,1
ZTF25aawdzpn,60888.3977083,2,19.243,0.0902519,20.5514,1
ZTF25aawdzpn,60888.4215972,3,19.4787,0.20338295,19.9393,1
ZTF25aawdzpn,60888.4215972,3,19.4787,0.203383,19.9393,1
ZTF25aawdzpn,60888.4438889,1,20.202,0.25381,20.6936,1
ZTF25aawdzpn,60888.4438889,1,20.202,0.25381,20.6936,1
ZTF25aawdzpn,60889.3171065,2,19.4262,0.14102112,20.3487,1
ZTF25aawdzpn,60889.3180556,2,19.388,0.115258455,20.1666,1
ZTF25aawdzpn,60889.3425463,3,19.3052,0.1587164,19.7313,1
ZTF25aawdzpn,60889.3965162,1,19.9573,0.18074465,20.4657,1
ZTF25aawdzpn,60889.3974653,1,20.0086,0.21360539,20.5862,1
ZTF25aawdzpn,60889.3984028,1,19.9667,0.17699055,20.5728,1
ZTF25aawdzpn,60890.3451389,3,19.3494,0.131851,19.7932,1
ZTF25aawdzpn,60891.3455671,3,19.327,0.13693945,19.6478,1
ZTF25aawdzpn,60891.3638079,2,19.3726,0.11876973,20.2382,1
ZTF25aawdzpn,60891.3849884,1,20.0201,0.257073,20.2276,1
ZTF25aawdzpn,60891.4300231,1,20.188,0.271544,20.3333,1
ZTF25aawdzpn,60892.3215046,3,19.3095,0.11813372,19.7946,1
ZTF25aawdzpn,60892.3809144,1,20.0863,0.17900538,20.5186,1
ZTF25aawdzpn,60892.3958449,1,20.1411,0.189913,20.4296,1
ZTF25aawdzpn,60892.4200231,2,19.3574,0.14591126,20.4342,1
ZTF25aawdzpn,60894.3766088,2,19.2813,0.11568917,19.7704,1
ZTF25aawdzpn,60894.4048495,3,19.2374,0.149434,19.5305,1
ZTF25aawdzpn,60894.4426157,1,20.0453,0.264716,19.9484,1
ZTF25aawdzpn,60895.3875926,2,19.5033,0.235482,19.2664,1
ZTF25aawdzpn,60895.3885301,2,19.383,0.22814,19.2766,1
ZTF25aawdzpn,60896.376956,2,19.2427,0.282929,19.0446,1
ZTF25aawdzpn,60900.4025231,2,19.3334,0.142727,19.68,1
ZTF25aawdzpn,60901.359838,2,19.2774,0.114998,19.8161,1
ZTF25aawdzpn,60901.359838,2,19.2774,0.114998154,19.8161,1
ZTF25aawdzpn,60901.3607755,2,19.4356,0.1296368,19.9015,1
ZTF25aawdzpn,60901.394375,1,20.0504,0.318323,19.652,1
ZTF25aawdzpn,60902.3203935,3,19.2889,0.188784,19.3306,1
ZTF25aawdzpn,60902.3570486,2,19.4406,0.13032949,20.1746,1
ZTF25aawdzpn,60902.4789468,1,20.1895,0.278333,19.8584,1
ZTF25aawdzpn,60903.2618519,3,19.3556,0.13455811,19.8813,1
ZTF25aawdzpn,60903.3685648,2,19.4696,0.10804711,20.4148,1
ZTF25aawdzpn,60903.3699884,2,19.3596,0.09485735,20.4763,1
ZTF25aawdzpn,60903.3897685,1,20.3305,0.229367,20.4798,1
ZTF25aawdzpn,60903.3897685,1,20.3305,0.229367,20.4798,1
ZTF25aawdzpn,60903.390706,1,20.0701,0.228471,20.4349,1
ZTF25aawdzpn,60904.2582523,3,19.3792,0.17762707,19.5119,1
ZTF25aawdzpn,60904.2913889,1,20.2306,0.265804,20.4177,1
ZTF25aawdzpn,60904.3894676,2,19.371,0.11035955,20.385,1
ZTF25aawdzpn,60905.3140625,1,20.1704,0.20052199,20.5651,1
ZTF25aawdzpn,60905.3150231,1,20.0846,0.19676487,20.6216,1
ZTF25aawdzpn,60905.3785532,2,19.3963,0.120724276,20.4425,1
ZTF25aawdzpn,60905.3795023,2,19.3967,0.1281179,20.3671,1
ZTF25aawdzpn,60908.3552083,1,19.9869,0.313801,19.8563,1
ZTF25aawdzpn,60909.3364468,1,19.9985,0.267746,20.4717,1
ZTF25aawdzpn,60909.3383333,1,20.1053,0.223616,20.3156,1
ZTF25aawdzpn,60909.3601389,2,19.3324,0.13029149,20.2168,1
ZTF25aawdzpn,60909.361088,2,19.3784,0.12862168,20.308,1
ZTF25aawdzpn,60910.3340856,1,20.1013,0.247953,20.4428,1
ZTF25aawdzpn,60910.4408449,2,19.3786,0.15307465,20.3263,1
ZTF25aawdzpn,60911.2780903,3,19.3841,0.17507,19.7307,1
ZTF25aawdzpn,60911.3356829,2,19.3601,0.11885456,20.4044,1
ZTF25aawdzpn,60911.3375579,2,19.4277,0.11741945,20.4491,1
ZTF25aawdzpn,60913.2666782,2,19.3356,0.10689667,20.3159,1
ZTF25aawdzpn,60913.2781019,3,19.5513,0.19804521,19.7546,1
ZTF25aawdzpn,60913.3559375,1,20.0847,0.17631835,20.4552,1
ZTF25aawdzpn,60914.2858681,3,19.4281,0.21698548,19.6937,1
ZTF25aawdzpn,60914.3153472,1,20.265,0.263227,20.4655,1
ZTF25aawdzpn,60914.3162963,1,20.3911,0.233481,20.5073,1
ZTF25aawdzpn,60914.3497222,2,19.3279,0.12525222,20.382,1
ZTF25aawdzpn,60914.3790741,2,19.4258,0.17906177,20.3355,1
ZTF25aawdzpn,60916.2995139,3,19.1942,0.15095858,19.6439,1
ZTF25aawdzpn,60916.3532523,1,20.3203,0.225556,20.5772,1
ZTF25aawdzpn,60916.4017361,2,19.4419,0.1341215,20.4044,1
ZTF25aawdzpn,60917.2360417,3,19.284,0.224001,19.5182,1
ZTF25aawdzpn,60917.3158333,1,20.3007,0.252002,20.3473,1
ZTF25aawdzpn,60917.3167708,1,20.0944,0.21540523,20.421,1
ZTF25aawdzpn,60917.3498611,2,19.4002,0.1422156,20.1905,1
ZTF25aawdzpn,60917.3517477,2,19.5029,0.11708637,20.274,1
ZTF25aawdzpn,60918.2563773,3,19.3646,0.2027903,19.534,1
ZTF25aawdzpn,60918.3334722,1,20.1382,0.228804,20.3669,1
ZTF25aawdzpn,60918.3414468,2,19.3833,0.10974241,20.3753,1
ZTF25aawdzpn,60919.3161343,1,20.2947,0.217985,20.51,1
ZTF25aawdzpn,60919.3523495,2,19.4972,0.13008282,20.3885,1
ZTF25aawdzpn,60919.3532986,2,19.337,0.10663582,20.4267,1
ZTF25aawdzpn,60920.4246875,2,19.4304,0.16078943,20.197,1
ZTF25aawdzpn,60921.2841782,1,19.9253,0.254563,19.9362,1
ZTF25aawdzpn,60921.2971296,3,19.3199,0.167457,19.5878,1
ZTF25aawdzpn,60922.3171759,2,19.4828,0.224726,19.6015,1
ZTF25aawdzpn,60922.4352431,1,20.4235,0.335122,20.3159,1
ZTF25aawdzpn,60923.3441204,2,19.2917,0.162584,19.6024,1
ZTF25aawdzpn,60923.3450579,2,19.5416,0.233892,19.5485,1
ZTF25aawdzpn,60927.4202546,2,19.3854,0.248086,19.2764,1
ZTF25aawdzpn,60928.3081019,2,19.4012,0.17436361,19.6996,1
ZTF25aawdzpn,60932.2459491,2,19.5628,0.11001202,20.2804,1
ZTF25aawdzpn,60932.2569213,3,19.4269,0.17875734,19.49,1
ZTF25aawdzpn,60932.2973611,1,20.231,0.310495,20.1439,1
ZTF25aawdzpn,60933.2245602,2,19.6272,0.14621018,20.2921,1
ZTF25aawdzpn,60933.2363889,3,19.4908,0.20977934,19.477,1
ZTF25aawdzpn,60933.2728704,1,20.3086,0.2095476,20.461,1
ZTF25aawdzpn,60934.2785764,2,19.6273,0.16380024,20.0921,1
ZTF25aawdzpn,60934.2901852,2,19.7025,0.17266452,20.1991,1
ZTF25aawdzpn,60934.3323032,1,20.2903,0.27852,20.1594,1
ZTF25aawdzpn,60934.3668866,3,19.6868,0.187749,19.6671,1
ZTF25aawdzpn,60935.2720602,2,19.5833,0.16888946,20.1812,1
ZTF25aawdzpn,60938.2159606,3,19.6982,0.20585187,19.648,1
ZTF25aawdzpn,60938.2885417,1,20.307,0.20974611,20.3968,1
ZTF25aawdzpn,60938.2894792,1,20.5274,0.247758,20.5588,1
ZTF25aawdzpn,60938.361794,2,19.7675,0.165807,20.1665,1
ZTF25aawdzpn,60938.3622685,2,19.789,0.1773817,20.2038,1
ZTF25aawdzpn,60939.1954514,3,19.6149,0.20691156,19.6613,1
ZTF25aawdzpn,60939.2940856,2,19.7807,0.15416743,20.4195,1
ZTF25aawdzpn,60939.3161574,1,20.4629,0.229993,20.6081,1
ZTF25aawdzpn,60941.234537,2,19.7519,0.18279208,20.0961,1
ZTF25aawdzpn,60941.2406481,2,19.8207,0.18272579,19.9783,1
ZTF25aawdzpn,60942.3109375,2,19.644,0.1326688,20.1677,1
ZTF25aawdzpn,60943.2547569,2,19.7525,0.13889533,20.3884,1
ZTF25aawdzpn,60943.2710185,2,19.8256,0.1825943,20.3677,1
ZTF25aawdzpn,60944.1948843,3,19.5698,0.1846131,19.6094,1
ZTF25aawdzpn,60949.2870833,2,19.963,0.21138927,20.0764,1
ZTF25aawkwoy,60847.2379745,1,19.8697,0.266635,20.1479,1
ZTF25aawkwoy,60847.3333333,2,20.1321,0.15683317,20.619,1
ZTF25aawkwoy,60849.2196181,1,19.3118,0.12261879,20.481,1
ZTF25aawkwoy,60849.2789236,2,19.3988,0.106885575,20.5624,1
ZTF25aawkwoy,60851.3049769,2,19.1454,0.108629264,20.33,1
ZTF25aawkwoy,60851.3049769,2,19.1454,0.108629,20.33,1
ZTF25aawkwoy,60851.324456,2,19.2073,0.09532911,20.5951,1
ZTF25aawkwoy,60851.324456,2,19.2073,0.095329,20.5951,1
ZTF25aawkwoy,60853.331956,1,18.7121,0.094901,20.5048,1
ZTF25aawkwoy,60853.331956,1,18.7121,0.09490134,20.5048,1
ZTF25aawkwoy,60853.3448727,2,18.8227,0.07141173,20.5953,1
ZTF25aawkwoy,60853.3448727,2,18.8227,0.071412,20.5953,1
ZTF25aawkwoy,60855.2883333,1,18.5105,0.09561756,20.1008,1
ZTF25aawkwoy,60855.3526736,2,18.8078,0.09040582,20.1583,1
ZTF25aawkwoy,60857.3186227,1,18.3524,0.07057788,20.5997,1
ZTF25aawkwoy,60857.3391898,2,18.553,0.054719895,20.7247,1
ZTF25aawkwoy,60859.3675347,1,18.2517,0.055003684,20.6923,1
ZTF25aawkwoy,60861.3417708,2,18.3463,0.060106732,20.5158,1
ZTF25aawkwoy,60863.3027778,2,18.2713,0.0661418,20.2344,1
ZTF25aawkwoy,60865.2565278,1,18.053,0.066882394,19.8424,1
ZTF25aawkwoy,60865.2565278,1,18.053,0.066882,19.8424,1
ZTF25aawkwoy,60865.2970255,2,18.1984,0.07684559,20.0784,1
ZTF25aawkwoy,60865.2970255,2,18.1984,0.076846,20.0784,1
ZTF25aawkwoy,60867.2768634,2,18.1606,0.073704,20.0087,1
ZTF25aawkwoy,60867.2768634,2,18.1606,0.07370379,20.0087,1
ZTF25aawkwoy,60867.3443056,1,17.9264,0.064543,19.7411,1
ZTF25aawkwoy,60867.3443056,1,17.9264,0.064543225,19.7411,1
ZTF25aawkwoy,60869.1976505,1,17.9763,0.05225807,20.4503,1
ZTF25aawkwoy,60869.1976505,1,17.9763,0.052258,20.4503,1
ZTF25aawkwoy,60869.2803125,2,18.1587,0.070806,20.1819,1
ZTF25aawkwoy,60869.2803125,2,18.1587,0.07080579,20.1819,1
ZTF25aawkwoy,60871.2829514,2,18.0333,0.06309979,19.9375,1
ZTF25aawkwoy,60873.2399769,1,17.9975,0.06773102,20.2196,1
ZTF25aawkwoy,60873.2817708,2,18.0674,0.0695156,20.2288,1
ZTF25aawkwoy,60876.2809954,2,18.1161,0.05349517,20.5168,1
ZTF25aawkwoy,60876.3019676,1,18.0179,0.05159958,20.6017,1
ZTF25aawkwoy,60878.223206,1,18.0463,0.05159278,20.7509,1
ZTF25aawkwoy,60878.2602315,2,18.1002,0.05432404,20.7347,1
ZTF25aawkwoy,60880.2603125,2,18.0905,0.046760578,20.5624,1
ZTF25aawkwoy,60880.2603125,2,18.0905,0.046761,20.5624,1
ZTF25aawkwoy,60880.2985185,1,18.0907,0.059165,20.6421,1
ZTF25aawkwoy,60880.2985185,1,18.0907,0.05916524,20.6421,1
ZTF25aawkwoy,60882.2214815,1,18.147,0.0611448,20.5588,1
ZTF25aawkwoy,60882.2609259,2,18.1204,0.051711354,20.5661,1
ZTF25aawkwoy,60884.1953935,1,18.2275,0.08854215,20.1474,1
ZTF25aawkwoy,60884.1953935,1,18.2275,0.088542,20.1474,1
ZTF25aawkwoy,60884.1953935,1,18.2275,0.088542,20.1474,1
ZTF25aawkwoy,60884.26,2,18.1252,0.07413908,20.5835,1
ZTF25aawkwoy,60886.2603819,1,18.2498,0.09040664,20.1806,1
ZTF25aawkwoy,60886.3093866,2,18.1578,0.06061608,20.4695,1
ZTF25aawkwoy,60888.2586111,1,18.4351,0.11110401,20.2153,1
ZTF25aawkwoy,60888.2586111,1,18.4351,0.111104,20.2153,1
ZTF25aawkwoy,60888.2837731,2,18.1855,0.047829,20.6629,1
ZTF25aawkwoy,60888.2837731,2,18.1855,0.04782859,20.6629,1
ZTF25aawkwoy,60890.3258912,1,18.3897,0.06408079,20.6055,1
ZTF25aawkwoy,60896.1728588,1,18.5666,0.0984498,19.6057,1
ZTF25aawkwoy,60896.1728588,1,18.5666,0.09845,19.6057,1
ZTF25aawkwoy,60896.2938657,2,18.435,0.090146855,19.6349,1
ZTF25aawkwoy,60896.2938657,2,18.435,0.090147,19.6349,1
ZTF25aawkwoy,60898.200544,1,18.5908,0.09468114,19.8993,1
ZTF25aawkwoy,60898.200544,1,18.5908,0.094681,19.8993,1
ZTF25aawkwoy,60898.225787,2,18.3972,0.0663498,19.9481,1
ZTF25aawkwoy,60898.225787,2,18.3972,0.06635,19.9481,1
ZTF25aawkwoy,60901.190625,2,18.4617,0.057287,20.5808,1
ZTF25aawkwoy,60901.190625,2,18.4617,0.05728723,20.5808,1
ZTF25aawkwoy,60901.2202546,1,18.789,0.07733,20.5306,1
ZTF25aawkwoy,60901.2202546,1,18.789,0.077330045,20.5306,1
ZTF25aawkwoy,60903.2014931,1,18.8425,0.07916655,20.7285,1
ZTF25aawkwoy,60903.2014931,1,18.8425,0.079167,20.7285,1
ZTF25aawkwoy,60903.312662,2,18.4979,0.06928704,20.5195,1
ZTF25aawkwoy,60903.312662,2,18.4979,0.069287,20.5195,1
ZTF25aawkwoy,60908.224213,2,18.6482,0.06628645,20.3786,1
ZTF25aawkwoy,60908.2989005,1,19.0945,0.10031474,20.3571,1
ZTF25aawkwoy,60910.2179745,1,19.0797,0.08639311,20.4508,1
ZTF25aawkwoy,60910.3045602,2,18.6434,0.08223925,20.2414,1
ZTF25aawkwoy,60914.2113194,2,18.833,0.06736711,20.5716,1
ZTF25aawkwoy,60914.2817477,1,19.2138,0.12491162,20.3116,1
ZTF25aawkwoy,60917.2120139,2,18.8619,0.09081922,20.415,1
ZTF25aawkwoy,60917.2688194,1,19.4629,0.13052557,20.4519,1
ZTF25aawkwoy,60919.1631829,1,19.426,0.14424741,20.2969,1
ZTF25aawkwoy,60919.2004861,2,18.8805,0.08481969,20.3116,1
ZTF25aawkwoy,60921.1561343,2,18.9735,0.09602983,20.196,1
ZTF25aawkwoy,60921.1904167,1,19.4116,0.18460855,20.0435,1
ZTF25aawkwoy,60923.1774884,1,19.5225,0.17661458,19.8547,1
ZTF25aawkwoy,60923.1774884,1,19.5225,0.176615,19.8547,1
ZTF25aawkwoy,60925.2026852,2,19.1295,0.10662898,19.8188,1
ZTF25aawkwoy,60925.2026852,2,19.1295,0.106629,19.8188,1
ZTF25aawkwoy,60925.2425347,1,19.7542,0.354726,19.5739,1
ZTF25aawkwoy,60927.160463,1,19.7993,0.19150786,19.9376,1
ZTF25aawkwoy,60927.160463,1,19.7993,0.191508,19.9376,1
ZTF25aawkwoy,60927.2012731,2,19.0582,0.087676,19.8634,1
ZTF25aawkwoy,60927.2012731,2,19.0582,0.08767591,19.8634,1
ZTF25aawkwoy,60929.1448611,1,19.7652,0.15953794,20.3156,1
ZTF25aawkwoy,60929.1448611,1,19.7652,0.159538,20.3156,1
ZTF25aawkwoy,60929.2465278,2,19.2426,0.121436514,19.8891,1
ZTF25aawkwoy,60929.2465278,2,19.2426,0.121437,19.8891,1
ZTF25aawkwoy,60932.1813426,1,20.0507,0.19231975,20.571,1
ZTF25aawkwoy,60932.1813426,1,20.0507,0.19232,20.571,1
ZTF25aawkwoy,60932.2022569,2,19.255,0.121947,20.3975,1
ZTF25aawkwoy,60932.2022569,2,19.255,0.12194748,20.3975,1
ZTF25aawkwoy,60934.1605671,1,20.2283,0.229286,20.515,1
ZTF25aawkwoy,60934.2049421,2,19.2736,0.11436289,20.4123,1
ZTF25aawkwoy,60938.142963,1,20.3273,0.235135,20.5006,1
ZTF25aawkwoy,60938.142963,1,20.3273,0.235135,20.5006,1
ZTF25aawkwoy,60938.1760185,2,19.4226,0.12387913,20.4322,1
ZTF25aawkwoy,60938.1760185,2,19.4226,0.123879,20.4322,1
ZTF25aawkwoy,60943.1818634,1,20.7011,0.25917,20.5158,1
ZTF25aawkwoy,60943.2062037,2,19.606,0.15934429,20.3775,1
ZTF25aawkwoy,60948.1958796,2,19.6992,0.13917485,20.2658,1
ZTF25aawkwoy,60950.1846065,2,19.7935,0.15969358,20.1645,1
ZTF25aawkwoy,60953.1745949,2,19.7759,0.19050394,19.8606,1
ZTF25aawkwoy,60957.1743519,2,19.8191,0.19582428,19.8118,1
ZTF25aawkwoy,60965.1124306,2,20.0965,0.19482888,20.3549,1
ZTF25aawmdtp,60847.3478704,2,19.4026,0.14750901,20.0865,1
ZTF25aawmdtp,60847.3828819,1,19.8887,0.16040435,20.3295,1
ZTF25aawmdtp,60849.4647454,1,19.3132,0.09730321,20.6015,1
ZTF25aawmdtp,60852.4254977,1,18.9043,0.0798522,20.5905,1
ZTF25aawmdtp,60852.4460995,2,18.4169,0.07429955,20.6941,1
ZTF25aawmdtp,60855.3729167,2,18.1647,0.050998665,20.2376,1
ZTF25aawmdtp,60859.3059028,2,18.0175,0.07167179,19.8388,1
ZTF25aawmdtp,60859.3897801,1,18.7559,0.061603427,20.5453,1
ZTF25aawmdtp,60885.3430556,2,19.0337,0.06932266,20.8118,1
ZTF25aawmdtp,60885.3901389,1,20.4958,0.2017577,20.8203,1
ZTF25aawmdtp,60891.3676157,2,19.4421,0.122954406,20.7235,1
ZTF25aawmdtp,60905.3505208,2,19.7073,0.10980194,20.7147,1
ZTF25aawmdtp,60911.3276157,2,20.0797,0.15668148,20.6963,1
ZTF25aawmdtp,60914.3600116,2,20.0816,0.13441317,20.7318,1
ZTF25aawmdtp,60917.3428935,2,20.1839,0.10920061,20.7952,1
ZTF25aawmdtp,60919.3420833,2,20.1508,0.15094936,20.8298,1
ZTF25aawmdtp,60932.241169,2,20.2846,0.164973,20.8102,1
ZTF25aawmdtp,60934.2854167,2,20.4563,0.19442536,20.7028,1
ZTF25aawmdtp,60949.3044444,2,20.457,0.18616231,20.7174,1
ZTF25aawngni,60847.3918634,1,20.3469,0.20582154,20.4675,1
ZTF25aawngni,60849.2983681,2,18.9418,0.09904582,20.6391,1
ZTF25aawngni,60849.3366319,1,18.605,0.059921525,20.6036,1
ZTF25aawngni,60851.3747454,2,18.3587,0.06431,20.8456,1
ZTF25aawngni,60851.3747454,2,18.3568,0.06384009,20.8459,1
ZTF25aawngni,60851.3800579,2,18.3445,0.07071,20.8252,1
ZTF25aawngni,60851.3800579,2,18.3438,0.07078958,20.8243,1
ZTF25aawngni,60853.32,1,17.8279,0.06301797,20.4809,1
ZTF25aawngni,60853.3576736,2,18.1042,0.052518,20.792,1
ZTF25aawngni,60853.3576736,2,18.1042,0.05251831,20.792,1
ZTF25aawngni,60855.3624306,2,17.9579,0.061348595,20.2324,1
ZTF25aawngni,60855.394919,1,17.7397,0.044179518,20.5312,1
ZTF25aawngni,60858.3579398,1,17.6324,0.042961895,20.7151,1
ZTF25aawngni,60858.4488426,2,17.7468,0.0511875,20.8439,1
ZTF25aawngni,60860.3581713,2,17.6935,0.06264086,20.8402,1
ZTF25aawngni,60860.4000231,1,17.637,0.04645459,20.5967,1
ZTF25aawngni,60862.3592477,2,17.6617,0.04845915,20.571,1
ZTF25aawngni,60862.4247801,1,17.6183,0.056226023,20.8328,1
ZTF25aawngni,60865.3291319,2,17.5943,0.04323618,20.0764,1
ZTF25aawngni,60865.375463,1,17.6469,0.041822888,19.8849,1
ZTF25aawngni,60868.2332986,1,17.6974,0.06745532,19.2901,1
ZTF25aawngni,60868.3571759,2,17.5835,0.047692183,19.6396,1
ZTF25aawngni,60870.2444792,1,17.7218,0.054741327,19.2875,1
ZTF25aawngni,60870.4358102,2,17.6009,0.064328484,19.1031,1
ZTF25aawngni,60872.2540046,1,17.7991,0.05779143,20.3951,1
ZTF25aawngni,60872.4115394,2,17.6317,0.053242482,19.9746,1
ZTF25aawngni,60875.3034375,1,17.8899,0.04712676,20.7067,1
ZTF25aawngni,60875.3505787,2,17.675,0.048661433,20.7091,1
ZTF25aawngni,60877.2805671,1,18.0122,0.05691561,20.6867,1
ZTF25aawngni,60877.3065162,2,17.768,0.042563386,20.8424,1
ZTF25aawngni,60879.2939583,1,18.0481,0.05379501,20.6158,1
ZTF25aawngni,60879.3664005,2,17.8206,0.05871105,20.2079,1
ZTF25aawngni,60881.2442593,1,18.1467,0.05539041,20.4934,1
ZTF25aawngni,60881.3859375,2,17.8525,0.063489795,20.8583,1
ZTF25aawngni,60883.2802546,2,17.9341,0.06492526,20.5665,1
ZTF25aawngni,60883.2802546,2,17.9341,0.064925,20.5665,1
ZTF25aawngni,60883.2802546,2,17.9341,0.064925,20.5665,1
ZTF25aawngni,60883.3285995,1,18.2486,0.05239208,20.6232,1
ZTF25aawngni,60885.287963,1,18.317,0.053087536,20.7584,1
ZTF25aawngni,60885.3231019,2,17.9568,0.050424036,20.9292,1
ZTF25aawngni,60887.304294,1,18.4,0.05163136,20.8037,1
ZTF25aawngni,60887.3439005,2,18.045,0.06445095,20.9013,1
ZTF25aawngni,60889.2982292,2,18.0721,0.050796118,20.8834,1
ZTF25aawngni,60889.37125,1,18.4669,0.055841867,20.907,1
ZTF25aawngni,60891.2873727,1,18.537,0.08476575,20.2376,1
ZTF25aawngni,60891.3320718,2,18.0986,0.061547644,20.6157,1
ZTF25aawngni,60891.3320718,2,18.0986,0.061548,20.6157,1
ZTF25aawngni,60903.2284954,1,18.9676,0.077844195,20.7708,1
ZTF25aawngni,60903.2284954,1,18.9676,0.077844,20.7708,1
ZTF25aawngni,60903.2962037,2,18.3702,0.06857227,20.9176,1
ZTF25aawngni,60903.2962037,2,18.3702,0.068572,20.9176,1
ZTF25aawngni,60905.3683681,1,19.0628,0.078501254,20.5165,1
ZTF25aawngni,60909.3185301,1,19.1509,0.092463985,20.613,1
ZTF25aawngni,60911.2122454,1,19.3294,0.090451084,20.5353,1
ZTF25aawngni,60911.308831,2,18.5547,0.071567655,20.7418,1
ZTF25aawngni,60913.2812963,2,18.5932,0.065489426,20.7537,1
ZTF25aawngni,60913.3212269,1,19.3109,0.09403268,20.578,1
ZTF25aawngni,60916.2369792,2,18.6157,0.07760086,20.7288,1
ZTF25aawngni,60916.3197917,1,19.5529,0.11801877,20.4898,1
ZTF25aawngni,60918.2065162,2,18.6561,0.079150915,20.6934,1
ZTF25aawngni,60918.2984606,1,19.4799,0.09921158,20.5488,1
ZTF25aawngni,60920.3696528,2,18.7033,0.07751874,20.3859,1
ZTF25aawngni,60922.1828125,1,19.7802,0.1941513,19.769,1
ZTF25aawngni,60922.2189699,2,18.8479,0.108210936,20.0446,1
ZTF25aawngni,60924.1739468,2,18.7821,0.1142313,19.743,1
ZTF25aawngni,60926.2590162,2,18.9566,0.1100944,19.8813,1
ZTF25aawngni,60928.2256713,2,19.0362,0.11917688,20.3104,1
ZTF25aawngni,60928.2798032,1,19.923,0.2146095,19.8135,1
ZTF25aawngni,60932.2261227,2,19.0902,0.10956721,20.8491,1
ZTF25aawngni,60932.3506713,1,19.832,0.19429289,19.9767,1
ZTF25aawngni,60934.2599537,2,19.0774,0.10777831,20.7557,1
ZTF25aawngni,60934.299294,1,20.0144,0.15432127,20.4771,1
ZTF25aawngni,60948.2058449,2,19.3442,0.13119254,20.5678,1
ZTF25aawngni,60948.2759028,1,20.1558,0.18732151,20.6322,1
ZTF25aawngni,60980.1352315,2,19.455,0.17332393,19.9875,1
ZTF25aawngni,61017.1809838,2,19.7189,0.230286,19.4408,1
ZTF25aawngni,61020.087037,2,19.83,0.16214672,20.2997,1
ZTF25aawngni,61026.0905787,2,19.8974,0.20988697,20.3433,1
ZTF25aaxjzzz,60851.3628125,2,19.4754,0.12517564,20.2273,1
ZTF25aaxjzzz,60851.4622685,2,19.4276,0.127169,20.452,1
ZTF25aaxjzzz,60855.3709722,2,18.1825,0.0767352,19.8662,1
ZTF25aaxjzzz,60855.467581,1,18.4433,0.051655147,20.527,1
ZTF25aaxjzzz,60858.4053819,1,17.822,0.04913749,20.6646,1
ZTF25aaxjzzz,60858.4444097,2,17.5493,0.042542953,20.5954,1
ZTF25aaxjzzz,60860.4421296,1,17.5997,0.03998989,20.7656,1
ZTF25aaxjzzz,60861.3675579,2,17.3343,0.035592467,20.5242,1
ZTF25aaxjzzz,60861.4552083,1,17.5198,0.043261174,20.8434,1
ZTF25aaxjzzz,60861.4570949,1,17.4906,0.043038733,20.7394,1
ZTF25aaxjzzz,60862.4280093,1,17.4395,0.035906773,20.7057,1
ZTF25aaxjzzz,60862.4289468,1,17.4327,0.043439094,20.7288,1
ZTF25aaxjzzz,60862.4648727,2,17.2752,0.042768743,20.653,1
ZTF25aaxjzzz,60863.3630787,1,17.4248,0.047534797,19.7583,1
ZTF25aaxjzzz,60863.3701852,1,17.4202,0.05484386,19.8563,1
ZTF25aaxjzzz,60863.4695255,2,17.2275,0.032550093,20.6721,1
ZTF25aaxjzzz,60864.4326852,1,17.4265,0.035157,20.5809,1
ZTF25aaxjzzz,60864.4338889,1,17.4182,0.035679508,20.6397,1
ZTF25aaxjzzz,60864.4707407,2,17.1689,0.04745152,20.5963,1
ZTF25aaxjzzz,60865.3841204,3,17.7867,0.060721483,19.653,1
ZTF25aaxjzzz,60865.4645255,2,17.1846,0.04268931,20.3518,1
ZTF25aaxjzzz,60866.3856944,2,17.1584,0.039359335,19.5835,1
ZTF25aaxjzzz,60866.4078935,3,17.8072,0.06545027,19.419,1
ZTF25aaxjzzz,60866.4549769,1,17.4044,0.045213867,19.6675,1
ZTF25aaxjzzz,60866.4559144,1,17.4203,0.0430126,19.6738,1
ZTF25aaxjzzz,60867.3640162,1,17.4361,0.06187957,19.2952,1
ZTF25aaxjzzz,60867.3682639,1,17.4517,0.049256623,19.2458,1
ZTF25aaxjzzz,60867.3811806,3,17.8253,0.06747791,19.3224,1
ZTF25aaxjzzz,60867.4621875,2,17.1521,0.049948387,19.8614,1
ZTF25aaxjzzz,60868.4004861,2,17.1603,0.042180702,19.6417,1
ZTF25aaxjzzz,60868.4397569,1,17.4709,0.04854816,19.4784,1
ZTF25aaxjzzz,60868.4650579,3,17.833,0.06332723,19.4523,1
ZTF25aaxjzzz,60869.3653356,1,17.5498,0.045228925,19.3124,1
ZTF25aaxjzzz,60869.3662847,1,17.523,0.052052904,19.2723,1
ZTF25aaxjzzz,60869.3827199,3,17.9159,0.06436005,19.356,1
ZTF25aaxjzzz,60869.4638542,2,17.1956,0.042690147,19.7319,1
ZTF25aaxjzzz,60870.3771065,3,17.8334,0.097716324,18.3605,1
ZTF25aaxjzzz,60870.4250926,2,17.1668,0.057985306,18.7649,1
ZTF25aaxjzzz,60873.3401505,2,17.2888,0.052742362,19.2204,1
ZTF25aaxjzzz,60875.3215046,3,18.352,0.0823336,19.5615,1
ZTF25aaxjzzz,60875.3620602,2,17.4451,0.036338434,20.402,1
ZTF25aaxjzzz,60876.360081,3,18.463,0.077713296,19.8949,1
ZTF25aaxjzzz,60876.4041898,2,17.5806,0.046652872,20.569,1
ZTF25aaxjzzz,60877.3504051,2,17.6402,0.06108252,20.538,1
ZTF25aaxjzzz,60877.3637269,3,18.4919,0.07935595,19.7318,1
ZTF25aaxjzzz,60877.4000347,1,18.0196,0.049835052,20.8705,1
ZTF25aaxjzzz,60877.4158102,1,18.054,0.047964074,20.8267,1
ZTF25aaxjzzz,60878.3647338,1,18.1573,0.05706042,20.697,1
ZTF25aaxjzzz,60878.3656713,1,18.1722,0.07241839,20.716,1
ZTF25aaxjzzz,60878.3851389,3,18.5118,0.077275835,19.7548,1
ZTF25aaxjzzz,60878.4015856,2,17.729,0.036823224,20.6268,1
ZTF25aaxjzzz,60879.3830671,2,17.7903,0.054332554,20.3256,1
ZTF25aaxjzzz,60879.4045255,3,18.4517,0.08467319,19.5465,1
ZTF25aaxjzzz,60879.4240394,1,18.2542,0.07577597,20.532,1
ZTF25aaxjzzz,60879.4249769,1,18.2475,0.053840548,20.7086,1
ZTF25aaxjzzz,60880.3826389,2,17.7992,0.04965031,20.604,1
ZTF25aaxjzzz,60880.4035069,3,18.5273,0.069196776,20.0431,1
ZTF25aaxjzzz,60880.4326968,1,18.3848,0.05406267,20.5194,1
ZTF25aaxjzzz,60880.4336343,1,18.4154,0.0679666,20.6087,1
ZTF25aaxjzzz,60881.3587963,3,18.5772,0.090847544,20.0518,1
ZTF25aaxjzzz,60881.3947801,2,17.8346,0.04770051,20.6104,1
ZTF25aaxjzzz,60881.4340741,1,18.4649,0.059618168,20.7297,1
ZTF25aaxjzzz,60881.4350116,1,18.4424,0.069270715,20.7265,1
ZTF25aaxjzzz,60882.383125,1,18.5708,0.057998024,20.7459,1
ZTF25aaxjzzz,60882.3840625,1,18.6119,0.06426,20.7613,1
ZTF25aaxjzzz,60882.406713,3,18.5827,0.09074541,19.6323,1
ZTF25aaxjzzz,60882.4246412,2,17.8479,0.054540314,20.3138,1
ZTF25aaxjzzz,60883.384537,2,17.8581,0.049549825,20.6638,1
ZTF25aaxjzzz,60883.4243866,1,18.6407,0.07148996,20.7981,1
ZTF25aaxjzzz,60883.4262731,1,18.5818,0.078393094,20.7997,1
ZTF25aaxjzzz,60884.3815509,2,17.8404,0.048358552,20.711,1
ZTF25aaxjzzz,60884.4235995,3,18.4425,0.051148746,20.1128,1
ZTF25aaxjzzz,60885.3478588,2,17.8468,0.050574023,20.6159,1
ZTF25aaxjzzz,60885.3488079,2,17.8193,0.043745074,20.6142,1
ZTF25aaxjzzz,60885.3630208,3,18.4158,0.059418164,20.199,1
ZTF25aaxjzzz,60885.3958333,1,18.8527,0.06580103,20.7038,1
ZTF25aaxjzzz,60885.3987616,1,18.8245,0.073268734,20.7883,1
ZTF25aaxjzzz,60885.3997106,1,18.8491,0.07039669,20.7312,1
ZTF25aaxjzzz,60886.3616435,2,17.8524,0.07895029,20.3976,1
ZTF25aaxjzzz,60886.3844329,3,18.3684,0.059831113,19.9654,1
ZTF25aaxjzzz,60886.4217245,1,18.8591,0.09003367,20.6162,1
ZTF25aaxjzzz,60886.4226736,1,18.95,0.110513225,20.6703,1
ZTF25aaxjzzz,60887.3533449,2,17.8494,0.055206325,20.566,1
ZTF25aaxjzzz,60887.3829514,3,18.4142,0.0632177,20.1842,1
ZTF25aaxjzzz,60887.4128704,1,18.9496,0.08461758,20.6754,1
ZTF25aaxjzzz,60887.4147569,1,19.0357,0.083234176,20.7035,1
ZTF25aaxjzzz,60888.387419,2,17.8756,0.046629183,20.7018,1
ZTF25aaxjzzz,60888.4220602,3,18.3016,0.073301084,20.0856,1
ZTF25aaxjzzz,60888.4443634,1,19.0708,0.095937,20.7324,1
ZTF25aaxjzzz,60888.4443634,1,19.0708,0.095937,20.7324,1
ZTF25aaxjzzz,60888.4808102,1,19.113,0.0918253,20.6781,1
ZTF25aaxjzzz,60889.3194676,2,17.8617,0.052351665,20.3604,1
ZTF25aaxjzzz,60889.3434838,3,18.3866,0.08920274,19.9545,1
ZTF25aaxjzzz,60889.3927546,1,19.188,0.08465404,20.7571,1
ZTF25aaxjzzz,60889.3936921,1,19.1929,0.09360857,20.732,1
ZTF25aaxjzzz,60890.3460764,3,18.2818,0.09089222,19.8382,1
ZTF25aaxjzzz,60890.3813542,2,17.9137,0.047009755,20.572,1
ZTF25aaxjzzz,60891.3465162,3,18.2292,0.07831056,19.809,1
ZTF25aaxjzzz,60891.3652199,2,17.8901,0.046901934,20.5997,1
ZTF25aaxjzzz,60891.385463,1,19.3343,0.11292049,20.5461,1
ZTF25aaxjzzz,60891.4417824,1,19.3971,0.106020495,20.6092,1
ZTF25aaxjzzz,60892.3224421,3,18.2655,0.07782841,19.9266,1
ZTF25aaxjzzz,60892.3813773,1,19.4465,0.089537024,20.6338,1
ZTF25aaxjzzz,60892.3823264,1,19.4923,0.1315246,20.5722,1
ZTF25aaxjzzz,60892.4204977,2,17.9546,0.05188508,20.6713,1
ZTF25aaxjzzz,60894.3770833,2,18.0539,0.04838478,19.9786,1
ZTF25aaxjzzz,60894.3919329,2,18.0511,0.053666584,19.9742,1
ZTF25aaxjzzz,60894.4053241,3,18.2547,0.06598336,19.656,1
ZTF25aaxjzzz,60894.4412037,1,19.5772,0.17640422,19.9894,1
ZTF25aaxjzzz,60894.4454514,1,19.5007,0.120614216,20.1014,1
ZTF25aaxjzzz,60895.3588773,3,18.4165,0.10555034,19.0147,1
ZTF25aaxjzzz,60895.3829051,2,18.0528,0.06365944,19.3672,1
ZTF25aaxjzzz,60896.3594213,2,18.0972,0.117517106,19.0682,1
ZTF25aaxjzzz,60896.3603704,2,18.238,0.11328969,19.135,1
ZTF25aaxjzzz,60896.4004745,3,18.3908,0.12767282,18.9696,1
ZTF25aaxjzzz,60896.4466435,1,19.3523,0.252815,19.0436,1
ZTF25aaxjzzz,60897.3552662,3,18.3032,0.14838256,18.4992,1
ZTF25aaxjzzz,60897.3850347,2,18.2974,0.11525272,18.9457,1
ZTF25aaxjzzz,60901.363125,2,18.538,0.072514,20.0654,1
ZTF25aaxjzzz,60901.363125,2,18.538,0.072514,20.0654,1
ZTF25aaxjzzz,60903.3883565,1,19.916,0.15546685,20.5368,1
ZTF25aaxjzzz,60905.3192708,1,20.1509,0.16221374,20.6171,1
ZTF25aaxjzzz,60905.3558333,2,18.7037,0.06474446,20.6184,1
ZTF25aaxjzzz,60909.3643866,2,18.8627,0.094605185,20.4564,1
ZTF25aaxjzzz,60911.3227894,2,18.9209,0.0867093,20.5156,1
ZTF25aaxjzzz,60911.3746644,1,20.1476,0.20019509,20.6759,1
ZTF25aaxjzzz,60914.3172338,1,20.2213,0.19603641,20.6457,1
ZTF25aaxjzzz,60914.3560995,2,19.1032,0.09534541,20.3898,1
ZTF25aaxjzzz,60917.2963773,1,20.2377,0.20879944,20.5328,1
ZTF25aaxjzzz,60917.3489236,2,19.1608,0.07873234,20.5187,1
ZTF25aaxjzzz,60919.351412,2,19.1005,0.079960756,20.5515,1
ZTF25aaxjzzz,60919.4432407,1,20.307,0.213606,20.4495,1
ZTF25aaxjzzz,60921.2818056,1,20.339,0.315311,20.0214,1
ZTF25aaxjzzz,60923.3365972,2,19.4738,0.14361115,19.6173,1
ZTF25aaxjzzz,60928.3085764,2,19.5391,0.1942649,19.7918,1
ZTF25aaxjzzz,60930.3831597,2,19.4652,0.13716891,20.1854,1
ZTF25aaxjzzz,60933.2236111,2,19.5558,0.11756843,20.4884,1
ZTF25aaxjzzz,60935.2705671,2,19.6828,0.15255898,19.9444,1
ZTF25aaxjzzz,60935.325625,1,20.5582,0.222306,20.5332,1
ZTF25aaxjzzz,60939.2964352,2,19.9818,0.15088764,20.591,1
ZTF25aaxjzzz,60939.3166319,1,20.3087,0.224562,20.6263,1
ZTF25aaxjzzz,60942.3104745,2,19.8496,0.15094464,20.4079,1
ZTF25aaxjzzz,60942.3528935,1,20.5211,0.20478085,20.648,1
ZTF25aaxjzzz,60949.2866204,2,19.9723,0.16227159,20.4154,1
ZTF25aaxsmkl,60852.4732639,2,19.0895,0.20278415,19.2661,1
ZTF25aaxsmkl,60854.4719329,2,18.9837,0.14544007,19.5326,1
ZTF25aaxsmkl,60854.4758102,2,18.938,0.13306898,19.3906,1
ZTF25aaxsmkl,60855.471331,2,18.7563,0.10402728,19.5661,1
ZTF25aaxsmkl,60855.475162,2,18.5902,0.11084696,19.2936,1
ZTF25aaxsmkl,60858.4699653,2,18.4545,0.0798969,19.6993,1
ZTF25aaxsmkl,60858.473831,2,18.4246,0.09311446,19.6455,1
ZTF25aaxsmkl,60858.4776968,2,18.4109,0.076611154,19.6153,1
ZTF25aaxsmkl,60859.4700579,2,18.301,0.06419539,19.7487,1
ZTF25aaxsmkl,60859.4734606,2,18.2737,0.072029814,19.7137,1
ZTF25aaxsmkl,60859.4768519,2,18.2911,0.07433442,19.4901,1
ZTF25aaxsmkl,60860.4714468,2,18.1968,0.059064586,19.9896,1
ZTF25aaxsmkl,60860.474838,2,18.2116,0.06268617,19.8122,1
ZTF25aaxsmkl,60860.4792245,2,18.191,0.067976154,19.6248,1
ZTF25aaxsmkl,60861.4726968,2,18.1825,0.06565733,19.6863,1
ZTF25aaxsmkl,60861.4765625,2,18.1018,0.073260315,19.6311,1
ZTF25aaxsmkl,60861.4804167,2,18.2028,0.08747412,19.527,1
ZTF25aaxsmkl,60862.4711458,2,18.0834,0.06774184,19.8583,1
ZTF25aaxsmkl,60862.475,2,18.0666,0.049279597,19.782,1
ZTF25aaxsmkl,60862.4788426,2,18.073,0.06573987,19.6277,1
ZTF25aaxsmkl,60900.4421644,2,18.8979,0.085213706,19.7539,1
ZTF25aaxsmkl,60904.4238079,2,18.9809,0.11027307,20.3807,1
ZTF25aaxsmkl,60911.4370486,2,19.2875,0.10506043,20.4992,1
ZTF25aaxsmkl,60914.4202778,2,19.1009,0.12504475,20.5335,1
ZTF25aaxsmkl,60917.3825116,2,19.1759,0.07907864,20.5122,1
ZTF25aaxsmkl,60919.3784259,2,19.3133,0.094067395,20.5547,1
ZTF25aaxsmkl,60927.4222801,2,19.4164,0.143806,19.7466,1
ZTF25aaxsmkl,60938.430787,2,19.6831,0.1218307,20.6827,1
ZTF25aazkont,60861.471713,2,17.2617,0.047613222,20.0456,1
ZTF25aazkont,60861.4755671,2,17.2139,0.051662773,19.8977,1
ZTF25aazkont,60861.4794213,2,17.2346,0.06072036,19.6163,1
ZTF25aazkont,60900.4217477,2,17.8205,0.049602408,19.6019,1
ZTF25aazkont,60900.461875,1,18.6768,0.11012775,19.4117,1
ZTF25aazkont,60903.3592245,2,17.903,0.056490846,19.7779,1
ZTF25aazkont,60903.4876042,1,18.6941,0.09249443,20.1461,1
ZTF25aazkont,60909.3935417,2,17.8622,0.051280685,20.3761,1
ZTF25aazkont,60909.419838,1,18.8388,0.091864206,20.5085,1
ZTF25aazkont,60911.4141204,1,18.8115,0.09599608,20.4128,1
ZTF25aazkont,60911.4731597,2,17.9064,0.04965547,20.5045,1
ZTF25aazkont,60914.3990509,2,17.9129,0.054485362,20.3829,1
ZTF25aazkont,60914.4571991,1,18.8819,0.08799303,20.553,1
ZTF25aazkont,60917.3810995,2,17.9912,0.045638096,20.4478,1
ZTF25aazkont,60917.422581,1,18.9518,0.090178646,20.4985,1
ZTF25aazkont,60919.4186458,1,18.9289,0.075769,20.524,1
ZTF25aazkont,60924.4371412,2,18.0099,0.0677052,19.8818,1
ZTF25aazkont,60924.465787,1,19.0161,0.113539,19.6925,1
ZTF25aazkont,60926.4319329,1,18.9679,0.16268462,19.3351,1
ZTF25aazkont,60926.4816667,2,18.0907,0.07514134,19.7169,1
ZTF25aazkont,60928.427037,1,19.0735,0.15354668,19.4216,1
ZTF25aazkont,60928.4845833,2,18.1103,0.06795051,19.5484,1
ZTF25aazkont,60930.452581,2,18.083,0.06905407,19.6627,1
ZTF25aazkont,60930.4977778,1,19.1776,0.19603592,19.576,1
ZTF25aazkont,60933.3906019,2,18.1149,0.065110914,20.2823,1
ZTF25aazkont,60933.4221296,1,19.2475,0.10031203,20.2862,1
ZTF25aazkont,60935.3775926,1,19.2588,0.11451357,20.4374,1
ZTF25aazkont,60935.4361921,2,17.936,0.257273,17.5433,1
ZTF25aazkont,60939.3612269,1,19.4363,0.14909129,20.4873,1
ZTF25aazkont,60939.3833565,2,18.2626,0.07290189,20.5585,1
ZTF25aazkont,60942.338831,2,18.2959,0.061611537,20.4754,1
ZTF25aazkont,60942.3697338,1,19.5363,0.119530015,20.6175,1
ZTF25aazkont,60948.416412,2,18.575,0.04855017,20.5351,1
ZTF25aazkont,60948.4212384,1,19.8366,0.15157335,20.624,1
ZTF25aazkont,60950.3569676,1,20.0468,0.1781495,20.4564,1
ZTF25aazkont,60952.3399421,2,18.7144,0.114725016,19.6358,1
ZTF25aazkont,60959.3323611,2,19.3395,0.11931227,20.0108,1
ZTF25aazkont,60961.3953935,2,19.4251,0.09968866,20.4114,1
ZTF25aazkont,60970.3920949,2,19.8157,0.13784246,20.5436,1
ZTF25aazkont,60975.3583333,2,19.8689,0.13147694,20.3841,1
ZTF25aazufyf,60861.373206,2,20.3908,0.18228665,20.5077,1
ZTF25aazufyf,60861.373206,2,20.3908,0.182287,20.5077,1
ZTF25aazufyf,60861.4169792,1,20.3209,0.23536,20.5761,1
ZTF25aazufyf,60862.4200463,1,19.8391,0.17979527,20.4141,1
ZTF25aazufyf,60862.4209954,1,19.7853,0.117012404,20.5085,1
ZTF25aazufyf,60863.3196991,2,19.5391,0.14215723,19.848,1
ZTF25aazufyf,60863.3206481,2,19.6625,0.18437311,19.8646,1
ZTF25aazufyf,60863.3712037,1,19.5298,0.14929968,19.8068,1
ZTF25aazufyf,60863.3721412,1,19.7543,0.20645688,19.8521,1
ZTF25aazufyf,60863.3730903,1,19.535,0.17327881,19.8932,1
ZTF25aazufyf,60864.3614352,2,19.2917,0.12908524,19.9192,1
ZTF25aazufyf,60865.3561574,1,18.9316,0.13978828,19.2553,1
ZTF25aazufyf,60865.3571065,1,18.9419,0.15189369,19.2687,1
ZTF25aazufyf,60866.3601273,2,18.8142,0.13226311,19.2065,1
ZTF25aazufyf,60866.3610648,2,18.8815,0.13808195,19.1997,1
ZTF25aazufyf,60867.3299884,2,18.6674,0.1324539,19.0299,1
ZTF25aazufyf,60867.376956,3,18.9773,0.17147572,18.9103,1
ZTF25aazufyf,60871.3212153,2,18.4359,0.18609571,18.6796,1
ZTF25aazufyf,60871.3221644,2,18.2142,0.11870352,18.7447,1
ZTF25aazufyf,60871.3359144,1,18.1924,0.1408302,18.4057,1
ZTF25aazufyf,60871.3428472,1,18.225,0.16450667,18.4415,1
ZTF25aazufyf,60871.3433102,1,18.3821,0.16181463,18.42,1
ZTF25aazufyf,60871.3801968,3,18.83,0.16779433,18.8616,1
ZTF25aazufyf,60872.4309491,2,18.2282,0.0880239,19.3933,1
ZTF25aazufyf,60873.2993981,2,18.2935,0.08517931,19.5093,1
ZTF25aazufyf,60873.3003472,2,18.2863,0.08404043,19.5042,1
ZTF25aazufyf,60873.357338,3,18.7892,0.10730252,19.4254,1
ZTF25aazufyf,60873.3833333,1,18.1512,0.06984278,19.5281,1
ZTF25aazufyf,60873.3842708,1,18.0926,0.0671205,19.5918,1
ZTF25aazufyf,60875.3252778,3,18.8328,0.106454454,19.6908,1
ZTF25aazufyf,60875.3397454,2,18.1895,0.050644446,20.298,1
ZTF25aazufyf,60876.3326389,1,18.1036,0.056802176,20.3364,1
ZTF25aazufyf,60876.345463,3,18.8245,0.12865622,19.6824,1
ZTF25aazufyf,60877.3359144,2,18.2195,0.042218946,20.4753,1
ZTF25aazufyf,60877.3604282,3,18.8343,0.12098478,19.6798,1
ZTF25aazufyf,60878.3228704,2,18.2101,0.05007657,20.7241,1
ZTF25aazufyf,60878.3238079,2,18.1733,0.053232603,20.6821,1
ZTF25aazufyf,60878.3390278,1,18.1497,0.05411383,20.6535,1
ZTF25aazufyf,60878.3399884,1,18.1763,0.05258287,20.7232,1
ZTF25aazufyf,60878.3409375,1,18.1578,0.041893065,20.6689,1
ZTF25aazufyf,60878.3813542,3,18.9552,0.10293622,19.645,1
ZTF25aazufyf,60879.3764352,2,18.2283,0.09719416,19.8739,1
ZTF25aazufyf,60879.4002778,3,18.9458,0.1557399,19.2388,1
ZTF25aazufyf,60880.3045949,1,18.2968,0.06127649,20.3481,1
ZTF25aazufyf,60880.3987847,3,18.867,0.10441759,20.0485,1
ZTF25aazufyf,60880.4153125,2,18.2425,0.056453187,20.3936,1
ZTF25aazufyf,60880.4162616,2,18.2137,0.07243103,20.3422,1
ZTF25aazufyf,60881.3346412,3,19.0027,0.12568155,19.9174,1
ZTF25aazufyf,60882.3136227,2,18.2933,0.054119613,20.3573,1
ZTF25aazufyf,60882.3169213,2,18.3377,0.05514857,20.328,1
ZTF25aazufyf,60882.3558912,1,18.3494,0.061293866,20.4165,1
ZTF25aazufyf,60882.4109606,3,18.9489,0.121410824,19.7519,1
ZTF25aazufyf,60883.3142245,1,18.4401,0.05988653,20.4732,1
ZTF25aazufyf,60883.315162,1,18.4526,0.059714686,20.4635,1
ZTF25aazufyf,60883.3778125,2,18.3888,0.057922803,20.4866,1
ZTF25aazufyf,60884.3137616,1,18.4313,0.09297275,20.3013,1
ZTF25aazufyf,60884.3581366,2,18.4172,0.0646215,20.4942,1
ZTF25aazufyf,60884.3768171,2,18.4487,0.065114714,20.3738,1
ZTF25aazufyf,60884.4193634,3,19.193,0.15347612,19.9719,1
ZTF25aazufyf,60885.2970602,1,18.5707,0.06314792,20.4478,1
ZTF25aazufyf,60885.2980093,1,18.5578,0.06484754,20.4967,1
ZTF25aazufyf,60885.3351968,2,18.4921,0.05840189,20.5418,1
ZTF25aazufyf,60885.3592477,3,19.3056,0.12545161,20.0329,1
ZTF25aazufyf,60886.2808912,1,18.6386,0.0769622,20.0921,1
ZTF25aazufyf,60886.3146644,2,18.5444,0.07296399,20.3391,1
ZTF25aazufyf,60886.3200926,2,18.5233,0.061459415,20.37,1
ZTF25aazufyf,60887.2981713,1,18.7614,0.08523483,20.3259,1
ZTF25aazufyf,60887.3005208,1,18.7472,0.07410207,20.4424,1
ZTF25aazufyf,60887.3787037,3,19.5902,0.15516935,20.0584,1
ZTF25aazufyf,60887.4286111,2,18.6317,0.07048271,20.3433,1
ZTF25aazufyf,60888.2965741,2,18.6977,0.059923667,20.48,1
ZTF25aazufyf,60888.2975231,2,18.6662,0.07224606,20.465,1
ZTF25aazufyf,60888.3442361,1,18.779,0.08494063,20.4636,1
ZTF25aazufyf,60889.3119097,2,18.7035,0.0847314,20.2558,1
ZTF25aazufyf,60889.3401736,3,19.7057,0.17578635,19.9486,1
ZTF25aazufyf,60890.3141898,1,19.0446,0.0926493,20.1391,1
ZTF25aazufyf,60891.3427546,3,19.7777,0.236696,19.7062,1
ZTF25aazufyf,60891.3427546,3,19.7777,0.236696,19.7062,1
ZTF25aazufyf,60891.3599884,2,18.8676,0.0821073,20.2316,1
ZTF25aazufyf,60891.3783912,1,19.0558,0.09962328,20.0991,1
ZTF25aazufyf,60891.3793403,1,18.9921,0.12911072,20.0301,1
ZTF25aazufyf,60892.2999769,3,19.575,0.19826959,19.7034,1
ZTF25aazufyf,60892.2999769,3,19.575,0.19827,19.7034,1
ZTF25aazufyf,60892.3601042,1,19.0916,0.09708056,19.9271,1
ZTF25aazufyf,60892.4006713,2,18.9088,0.084952384,20.2408,1
ZTF25aazufyf,60892.4030208,2,18.873,0.07659174,20.1566,1
ZTF25aazufyf,60894.3608449,2,18.8556,0.16981238,19.2797,1
ZTF25aazufyf,60898.37375,2,18.8215,0.193994,18.922,1
ZTF25aazufyf,60898.3746991,2,18.9648,0.18802962,18.9319,1
ZTF25aazufyf,60899.2638657,2,19.0591,0.15047926,19.1966,1
ZTF25aazufyf,60899.3351157,3,19.5667,0.265546,18.9641,1
ZTF25aazufyf,60900.3104977,2,19.0665,0.11294911,19.7987,1
ZTF25aazufyf,60901.2447917,1,19.8782,0.211185,19.7556,1
ZTF25aazufyf,60901.2447917,1,19.8782,0.21118505,19.7556,1
ZTF25aazufyf,60901.2457407,1,19.8629,0.260926,19.7559,1
ZTF25aazufyf,60901.2457407,1,19.8629,0.260926,19.7559,1
ZTF25aazufyf,60901.2815509,3,19.3763,0.220036,19.6269,1
ZTF25aazufyf,60901.2971991,2,19.0899,0.10138,20.0754,1
ZTF25aazufyf,60901.2971991,2,19.0899,0.10138024,20.0754,1
ZTF25aazufyf,60901.2981366,2,19.1108,0.102685,20.0185,1
ZTF25aazufyf,60901.2981366,2,19.1108,0.102685206,20.0185,1
ZTF25aazufyf,60902.2701736,1,20.1291,0.240335,20.2263,1
ZTF25aazufyf,60902.3355556,2,18.9945,0.109440856,19.8788,1
ZTF25aazufyf,60903.2342708,1,20.0972,0.1740771,20.5508,1
ZTF25aazufyf,60903.2352083,1,20.2619,0.200125,20.5434,1
ZTF25aazufyf,60903.2590162,3,19.4197,0.127069,20.0507,1
ZTF25aazufyf,60903.2590162,3,19.4197,0.12706862,20.0507,1
ZTF25aazufyf,60903.3156944,2,19.0987,0.082580835,20.4629,1
ZTF25aazufyf,60903.3161574,2,19.1952,0.07597231,20.471,1
ZTF25aazufyf,60904.3148843,2,19.2239,0.08083172,20.3485,1
ZTF25aazufyf,60905.3350347,2,19.2177,0.12063236,20.2419,1
ZTF25aazufyf,60905.3373958,2,19.3463,0.11255585,20.4295,1
ZTF25aazufyf,60905.3931597,1,20.4109,0.273652,20.2789,1
ZTF25aazufyf,60908.2436343,2,19.3955,0.11406018,20.2133,1
ZTF25aazufyf,60908.2552778,3,19.496,0.17146227,19.8295,1
ZTF25aazufyf,60908.2931134,1,20.4914,0.24009,20.3485,1
ZTF25aazufyf,60909.2951157,1,20.4362,0.257909,20.2338,1
ZTF25aazufyf,60909.2960648,1,20.7654,0.332676,20.2671,1
ZTF25aazufyf,60911.2530556,1,20.7538,0.338077,20.2816,1
ZTF25aazufyf,60911.2811921,1,20.5333,0.27356,20.3416,1
ZTF25aazufyf,60911.295162,2,19.687,0.15247996,20.3469,1
ZTF25aazufyf,60911.2970486,2,19.5693,0.13530447,20.3578,1
ZTF25aazufyf,60913.2913194,2,19.7197,0.13777716,20.3744,1
ZTF25aazufyf,60913.291794,2,19.732,0.14899722,20.3481,1
ZTF25aazufyf,60914.2341204,2,19.8777,0.16252492,20.3479,1
ZTF25aazufyf,60914.255081,3,19.8812,0.244706,19.7036,1
ZTF25aazufyf,60914.273912,1,20.9181,0.352067,20.3821,1
ZTF25aazufyf,60916.2308449,2,19.7633,0.13057029,20.3196,1
ZTF25aazufyf,60916.2518287,2,19.9683,0.17943181,20.3826,1
ZTF25aazufyf,60916.3150694,1,20.6472,0.274191,20.3358,1
ZTF25aazufyf,60917.2212269,2,19.7792,0.16623464,20.1707,1
ZTF25aazufyf,60918.2360648,2,19.9948,0.18101554,20.1885,1
ZTF25aazufyf,60918.2955671,1,20.4489,0.255201,20.065,1
ZTF25aazufyf,60919.255,2,19.8997,0.20877047,19.9633,1
ZTF25aazufyf,60920.3573148,2,19.8335,0.271056,19.939,1
ZTF25aazufyf,60932.2228009,2,20.3166,0.20187452,20.4117,1
ZTF25abakxkw,60864.371956,2,18.6252,0.103303045,20.2473,1
ZTF25abakxkw,60864.3739236,2,18.6043,0.06991013,20.2708,1
ZTF25abakxkw,60864.4217708,1,18.2817,0.06018623,20.3185,1
ZTF25abakxkw,60864.4251157,1,18.2461,0.06481379,20.3873,1
ZTF25abakxkw,60866.2202199,1,17.9828,0.061022986,19.6056,1
ZTF25abakxkw,60866.2392361,1,17.9768,0.07102766,19.5086,1
ZTF25abakxkw,60866.2392361,1,17.9768,0.071028,19.5086,1
ZTF25abakxkw,60866.2617824,2,18.1922,0.045477767,19.8771,1
ZTF25abakxkw,60866.2673843,2,18.1578,0.069463976,20.0052,1
ZTF25abakxkw,60868.1989699,1,17.8714,0.0651866,19.8998,1
ZTF25abakxkw,60868.2385995,1,17.8644,0.063740134,19.8773,1
ZTF25abakxkw,60868.2846759,2,17.9943,0.04877271,19.997,1
ZTF25abakxkw,60868.2851736,2,18.0068,0.0498403,20.1152,1
ZTF25abakxkw,60870.2200579,1,17.9106,0.0561059,20.4194,1
ZTF25abakxkw,60870.2214815,1,17.9586,0.04724862,20.3927,1
ZTF25abakxkw,60870.263588,2,17.9225,0.05169255,19.9992,1
ZTF25abakxkw,60870.265081,2,17.9523,0.059670236,19.9795,1
ZTF25abakxkw,60872.258044,1,17.9339,0.04913233,20.6031,1
ZTF25abakxkw,60872.2589815,1,17.9857,0.068767734,20.4205,1
ZTF25abakxkw,60872.2798727,2,17.95,0.08465823,20.075,1
ZTF25abakxkw,60872.4056944,2,17.9637,0.07485114,19.7626,1
ZTF25abakxkw,60875.2603356,2,17.9837,0.047140293,20.4543,1
ZTF25abakxkw,60875.2628472,2,17.9993,0.04595602,20.7115,1
ZTF25abakxkw,60875.2886921,1,18.0183,0.03846134,20.8082,1
ZTF25abakxkw,60875.2896412,1,18.0651,0.05213057,20.7431,1
ZTF25abakxkw,60877.2634838,1,18.1328,0.045558263,20.7053,1
ZTF25abakxkw,60877.2649074,1,18.1695,0.07693249,20.6152,1
ZTF25abakxkw,60877.3008218,2,18.0692,0.055766314,20.7073,1
ZTF25abakxkw,60877.3027199,2,18.0467,0.053842224,20.6134,1
ZTF25abakxkw,60879.2380208,2,18.126,0.045957357,20.7285,1
ZTF25abakxkw,60879.2796412,1,18.2239,0.056288093,20.6876,1
ZTF25abakxkw,60879.2801273,1,18.2445,0.06283148,20.7314,1
ZTF25abakxkw,60879.3929398,2,18.156,0.06240201,20.2661,1
ZTF25abakxkw,60881.2188773,1,18.2858,0.049427975,20.8492,1
ZTF25abakxkw,60881.2397685,1,18.2661,0.05962282,20.7123,1
ZTF25abakxkw,60881.2635301,2,18.1631,0.057983827,20.6956,1
ZTF25abakxkw,60881.2690856,2,18.1339,0.050522055,20.7178,1
ZTF25abakxkw,60883.1950116,1,18.2598,0.08558343,19.7228,1
ZTF25abakxkw,60883.1959722,1,18.3401,0.054702703,20.7946,1
ZTF25abakxkw,60883.2671181,2,18.1807,0.06570114,20.5952,1
ZTF25abakxkw,60883.2695023,2,18.2411,0.07341358,20.5165,1
ZTF25abakxkw,60885.195081,1,18.3378,0.059409287,20.3615,1
ZTF25abakxkw,60885.214294,2,18.1667,0.061058704,20.6057,1
ZTF25abakxkw,60885.2161806,2,18.1763,0.05327221,20.5842,1
ZTF25abakxkw,60885.312419,1,18.4213,0.043572284,20.8105,1
ZTF25abakxkw,60887.2409838,2,18.218,0.054560013,20.7512,1
ZTF25abakxkw,60887.2419444,2,18.1869,0.051886715,20.7224,1
ZTF25abakxkw,60887.2766435,1,18.4495,0.049868375,20.7866,1
ZTF25abakxkw,60887.3123032,1,18.4072,0.068682894,20.6565,1
ZTF25abakxkw,60889.2406366,1,18.4792,0.07139879,20.5361,1
ZTF25abakxkw,60889.2544676,2,18.2214,0.063819624,20.6703,1
ZTF25abakxkw,60891.2995602,2,18.1915,0.061866,20.2297,1
ZTF25abakxkw,60891.2995602,2,18.1915,0.061865967,20.2298,1
ZTF25abakxkw,60896.1767014,1,18.6902,0.126621,19.4117,1
ZTF25abakxkw,60896.1767014,1,18.6902,0.12662083,19.4117,1
ZTF25abakxkw,60896.2230671,2,18.2538,0.050429367,19.6892,1
ZTF25abakxkw,60898.1986458,1,18.7669,0.10710772,19.9517,1
ZTF25abakxkw,60898.224838,2,18.2914,0.066795014,19.9857,1
ZTF25abakxkw,60901.1896759,2,18.3363,0.06311439,20.6252,1
ZTF25abakxkw,60901.2648495,1,18.8659,0.09184948,20.2715,1
ZTF25abakxkw,60903.1845139,2,18.3378,0.0591554,20.7639,1
ZTF25abakxkw,60903.186412,2,18.3332,0.043774027,20.7787,1
ZTF25abakxkw,60903.200544,1,18.8996,0.064431526,20.9165,1
ZTF25abakxkw,60903.2241551,1,18.8515,0.08162763,20.7987,1
ZTF25abakxkw,60905.3747106,1,18.9257,0.07878015,20.5168,1
ZTF25abakxkw,60910.2218056,1,18.7415,0.1283,19.8351,1
ZTF25abakxkw,60910.2440162,1,19.0199,0.10456032,20.4582,1
ZTF25abakxkw,60910.2693866,2,18.4011,0.068740785,20.4852,1
ZTF25abakxkw,60910.2865856,2,18.4151,0.07308285,20.4524,1
ZTF25abakxkw,60914.183206,1,19.1089,0.07358603,20.7439,1
ZTF25abakxkw,60914.2020023,2,18.412,0.07105638,20.541,1
ZTF25abakxkw,60914.2123495,2,18.4472,0.057887666,20.6186,1
ZTF25abakxkw,60914.2779514,1,19.0974,0.095440954,20.4703,1
ZTF25abakxkw,60917.1978356,2,18.4963,0.06996158,20.457,1
ZTF25abakxkw,60917.2131134,2,18.4558,0.06083798,20.5487,1
ZTF25abakxkw,60917.2712963,1,19.1108,0.08636005,20.6125,1
ZTF25abakxkw,60917.291169,1,19.0855,0.09880856,20.4621,1
ZTF25abakxkw,60919.1622338,1,19.0107,0.0922207,20.3569,1
ZTF25abakxkw,60919.1990741,2,18.5206,0.08830572,20.2692,1
ZTF25abakxkw,60919.2318171,2,18.4477,0.06189436,20.3581,1
ZTF25abakxkw,60919.3114931,1,19.2599,0.11888759,20.4256,1
ZTF25abakxkw,60921.1551736,2,18.4537,0.06421264,20.3334,1
ZTF25abakxkw,60921.2113194,1,19.2365,0.12655835,20.0717,1
ZTF25abakxkw,60921.2395949,1,19.1178,0.117529854,19.9855,1
ZTF25abakxkw,60923.1362153,1,19.2354,0.12862094,19.9704,1
ZTF25abakxkw,60923.1784606,1,19.2622,0.14567627,19.7908,1
ZTF25abakxkw,60923.264838,2,18.5104,0.090431,19.5011,1
ZTF25abakxkw,60923.264838,2,18.5104,0.09043065,19.5011,1
ZTF25abakxkw,60923.265787,2,18.556,0.116014175,19.4976,1
ZTF25abakxkw,60925.1997801,2,18.5542,0.111189336,19.9256,1
ZTF25abakxkw,60925.2002778,2,18.513,0.082056515,19.8038,1
ZTF25abakxkw,60925.2577546,1,19.1599,0.14621799,19.5258,1
ZTF25abakxkw,60925.2587616,1,19.2711,0.18295506,19.6157,1
ZTF25abakxkw,60927.199375,2,18.4879,0.054484982,20.0171,1
ZTF25abakxkw,60927.1998727,2,18.465,0.09750444,19.9653,1
ZTF25abakxkw,60927.3441667,1,19.2614,0.1982249,19.0755,1
ZTF25abakxkw,60929.199919,1,19.3517,0.1333096,20.038,1
ZTF25abakxkw,60929.2013426,1,19.2806,0.15176922,20.0472,1
ZTF25abakxkw,60929.219375,2,18.5729,0.08333874,19.9537,1
ZTF25abakxkw,60929.2455671,2,18.4849,0.08683711,19.811,1
ZTF25abakxkw,60932.1837847,1,19.4187,0.12027973,20.6179,1
ZTF25abakxkw,60932.1837847,1,19.4187,0.12028,20.6179,1
ZTF25abakxkw,60932.186169,1,19.3816,0.11367611,20.6959,1
ZTF25abakxkw,60932.2070602,2,18.5519,0.066015564,20.5986,1
ZTF25abakxkw,60932.2084722,2,18.5326,0.08549352,20.6112,1
ZTF25abakxkw,60934.1576968,1,19.4627,0.12528501,20.4468,1
ZTF25abakxkw,60934.1819676,2,18.6676,0.07368924,20.6124,1
ZTF25abakxkw,60934.2024653,2,18.59,0.08893401,20.5031,1
ZTF25abakxkw,60938.2540509,1,19.5165,0.13924429,20.6241,1
ZTF25abakxkw,60941.2602199,2,18.3831,0.191523,18.2351,1
ZTF25abakxkw,60942.1567014,1,19.7572,0.1254641,20.4772,1
ZTF25abakxkw,60942.1848148,2,18.7028,0.07991641,20.3196,1
ZTF25abakxkw,60944.134294,2,18.8328,0.07466011,20.3211,1
ZTF25abakxkw,60944.1806944,1,19.868,0.14680745,20.4036,1
ZTF25abakxkw,60948.1769444,2,18.9305,0.08689923,20.4676,1
ZTF25abakxkw,60948.2806366,1,20.048,0.19427398,20.4903,1
ZTF25abakxkw,60949.1364352,1,20.2097,0.240635,20.2729,1
ZTF25abakxkw,60949.15375,2,18.9303,0.0902955,20.3084,1
ZTF25abakxkw,60951.1253588,1,20.0305,0.235563,19.8949,1
ZTF25abakxkw,60951.1642593,2,19.1694,0.121458806,19.6951,1
ZTF25abakxkw,60953.1910764,2,19.2489,0.18170455,19.8233,1
ZTF25abakxkw,60955.260625,2,19.4789,0.20396219,19.3834,1
ZTF25abaqwxu,60863.4662269,2,20.5318,0.225922,20.4858,1
ZTF25abaqwxu,60865.4678241,2,20.0331,0.17011929,20.2391,1
ZTF25abaqwxu,60867.3830903,3,19.4747,0.263675,18.9822,1
ZTF25abaqwxu,60867.4659491,2,19.3337,0.18484695,19.7213,1
ZTF25abaqwxu,60868.4033102,2,19.1693,0.1239203,19.5837,1
ZTF25abaqwxu,60868.4683565,3,19.1253,0.15939876,19.6194,1
ZTF25abaqwxu,60869.3846296,3,19.1381,0.242965,18.9667,1
ZTF25abaqwxu,60869.4671528,2,18.8324,0.09685725,19.8515,1
ZTF25abaqwxu,60870.4005093,3,18.9627,0.295513,18.5062,1
ZTF25abaqwxu,60870.4307523,2,18.8212,0.1792694,18.946,1
ZTF25abaqwxu,60870.4548032,1,18.5617,0.16101608,19.0487,1
ZTF25abaqwxu,60870.4557407,1,18.4161,0.12302883,19.0368,1
ZTF25abaqwxu,60871.4673264,2,18.4895,0.14249456,18.9225,1
ZTF25abaqwxu,60872.379213,3,18.6492,0.16726023,18.693,1
ZTF25abaqwxu,60872.4287963,2,18.4195,0.093774594,19.2142,1
ZTF25abaqwxu,60876.3586343,3,18.6174,0.09732666,19.5613,1
ZTF25abaqwxu,60876.4013657,2,18.254,0.069026954,20.099,1
ZTF25abaqwxu,60878.4048843,2,18.0204,0.055260763,20.4189,1
ZTF25abaqwxu,60879.3891898,2,18.003,0.04918266,20.1043,1
ZTF25abaqwxu,60879.4078125,3,18.5741,0.12330148,19.456,1
ZTF25abaqwxu,60879.4480324,1,17.8564,0.052035768,20.5539,1
ZTF25abaqwxu,60879.4489815,1,17.8663,0.0564809,20.5495,1
ZTF25abaqwxu,60880.385463,2,18.0134,0.057983004,20.2704,1
ZTF25abaqwxu,60880.4062847,3,18.6033,0.08958976,19.9409,1
ZTF25abaqwxu,60880.454213,1,17.8647,0.06357401,20.4871,1
ZTF25abaqwxu,60880.454213,1,17.8647,0.063574,20.4871,1
ZTF25abaqwxu,60880.455162,1,17.8845,0.05538449,20.48,1
ZTF25abaqwxu,60881.3616319,3,18.6644,0.10047643,19.6505,1
ZTF25abaqwxu,60881.4039236,2,18.0051,0.05312465,20.328,1
ZTF25abaqwxu,60882.4034144,3,18.6222,0.160999,19.435,1
ZTF25abaqwxu,60882.4337153,2,17.9896,0.073616,19.5295,1
ZTF25abaqwxu,60882.445787,1,17.9157,0.055781957,20.5932,1
ZTF25abaqwxu,60882.4467361,1,17.9465,0.059483472,20.6466,1
ZTF25abaqwxu,60883.4129167,2,18.0039,0.07569335,20.4372,1
ZTF25abaqwxu,60883.4712616,1,17.9832,0.045707412,20.6542,1
ZTF25abaqwxu,60883.4722106,1,17.942,0.05567602,20.6347,1
ZTF25abaqwxu,60884.4093981,2,18.0801,0.054377835,20.4829,1
ZTF25abaqwxu,60884.4273727,3,18.7715,0.10068806,20.0122,1
ZTF25abaqwxu,60884.4635069,1,17.991,0.059999067,20.818,1
ZTF25abaqwxu,60884.4644444,1,17.9932,0.083812855,20.782,1
ZTF25abaqwxu,60885.3436227,2,18.0593,0.05683068,20.2267,1
ZTF25abaqwxu,60885.3663194,3,18.7576,0.10737288,19.7228,1
ZTF25abaqwxu,60886.3673495,2,18.1231,0.049090967,20.3223,1
ZTF25abaqwxu,60886.3877083,3,18.8437,0.105539136,19.843,1
ZTF25abaqwxu,60886.4691551,1,18.1305,0.060492326,20.6641,1
ZTF25abaqwxu,60886.4701042,1,18.1035,0.05749608,20.6555,1
ZTF25abaqwxu,60887.3672569,2,18.1999,0.058083806,20.3883,1
ZTF25abaqwxu,60887.38625,3,18.8289,0.098041244,19.9537,1
ZTF25abaqwxu,60888.4078125,2,18.2459,0.048299603,20.5789,1
ZTF25abaqwxu,60888.4277199,3,19.0151,0.10039468,20.0886,1
ZTF25abaqwxu,60888.4277199,3,19.0151,0.100395,20.0886,1
ZTF25abaqwxu,60888.4705903,1,18.2294,0.056303356,20.7835,1
ZTF25abaqwxu,60888.4715394,1,18.2669,0.0643751,20.8374,1
ZTF25abaqwxu,60889.3241667,2,18.2863,0.056145348,20.1646,1
ZTF25abaqwxu,60889.3467824,3,19.0847,0.14602086,19.5174,1
ZTF25abaqwxu,60890.3475,3,19.0616,0.12401832,19.4997,1
ZTF25abaqwxu,60891.3498148,3,19.2874,0.152982,19.602,1
ZTF25abaqwxu,60891.3498148,3,19.2874,0.152982,19.602,1
ZTF25abaqwxu,60891.3706829,2,18.4289,0.060953394,20.3033,1
ZTF25abaqwxu,60892.3243519,3,19.3633,0.193699,19.525,1
ZTF25abaqwxu,60892.3243519,3,19.3633,0.19369927,19.525,1
ZTF25abaqwxu,60892.4325116,2,18.4908,0.057164647,20.5746,1
ZTF25abaqwxu,60892.4716898,1,18.5323,0.06906377,20.7118,1
ZTF25abaqwxu,60892.4726389,1,18.5334,0.08155926,20.7137,1
ZTF25abaqwxu,60894.383206,2,18.571,0.08143052,19.8543,1
ZTF25abaqwxu,60894.4090972,3,19.5049,0.196131,19.6586,1
ZTF25abaqwxu,60894.4090972,3,19.5049,0.19613093,19.6586,1
ZTF25abaqwxu,60894.480625,1,18.7052,0.08977919,20.6866,1
ZTF25abaqwxu,60894.4815625,1,18.6826,0.07989638,20.6585,1
ZTF25abaqwxu,60895.4095139,2,18.6277,0.10791875,19.4736,1
ZTF25abaqwxu,60895.451713,1,18.8003,0.14416502,19.602,1
ZTF25abaqwxu,60895.4526505,1,18.7679,0.15138687,19.6287,1
ZTF25abaqwxu,60896.3803588,2,18.7625,0.12854642,19.2869,1
ZTF25abaqwxu,60896.4755787,1,18.804,0.13399914,19.4893,1
ZTF25abaqwxu,60897.460787,1,18.8888,0.15993367,19.4084,1
ZTF25abaqwxu,60897.4617245,1,19.1165,0.17842613,19.3386,1
ZTF25abaqwxu,60898.409456,2,18.8058,0.18787418,19.4182,1
ZTF25abaqwxu,60898.476331,1,19.0955,0.19740568,19.4575,1
ZTF25abaqwxu,60899.3622338,3,19.4338,0.388414,18.8668,1
ZTF25abaqwxu,60899.3849306,2,18.7174,0.13532077,19.2384,1
ZTF25abaqwxu,60899.4240162,1,19.1253,0.20292105,19.1777,1
ZTF25abaqwxu,60899.4250231,1,19.1665,0.236838,19.1747,1
ZTF25abaqwxu,60903.3637731,2,18.8383,0.070705704,20.2945,1
ZTF25abaqwxu,60903.4824074,1,19.4416,0.107414,20.4836,1
ZTF25abaqwxu,60903.4824074,1,19.4416,0.10741414,20.4836,1
ZTF25abaqwxu,60909.366331,2,19.0001,0.10507808,20.3337,1
ZTF25abaqwxu,60909.4051505,1,19.9494,0.16084865,20.6329,1
ZTF25abaqwxu,60911.3414352,2,19.0605,0.101256914,20.4051,1
ZTF25abaqwxu,60911.3988079,1,20.2111,0.21436676,20.694,1
ZTF25abaqwxu,60914.3847454,2,19.2333,0.114895344,20.4732,1
ZTF25abaqwxu,60917.3306829,1,20.4012,0.245947,20.4784,1
ZTF25abaqwxu,60917.3796759,2,19.3291,0.09131974,20.5125,1
ZTF25abaqwxu,60919.3770139,2,19.4564,0.12587444,20.3932,1
ZTF25abaqwxu,60923.3626852,2,19.6005,0.17086773,19.9553,1
ZTF25abaqwxu,60933.3069676,1,20.7772,0.320304,20.5371,1
ZTF25abaqwxu,60933.3648032,2,20.0986,0.16621414,20.4702,1
ZTF25abaqwxu,60935.3624653,1,20.7892,0.339997,20.7063,1
ZTF25abaqwxu,60935.4015394,2,20.1059,0.15075491,20.5237,1
ZTF25abaqwxu,60939.3487616,1,20.6745,0.253197,20.7268,1
ZTF25abaqwxu,60939.3819213,2,20.3812,0.1701752,20.6917,1
ZTF25abawltx,60867.2763773,2,17.8705,0.05532642,20.0475,1
ZTF25abawltx,60867.3452894,1,17.6983,0.06347839,19.7658,1
ZTF25abawltx,60869.1995255,1,16.9031,0.034643717,20.52,1
ZTF25abawltx,60869.2798148,2,16.95,0.0383496,20.2019,1
ZTF25abawltx,60871.2498611,1,16.8478,0.057883542,20.1036,1
ZTF25abawltx,60871.2849074,2,16.7982,0.053089343,20.0019,1
ZTF25abawltx,60873.2213194,1,16.8782,0.039440077,20.3764,1
ZTF25abawltx,60873.2827315,2,16.7396,0.04511435,20.3026,1
ZTF25abawltx,60876.282419,2,16.6979,0.023670558,20.7129,1
ZTF25abawltx,60876.3253704,1,16.9209,0.035991862,20.8126,1
ZTF25abawltx,60878.2774421,2,16.6637,0.041819222,20.8299,1
ZTF25abawltx,60878.3587616,1,16.9629,0.04715331,20.9928,1
ZTF25abawltx,60880.2345718,2,16.7091,0.040080667,20.6937,1
ZTF25abawltx,60880.3212384,1,17.0351,0.050719924,20.7999,1
ZTF25abawltx,60882.2205093,1,17.1106,0.04046768,20.525,1
ZTF25abawltx,60882.2777431,2,16.7741,0.033358153,20.5303,1
ZTF25abawltx,60884.223044,1,17.1575,0.04851985,20.8698,1
ZTF25abawltx,60884.2785417,2,16.8425,0.033985108,20.6589,1
ZTF25abawltx,60886.2584259,1,17.273,0.04489482,20.3412,1
ZTF25abawltx,60886.3064931,2,16.8961,0.035935063,20.7392,1
ZTF25abawltx,60888.2595833,1,17.2837,0.051706057,20.4292,1
ZTF25abawltx,60888.3019907,2,16.926,0.039701074,20.7811,1
ZTF25abawltx,60890.3235185,1,17.398,0.05226067,20.5798,1
ZTF25abawltx,60890.3852778,2,16.9561,0.0439512,20.7335,1
ZTF25abawltx,60892.3702662,1,17.5022,0.04743696,20.4421,1
ZTF25abawltx,60895.1949769,1,17.575,0.04727371,19.6748,1
ZTF25abawltx,60895.2345833,2,17.0259,0.040544983,19.8045,1
ZTF25abawltx,60897.1983102,1,17.6632,0.062479444,19.7635,1
ZTF25abawltx,60897.238125,2,17.0781,0.053641148,19.8834,1
ZTF25abawltx,60899.1817824,1,17.7606,0.057879,20.0731,1
ZTF25abawltx,60899.1817824,1,17.7606,0.05787859,20.0731,1
ZTF25abawltx,60899.2214352,2,17.0731,0.046474878,20.0833,1
ZTF25abawltx,60899.2214352,2,17.0731,0.046475,20.0833,1
ZTF25abawltx,60901.1776157,2,17.1043,0.035464477,20.7124,1
ZTF25abawltx,60901.2212616,1,17.8504,0.05987685,20.6992,1
ZTF25abawltx,60901.2212616,1,17.8504,0.059877,20.6992,1
ZTF25abawltx,60903.1830208,2,17.1275,0.043694634,20.7314,1
ZTF25abawltx,60903.2029167,1,17.9365,0.07376993,20.9312,1
ZTF25abawltx,60908.2266088,2,17.1974,0.043384884,20.3986,1
ZTF25abawltx,60908.2847801,1,18.1229,0.06993197,20.6176,1
ZTF25abawltx,60910.2198727,1,18.1564,0.06836013,20.6433,1
ZTF25abawltx,60910.2708912,2,17.1928,0.046402473,20.1686,1
ZTF25abawltx,60913.3081134,1,18.2226,0.061843466,20.5773,1
ZTF25abawltx,60916.1807292,1,18.3057,0.06992799,20.6503,1
ZTF25abawltx,60916.2278588,2,17.2704,0.040297206,20.6321,1
ZTF25abawltx,60918.2017014,2,17.2879,0.041076604,20.5732,1
ZTF25abawltx,60918.2827662,1,18.3358,0.07268083,20.6587,1
ZTF25abawltx,60920.2063426,2,17.3018,0.042402603,20.2635,1
ZTF25abawltx,60920.2989931,1,18.3757,0.072885,20.1938,1
ZTF25abawltx,60922.1762616,1,18.3956,0.08580243,20.0143,1
ZTF25abawltx,60922.2363542,2,17.3198,0.056470614,20.1562,1
ZTF25abawltx,60924.1955208,2,17.3085,0.052103035,20.0533,1
ZTF25abawltx,60924.2188889,1,18.4543,0.09793566,19.5087,1
ZTF25abawltx,60926.1791667,2,17.3597,0.04275666,19.9891,1
ZTF25abawltx,60926.1791667,2,17.3597,0.042757,19.9891,1
ZTF25abawltx,60926.2739236,1,18.472,0.089905635,19.4939,1
ZTF25abawltx,60928.2047338,2,17.3349,0.04823165,20.2283,1
ZTF25abawltx,60928.2615046,1,18.5,0.07993676,19.9615,1
ZTF25abawltx,60932.185706,1,18.5999,0.08663284,20.7224,1
ZTF25abawltx,60932.2618981,2,17.4129,0.05300084,20.5205,1
ZTF25abawltx,60934.2029398,2,17.4664,0.04192091,20.6279,1
ZTF25abawltx,60934.3042708,1,18.6858,0.09368132,20.2269,1
ZTF25abawltx,60938.2006944,2,17.5449,0.038841162,20.5637,1
ZTF25abawltx,60938.255463,1,18.8571,0.08868953,20.6022,1
ZTF25abawltx,60941.2284259,2,17.6229,0.04761286,20.3775,1
ZTF25abawltx,60941.3069213,1,19.0306,0.12014494,20.2284,1
ZTF25abawltx,60943.1838657,1,19.1343,0.09304456,20.7303,1
ZTF25abawltx,60943.2243403,2,17.7074,0.045066744,20.6306,1
ZTF25abawltx,60948.2019676,2,17.9158,0.05032027,20.4515,1
ZTF25abawltx,60948.2801736,1,19.5454,0.12025104,20.6755,1
ZTF25abawltx,60950.1407639,1,19.9283,0.18697974,20.2408,1
ZTF25abawltx,60950.1666319,2,18.2212,0.052587472,20.3725,1
ZTF25abawltx,60952.1871412,2,18.7,0.101695284,19.6198,1
ZTF25abawltx,60956.1736111,2,19.5549,0.234189,19.6339,1
ZTF25abawltx,60960.1404977,2,19.5511,0.12451785,20.3643,1
ZTF25abawltx,60965.2623264,2,19.6891,0.17194524,19.9004,1
ZTF25abawltx,60967.2639352,2,19.6247,0.18710311,19.8178,1
ZTF25abawltx,60969.1102083,2,19.7484,0.13440844,20.5314,1
ZTF25abawltx,60972.1636458,2,19.8785,0.1561077,20.088,1
ZTF25abawltx,60974.1356019,2,19.9511,0.2120086,20.0977,1
ZTF25abawltx,60976.1371991,2,19.851,0.160284,20.216,1
ZTF25abawltx,60978.143287,2,19.8599,0.1869138,20.359,1
ZTF25abawltx,60980.1090162,2,19.9627,0.21303526,20.1634,1
ZTF25abawltx,60986.157963,2,19.945,0.25161,19.9141,1
ZTF25abawltx,60988.0952431,2,20.0214,0.17868608,20.445,1
ZTF25abbpvih,60871.4772569,2,19.2716,0.264318,18.9203,1
ZTF25abbpvih,60872.4787616,2,18.6193,0.08673817,19.2202,1
ZTF25abbpvih,60872.4826273,2,18.5717,0.11777112,19.2533,1
ZTF25abbpvih,60872.4864931,2,18.643,0.118366815,19.1308,1
ZTF25abbpvih,60873.4790394,2,18.2928,0.07960368,19.3713,1
ZTF25abbpvih,60873.4829051,2,18.3146,0.10536197,19.3475,1
ZTF25abbpvih,60873.4867708,2,18.3743,0.09030266,19.3531,1
ZTF25abbpvih,60874.4991782,2,18.1629,0.1293084,18.5152,1
ZTF25abbpvih,60875.4802894,2,18.3376,0.062365122,19.6492,1
ZTF25abbpvih,60875.4841898,2,18.2773,0.068133794,19.5955,1
ZTF25abbpvih,60875.4880787,2,18.3619,0.06808807,19.4574,1
ZTF25abbpvih,60876.4812153,2,18.376,0.0865273,19.678,1
ZTF25abbpvih,60876.4851157,2,18.2889,0.07459396,19.5723,1
ZTF25abbpvih,60876.4890046,2,18.3036,0.0866979,19.4526,1
ZTF25abbpvih,60877.4812847,2,18.2003,0.061963696,20.1061,1
ZTF25abbpvih,60877.4851736,2,18.2198,0.060903363,20.095,1
ZTF25abbpvih,60877.4890741,2,18.1617,0.06294468,19.9021,1
ZTF25abbpvih,60878.4804745,2,18.1856,0.05890657,20.0728,1
ZTF25abbpvih,60878.4843403,2,18.1316,0.059524644,19.9757,1
ZTF25abbpvih,60878.488206,2,18.1485,0.05989544,19.9632,1
ZTF25abbpvih,60879.4799537,2,18.1431,0.061472658,19.9646,1
ZTF25abbpvih,60879.4833333,2,18.1683,0.06475746,19.8906,1
ZTF25abbpvih,60879.4876852,2,18.1388,0.06941928,19.7055,1
ZTF25abbpvih,60880.4810764,2,18.2062,0.072564304,20.1091,1
ZTF25abbpvih,60880.4849537,2,18.185,0.061677,20.0635,1
ZTF25abbpvih,60880.4849537,2,18.185,0.06167683,20.0635,1
ZTF25abbpvih,60882.4820833,2,18.245,0.060458,20.0672,1
ZTF25abbpvih,60882.4859954,2,18.2341,0.063328,19.9924,1
ZTF25abbpvih,60882.4899074,2,18.1677,0.064468876,19.8592,1
ZTF25abbpvih,60911.3878009,1,20.4194,0.290003,20.161,1
ZTF25abbpvih,60911.4280208,2,18.8498,0.073799185,20.4343,1
ZTF25abbpvih,60914.4268981,2,18.957,0.09800237,20.4315,1
ZTF25abbpvih,60914.4925,1,20.3602,0.1990829,20.4958,1
ZTF25abbpvih,60917.3949537,2,18.9036,0.07811202,20.4119,1
ZTF25abbpvih,60917.4116319,1,20.4284,0.233169,20.4461,1
ZTF25abbpvih,60919.3874884,2,18.9373,0.06731686,20.4914,1
ZTF25abbpvih,60924.448669,2,18.9126,0.0951079,19.6997,1
ZTF25abbpvih,60926.4933681,2,19.0389,0.10868256,20.0458,1
ZTF25abbpvih,60929.4136921,2,19.1323,0.1583153,19.4552,1
ZTF25abbpvih,60933.3516204,1,20.5081,0.27724,20.1789,1
ZTF25abbpvih,60933.4106597,2,19.0754,0.1121411,20.3309,1
ZTF25abbpvih,60935.4295949,2,19.0403,0.06140575,20.5206,1
ZTF25abbzfjz,60875.3554282,2,19.8272,0.16891415,20.1159,1
ZTF25abbzfjz,60875.3709028,2,19.7908,0.1740184,20.0602,1
ZTF25abbzfjz,60875.3938542,1,20.2914,0.378389,19.95,1
ZTF25abbzfjz,60876.3884028,2,19.903,0.19017828,20.2113,1
ZTF25abbzfjz,60877.397662,1,19.8512,0.1731476,20.3045,1
ZTF25abbzfjz,60878.3979745,2,19.5217,0.14397104,20.3336,1
ZTF25abbzfjz,60878.4166782,2,19.673,0.14742404,20.3614,1
ZTF25abbzfjz,60878.4185764,1,19.68,0.14737414,20.338,1
ZTF25abbzfjz,60880.4167361,2,19.2339,0.12568162,20.2342,1
ZTF25abbzfjz,60880.4186227,1,19.4289,0.15922953,19.9825,1
ZTF25abbzfjz,60881.3973032,2,19.113,0.11187628,20.198,1
ZTF25abbzfjz,60881.3977662,2,19.1977,0.119727306,20.3142,1
ZTF25abbzfjz,60882.3554282,1,18.978,0.1032638,20.2384,1
ZTF25abbzfjz,60882.4189815,2,19.1372,0.274258,18.7787,1
ZTF25abbzfjz,60883.4196759,1,18.8681,0.09239903,20.4467,1
ZTF25abbzfjz,60884.3772917,2,18.8489,0.08403277,20.316,1
ZTF25abbzfjz,60885.3342361,2,18.75,0.08366461,20.1391,1
ZTF25abbzfjz,60885.3753819,2,18.6755,0.07257944,20.3263,1
ZTF25abbzfjz,60885.3777546,1,18.656,0.085461244,20.252,1
ZTF25abbzfjz,60886.3559954,2,18.5966,0.092469245,20.2156,1
ZTF25abbzfjz,60886.3987616,1,18.507,0.08625766,20.1445,1
ZTF25abbzfjz,60887.4290856,2,18.5737,0.06631392,20.1808,1
ZTF25abbzfjz,60888.3551389,1,18.3514,0.06588068,20.3439,1
ZTF25abbzfjz,60888.3719907,1,18.359,0.06969422,20.4406,1
ZTF25abbzfjz,60888.3777315,2,18.534,0.06198717,20.3256,1
ZTF25abbzfjz,60888.378206,2,18.5781,0.069036834,20.3873,1
ZTF25abbzfjz,60888.3931134,2,18.49,0.06703622,20.3127,1
ZTF25abbzfjz,60888.3931134,2,18.49,0.067036,20.3127,1
ZTF25abbzfjz,60889.3133449,2,18.429,0.07560699,20.1809,1
ZTF25abbzfjz,60890.3132407,1,18.2986,0.08339104,19.7793,1
ZTF25abbzfjz,60890.3756481,2,18.4831,0.073727004,20.221,1
ZTF25abbzfjz,60891.3769676,1,18.2323,0.076281294,20.0298,1
ZTF25abbzfjz,60891.4239815,2,18.3937,0.09428647,20.1146,1
ZTF25abbzfjz,60891.4239815,2,18.3937,0.094286,20.1146,1
ZTF25abbzfjz,60891.4244444,2,18.3573,0.07359367,20.0228,1
ZTF25abbzfjz,60892.3596296,1,18.2688,0.08231176,19.6962,1
ZTF25abbzfjz,60892.3973611,2,18.411,0.06817349,20.2459,1
ZTF25abbzfjz,60892.3982986,2,18.4427,0.056336742,20.2629,1
ZTF25abbzfjz,60894.4181944,1,18.1812,0.09890022,19.0147,1
ZTF25abbzfjz,60898.3770602,2,18.295,0.10180255,18.7596,1
ZTF25abbzfjz,60898.3775231,2,18.2235,0.13606754,18.7457,1
ZTF25abbzfjz,60898.3779977,2,18.4562,0.16811027,18.7147,1
ZTF25abbzfjz,60898.4315509,1,18.096,0.14133778,18.3588,1
ZTF25abbzfjz,60898.4324884,1,18.2441,0.15492399,18.3526,1
ZTF25abbzfjz,60901.2967245,2,18.2791,0.1037718,19.8501,1
ZTF25abbzfjz,60901.3427546,2,18.256,0.10020853,19.84,1
ZTF25abbzfjz,60902.3379167,2,18.2956,0.07939661,19.8255,1
ZTF25abbzfjz,60903.2923843,2,18.2879,0.05653347,20.1702,1
ZTF25abbzfjz,60903.3757639,1,18.1701,0.07807,19.9747,1
ZTF25abbzfjz,60903.3757639,1,18.1701,0.07807009,19.9747,1
ZTF25abbzfjz,60904.2923727,1,18.1861,0.056051,20.2806,1
ZTF25abbzfjz,60904.2923727,1,18.1861,0.056050785,20.2806,1
ZTF25abbzfjz,60904.3095602,1,18.1125,0.06391728,20.2732,1
ZTF25abbzfjz,60904.3237153,2,18.3112,0.060168173,20.2948,1
ZTF25abbzfjz,60904.3241782,2,18.3073,0.059248637,20.1254,1
ZTF25abbzfjz,60908.2926389,1,18.2382,0.065908946,20.042,1
ZTF25abbzfjz,60909.2932292,1,18.2278,0.06478409,20.1069,1
ZTF25abbzfjz,60909.3559028,2,18.3682,0.07949339,19.8874,1
ZTF25abbzfjz,60910.2719444,2,18.3239,0.09388981,19.9192,1
ZTF25abbzfjz,60911.29375,2,18.346,0.065111764,20.0832,1
ZTF25abbzfjz,60911.3559491,1,18.237,0.06959277,20.0849,1
ZTF25abbzfjz,60913.2518519,2,18.3596,0.061495934,20.0781,1
ZTF25abbzfjz,60913.3409722,1,18.2786,0.079739645,20.0655,1
ZTF25abbzfjz,60914.2939468,1,18.3316,0.06979653,20.099,1
ZTF25abbzfjz,60914.3468866,2,18.3948,0.07198725,20.068,1
ZTF25abbzfjz,60916.2508796,2,18.3947,0.06567377,20.1161,1
ZTF25abbzfjz,60916.3610301,1,18.3728,0.08442749,19.8882,1
ZTF25abbzfjz,60917.2723264,1,18.3665,0.07600618,20.0205,1
ZTF25abbzfjz,60917.3350579,2,18.4083,0.08383959,20.0358,1
ZTF25abbzfjz,60918.335,2,18.4123,0.06712522,19.8735,1
ZTF25abbzfjz,60919.2957523,1,18.4495,0.07829805,20.0808,1
ZTF25abbzfjz,60920.2730093,1,18.4979,0.113144025,19.4894,1
ZTF25abbzfjz,60920.3559028,2,18.3728,0.088970385,19.8697,1
ZTF25abbzfjz,60921.2726852,1,18.4579,0.1196471,19.4263,1
ZTF25abbzfjz,60922.2726736,2,18.3509,0.10404092,18.9037,1
ZTF25abbzfjz,60922.3660069,1,18.4116,0.124323,18.8727,1
ZTF25abbzfjz,60925.2939699,1,18.8126,0.223584,18.5135,1
ZTF25abbzfjz,60927.3140278,1,18.5462,0.15254216,19.0161,1
ZTF25abbzfjz,60928.2300463,2,18.5437,0.09377991,19.606,1
ZTF25abbzfjz,60928.3143171,1,18.6749,0.1366515,19.3482,1
ZTF25abbzfjz,60929.2312153,2,18.6028,0.09738985,19.5285,1
ZTF25abbzfjz,60929.2923727,1,18.6948,0.12936164,19.1404,1
ZTF25abbzfjz,60932.2298958,2,18.5599,0.06455887,20.2153,1
ZTF25abbzfjz,60932.2648032,2,18.6205,0.09300341,20.1587,1
ZTF25abbzfjz,60932.2730208,1,18.7458,0.106447615,19.8608,1
ZTF25abbzfjz,60932.3519329,1,18.8562,0.11090972,19.4203,1
ZTF25abbzfjz,60934.2724074,2,18.599,0.086813904,19.8521,1
ZTF25abbzfjz,60938.2199653,2,18.6767,0.099404655,20.0232,1
ZTF25abbzfjz,60938.2707407,1,18.8381,0.09482409,20.1192,1
ZTF25abbzfjz,60939.2102199,2,18.6234,0.08967144,20.0662,1
ZTF25abbzfjz,60939.3147338,1,18.7807,0.10788407,20.027,1
ZTF25abbzfjz,60941.2303009,2,18.6597,0.10113535,19.8007,1
ZTF25abbzfjz,60941.2722222,1,18.9024,0.112638466,19.9305,1
ZTF25abbzfjz,60942.251875,1,18.8807,0.104675435,20.1294,1
ZTF25abbzfjz,60942.3245486,2,18.7047,0.099296615,19.668,1
ZTF25abbzfjz,60943.2509954,2,18.81,0.08178006,19.8623,1
ZTF25abbzfjz,60943.2967361,1,18.9109,0.109943315,19.8841,1
ZTF25abbzfjz,60948.1891898,2,18.8589,0.08370086,19.9421,1
ZTF25abbzfjz,60948.209213,2,18.7855,0.103656985,20.04,1
ZTF25abbzfjz,60948.2573958,1,19.1152,0.10154836,20.1837,1
ZTF25abbzfjz,60948.2578704,1,19.0498,0.13956778,20.1094,1
ZTF25abbzfjz,60949.2365625,2,18.8548,0.09183761,19.7499,1
ZTF25abbzfjz,60949.2721296,2,18.7528,0.09988389,19.7889,1
ZTF25abbzfjz,60953.2093981,2,18.9293,0.19105583,19.0928,1
ZTF25abbzfjz,60953.2266782,2,18.7906,0.17656378,18.7854,1
ZTF25abbzfjz,60953.2773495,1,19.0774,0.313745,18.4677,1
ZTF25abbzfjz,60954.2109375,1,18.835,0.19769105,18.8818,1
ZTF25abbzfjz,60955.2518981,2,18.8755,0.197214,18.9068,1
ZTF25abbzfjz,60956.167581,2,18.9784,0.171233,19.1929,1
ZTF25abbzfjz,60957.2093634,2,18.8512,0.14453244,19.1468,1
ZTF25abbzfjz,60957.2103009,2,18.8699,0.12914126,19.3092,1
ZTF25abbzfjz,60957.2520486,1,19.1738,0.249997,18.8051,1
ZTF25abbzfjz,60960.2337384,1,19.5363,0.190357,19.6742,1
ZTF25abbzfjz,60961.1258912,1,19.3502,0.15438153,20.1049,1
ZTF25abbzfjz,60961.1779398,2,18.936,0.12303835,20.0871,1
ZTF25abbzfjz,60965.2300694,1,19.5537,0.238634,19.7017,1
ZTF25abbzfjz,60965.2310069,1,19.4704,0.20168118,19.4245,1
ZTF25abbzfjz,60965.2518866,2,18.9955,0.16069923,19.3797,1
ZTF25abbzfjz,60967.209294,1,19.6061,0.20375538,19.8184,1
ZTF25abbzfjz,60967.2520718,2,19.0742,0.15969194,19.3886,1
ZTF25abbzfjz,60968.1265972,2,19.0493,0.11107132,19.9333,1
ZTF25abbzfjz,60968.1476389,1,19.6329,0.17881982,19.9505,1
ZTF25abbzfjz,60969.211331,1,19.5225,0.15628512,19.8906,1
ZTF25abbzfjz,60970.1883681,2,19.0752,0.124887094,19.9325,1
ZTF25abbzfjz,60972.2114236,2,19.2278,0.16767606,19.5894,1
ZTF25abbzfjz,60972.2118866,2,19.0409,0.12743539,19.646,1
ZTF25abbzfjz,60974.1672454,1,19.7995,0.20365028,19.9186,1
ZTF25abbzfjz,60974.2315162,2,19.3733,0.17533998,19.5067,1
ZTF25abbzfjz,60976.1262731,2,19.0684,0.15669,19.6169,1
ZTF25abbzfjz,60980.125787,2,19.405,0.294523,19.1857,1
ZTF25abbzfjz,60981.0959838,2,19.1758,0.16123167,19.5508,1
ZTF25abbzfjz,60983.1237384,2,19.1629,0.14234862,19.5862,1
ZTF25abbzfjz,60986.167662,2,19.4529,0.20721017,19.4653,1
ZTF25abbzfjz,61222.4187384,3,19.2817,0.249142,18.8414,-1
ZTF25abbzfjz,61231.418287,3,19.2314,0.10397275,19.9505,-1
ZTF25abbzfjz,61244.3922801,3,19.1703,0.13396129,19.6771,-1
ZTF25abbzfjz,61261.3668634,3,19.1686,0.12945646,19.6086,-1
ZTF25abclliu,60877.2824884,1,20.2885,0.20382167,21.0362,1
ZTF25abclliu,60879.2994676,1,20.273,0.15169102,20.8096,1
ZTF25abclliu,60879.2994676,1,20.273,0.151691,20.8096,1
ZTF25abclliu,60879.3683796,2,19.6987,0.142565,20.1517,1
ZTF25abclliu,60879.3683796,2,19.6987,0.14256498,20.1517,1
ZTF25abclliu,60881.2358681,1,20.0918,0.16716558,20.8666,1
ZTF25abclliu,60885.2176505,2,19.3231,0.11779462,20.8154,1
ZTF25abclliu,60885.421875,1,19.7712,0.15004477,20.6447,1
ZTF25abclliu,60888.3537963,1,19.5617,0.112386435,20.9252,1
ZTF25abclliu,60888.3537963,1,19.5617,0.112386,20.9252,1
ZTF25abclliu,60890.327338,1,19.5194,0.12169363,20.6845,1
ZTF25abclliu,60890.327338,1,19.5194,0.121694,20.6845,1
ZTF25abclliu,60892.2259722,2,19.1472,0.15001452,20.602,1
ZTF25abclliu,60892.2259722,2,19.1472,0.150015,20.602,1
ZTF25abclliu,60892.3731134,1,19.6091,0.162593,20.6087,1
ZTF25abclliu,60892.3731134,1,19.6091,0.16259305,20.6087,1
ZTF25abclliu,60895.2017708,1,19.3744,0.28783,19.4963,1
ZTF25abclliu,60895.2389352,2,19.0008,0.143095,19.8324,1
ZTF25abclliu,60897.2011343,1,19.3676,0.18039079,19.8354,1
ZTF25abclliu,60897.243588,2,19.0709,0.16629207,20.0672,1
ZTF25abclliu,60897.243588,2,19.0709,0.166292,20.0672,1
ZTF25abclliu,60897.243588,2,19.0709,0.166292,20.0672,1
ZTF25abclliu,60899.1770139,1,19.2863,0.1468427,20.2801,1
ZTF25abclliu,60899.2482986,2,18.8867,0.101904,20.2229,1
ZTF25abclliu,60899.2482986,2,18.8867,0.101903625,20.2229,1
ZTF25abclliu,60901.1851157,2,18.9557,0.102038,20.8469,1
ZTF25abclliu,60901.1851157,2,18.9557,0.102037646,20.8469,1
ZTF25abclliu,60901.286713,1,19.285,0.14055,20.3243,1
ZTF25abclliu,60901.286713,1,19.285,0.14055024,20.3243,1
ZTF25abclliu,60903.2662384,1,19.3418,0.11500822,21.1175,1
ZTF25abclliu,60903.2662384,1,19.3418,0.115008,21.1175,1
ZTF25abclliu,60908.2984144,1,19.375,0.11275732,20.7238,1
ZTF25abclliu,60910.242963,1,19.2998,0.10251182,20.9279,1
ZTF25abclliu,60913.31,1,19.3167,0.11994983,20.7462,1
ZTF25abclliu,60916.1901968,1,19.418,0.12335438,20.8914,1
ZTF25abclliu,60916.1901968,1,19.418,0.123354,20.8914,1
ZTF25abclliu,60918.3004167,1,19.344,0.114282526,20.6267,1
ZTF25abclliu,60920.2088889,2,18.8374,0.09153774,20.0926,1
ZTF25abclliu,60920.2547569,1,19.2663,0.14061,20.1612,1
ZTF25abclliu,60920.2547569,1,19.2663,0.14060988,20.1612,1
ZTF25abclliu,60922.1926968,2,18.7283,0.09541327,20.4035,1
ZTF25abclliu,60924.1985648,2,18.7923,0.10962055,20.2663,1
ZTF25abclliu,60924.2212963,1,19.6136,0.213592,19.8233,1
ZTF25abclliu,60924.2212963,1,19.6136,0.21359198,19.8233,1
ZTF25abclliu,60926.1548032,1,19.3499,0.18984336,19.8762,1
ZTF25abclliu,60926.175162,2,18.7102,0.11646273,20.1326,1
ZTF25abclliu,60928.2066204,2,18.7286,0.09826766,20.5416,1
ZTF25abclliu,60928.2624769,1,19.6113,0.16888955,20.0188,1
ZTF25abclliu,60932.1799306,1,19.4141,0.11045834,20.9613,1
ZTF25abclliu,60932.1799306,1,19.4141,0.110458,20.9613,1
ZTF25abclliu,60934.1610532,1,19.3893,0.15023942,21.001,1
ZTF25abclliu,60938.2603009,1,19.51,0.16734849,20.7599,1
ZTF25abclliu,60941.2274074,2,18.8158,0.09007021,20.3031,1
ZTF25abclliu,60943.1799421,1,19.5665,0.1283662,20.9465,1
ZTF25abclliu,60950.2148958,1,19.7484,0.20415436,20.1706,1
ZTF25abclliu,60952.1836574,2,18.8974,0.14669369,19.7406,1
ZTF25abclliu,60954.1373958,2,18.9232,0.14742222,20.2938,1
ZTF25abclliu,60954.1547685,1,19.7896,0.244067,19.7391,1
ZTF25abclliu,60956.1252546,1,19.6768,0.288386,19.7465,1
ZTF25abclliu,60956.1636574,2,18.865,0.08669284,19.8746,1
ZTF25abclliu,60960.2028704,1,19.9737,0.221868,20.6386,1
ZTF25abclliu,60965.1369097,2,18.987,0.09445972,20.6581,1
ZTF25abclliu,60965.2052662,1,20.0471,0.243157,19.9831,1
ZTF25abclliu,60967.1378935,2,19.0921,0.10438245,20.2629,1
ZTF25abclliu,60967.1731134,1,20.1278,0.26469,20.3563,1
ZTF25abclliu,60969.1345949,2,19.1676,0.10581137,20.6981,1
ZTF25abclliu,60972.1123032,1,20.2895,0.300894,20.4197,1
ZTF25abclliu,60972.1655556,2,19.2992,0.15766217,20.2553,1
ZTF25abclliu,60974.1220833,2,19.3155,0.14977401,20.0564,1
ZTF25abclliu,60976.1125926,2,19.5319,0.1374846,20.4251,1
ZTF25abclliu,60978.1456829,2,19.5541,0.233063,20.1317,1
ZTF25abclliu,60980.0988889,2,19.6142,0.1725303,20.4272,1
ZTF25abclliu,60988.1040625,2,19.6368,0.15813951,20.5671,1
ZTF25abclliu,61009.0893866,2,19.9163,0.289504,20.3805,1
ZTF25abclliu,61020.0912847,2,19.7113,0.1955965,20.045,1
ZTF25abcznka,60878.3671181,1,20.1165,0.18532059,20.7692,1
ZTF25abcznka,60878.4119676,2,20.251,0.15312418,20.7753,1
ZTF25abcznka,60880.3906597,2,19.8939,0.16736466,20.7032,1
ZTF25abcznka,60880.4228704,1,19.583,0.12796967,20.7022,1
ZTF25abcznka,60882.3308218,2,19.5384,0.104377694,20.6005,1
ZTF25abcznka,60882.3621875,1,19.3683,0.10870822,20.7367,1
ZTF25abcznka,60884.323287,1,19.132,0.1278589,20.6413,1
ZTF25abcznka,60884.3670949,2,19.3909,0.08006532,20.7688,1
ZTF25abcznka,60886.3748958,2,19.0654,0.08566231,20.6804,1
ZTF25abcznka,60886.4124769,1,18.8995,0.08708347,20.7527,1
ZTF25abcznka,60889.3094329,2,18.9423,0.09910844,20.5648,1
ZTF25abcznka,60889.3635532,1,18.6808,0.06945334,20.649,1
ZTF25abcznka,60891.2743981,1,18.4902,0.089050576,20.0695,1
ZTF25abcznka,60891.3623495,2,18.7864,0.07090204,20.4714,1
ZTF25abcznka,60894.4238889,1,18.4818,0.08628913,19.9157,1
ZTF25abcznka,60896.3369676,2,18.6335,0.11721836,19.2072,1
ZTF25abcznka,60896.4318171,1,18.3366,0.11434211,19.033,1
ZTF25abcznka,60898.4346296,2,18.6514,0.12633745,19.2492,1
ZTF25abcznka,60898.4432292,1,18.4208,0.10970045,19.1068,1
ZTF25abcznka,60901.3579514,2,18.4973,0.07158483,20.2204,1
ZTF25abcznka,60903.3052662,2,18.493,0.0582185,20.6295,1
ZTF25abcznka,60903.3949421,1,18.3754,0.06092051,20.5497,1
ZTF25abcznka,60905.3164236,1,18.3863,0.08166694,20.7016,1
ZTF25abcznka,60905.3397454,2,18.4261,0.064485565,20.686,1
ZTF25abcznka,60909.3165509,1,18.4233,0.06524734,20.603,1
ZTF25abcznka,60911.265787,1,18.4605,0.074856974,20.615,1
ZTF25abcznka,60911.3199537,2,18.4544,0.055217676,20.5998,1
ZTF25abcznka,60913.2860417,2,18.4375,0.06024911,20.6364,1
ZTF25abcznka,60913.3245255,1,18.4499,0.061239205,20.6614,1
ZTF25abcznka,60916.2858912,2,18.4647,0.05870634,20.5967,1
ZTF25abcznka,60916.3300926,1,18.5533,0.074461445,20.7017,1
ZTF25abcznka,60918.311875,1,18.5523,0.07279156,20.5395,1
ZTF25abcznka,60918.3466435,2,18.4912,0.056173157,20.5289,1
ZTF25abcznka,60920.3172569,1,18.7562,0.11288673,19.9504,1
ZTF25abcznka,60920.3787847,2,18.4907,0.070712,20.4025,1
ZTF25abcznka,60920.3787847,2,18.4907,0.07071171,20.4025,1
ZTF25abcznka,60922.2856944,2,18.5578,0.08459193,19.8635,1
ZTF25abcznka,60922.4035069,1,18.6382,0.08748715,20.2288,1
ZTF25abcznka,60924.2605671,1,18.567,0.12579225,19.4191,1
ZTF25abcznka,60924.3812731,2,18.4918,0.100792006,19.4427,1
ZTF25abcznka,60926.2476736,2,18.5973,0.11681529,19.4115,1
ZTF25abcznka,60926.3366551,1,18.9107,0.17432557,19.2256,1
ZTF25abcznka,60928.2377431,2,18.6482,0.07543777,20.0222,1
ZTF25abcznka,60928.2993519,1,18.8195,0.13070278,19.8072,1
ZTF25abcznka,60932.2180671,2,18.7355,0.06832048,20.6669,1
ZTF25abcznka,60932.2759144,1,18.9602,0.08095038,20.5371,1
ZTF25abcznka,60934.3831829,1,18.9842,0.114050224,20.2309,1
ZTF25abcznka,60934.3850347,2,18.7156,0.06493676,20.3424,1
ZTF25abcznka,60938.273125,1,19.0566,0.09018078,20.6574,1
ZTF25abcznka,60938.3441667,2,18.7961,0.07894503,20.4171,1
ZTF25abcznka,60941.236412,2,18.8697,0.078041926,20.3912,1
ZTF25abcznka,60941.2874074,1,19.1982,0.10408208,20.5304,1
ZTF25abcznka,60943.2342477,2,18.9501,0.07425167,20.6173,1
ZTF25abcznka,60943.332662,1,19.2282,0.10506548,20.5278,1
ZTF25abcznka,60949.3394444,1,19.401,0.12964085,20.2934,1
ZTF25abcznka,60951.192419,2,19.0537,0.08877385,20.1084,1
ZTF25abcznka,60951.3477894,1,19.5215,0.21036732,19.5705,1
ZTF25abcznka,60953.2256829,2,19.1693,0.16907974,19.4114,1
ZTF25abcznka,60953.3893403,1,19.1377,0.233123,18.8115,1
ZTF25abcznka,60955.2547338,2,19.2786,0.178791,19.5244,1
ZTF25abcznka,60957.2022801,2,19.0548,0.10201063,19.8814,1
ZTF25abcznka,60960.1832639,2,19.2149,0.10203721,20.5834,1
ZTF25abcznka,60960.1918981,1,19.6278,0.1345986,20.6324,1
ZTF25abcznka,60965.2705556,2,19.3013,0.10982052,20.2435,1
ZTF25abcznka,60967.2130903,1,19.8826,0.16487283,20.5345,1
ZTF25abcznka,60967.258206,2,19.3317,0.10373345,20.3805,1
ZTF25abcznka,60969.2243403,1,19.8294,0.13740079,20.6089,1
ZTF25abcznka,60969.2669444,2,19.305,0.11343583,20.4009,1
ZTF25abcznka,60972.1957755,2,19.4532,0.12428185,20.1826,1
ZTF25abcznka,60972.2820486,1,19.7985,0.17826544,20.0806,1
ZTF25abcznka,60974.1914352,1,20.005,0.19115902,20.5972,1
ZTF25abcznka,60974.234838,2,19.4431,0.16962354,20.2387,1
ZTF25abcznka,60976.1916667,1,19.9364,0.298325,20.022,1
ZTF25abcznka,60976.269294,2,19.549,0.155707,20.1466,1
ZTF25abcznka,60978.2350926,1,20.235,0.297328,20.0579,1
ZTF25abcznka,60978.2790741,2,19.447,0.134124,20.0501,1
ZTF25abcznka,60980.187037,1,19.7411,0.230692,19.7039,1
ZTF25abcznka,60980.2990394,2,19.4293,0.1765361,19.4732,1
ZTF25abcznka,60980.2990394,2,19.4293,0.176536,19.4732,1
ZTF25abcznka,60986.1656597,2,19.5201,0.13417526,20.0602,1
ZTF25abcznka,60988.1509028,1,20.2895,0.218689,20.4432,1
ZTF25abcznka,60988.2501042,2,19.6239,0.248123,19.5811,1
ZTF25abcznka,60990.0877778,2,19.5718,0.17814304,19.9487,1
ZTF25abcznka,61006.1641551,2,19.7028,0.219101,19.7434,1
ZTF25abcznka,61020.1458565,1,20.3195,0.25799,20.1362,1
ZTF25abcznka,61024.1075,1,20.6007,0.345438,20.3342,1
ZTF25abcznka,61026.1038542,2,20.0429,0.15141368,20.3938,1
ZTF25abecvml,60882.3821759,1,20.3927,0.15913324,20.6647,1
ZTF25abecvml,60885.3032176,1,18.6964,0.09548109,20.4004,1
ZTF25abecvml,60885.338044,2,18.7449,0.09374929,20.4358,1
ZTF25abecvml,60887.3162963,1,18.0869,0.062130485,20.4388,1
ZTF25abecvml,60887.3738657,2,18.1201,0.052974958,20.447,1
ZTF25abecvml,60889.3185185,2,17.7889,0.049327508,20.3138,1
ZTF25abecvml,60889.3960532,1,17.8466,0.053351097,20.6558,1
ZTF25abecvml,60892.3615741,1,17.7113,0.052391373,20.2417,1
ZTF25abecvml,60892.4238657,2,17.5862,0.037227903,20.6954,1
ZTF25abecvml,60895.3999537,2,17.5854,0.058633182,19.3728,1
ZTF25abecvml,60895.4219907,1,17.9105,0.072598964,19.2175,1
ZTF25abecvml,60897.3826273,2,17.646,0.06268114,18.8761,1
ZTF25abecvml,60897.4253241,1,17.9547,0.085968,18.7638,1
ZTF25abecvml,60901.3593634,2,17.8094,0.046212234,20.0449,1
ZTF25abecvml,60901.3593634,2,17.8094,0.046212,20.0449,1
ZTF25abecvml,60901.394838,1,18.5743,0.098913245,19.6429,1
ZTF25abecvml,60903.3690278,2,17.9731,0.053938854,20.5302,1
ZTF25abecvml,60903.3925926,1,18.8071,0.08966272,20.4152,1
ZTF25abecvml,60905.3145486,1,19.1208,0.089682214,20.6292,1
ZTF25abecvml,60905.3538657,2,18.1753,0.052706815,20.6751,1
ZTF25abecvml,60909.3267014,1,19.4222,0.13825889,20.466,1
ZTF25abecvml,60909.3615509,2,18.4434,0.066160895,20.21,1
ZTF25abecvml,60911.264838,1,19.6727,0.16715251,20.4367,1
ZTF25abecvml,60911.3213657,2,18.6427,0.070486665,20.4663,1
ZTF25abecvml,60913.2565856,2,18.7444,0.08464797,20.3172,1
ZTF25abecvml,60913.3264236,1,19.7892,0.115346536,20.6763,1
ZTF25abecvml,60916.3527778,1,19.8827,0.16430405,20.6854,1
ZTF25abecvml,60916.4022106,2,18.9225,0.07526886,20.5064,1
ZTF25abecvml,60918.3109259,1,20.0808,0.227176,20.3282,1
ZTF25abecvml,60918.3409838,2,19.0322,0.10054936,20.4002,1
ZTF25abecvml,60920.424213,2,19.1206,0.10100205,20.3482,1
ZTF25abecvml,60922.3176389,2,19.1384,0.09879091,19.6879,1
ZTF25abecvml,60922.4011574,1,20.1337,0.241097,20.2179,1
ZTF25abecvml,60924.4261921,2,19.1076,0.17304316,19.0428,1
ZTF25abecvml,60927.3059028,2,19.3048,0.19909084,19.5513,1
ZTF25abecvml,60929.2392361,2,19.4411,0.18281236,19.5394,1
ZTF25abecvml,60932.2454861,2,19.6632,0.13007273,20.3129,1
ZTF25abecvml,60934.2781019,2,19.6996,0.13575882,20.2988,1
ZTF25abecvml,60934.3351505,1,20.4384,0.32135,20.2801,1
ZTF25abecvml,60938.2880671,1,20.7821,0.220436,20.6786,1
ZTF25abecvml,60938.3543519,2,19.7619,0.14064008,20.3752,1
ZTF25abecvml,60941.235,2,19.7767,0.16096367,20.1914,1
ZTF25abecvml,60941.2978472,1,20.7545,0.328681,20.5598,1
ZTF25abecvml,60943.2580556,2,20.0132,0.218809,20.546,1
ZTF25abecvml,60943.3335995,1,20.5958,0.26332,20.5583,1
ZTF25abecvml,60949.2735532,2,20.0068,0.17496923,20.2843,1
ZTF25abecvml,60949.3380324,1,20.6218,0.238706,20.3783,1
ZTF25abecvml,60951.2140394,2,19.8854,0.15781553,20.0128,1
ZTF25abedagz,60885.3430556,2,18.0701,0.04766735,20.4325,1
ZTF25abedagz,60885.3901389,1,18.3549,0.056075342,20.7088,1
ZTF25abedagz,60891.2793287,1,18.4113,0.09217799,19.8791,1
ZTF25abedagz,60891.3676157,2,18.0,0.0419778,20.2324,1
ZTF25abedagz,60894.3662269,2,17.9524,0.056372993,20.0585,1
ZTF25abedagz,60894.4317593,1,18.5418,0.11111645,20.1209,1
ZTF25abedagz,60896.3643981,2,18.014,0.07769404,19.6731,1
ZTF25abedagz,60896.4539815,1,18.6624,0.15476482,19.468,1
ZTF25abedagz,60898.3631481,2,18.0365,0.06692096,19.6535,1
ZTF25abedagz,60898.4648495,1,18.9486,0.18865734,19.4592,1
ZTF25abedagz,60901.3735995,2,18.138,0.061383,19.9986,1
ZTF25abedagz,60901.3735995,2,18.138,0.061383247,19.9986,1
ZTF25abedagz,60901.3839352,1,19.0385,0.17720859,19.8644,1
ZTF25abedagz,60903.3608333,2,18.2434,0.06724024,20.5183,1
ZTF25abedagz,60903.3789583,1,19.0721,0.13901792,20.4325,1
ZTF25abedagz,60905.3283681,1,19.1293,0.10890392,20.5046,1
ZTF25abedagz,60905.3505208,2,18.2512,0.060614657,20.5023,1
ZTF25abedagz,60909.3717593,2,18.4508,0.06507973,20.5362,1
ZTF25abedagz,60911.3276157,2,18.4849,0.08456806,20.4858,1
ZTF25abedagz,60911.3657176,1,19.548,0.16701382,20.5459,1
ZTF25abedagz,60914.2990741,1,19.6847,0.197009,20.3731,1
ZTF25abedagz,60914.3600116,2,18.6421,0.0704264,20.4736,1
ZTF25abedagz,60917.2804745,1,19.8216,0.15220773,20.475,1
ZTF25abedagz,60917.3428935,2,18.6776,0.08505635,20.5555,1
ZTF25abedagz,60919.3075116,1,19.7599,0.16723794,20.3642,1
ZTF25abedagz,60919.3420833,2,18.8336,0.09339674,20.4827,1
ZTF25abedagz,60923.3699537,2,18.7455,0.08373448,20.0484,1
ZTF25abedagz,60925.3882523,2,18.9826,0.13540909,19.5802,1
ZTF25abedagz,60927.3006713,2,19.0281,0.1399643,19.713,1
ZTF25abedagz,60929.242581,2,18.9769,0.16863063,19.57,1
ZTF25abedagz,60932.241169,2,19.2376,0.10325062,20.5289,1
ZTF25abedagz,60934.2854167,2,19.0297,0.08117769,20.4158,1
ZTF25abedagz,60938.3575463,2,19.309,0.09024762,20.4397,1
ZTF25abedagz,60941.249919,2,19.2614,0.098621875,20.3255,1
ZTF25abedagz,60943.2479745,2,19.3173,0.11969035,20.4812,1
ZTF25abedagz,60949.3044444,2,19.4407,0.16593514,20.524,1
ZTF25abedagz,60951.2555787,2,19.5265,0.1552962,20.2014,1
ZTF25abedagz,60953.2038426,2,19.5124,0.16893937,19.7176,1
ZTF25abeefof,60882.4360648,2,20.343,0.16251726,20.4191,1
ZTF25abeefof,60883.3658565,3,19.7656,0.246438,19.6606,1
ZTF25abeefof,60883.4148032,2,19.6999,0.13470663,20.4974,1
ZTF25abeefof,60883.4646528,1,19.4236,0.13372652,20.6004,1
ZTF25abeefof,60883.4656019,1,19.4643,0.09733592,20.6009,1
ZTF25abeefof,60884.4117477,2,19.484,0.10112099,20.5519,1
ZTF25abeefof,60884.4292593,3,19.5864,0.219682,19.9844,1
ZTF25abeefof,60886.3692361,2,19.2387,0.11030764,20.2836,1
ZTF25abeefof,60886.3905324,3,19.2501,0.1617737,19.7209,1
ZTF25abeefof,60886.4667708,1,19.127,0.08707636,20.5315,1
ZTF25abeefof,60886.4677083,1,19.1409,0.06324759,20.5907,1
ZTF25abeefof,60887.368669,2,19.1677,0.11303941,20.4332,1
ZTF25abeefof,60888.4054514,2,19.2001,0.08476838,20.524,1
ZTF25abeefof,60888.4300694,3,19.3541,0.1534286,19.9932,1
ZTF25abeefof,60888.4486227,1,19.1861,0.074606,20.7364,1
ZTF25abeefof,60888.4486227,1,19.1861,0.074606195,20.7364,1
ZTF25abeefof,60888.4566204,1,19.1773,0.08978427,20.6274,1
ZTF25abeefof,60889.3477431,3,19.124,0.154473,19.4724,1
ZTF25abeefof,60891.3507755,3,19.2773,0.20865504,19.5911,1
ZTF25abeefof,60891.3720949,2,19.1127,0.09833418,20.2146,1
ZTF25abeefof,60891.4058796,1,19.2164,0.082803436,20.5412,1
ZTF25abeefof,60891.4078125,1,19.1681,0.083772674,20.4835,1
ZTF25abeefof,60892.4339236,2,19.1218,0.09168912,20.4824,1
ZTF25abeefof,60892.4756366,1,19.2421,0.11733003,20.541,1
ZTF25abeefof,60892.4770486,1,19.2313,0.106043495,20.544,1
ZTF25abeefof,60894.381794,2,19.1712,0.12171555,19.8497,1
ZTF25abeefof,60895.4137616,2,19.2973,0.1719223,19.3703,1
ZTF25abeefof,60895.4502546,1,19.3659,0.15375832,19.4397,1
ZTF25abeefof,60896.3836458,2,19.2578,0.217797,19.1931,1
ZTF25abeefof,60896.4784259,1,19.4553,0.20971188,19.3045,1
ZTF25abeefof,60896.4793634,1,19.5183,0.234114,19.2812,1
ZTF25abeefof,60897.4039931,2,19.225,0.20306374,19.1499,1
ZTF25abeefof,60897.479294,1,19.1637,0.187053,19.2582,1
ZTF25abeefof,60897.479294,1,19.1637,0.18705256,19.2582,1
ZTF25abeefof,60897.479294,1,19.1637,0.187053,19.2582,1
ZTF25abeefof,60898.4051968,2,19.5029,0.211794,19.252,1
ZTF25abeefof,60899.4415046,1,19.549,0.285361,19.1463,1
ZTF25abeefof,60899.4424421,1,19.2432,0.18569277,19.1599,1
ZTF25abeefof,60899.4424421,1,19.2432,0.185693,19.1599,1
ZTF25abeefof,60902.4204167,2,19.3653,0.13156116,20.0149,1
ZTF25abeefof,60902.4718634,1,19.5305,0.13652147,19.9772,1
ZTF25abeefof,60904.4214352,2,19.4577,0.122032136,20.5536,1
ZTF25abeefof,60904.4472454,1,19.6277,0.11893759,20.5332,1
ZTF25abeefof,60908.3996065,2,19.3924,0.099661656,20.0069,1
ZTF25abeefof,60908.4417708,1,19.6647,0.13253629,20.3981,1
ZTF25abeefof,60910.4212384,1,19.8176,0.18767914,20.0882,1
ZTF25abeefof,60910.445706,2,19.4532,0.11726318,20.5232,1
ZTF25abeefof,60912.4313657,1,19.7844,0.13888341,20.5129,1
ZTF25abeefof,60912.4422222,2,19.4415,0.095793545,20.5136,1
ZTF25abeefof,60916.4112847,2,19.3977,0.097038485,20.4097,1
ZTF25abeefof,60916.4557755,1,20.0664,0.19784836,20.4939,1
ZTF25abeefof,60918.3672569,2,19.4877,0.13812768,20.3165,1
ZTF25abeefof,60918.4369444,1,19.9601,0.14019388,20.496,1
ZTF25abeefof,60920.4396296,2,19.535,0.110651396,20.4322,1
ZTF25abeefof,60923.3575,2,19.5631,0.16545838,19.7289,1
ZTF25abeefof,60923.4836574,1,20.0117,0.19764407,20.4433,1
ZTF25abeefof,60925.4337037,2,19.0634,0.18584141,19.1985,1
ZTF25abeefof,60933.2780556,1,20.1542,0.18111357,20.5362,1
ZTF25abeefof,60933.3628935,2,19.5554,0.13233557,20.3352,1
ZTF25abeefof,60935.3600926,1,20.3248,0.18851234,20.4742,1
ZTF25abeefof,60935.4006019,2,19.4817,0.15311958,20.387,1
ZTF25abeefof,60939.3516667,1,20.4333,0.221829,20.6218,1
ZTF25abeefof,60939.3800347,2,19.4449,0.111271694,20.5459,1
ZTF25abeefof,60942.2968634,2,19.4957,0.11937113,20.1812,1
ZTF25abeefof,60942.3725579,1,20.384,0.21042022,20.6358,1
ZTF25abeefof,60944.3025,2,19.528,0.14777848,20.3082,1
ZTF25abeefof,60949.2937037,2,19.575,0.115575045,20.3199,1
ZTF25abeefof,60949.3823495,1,20.3609,0.18135048,20.5661,1
ZTF25abeefof,60951.3321181,2,19.4954,0.1186868,20.1149,1
ZTF25abeefof,60961.1966551,2,19.5133,0.12726577,20.235,1
ZTF25abeefof,60961.2550694,1,20.3657,0.242036,20.4219,1
ZTF25abeefof,60965.2982755,2,19.478,0.12146192,20.1973,1
ZTF25abeefof,60965.3580787,1,20.4545,0.281631,20.1212,1
ZTF25abeefof,60967.3006481,2,19.5598,0.122365415,20.2886,1
ZTF25abeefof,60969.3009375,2,19.5066,0.10075058,20.3412,1
ZTF25abeefof,60969.3302431,1,20.4498,0.240768,20.4345,1
ZTF25abeefof,60971.3381019,2,19.4269,0.12197027,20.1752,1
ZTF25abeefof,60973.2279745,1,20.2895,0.177485,20.7201,1
ZTF25abeefof,60973.2475116,2,19.676,0.13471861,20.6223,1
ZTF25abeefof,60975.1937963,2,19.5008,0.15941104,20.2779,1
ZTF25abeefof,60975.2123495,1,20.523,0.266009,20.398,1
ZTF25abeefof,60977.2518171,1,20.3805,0.223923,20.4554,1
ZTF25abeefof,60977.3186343,2,19.739,0.14379026,20.3698,1
ZTF25abeefof,60979.3023032,2,19.65,0.13944297,20.2443,1
ZTF25abeefof,60979.3300463,1,20.451,0.317943,20.3118,1
ZTF25abeefof,60981.3177431,2,19.4484,0.18153466,19.6242,1
ZTF25abeefof,60988.2983912,2,19.6291,0.253585,19.6829,1
ZTF25abeefof,60990.1945833,1,20.6991,0.239394,20.6086,1
ZTF25abeefof,60990.2773958,2,19.5851,0.16467144,20.0161,1
ZTF25abghevu,60900.199375,1,18.7337,0.0808896,20.7165,1
ZTF25abghevu,60900.2198727,2,18.6879,0.07416041,20.5621,1
ZTF25abghevu,60900.2198727,2,18.6879,0.07416,20.5621,1
ZTF25abghevu,60902.196412,2,18.6936,0.075863875,20.7387,1
ZTF25abghevu,60902.2197685,1,18.7406,0.07652691,20.8125,1
ZTF25abghevu,60904.2045833,1,18.9225,0.07357538,20.8213,1
ZTF25abghevu,60904.2228356,2,18.7309,0.08162099,20.6839,1
ZTF25abghevu,60904.2434606,2,18.762,0.075127,20.6682,1
ZTF25abghevu,60904.2434606,2,18.762,0.07512746,20.6682,1
ZTF25abghevu,60908.1773727,1,19.0488,0.09873767,20.6413,1
ZTF25abghevu,60908.2232755,2,18.8937,0.075471535,20.5214,1
ZTF25abghevu,60910.184919,2,18.8882,0.09898109,20.53,1
ZTF25abghevu,60910.1859028,2,18.8604,0.07874294,20.6039,1
ZTF25abghevu,60910.217037,1,19.138,0.11465341,20.5616,1
ZTF25abghevu,60910.2175,1,19.1586,0.098701894,20.5603,1
ZTF25abghevu,60914.1846991,1,19.3109,0.10558911,20.6455,1
ZTF25abghevu,60914.2025926,2,18.9648,0.097167216,20.5871,1
ZTF25abghevu,60915.1878356,1,19.3673,0.15355834,20.0524,1
ZTF25abghevu,60917.176331,1,19.6084,0.15348019,20.5276,1
ZTF25abghevu,60917.1984144,2,19.1643,0.109147504,20.4981,1
ZTF25abghevu,60917.2145486,2,19.1011,0.095054545,20.5952,1
ZTF25abghevu,60917.2683449,1,19.4444,0.12378729,20.4435,1
ZTF25abghevu,60919.1636574,1,19.6185,0.13498959,20.3817,1
ZTF25abghevu,60919.1641319,1,19.561,0.14328372,20.2438,1
ZTF25abghevu,60919.2009491,2,19.2818,0.10134497,20.4739,1
ZTF25abghevu,60919.2112037,2,19.1284,0.11459671,20.3111,1
ZTF25abghevu,60921.1565972,2,19.2414,0.14692919,20.3324,1
ZTF25abghevu,60921.1570718,2,19.3763,0.10411962,20.3892,1
ZTF25abghevu,60921.1746644,1,19.7248,0.16313247,20.1852,1
ZTF25abghevu,60921.1751273,1,19.8404,0.1760229,20.1737,1
ZTF25abghevu,60923.1533912,1,19.8704,0.260123,19.8428,1
ZTF25abghevu,60923.1770139,1,19.8041,0.2043566,19.9228,1
ZTF25abghevu,60923.1770139,1,19.8041,0.204357,19.9228,1
ZTF25abghevu,60923.2423495,2,19.4679,0.222333,19.3268,1
ZTF25abghevu,60923.2428125,2,19.6225,0.269702,19.3952,1
ZTF25abghevu,60923.2428125,2,19.6225,0.269702,19.3952,1
ZTF25abghevu,60925.2167477,2,19.3456,0.15222158,19.8155,1
ZTF25abghevu,60925.2415856,1,19.7749,0.289581,19.4609,1
ZTF25abghevu,60925.2420602,1,19.9855,0.360798,19.5578,1
ZTF25abghevu,60927.1595255,1,20.0206,0.249101,20.0047,1
ZTF25abghevu,60927.2017477,2,19.4881,0.154173,19.9538,1
ZTF25abghevu,60927.2017477,2,19.4881,0.154173,19.9538,1
ZTF25abghevu,60927.2022222,2,19.4483,0.13708025,19.8954,1
ZTF25abghevu,60929.1453356,1,20.2129,0.221828,20.4373,1
ZTF25abghevu,60929.1453356,1,20.2129,0.221828,20.4373,1
ZTF25abghevu,60929.1458102,1,20.2484,0.20778823,20.5562,1
ZTF25abghevu,60929.2217361,2,19.4811,0.16767807,19.9804,1
ZTF25abghevu,60929.2217361,2,19.4811,0.167678,19.9804,1
ZTF25abghevu,60929.2222106,2,19.5553,0.14972642,19.9478,1
ZTF25abghevu,60932.1570602,1,20.2346,0.20545039,20.7687,1
ZTF25abghevu,60932.1584722,1,20.2283,0.16265614,20.7307,1
ZTF25abghevu,60932.1584722,1,20.2283,0.162656,20.7307,1
ZTF25abghevu,60932.2017824,2,19.5522,0.09444457,20.6684,1
ZTF25abghevu,60932.2017824,2,19.5522,0.094445,20.6684,1
ZTF25abghevu,60932.2679282,2,19.5997,0.163073,19.9834,1
ZTF25abghevu,60934.1776968,2,19.4902,0.16708358,20.3736,1
ZTF25abghevu,60934.1838773,2,19.6088,0.12424248,20.6326,1
ZTF25abghevu,60938.1410648,1,20.3266,0.1985896,20.614,1
ZTF25abghevu,60938.1765278,2,19.7385,0.15750054,20.5994,1
ZTF25abghevu,60941.1371412,1,20.6946,0.288539,20.6636,1
ZTF25abghevu,60941.1371412,1,20.6946,0.288539,20.6636,1
ZTF25abghevu,60943.1395023,1,20.4922,0.291481,20.581,1
ZTF25abghevu,60943.2004398,2,19.8084,0.17566292,20.5194,1
ZTF25abghevu,60948.1333796,1,20.7114,0.308648,20.4368,1
ZTF25abghevu,60948.1609028,2,19.8021,0.189221,20.3454,1
ZTF25abghevu,60948.1743981,2,19.7877,0.18073003,20.384,1
ZTF25abghevu,60950.1735764,2,19.9654,0.20259044,19.9991,1
ZTF25abhtpmw,60901.4825463,1,17.9863,0.095233776,18.7338,1
ZTF25abhtpmw,60904.4190741,2,17.9193,0.040913727,20.498,1
ZTF25abhtpmw,60904.4458333,1,17.7873,0.047683645,20.3678,1
ZTF25abhtpmw,60908.4187269,2,17.7364,0.054128647,19.9988,1
ZTF25abhtpmw,60910.4091667,1,17.7526,0.070496425,19.9914,1
ZTF25abhtpmw,60910.4398611,2,17.7708,0.03593111,20.4275,1
ZTF25abhtpmw,60912.4203588,1,17.9587,0.172186,18.4102,1
ZTF25abhtpmw,60912.4431597,2,17.7703,0.0553755,20.2704,1
ZTF25abhtpmw,60916.3988889,2,17.918,0.037407134,20.3283,1
ZTF25abhtpmw,60916.454838,1,18.0765,0.060260992,20.2534,1
ZTF25abhtpmw,60918.3562847,2,18.0813,0.05251485,20.1074,1
ZTF25abhtpmw,60918.4679282,1,18.2162,0.054894205,20.1826,1
ZTF25abhtpmw,60920.3392477,1,18.3926,0.068890445,20.205,1
ZTF25abhtpmw,60920.4215046,2,18.2144,0.054460242,20.5019,1
ZTF25abhtpmw,60922.3275,2,18.3806,0.061855678,19.7799,1
ZTF25abhtpmw,60922.4194213,1,18.553,0.07527774,20.3334,1
ZTF25abhtpmw,60924.3558449,1,18.8018,0.1621685,19.1163,1
ZTF25abhtpmw,60924.4200347,2,18.4154,0.084514685,19.2444,1
ZTF25abhtpmw,60928.4892824,2,18.5727,0.1375833,19.1632,1
ZTF25abhtpmw,60930.3723148,1,19.2321,0.13691688,19.7875,1
ZTF25abhtpmw,60930.3874074,2,18.4243,0.06902428,19.9415,1
ZTF25abhtpmw,60933.3102894,1,19.463,0.13707505,20.3809,1
ZTF25abhtpmw,60933.3930324,2,18.4505,0.057362318,20.3649,1
ZTF25abhtpmw,60935.3347801,2,18.4665,0.065110646,20.2918,1
ZTF25abhtpmw,60935.3372454,1,19.6768,0.14139795,20.2313,1
ZTF25abhtpmw,60941.2425463,2,18.6705,0.08321241,19.9103,1
ZTF25abhtpmw,60941.3380556,1,20.0114,0.15746292,20.3216,1
ZTF25abhtpmw,60943.267037,2,18.798,0.08981792,20.1768,1
ZTF25abhtpmw,60943.3351042,1,20.2506,0.21400627,20.3471,1
ZTF25abhtpmw,60949.3332639,2,19.1781,0.089820705,20.2873,1
ZTF25abhtpmw,60949.3586921,1,20.4322,0.263119,20.2898,1
ZTF25abhtpmw,60951.3158333,2,19.1813,0.1271834,19.9148,1
ZTF25abhtpmw,60953.2236227,2,19.3582,0.248516,19.0795,1
ZTF25abhtpmw,60961.2513079,1,20.7789,0.338487,20.3206,1
ZTF25abhtpmw,60961.2513079,1,20.7789,0.338487,20.3206,1
ZTF25abhtpmw,60961.3005787,2,19.5234,0.1129693,20.3029,1
ZTF25abhtpmw,60961.3005787,2,19.5234,0.1129693,20.3029,1
ZTF25abhtpmw,60965.2963889,2,19.802,0.16239837,20.047,1
ZTF25abhtpmw,60965.3360069,1,20.24,0.321275,19.8611,1
ZTF25abhtpmw,60967.2951157,2,19.8333,0.15365444,20.3057,1
ZTF25abhtpmw,60972.3294444,2,19.9953,0.16601168,20.0266,1
ZTF25abhtpmw,60974.2728588,2,19.8757,0.15555519,19.9439,1
ZTF25abibtdm,60898.5069097,2,18.4196,0.20918441,18.0828,1
ZTF25abibtdm,60900.5077083,2,18.3127,0.18321629,18.4957,1
ZTF25abibtdm,60900.5121528,2,18.2575,0.20162791,17.9409,1
ZTF25abibtdm,60901.5129514,2,18.1903,0.217953,17.8061,1
ZTF25abibtdm,60902.509375,2,18.3146,0.13468549,18.5788,1
ZTF25abibtdm,60903.5093403,2,18.2801,0.10787857,18.8402,1
ZTF25abibtdm,60903.5142824,2,18.2785,0.156999,18.2606,1
ZTF25abibtdm,60903.5142824,2,18.2785,0.156999,18.2606,1
ZTF25abibtdm,60905.5084954,2,18.3409,0.09625084,18.9999,1
ZTF25abibtdm,60905.5133449,2,18.3002,0.13814153,18.3794,1
ZTF25abibtdm,60908.5101736,2,18.2472,0.090899274,19.2552,1
ZTF25abibtdm,60908.5147338,2,18.3039,0.1370942,18.4316,1
ZTF25abibtdm,60910.5015972,2,18.2364,0.076780885,19.8005,1
ZTF25abibtdm,60910.505544,2,18.2151,0.070053,19.6795,1
ZTF25abibtdm,60910.5094792,2,18.2522,0.097021066,19.5481,1
ZTF25abibtdm,60910.5110995,2,18.2291,0.08352756,19.5476,1
ZTF25abibtdm,60910.5162037,2,18.3092,0.08453254,19.0779,1
ZTF25abibtdm,60911.5041319,2,18.2602,0.093571246,19.8163,1
ZTF25abibtdm,60911.5080787,2,18.2636,0.059015553,19.6898,1
ZTF25abibtdm,60911.5120139,2,18.3138,0.08859726,19.3482,1
ZTF25abibtdm,60912.5015509,2,18.2427,0.08324694,19.9073,1
ZTF25abibtdm,60913.5031019,2,18.181,0.06894384,19.9721,1
ZTF25abibtdm,60913.5071181,2,18.2272,0.06737982,19.8652,1
ZTF25abibtdm,60913.5111343,2,18.1885,0.0753707,19.6764,1
ZTF25abibtdm,60914.5015625,2,18.2398,0.072869964,19.7719,1
ZTF25abibtdm,60914.5050116,2,18.2737,0.0724733,19.8386,1
ZTF25abibtdm,60914.5096412,2,18.1805,0.06779995,19.7282,1
ZTF25abibtdm,60916.5026736,2,18.279,0.06404792,19.9188,1
ZTF25abibtdm,60916.5066204,2,18.264,0.06269999,19.9726,1
ZTF25abibtdm,60916.5105671,2,18.2602,0.06914162,19.8518,1
ZTF25abibtdm,60917.501794,2,18.2817,0.08157654,20.2146,1
ZTF25abibtdm,60917.5057176,2,18.3087,0.065089986,20.1306,1
ZTF25abibtdm,60917.5096296,2,18.2587,0.07165839,20.0499,1
ZTF25abibtdm,60918.5019444,2,18.1671,0.06881976,19.9512,1
ZTF25abibtdm,60918.504919,2,18.3181,0.07762925,20.114,1
ZTF25abibtdm,60918.5058681,2,18.1992,0.05959435,20.0097,1
ZTF25abibtdm,60918.5088426,2,18.2146,0.07235723,20.0064,1
ZTF25abibtdm,60918.5097917,2,18.2145,0.068468526,19.9131,1
ZTF25abibtdm,60919.5018634,2,18.2719,0.072312,19.9394,1
ZTF25abibtdm,60919.5048264,2,18.2585,0.084558,20.1471,1
ZTF25abibtdm,60919.505787,2,18.1974,0.07021,20.0225,1
ZTF25abibtdm,60919.5097106,2,18.2352,0.065833,19.9633,1
ZTF25abibtdm,60923.4908218,1,18.9457,0.11674612,20.1236,1
ZTF25abibtdm,60923.5113426,2,18.2437,0.061138175,20.0878,1
ZTF25abibtdm,60924.5059259,2,18.3085,0.069076136,20.0766,1
ZTF25abibtdm,60924.5098958,2,18.2703,0.07958938,20.1618,1
ZTF25abibtdm,60924.5138889,2,18.3102,0.07535641,20.0706,1
ZTF25abibtdm,60941.4333449,2,18.2234,0.06773678,20.1051,1
ZTF25abibtdm,60941.4333449,2,18.2234,0.067737,20.1051,1
ZTF25abibtdm,60941.5072222,1,19.0834,0.11645075,20.5109,1
ZTF25abibtdm,60943.4723727,1,19.0959,0.10369066,20.3636,1
ZTF25abibtdm,60943.5118519,2,18.2042,0.057812445,20.2272,1
ZTF25abibtdm,60948.4557755,1,19.1461,0.093413204,20.4698,1
ZTF25abibtdm,60948.4991088,2,18.2622,0.061956596,20.4225,1
ZTF25abibtdm,60950.4347801,2,18.24,0.06204613,20.4362,1
ZTF25abibtdm,60950.4928819,1,19.0837,0.098221935,20.6215,1
ZTF25abibtdm,60951.4670949,2,18.1704,0.074655846,20.3918,1
ZTF25abibtdm,60951.505,1,19.1702,0.09419948,20.6016,1
ZTF25abibtdm,60952.4334375,2,18.2049,0.063598774,19.7996,1
ZTF25abibtdm,60952.4865162,1,19.1099,0.097672865,20.5493,1
ZTF25abibtdm,60954.4585185,2,18.2389,0.08407269,19.8863,1
ZTF25abibtdm,60954.4622222,2,18.215,0.068164684,19.7997,1
ZTF25abibtdm,60954.5083218,1,19.2306,0.17349549,19.9242,1
ZTF25abibtdm,60956.4637963,1,19.2066,0.160293,19.5117,1
ZTF25abibtdm,60956.4891551,2,18.1899,0.057401,19.6374,1
ZTF25abibtdm,60956.5036458,2,18.2727,0.05939629,19.8305,1
ZTF25abibtdm,60958.5172685,1,19.209,0.13885371,19.6893,1
ZTF25abibtdm,60959.5137269,2,18.2513,0.0685453,19.9545,1
ZTF25abibtdm,60964.4732407,1,19.2625,0.11499078,20.4861,1
ZTF25abibtdm,60964.490463,2,18.2521,0.065295145,20.4521,1
ZTF25abibtdm,60966.3648727,1,19.1833,0.15045306,19.7168,1
ZTF25abibtdm,60966.4448843,2,18.3183,0.06672619,20.3006,1
ZTF25abibtdm,60968.3942245,1,19.2023,0.13470052,20.3278,1
ZTF25abibtdm,60968.4099074,1,19.3974,0.10126954,20.458,1
ZTF25abibtdm,60968.4586921,2,18.2726,0.05879655,20.3402,1
ZTF25abibtdm,60968.4631829,2,18.2426,0.05436871,20.3378,1
ZTF25abibtdm,60970.3719097,1,19.4757,0.1365996,20.1118,1
ZTF25abibtdm,60970.4353935,2,18.3349,0.08303142,19.9168,1
ZTF25abibtdm,60970.4407292,2,18.3446,0.058851458,20.3687,1
ZTF25abibtdm,60970.5002199,1,19.4152,0.11815316,20.6973,1
ZTF25abibtdm,60973.3801042,1,19.3132,0.14583935,20.3391,1
ZTF25abibtdm,60973.4552431,2,18.307,0.07029725,20.4411,1
ZTF25abibtdm,60973.4794907,2,18.3269,0.06397075,20.548,1
ZTF25abibtdm,60973.4882639,1,19.4369,0.09733326,20.7664,1
ZTF25abibtdm,60975.4427315,1,19.4113,0.12012605,20.4737,1
ZTF25abibtdm,60975.4789236,1,19.3514,0.114842646,20.753,1
ZTF25abibtdm,60975.4848148,2,18.2331,0.058365826,20.3989,1
ZTF25abibtdm,60975.5024306,2,18.3652,0.060059015,20.5384,1
ZTF25abibtdm,60977.4631481,2,18.384,0.079136,20.2862,1
ZTF25abibtdm,60978.432963,1,19.4986,0.127787,20.6264,1
ZTF25abibtdm,60978.4468287,2,18.3747,0.063491,20.5447,1
ZTF25abibtdm,60979.4191204,2,18.3486,0.074718,20.2977,1
ZTF25abibtdm,60979.4860417,1,19.4596,0.143321,20.3986,1
ZTF25abibtdm,60980.410787,2,18.3951,0.067036,20.5746,1
ZTF25abibtdm,60980.4742245,1,19.5816,0.13433379,20.6957,1
ZTF25abibtdm,60981.3838657,2,18.3245,0.063683,20.0605,1
ZTF25abibtdm,60981.445463,1,19.5877,0.13791704,20.4545,1
ZTF25abibtdm,60982.4990856,1,19.52,0.15967447,20.0787,1
ZTF25abibtdm,60983.4227546,1,19.5174,0.292221,19.5032,1
ZTF25abibtdm,60984.4627431,1,19.5864,0.21225765,19.4785,1
ZTF25abibtdm,60985.3440394,1,19.3379,0.273289,19.1166,1
ZTF25abibtdm,60985.5450116,1,19.8429,0.286667,19.5588,1
ZTF25abibtdm,60985.5560069,1,19.7002,0.293452,19.2234,1
ZTF25abibtdm,60990.4466667,1,19.7861,0.29734,19.7259,1
ZTF25abibtdm,60990.5089352,2,18.4697,0.101771764,19.3137,1
ZTF25abibtdm,60991.5064815,2,18.5722,0.18297556,18.6176,1
ZTF25abibtdm,60992.3405787,2,18.6355,0.184043,19.2563,1
ZTF25abibtdm,61003.3576273,2,19.4482,0.11063343,20.5118,1
ZTF25abibtdm,61003.4888079,1,20.7435,0.310161,20.6243,1
ZTF25abibtdm,61009.4166435,2,20.3248,0.2107502,20.6548,1
ZTF25abibtdm,61031.3952431,2,20.4258,0.20869997,20.6291,1
ZTF25abigyri,60900.202662,1,19.8337,0.15575649,20.6381,1
ZTF25abigyri,60902.1860995,2,19.3783,0.08705089,20.7852,1
ZTF25abigyri,60902.2211921,1,19.42,0.11325285,20.7624,1
ZTF25abigyri,60904.1934144,1,19.0468,0.095990464,20.5801,1
ZTF25abigyri,60904.2272801,2,19.2225,0.097979546,20.6595,1
ZTF25abigyri,60908.1768981,1,18.6911,0.06620249,20.681,1
ZTF25abigyri,60908.2218634,2,18.8117,0.08490974,20.5615,1
ZTF25abigyri,60910.17875,2,18.7341,0.08737507,20.585,1
ZTF25abigyri,60915.1847222,1,18.7757,0.11506658,19.8257,1
ZTF25abigyri,60917.1658681,1,18.8644,0.09613693,20.5353,1
ZTF25abigyri,60917.2150231,2,18.7542,0.08909939,20.498,1
ZTF25abigyri,60919.1664815,1,18.9409,0.10138057,20.1663,1
ZTF25abigyri,60919.2028588,2,18.8003,0.0932689,20.3951,1
ZTF25abigyri,60921.1513657,2,18.9402,0.09523364,20.2116,1
ZTF25abigyri,60921.1774884,1,19.165,0.12261176,19.885,1
ZTF25abigyri,60923.2078125,2,19.0245,0.12506963,19.8739,1
ZTF25abigyri,60925.1456713,2,19.1283,0.13877757,20.0185,1
ZTF25abigyri,60925.2411227,1,19.4356,0.21232316,19.4079,1
ZTF25abigyri,60927.1566898,1,19.5908,0.17497173,19.9559,1
ZTF25abigyri,60927.2036343,2,19.2603,0.13935558,19.8707,1
ZTF25abigyri,60929.216956,2,19.3248,0.15480004,19.8838,1
ZTF25abigyri,60932.1420718,2,19.4834,0.13852611,20.6428,1
ZTF25abigyri,60932.1556366,1,20.132,0.1613484,20.7113,1
ZTF25abigyri,60934.1739352,2,19.416,0.11326557,20.6074,1
ZTF25abigyri,60943.1999769,2,19.9336,0.16487636,20.3878,1
ZTF25abiiuxz,60900.2896644,2,18.792,0.0901484,20.0842,1
ZTF25abiiuxz,60900.3568056,1,19.0711,0.16867137,19.776,1
ZTF25abiiuxz,60902.2017708,2,18.6955,0.09399312,20.2917,1
ZTF25abiiuxz,60902.2392477,1,19.1693,0.121622175,20.2942,1
ZTF25abiiuxz,60904.2001852,1,19.0281,0.09642146,20.393,1
ZTF25abiiuxz,60904.2410301,2,18.7595,0.08591762,20.3282,1
ZTF25abiiuxz,60908.236169,2,18.6451,0.086831294,20.244,1
ZTF25abiiuxz,60908.305706,1,18.9644,0.10309342,20.4023,1
ZTF25abiiuxz,60910.2679282,2,18.6709,0.10120271,20.218,1
ZTF25abiiuxz,60916.2225,2,18.6369,0.07230857,20.3132,1
ZTF25abiiuxz,60918.1860764,1,19.0911,0.14623803,20.2512,1
ZTF25abiiuxz,60918.1997685,2,18.6607,0.08929653,20.1796,1
ZTF25abiiuxz,60920.2082755,2,18.7145,0.09744353,19.8943,1
ZTF25abiiuxz,60922.1752083,1,19.2584,0.20086047,19.6345,1
ZTF25abiiuxz,60922.2036227,2,18.8259,0.12477206,19.8451,1
ZTF25abiiuxz,60924.1979514,2,18.711,0.09306055,19.7985,1
ZTF25abiiuxz,60924.2411343,1,19.0392,0.19950993,19.4281,1
ZTF25abiiuxz,60926.1598495,1,19.2991,0.17501065,19.4569,1
ZTF25abiiuxz,60926.1926157,2,18.8684,0.13073353,19.7586,1
ZTF25abiiuxz,60928.1993287,2,18.8144,0.10259567,19.8903,1
ZTF25abiiuxz,60932.1828241,1,19.4956,0.14939591,20.2938,1
ZTF25abiiuxz,60932.205625,2,18.8973,0.08637003,20.3983,1
ZTF25abiiuxz,60948.1366898,1,19.7412,0.184549,20.1721,1
ZTF25abiiuxz,60948.2004861,2,19.0428,0.10907454,20.0763,1
ZTF25abiiuxz,60950.2083796,2,19.0302,0.1431465,19.7505,1
ZTF25abiiuxz,60950.2164236,1,19.7238,0.224466,19.6951,1
ZTF25abiiuxz,60953.1806481,2,19.0303,0.11276429,19.6489,1
ZTF25abiiuxz,60955.1345949,2,18.9559,0.12717444,19.5129,1
ZTF25abiiuxz,60960.1605903,2,19.1394,0.11160377,20.1497,1
ZTF25abiiuxz,60965.1339236,2,19.0714,0.12234866,20.104,1
ZTF25abiiuxz,60965.1695949,1,19.8254,0.287513,19.7776,1
ZTF25abiiuxz,60967.1340162,2,19.17,0.12936398,19.8932,1
ZTF25abiiuxz,60967.1769213,1,20.0244,0.279233,19.8331,1
ZTF25abiiuxz,60969.1321412,2,19.1698,0.10982926,20.1433,1
ZTF25abiiuxz,60969.1616551,1,20.1882,0.250731,20.0905,1
ZTF25abiiuxz,60972.1328819,1,20.197,0.288929,19.9246,1
ZTF25abiiuxz,60972.1621412,2,19.0982,0.12187561,19.97,1
ZTF25abiiuxz,60974.1131597,2,19.1772,0.10965535,19.9992,1
ZTF25abiiuxz,60976.1237963,2,19.2378,0.15205362,19.9353,1
ZTF25abiiuxz,60978.1137731,1,20.1124,0.29152,19.823,1
ZTF25abiiuxz,60978.1404282,2,19.2371,0.172104,19.9645,1
ZTF25abiiuxz,60980.1415741,2,19.1926,0.13356079,19.7885,1
ZTF25abimmqu,60901.2133333,1,19.0735,0.09515796,20.8951,1
ZTF25abimmqu,60901.3066782,2,19.0253,0.10754637,20.3817,1
ZTF25abimmqu,60901.3066782,2,19.0253,0.107546,20.3817,1
ZTF25abimmqu,60903.1698148,2,18.9582,0.07676034,20.828,1
ZTF25abimmqu,60903.1698148,2,18.9582,0.07676,20.828,1
ZTF25abimmqu,60903.1915278,1,19.058,0.09239788,20.9989,1
ZTF25abimmqu,60905.1714931,1,19.0929,0.123658046,20.4389,1
ZTF25abimmqu,60910.1712037,2,19.0096,0.09777502,20.6015,1
ZTF25abimmqu,60915.1809028,1,19.4814,0.1467185,20.0874,1
ZTF25abimmqu,60917.2007755,2,19.119,0.10953043,20.4162,1
ZTF25abimmqu,60917.2655093,1,19.4125,0.12682307,20.2646,1
ZTF25abimmqu,60919.1746296,1,19.6615,0.18155436,20.1213,1
ZTF25abimmqu,60919.2056829,2,19.1998,0.1278142,20.2053,1
ZTF25abimmqu,60921.1827199,1,19.5888,0.226766,19.8439,1
ZTF25abimmqu,60923.1645949,1,19.7448,0.258095,19.5121,1
ZTF25abimmqu,60931.1440394,2,19.3154,0.13126664,20.2687,1
ZTF25abimmqu,60933.1443519,1,20.4005,0.239445,20.7468,1
ZTF25abimmqu,60933.1934606,2,19.4631,0.1336174,20.5312,1
ZTF25abimmqu,60935.1396296,1,20.3043,0.270857,20.4147,1
ZTF25abimmqu,60935.1965856,2,19.403,0.120890886,20.423,1
ZTF25abimmqu,60939.2236343,2,19.4334,0.12417063,20.2561,1
ZTF25abimmqu,60942.1911111,2,19.5552,0.14396514,19.9469,1
ZTF25abimmqu,60949.1601273,2,19.5452,0.16052443,20.1909,1
ZTF25abimmqu,60951.1523264,2,19.7236,0.1941026,20.0252,1
ZTF25abimmqu,60953.1493056,2,19.8213,0.2021156,19.952,1
ZTF25abimrij,60901.2314236,1,20.0229,0.21599625,20.1547,1
ZTF25abimrij,60901.2314236,1,20.0229,0.215996,20.1547,1
ZTF25abimrij,60901.3091898,2,19.9546,0.204624,20.0276,1
ZTF25abimrij,60901.3091898,2,19.9546,0.20462361,20.0276,1
ZTF25abimrij,60901.3096528,2,20.0801,0.269739,20.1258,1
ZTF25abimrij,60901.3096528,2,20.0801,0.269739,20.1258,1
ZTF25abimrij,60902.2059606,2,19.8929,0.18239792,20.2861,1
ZTF25abimrij,60902.2780671,1,19.8703,0.19725087,20.0891,1
ZTF25abimrij,60903.2098727,1,19.4833,0.12813777,20.4161,1
ZTF25abimrij,60903.2098727,1,19.4833,0.128138,20.4161,1
ZTF25abimrij,60903.2112847,1,19.5858,0.110661,20.5103,1
ZTF25abimrij,60903.2112847,1,19.5858,0.11066102,20.5103,1
ZTF25abimrij,60903.3185417,2,19.6264,0.176878,20.4047,1
ZTF25abimrij,60903.3185417,2,19.6264,0.17687757,20.4047,1
ZTF25abimrij,60903.3190046,2,19.6086,0.11813867,20.4063,1
ZTF25abimrij,60903.3190046,2,19.6086,0.118139,20.4063,1
ZTF25abimrij,60904.2328356,2,19.4096,0.098981,20.5384,1
ZTF25abimrij,60904.2328356,2,19.4096,0.09898123,20.5384,1
ZTF25abimrij,60904.264537,1,19.398,0.122271,20.3152,1
ZTF25abimrij,60904.264537,1,19.398,0.122271076,20.3152,1
ZTF25abimrij,60906.2946065,3,19.4602,0.17479727,19.5892,1
ZTF25abimrij,60908.2304398,2,19.0757,0.10374054,20.0806,1
ZTF25abimrij,60908.2488542,2,19.0468,0.09690373,20.2719,1
ZTF25abimrij,60908.2524537,3,19.2207,0.1386109,19.6798,1
ZTF25abimrij,60908.2751157,1,19.0472,0.1373648,20.1907,1
ZTF25abimrij,60908.2760648,1,19.0622,0.09193634,20.2444,1
ZTF25abimrij,60910.2521181,2,18.9676,0.09547569,20.225,1
ZTF25abimrij,60910.2549421,2,19.0772,0.1246459,20.171,1
ZTF25abimrij,60910.2945023,3,19.3851,0.15656042,19.6273,1
ZTF25abimrij,60911.2053472,1,19.1329,0.12975356,19.9504,1
ZTF25abimrij,60911.2729051,3,19.5506,0.168784,19.6711,1
ZTF25abimrij,60911.3008102,2,18.9344,0.09647229,20.0976,1
ZTF25abimrij,60913.2729167,3,19.4332,0.17358154,19.6851,1
ZTF25abimrij,60914.169537,1,19.1806,0.12688003,20.2094,1
ZTF25abimrij,60914.2092014,2,18.9169,0.09631178,20.447,1
ZTF25abimrij,60914.2837616,1,19.0882,0.1250371,19.9606,1
ZTF25abimrij,60914.2898611,2,19.0511,0.10483836,19.9367,1
ZTF25abimrij,60916.2063773,1,19.2686,0.14035468,20.1852,1
ZTF25abimrij,60916.3101273,2,19.0961,0.11677448,19.7866,1
ZTF25abimrij,60917.2045833,2,19.0759,0.12335319,20.2671,1
ZTF25abimrij,60917.2055324,2,19.0819,0.1108878,20.1889,1
ZTF25abimrij,60917.2584375,1,19.2457,0.13408779,20.0475,1
ZTF25abimrij,60917.259375,1,19.1806,0.11385448,20.1542,1
ZTF25abimrij,60918.1781366,1,19.2945,0.11230684,20.1019,1
ZTF25abimrij,60918.2312037,2,19.2247,0.11676525,20.077,1
ZTF25abimrij,60919.1770023,1,19.4796,0.16560698,19.9406,1
ZTF25abimrij,60919.1779514,1,19.3962,0.17496753,19.936,1
ZTF25abimrij,60919.2090856,2,19.1964,0.13804217,20.0746,1
ZTF25abimrij,60919.2129282,2,19.1316,0.13107878,20.0554,1
ZTF25abimrij,60920.1695023,2,19.1255,0.16829595,19.6959,1
ZTF25abimrij,60920.2777199,1,19.2542,0.19058429,19.095,1
ZTF25abimrij,60923.1842361,1,19.4496,0.28798,18.8167,1
ZTF25abimrij,60924.2063194,2,19.492,0.256862,19.1575,1
ZTF25abimrij,60925.2216088,2,19.6677,0.290759,19.3234,1
ZTF25abimrij,60926.2014005,2,19.8095,0.286669,19.5531,1
ZTF25abimrij,60927.2268981,2,19.4316,0.18572584,19.8499,1
ZTF25abimrij,60932.1489815,1,20.4754,0.269918,20.5545,1
ZTF25abimrij,60932.1898727,2,19.8911,0.18941286,20.1923,1
ZTF25abimrij,60932.1922338,2,19.6789,0.141712,20.4451,1
ZTF25abimrij,60932.1922338,2,19.6789,0.1417115,20.4451,1
ZTF25abimrij,60933.1540972,1,20.5752,0.261489,20.2295,1
ZTF25abimrij,60934.149213,1,20.5752,0.242946,20.4621,1
ZTF25abimrij,60934.1892824,2,19.7648,0.15664905,20.5034,1
ZTF25abimrij,60935.1918634,2,19.9596,0.2031261,20.1241,1
ZTF25abimrij,60938.1879282,2,19.9563,0.18702604,20.4417,1
ZTF25abimrij,60939.1902778,3,19.9377,0.24078,19.5177,1
ZTF25abimrij,60939.2280903,2,19.8472,0.169532,20.118,1
ZTF25abimrij,60941.1840625,2,20.0522,0.21705033,20.0,1
ZTF25abippmj,60900.1907523,1,20.4078,0.23236,20.5422,1
ZTF25abippmj,60902.1670255,2,20.0935,0.21629891,20.4493,1
ZTF25abippmj,60902.2235648,1,19.9298,0.231827,20.3826,1
ZTF25abippmj,60904.1758681,1,19.9888,0.20494112,20.4524,1
ZTF25abippmj,60904.2152199,2,19.8723,0.258243,20.2944,1
ZTF25abippmj,60908.1875347,1,19.9584,0.15379976,20.4577,1
ZTF25abippmj,60910.1610764,2,19.881,0.17555617,20.1249,1
ZTF25abippmj,60950.1496528,2,19.6197,0.2087939,19.7167,1
ZTF25abitcpd,60902.4366088,2,19.6196,0.17788613,19.4956,1
ZTF25abitcpd,60902.4810301,1,19.958,0.290661,19.7024,1
ZTF25abitcpd,60905.481412,1,19.6359,0.13515954,20.3644,1
ZTF25abitcpd,60909.4165278,1,19.5383,0.15882382,20.198,1
ZTF25abitcpd,60911.4204861,2,19.201,0.121901415,20.0346,1
ZTF25abitcpd,60914.4183912,2,19.0693,0.107346274,20.1441,1
ZTF25abitcpd,60914.4591782,1,19.4822,0.13814735,20.2595,1
ZTF25abitcpd,60917.4168403,1,19.4224,0.13486548,20.2115,1
ZTF25abitcpd,60919.4363773,1,19.3595,0.105729,20.3428,1
ZTF25abitcpd,60923.3598611,2,18.7443,0.110097654,19.3279,1
ZTF25abitcpd,60925.4142361,2,18.9215,0.13502222,19.1939,1
ZTF25abitcpd,60927.3762616,1,19.0834,0.21187112,19.0432,1
ZTF25abitcpd,60929.3974884,2,18.7122,0.12618673,19.292,1
ZTF25abitcpd,60934.4592824,1,19.218,0.09330226,20.41,1
ZTF25abitcpd,60934.4816782,2,18.7483,0.07405796,20.318,1
ZTF25abitcpd,60938.4281134,2,18.686,0.060547102,20.4412,1
ZTF25abitcpd,60938.492037,1,19.1772,0.10733144,20.3681,1
ZTF25abitcpd,60942.3433681,2,18.6417,0.05598607,20.1181,1
ZTF25abitcpd,60942.4216088,1,19.1315,0.09303193,20.5798,1
ZTF25abitcpd,60948.4198264,1,19.2162,0.13354705,20.3437,1
ZTF25abitcpd,60949.2927199,2,18.6418,0.073311746,19.9361,1
ZTF25abitcpd,60949.3977083,1,19.1963,0.10462014,20.4715,1
ZTF25abitcpd,60951.4409144,2,18.6926,0.079723656,20.2252,1
ZTF25abitcpd,60953.3177315,1,19.2417,0.236139,19.0822,1
ZTF25abitcpd,60953.3816667,2,18.6564,0.10058897,19.6729,1
ZTF25abitcpd,60955.4015856,2,18.5499,0.12091835,19.1755,1
ZTF25abitcpd,60957.362662,1,19.1645,0.219031,19.0899,1
ZTF25abitcpd,60960.3123727,1,19.4991,0.18852103,19.7625,1
ZTF25abitcpd,60960.399375,2,18.63,0.07255168,20.0556,1
ZTF25abitcpd,60961.3553009,1,19.3267,0.120481536,20.0138,1
ZTF25abitcpd,60961.3987847,2,18.6187,0.07331588,20.2313,1
ZTF25abitcpd,60966.3135648,1,19.3269,0.096290484,20.2268,1
ZTF25abitcpd,60966.3824884,2,18.6231,0.07232306,20.0729,1
ZTF25abitcpd,60968.3158102,2,18.6305,0.063978076,20.369,1
ZTF25abitcpd,60968.3564468,1,19.3274,0.15603109,20.1039,1
ZTF25abitcpd,60970.3958565,2,18.6786,0.07082842,20.3457,1
ZTF25abitcpd,60973.2874074,2,18.6859,0.073038734,20.4129,1
ZTF25abitcpd,60973.3361343,1,19.4118,0.11208437,20.5114,1
ZTF25abitcpd,60975.3630324,2,18.7138,0.08131612,20.0792,1
ZTF25abitcpd,60977.3553472,2,18.6046,0.071617,20.2607,1
ZTF25abitcpd,60979.31125,2,18.6966,0.083233,20.2281,1
ZTF25abitcpd,60979.3348032,1,19.4413,0.120947,20.1762,1
ZTF25abitcpd,60981.340162,2,18.7112,0.094474,19.842,1
ZTF25abitcpd,60983.2105903,1,19.2366,0.300447,18.9502,1
ZTF25abitcpd,60983.3358912,2,18.7319,0.12164156,19.5504,1
ZTF25abitcpd,60985.3139468,1,19.1927,0.257098,19.022,1
ZTF25abitcpd,60985.3748148,1,19.3657,0.268906,19.0851,1
ZTF25abitcpd,60986.2498148,1,19.471,0.266104,19.1423,1
ZTF25abitcpd,60986.3345139,2,18.7439,0.10119503,19.6325,1
ZTF25abitcpd,60987.2316782,1,19.3504,0.17779055,19.3256,1
ZTF25abitcpd,60987.2912847,2,18.684,0.070839524,19.9172,1
ZTF25abitcpd,60988.3155903,2,18.8099,0.12366162,19.6501,1
ZTF25abitcpd,60989.2328819,1,19.7315,0.19620638,19.8732,1
ZTF25abitcpd,60989.3927546,2,18.6738,0.083558775,19.7743,1
ZTF25abitcpd,60990.2680208,2,18.7687,0.07347292,20.129,1
ZTF25abitcpd,60991.3483681,2,18.7434,0.219028,18.748,1
ZTF25abitcpd,61006.2317361,2,18.6712,0.08892648,19.4055,1
ZTF25abitcpd,61006.2881019,1,19.3877,0.224466,19.4029,1
ZTF25abitcpd,61016.2511921,2,18.9558,0.15060428,19.3704,1
ZTF25abitcpd,61020.1782176,1,19.6747,0.218035,19.9959,1
ZTF25abitcpd,61020.2309144,2,18.901,0.08345375,19.9921,1
ZTF25abitcpd,61021.2524421,2,18.9076,0.09308639,20.1182,1
ZTF25abitcpd,61021.2737384,1,19.6554,0.15587632,20.0481,1
ZTF25abitcpd,61023.1888773,2,19.0982,0.12391118,19.904,1
ZTF25abitcpd,61023.2391551,1,19.718,0.14573933,20.439,1
ZTF25abitcpd,61025.1917824,1,19.6477,0.18530977,19.9637,1
ZTF25abitcpd,61025.2314468,2,18.8884,0.09372316,19.991,1
ZTF25abitcpd,61027.1854167,1,19.633,0.219581,19.9165,1
ZTF25abitcpd,61027.2287963,2,19.0062,0.11411509,19.8651,1
ZTF25abitcpd,61029.1709606,2,18.9945,0.090604514,20.0901,1
ZTF25abitcpd,61029.2104514,1,19.8096,0.15229513,20.2592,1
ZTF25abitcpd,61031.1742361,2,19.0451,0.09166482,20.3957,1
ZTF25abitcpd,61038.2727662,2,19.62,0.275549,19.0746,1
ZTF25abitcpd,61049.2114468,2,19.675,0.240157,19.5665,1
ZTF25abitcpd,61052.2106134,2,19.4794,0.24379,19.4144,1
ZTF25abitcpd,61054.1887616,2,20.1363,0.244924,19.861,1
ZTF25abitcpd,61056.1947454,2,19.9239,0.20052265,20.0076,1
ZTF25abjecux,60901.5084491,2,18.3556,0.284691,17.9443,1
ZTF25abjecux,60902.509838,2,18.702,0.252981,18.3286,1
ZTF25abjecux,60902.5148148,2,18.2308,0.314757,17.6769,1
ZTF25abjecux,60903.5103009,2,18.2433,0.14860336,18.4441,1
ZTF25abjecux,60904.5098495,2,18.1282,0.15274201,18.3775,1
ZTF25abjecux,60904.5146991,2,18.1069,0.24161,17.8227,1
ZTF25abjecux,60905.509456,2,18.0353,0.116546355,18.7396,1
ZTF25abjecux,60905.5113773,2,18.0061,0.17359331,18.2309,1
ZTF25abjecux,60905.5143056,2,18.3426,0.242185,18.2269,1
ZTF25abjecux,60908.5111343,2,17.9418,0.090622276,18.922,1
ZTF25abjecux,60910.5120602,2,17.9601,0.09426351,19.2298,1
ZTF25abjecux,60910.5145255,2,17.7628,0.07463,18.8118,1
ZTF25abjecux,60910.5171528,2,18.0024,0.10391233,18.7793,1
ZTF25abjecux,60910.5196181,2,17.7971,0.13720062,18.2728,1
ZTF25abjecux,60911.5129745,2,17.939,0.098834,19.1488,1
ZTF25abjecux,60911.5154282,2,17.7963,0.09890584,18.6665,1
ZTF25abjecux,60913.5150463,2,17.7219,0.10079864,18.8614,1
ZTF25abjecux,60914.5145486,2,17.7461,0.09243432,18.722,1
ZTF25abjecux,60914.5194329,2,17.7404,0.08789628,18.3172,1
ZTF25abjecux,60916.5031366,2,17.8725,0.0669157,19.8565,1
ZTF25abjecux,60916.5070949,2,17.902,0.058564775,19.9526,1
ZTF25abjecux,60916.5110417,2,17.8257,0.05347971,19.6134,1
ZTF25abjecux,60916.514456,2,17.7415,0.08615004,19.2255,1
ZTF25abjecux,60916.5189583,2,17.8412,0.10598703,18.8368,1
ZTF25abjecux,60916.5240046,2,17.8045,0.14132155,18.0946,1
ZTF25abjecux,60917.5022685,2,17.8374,0.054958828,20.1227,1
ZTF25abjecux,60917.5061806,2,17.8411,0.04858223,20.1279,1
ZTF25abjecux,60917.5101042,2,17.835,0.05392279,19.966,1
ZTF25abjecux,60917.5130324,2,17.6878,0.079487704,19.3735,1
ZTF25abjecux,60917.5173611,2,17.7192,0.08441861,18.8546,1
ZTF25abjecux,60918.5053819,2,17.7624,0.05954498,20.0653,1
ZTF25abjecux,60918.5093056,2,17.8725,0.05955202,19.8743,1
ZTF25abjecux,60918.5132407,2,17.8075,0.05246183,19.7258,1
ZTF25abjecux,60918.5137153,2,17.6851,0.06175739,19.3239,1
ZTF25abjecux,60918.5187037,2,17.7207,0.09129405,18.7446,1
ZTF25abjecux,60918.5236921,2,17.6513,0.12332,18.1112,1
ZTF25abjecux,60919.5053009,2,17.81,0.050517,20.0721,1
ZTF25abjecux,60919.5092245,2,17.7891,0.05057,20.0387,1
ZTF25abjecux,60919.5131481,2,17.758,0.060667,19.8154,1
ZTF25abjecux,60922.5036806,2,17.8554,0.07107341,20.0925,1
ZTF25abjecux,60922.5061227,2,17.678,0.080833934,19.7523,1
ZTF25abjecux,60922.507581,2,17.8233,0.05255784,20.2011,1
ZTF25abjecux,60922.5100347,2,17.6717,0.07614363,19.9547,1
ZTF25abjecux,60922.5115046,2,17.8313,0.059572592,20.1316,1
ZTF25abjecux,60922.5139468,2,17.7258,0.0759296,19.7345,1
ZTF25abjecux,60924.5063889,2,17.7806,0.056428615,20.1023,1
ZTF25abjecux,60924.5103704,2,17.7993,0.04496039,20.1668,1
ZTF25abjecux,60924.5143634,2,17.8145,0.047337305,20.0127,1
ZTF25abjecux,60925.5068866,2,17.7213,0.0750787,19.3149,1
ZTF25abjecux,60925.5109375,2,17.6409,0.096665524,19.1579,1
ZTF25abjecux,60925.5149884,2,17.6871,0.092049815,19.0659,1
ZTF25abjecux,60926.5052315,2,17.7629,0.07856104,19.3333,1
ZTF25abjecux,60926.5052315,2,17.7629,0.078561,19.3333,1
ZTF25abjecux,60926.50875,2,17.7353,0.077682726,19.2683,1
ZTF25abjecux,60926.5122801,2,17.7159,0.09397555,19.1658,1
ZTF25abjecux,60927.5055903,2,17.739,0.077735625,19.4018,1
ZTF25abjecux,60927.5091088,2,17.8083,0.07998483,19.3913,1
ZTF25abjecux,60927.5136806,2,17.6747,0.07865186,19.1592,1
ZTF25abjecux,60928.5058333,2,17.8625,0.06301207,19.5105,1
ZTF25abjecux,60928.5097454,2,17.8656,0.049447946,19.6363,1
ZTF25abjecux,60928.5136574,2,17.817,0.057562817,19.6029,1
ZTF25abjecux,60948.4562384,1,18.77,0.09611709,20.332,1
ZTF25abjecux,60948.4981713,2,18.0211,0.04242424,20.4114,1
ZTF25abjecux,60950.4343056,2,18.0304,0.046900947,20.3649,1
ZTF25abjecux,60950.5139236,1,18.8164,0.07271513,20.5685,1
ZTF25abjecux,60952.4258449,2,18.114,0.06105659,19.5921,1
ZTF25abjecux,60952.4894329,1,18.8322,0.06801952,20.3322,1
ZTF25abjecux,60954.457581,2,18.066,0.06588477,19.9002,1
ZTF25abjecux,60954.4879977,1,18.7386,0.113450944,19.6939,1
ZTF25abjecux,60956.4642708,1,18.7676,0.103464,19.5211,1
ZTF25abjecux,60956.4905671,2,18.0957,0.06938932,19.5742,1
ZTF25abjecux,60959.4325231,1,18.9288,0.1320604,19.5822,1
ZTF25abjecux,60959.5123148,2,18.0923,0.054960106,19.8535,1
ZTF25abjecux,60964.4722917,1,18.9368,0.10641745,20.3472,1
ZTF25abjecux,60964.5045023,2,18.1351,0.04374846,20.335,1
ZTF25abjecux,60966.4453588,2,18.1344,0.05178017,20.3624,1
ZTF25abjecux,60966.519838,1,18.9428,0.09440352,20.405,1
ZTF25abjecux,60968.4080093,1,18.9177,0.104071304,20.3694,1
ZTF25abjecux,60968.4507407,2,18.1117,0.052130792,20.3804,1
ZTF25abjecux,60970.4412037,2,18.111,0.045658164,20.3485,1
ZTF25abjecux,60970.4873495,1,19.0225,0.12490734,20.5245,1
ZTF25abjecux,60973.4790278,2,18.2126,0.05291214,20.5633,1
ZTF25abjecux,60973.4892014,1,19.0748,0.08902372,20.7799,1
ZTF25abjecux,60975.4775,1,19.0399,0.07896509,20.7215,1
ZTF25abjecux,60975.5043403,2,18.1498,0.052142147,20.5049,1
ZTF25abjecux,60978.4320139,1,19.071,0.14313,20.1505,1
ZTF25abjecux,60978.464456,2,18.2344,0.070376,20.1734,1
ZTF25abjecux,60980.4103125,2,18.2887,0.051041,20.5418,1
ZTF25abjecux,60980.4728009,1,19.2337,0.12908259,20.7354,1
ZTF25abjecux,60982.4252894,2,18.2883,0.064946,19.7517,1
ZTF25abjecux,60982.5095602,1,19.2339,0.11999432,20.3394,1
ZTF25abjecux,60984.5528009,1,19.252,0.242589,19.1247,1
ZTF25abjecux,60986.4554977,1,19.2387,0.16241369,19.6199,1
ZTF25abjecux,60986.5136111,2,18.2987,0.07469461,19.9041,1
ZTF25abjecux,60987.544456,2,18.334,0.085202634,19.8824,1
ZTF25abjecux,60991.5234375,2,18.5208,0.06728215,19.8983,1
ZTF25abjecux,60991.5234375,2,18.5208,0.067282,19.8983,1
ZTF25abjecux,61003.3973148,2,18.9132,0.063847885,20.6517,1
ZTF25abjecux,61003.4892824,1,20.2128,0.19785234,20.6334,1
ZTF25abjecux,61005.3774653,1,20.1726,0.225335,20.4064,1
ZTF25abjecux,61005.455,2,19.1209,0.10573424,20.4573,1
ZTF25abjecux,61007.3475694,2,19.158,0.090259574,20.5814,1
ZTF25abjecux,61007.4254051,1,20.5513,0.243319,20.7147,1
ZTF25abjecux,61009.3925231,2,19.2521,0.08774608,20.5636,1
ZTF25abjecux,61011.3900926,2,19.6087,0.14959718,20.118,1
ZTF25abjecux,61038.3676273,2,19.9726,0.20005457,20.1638,1
ZTF25abjeuls,60904.1919907,1,19.4264,0.1283909,20.3383,1
ZTF25abjeuls,60904.2282292,2,19.2934,0.1353783,20.4257,1
ZTF25abjeuls,60910.1606134,2,18.6963,0.08407144,20.3837,1
ZTF25abjeuls,60914.17625,1,18.7321,0.069495074,20.2998,1
ZTF25abjeuls,60914.1971296,2,18.453,0.0843774,20.072,1
ZTF25abjeuls,60916.1847222,1,18.5967,0.07321874,20.3075,1
ZTF25abjeuls,60916.2173032,2,18.3357,0.077301145,20.2618,1
ZTF25abjeuls,60919.1582176,1,18.7143,0.08805883,20.0723,1
ZTF25abjeuls,60919.1947801,2,18.2985,0.07016382,20.0178,1
ZTF25abjeuls,60921.1508681,2,18.3225,0.08633209,19.9206,1
ZTF25abjeuls,60921.1710301,1,18.7785,0.11253133,19.8599,1
ZTF25abjeuls,60923.1617245,1,19.0136,0.14306632,19.5822,1
ZTF25abjeuls,60923.1926157,2,18.414,0.08706958,19.5668,1
ZTF25abjeuls,60925.2241551,2,18.4371,0.107636385,19.2332,1
ZTF25abjeuls,60925.2373264,1,19.0184,0.250735,18.7738,1
ZTF25abjeuls,60927.181794,1,19.5789,0.20899463,19.4234,1
ZTF25abjeuls,60927.1964931,2,18.6293,0.09616431,19.3494,1
ZTF25abjeuls,60932.1411227,2,18.8111,0.08184955,20.3796,1
ZTF25abjeuls,60932.1650926,1,19.8593,0.1556334,20.3757,1
ZTF25abjeuls,60948.1870602,2,19.2167,0.16569194,19.5899,1
ZTF25abjjlgl,60901.3668981,2,19.9725,0.281009,19.5742,1
ZTF25abjjlgl,60901.3668981,2,19.9725,0.281009,19.5742,1
ZTF25abjjlgl,60904.3880324,2,20.2258,0.20109326,20.3524,1
ZTF25abjjlgl,60904.4434838,1,20.2281,0.1950726,20.5627,1
ZTF25abjjlgl,60908.3585185,1,19.9439,0.19853815,20.1347,1
ZTF25abjjlgl,60908.4221181,2,19.5997,0.13756771,19.7271,1
ZTF25abjjlgl,60910.4105787,1,19.7881,0.16067621,20.332,1
ZTF25abjjlgl,60910.4428125,2,19.5922,0.106605254,20.3281,1
ZTF25abjjlgl,60912.4465162,2,19.9697,0.18613257,20.2141,1
ZTF25abjjlgl,60916.3383102,1,20.0892,0.1717758,20.4487,1
ZTF25abjjlgl,60916.4031597,2,19.8131,0.14252679,20.4139,1
ZTF25abjjlgl,60918.3162847,1,19.9396,0.20085278,20.2392,1
ZTF25abjjlgl,60918.368669,2,19.6758,0.13857044,20.3357,1
ZTF25abjjlgl,60920.4190856,2,19.7014,0.17811495,20.352,1
ZTF25abjjlgl,60922.2947917,2,19.7111,0.19897115,19.5919,1
ZTF25abjjlgl,60922.4333565,1,20.1675,0.19337042,20.4743,1
ZTF25abjjlgl,60924.3989468,2,19.6859,0.275571,19.3971,1
ZTF25abjjlgl,60929.3163542,1,17.8017,0.07115189,19.144,1
ZTF25abjjlgl,60932.3445833,1,17.0588,0.03827523,20.1198,1
ZTF25abjjlgl,60932.481956,2,17.1171,0.037536256,19.9828,1
ZTF25abjjlgl,60934.2882523,2,16.9451,0.039943706,20.3028,1
ZTF25abjjlgl,60934.3538194,1,16.9174,0.03665359,20.2866,1
ZTF25abjjlgl,60938.3079745,1,16.8791,0.035663873,20.436,1
ZTF25abjjlgl,60938.359838,2,16.8724,0.03562976,20.4024,1
ZTF25abjjlgl,60941.2435069,2,16.7931,0.03060822,19.936,1
ZTF25abjjlgl,60941.3149306,1,16.8502,0.039990827,20.4681,1
ZTF25abjjlgl,60943.2660764,2,16.7989,0.039844077,20.242,1
ZTF25abjjlgl,60943.3365972,1,16.8912,0.03619588,20.5038,1
ZTF25abjjlgl,60949.3093634,2,17.045,0.032525882,20.3539,1
ZTF25abjjlgl,60949.3534259,1,17.2309,0.03890173,20.3098,1
ZTF25abjjlgl,60951.3215278,2,17.154,0.047225628,19.9728,1
ZTF25abjjlgl,60951.3711111,1,17.3534,0.046318036,19.9583,1
ZTF25abjjlgl,60953.2222106,2,17.3136,0.036359295,19.2678,1
ZTF25abjjlgl,60953.3058102,1,17.5301,0.05723916,19.2035,1
ZTF25abjjlgl,60956.2989931,2,17.5198,0.062517,19.0784,1
ZTF25abjjlgl,60956.3534606,1,17.8499,0.06543089,19.122,1
ZTF25abjjlgl,60959.2286343,1,17.9551,0.12712508,18.4103,1
ZTF25abjjlgl,60961.176412,2,17.8003,0.05031174,20.308,1
ZTF25abjjlgl,60961.2351157,1,18.2628,0.057538953,20.2807,1
ZTF25abjjlgl,60965.3020486,2,17.8128,0.042465195,20.0719,1
ZTF25abjjlgl,60965.3384028,1,18.2853,0.08018022,20.0705,1
ZTF25abjjlgl,60967.2336806,1,18.3215,0.062088806,20.2956,1
ZTF25abjjlgl,60967.2751273,2,17.7989,0.0478183,20.224,1
ZTF25abjjlgl,60969.2803819,2,17.8596,0.06756706,20.2048,1
ZTF25abjjlgl,60969.3465509,1,18.2353,0.060401626,20.2789,1
ZTF25abjjlgl,60972.2320949,2,18.0859,0.051303394,20.1245,1
ZTF25abjjlgl,60972.2754167,1,18.5367,0.077469304,20.2583,1
ZTF25abjjlgl,60974.2145486,1,18.7396,0.08525694,20.3204,1
ZTF25abjjlgl,60974.2499306,2,18.203,0.06529627,19.9921,1
ZTF25abjjlgl,60976.2341435,1,18.8529,0.078285,20.3824,1
ZTF25abjjlgl,60976.2573495,2,18.2643,0.065146,19.9063,1
ZTF25abjjlgl,60978.2070718,2,18.4136,0.07557314,19.878,1
ZTF25abjjlgl,60978.319375,1,19.0493,0.094212,20.2431,1
ZTF25abjjlgl,60980.2529977,1,19.3389,0.142187,19.8139,1
ZTF25abjjlgl,60980.2948032,2,18.5065,0.08113661,19.7492,1
ZTF25abjjlgl,60984.2261458,1,19.4397,0.219942,18.9983,1
ZTF25abjjlgl,60984.2473264,1,19.2565,0.228122,19.0244,1
ZTF25abjjlgl,60986.1873843,2,18.7292,0.077904,19.592,1
ZTF25abjjlgl,60986.1908681,1,19.4257,0.15959617,19.5619,1
ZTF25abjjlgl,60988.1870949,1,19.8821,0.17763352,19.9578,1
ZTF25abjjlgl,60988.2724074,2,18.763,0.09994511,19.71,1
ZTF25abjjlgl,60990.1841319,1,19.794,0.1663602,20.2622,1
ZTF25abjjlgl,60990.2468403,2,18.8545,0.085310385,19.97,1
ZTF25abjjlgl,61003.1841667,2,19.0218,0.082289346,20.1978,1
ZTF25abjjlgl,61005.1715509,2,19.1271,0.1002565,19.9678,1
ZTF25abjjlgl,61005.2136921,1,19.9814,0.18934296,20.0137,1
ZTF25abkqros,60909.3224074,1,20.3331,0.1814431,20.7759,1
ZTF25abkqros,60911.3266667,2,19.4626,0.11737042,20.6789,1
ZTF25abkqros,60911.3680671,1,19.5603,0.10257662,20.8395,1
ZTF25abkqros,60914.2985995,1,18.9797,0.08436714,20.5634,1
ZTF25abkqros,60914.367338,2,19.0194,0.09570784,20.6731,1
ZTF25abkqros,60917.2790278,1,18.6111,0.06656158,20.6202,1
ZTF25abkqros,60917.3463426,2,18.6733,0.08355753,20.7066,1
ZTF25abkqros,60919.3058102,1,18.4908,0.067860775,20.7613,1
ZTF25abkqros,60919.3411343,2,18.5483,0.084594056,20.7755,1
ZTF25abkqros,60923.2942477,2,18.3636,0.07456722,19.9995,1
ZTF25abkqros,60923.4456134,1,18.407,0.06723437,20.2158,1
ZTF25abkqros,60925.3578356,1,18.2594,0.08680153,19.4302,1
ZTF25abkqros,60925.4320718,2,18.3344,0.07671126,19.5608,1
ZTF25abkqros,60927.3016204,2,18.3315,0.08937305,19.8483,1
ZTF25abkqros,60927.3686574,1,18.4007,0.08496591,19.4532,1
ZTF25abkqros,60929.2421065,2,18.3451,0.08386324,19.5824,1
ZTF25abkqros,60929.3228009,1,18.482,0.10272995,19.6262,1
ZTF25abkqros,60932.2416435,2,18.5809,0.066483326,20.7268,1
ZTF25abkqros,60932.3095023,1,18.7164,0.08165022,20.4224,1
ZTF25abkqros,60934.2858912,2,18.6105,0.07461938,20.6445,1
ZTF25abkqros,60934.3428935,1,18.8753,0.09872806,20.4447,1
ZTF25abkqros,60938.3039815,1,19.2593,0.10388284,20.7471,1
ZTF25abkqros,60938.3570833,2,18.9055,0.07605276,20.6401,1
ZTF25abkqros,60941.2494444,2,19.0756,0.0796047,20.4957,1
ZTF25abkqros,60941.3050694,1,19.4859,0.11714423,20.7035,1
ZTF25abkqros,60943.2615162,2,19.0448,0.08268837,20.5437,1
ZTF25abkqros,60943.3287384,1,19.7416,0.17013147,20.7461,1
ZTF25abkqros,60949.304919,2,19.0544,0.11137171,20.62,1
ZTF25abkqros,60949.3693634,1,20.2651,0.20351051,20.6397,1
ZTF25abkqros,60951.2546296,2,19.1035,0.09936973,20.3557,1
ZTF25abkqros,60953.2052778,2,18.9909,0.11195559,19.8077,1
ZTF25abkqros,60955.3170602,2,19.4285,0.199612,19.5123,1
ZTF25abkqros,60957.2374884,2,19.2918,0.14310302,19.7094,1
ZTF25abkqros,60960.248206,1,20.6275,0.32452,20.361,1
ZTF25abkqros,60960.3273958,2,19.6021,0.16150807,20.2358,1
ZTF25abkqros,60965.2825116,2,20.1284,0.19181934,20.4132,1
ZTF25abkqros,60967.2888079,2,19.8449,0.16863808,20.4549,1
ZTF25ablgkgi,60910.4212384,1,19.3364,0.134515,20.4085,1
ZTF25ablgkgi,60910.445706,2,19.4942,0.09873859,20.5318,1
ZTF25ablgkgi,60912.4313657,1,18.6801,0.08491146,20.6112,1
ZTF25ablgkgi,60912.4422222,2,18.6697,0.0677253,20.5575,1
ZTF25ablgkgi,60916.4112847,2,18.0191,0.050605647,20.5664,1
ZTF25ablgkgi,60916.4557755,1,18.331,0.06500722,20.496,1
ZTF25ablgkgi,60918.3672569,2,17.8744,0.046827145,20.4475,1
ZTF25ablgkgi,60918.4369444,1,18.3132,0.061567847,20.5501,1
ZTF25ablgkgi,60920.4396296,2,17.9278,0.04954597,20.5412,1
ZTF25ablgkgi,60920.4974769,1,17.9663,0.15992324,18.4837,1
ZTF25ablgkgi,60923.3575,2,17.7891,0.053641323,19.819,1
ZTF25ablgkgi,60923.4836574,1,18.555,0.08229147,20.4198,1
ZTF25ablgkgi,60925.3731481,1,18.5791,0.14254381,19.2267,1
ZTF25ablgkgi,60925.4337037,2,17.8207,0.04837133,19.3403,1
ZTF25ablgkgi,60933.2780556,1,19.1574,0.11190905,20.4713,1
ZTF25ablgkgi,60933.3628935,2,17.9301,0.048101496,20.3435,1
ZTF25ablgkgi,60935.3600926,1,19.27,0.10679465,20.566,1
ZTF25ablgkgi,60935.4006019,2,18.0123,0.060557492,20.4438,1
ZTF25ablgkgi,60939.3516667,1,19.6835,0.156332,20.6256,1
ZTF25ablgkgi,60939.3800347,2,18.2537,0.051528156,20.6388,1
ZTF25ablgkgi,60942.2968634,2,18.3605,0.06252045,20.4635,1
ZTF25ablgkgi,60942.3725579,1,19.6639,0.124877326,20.7341,1
ZTF25ablgkgi,60944.3025,2,18.4761,0.07749134,20.3535,1
ZTF25ablgkgi,60949.2937037,2,18.6771,0.07178452,20.3875,1
ZTF25ablgkgi,60949.3823495,1,19.8782,0.14532278,20.4695,1
ZTF25ablgkgi,60951.3321181,2,18.8489,0.07607989,20.27,1
ZTF25ablgkgi,60953.3694676,2,18.9631,0.103926055,19.4551,1
ZTF25ablgkgi,60957.3537963,1,19.7182,0.260921,19.2627,1
ZTF25ablgkgi,60961.1966551,2,19.1639,0.10798048,20.3036,1
ZTF25ablgkgi,60965.2982755,2,19.29,0.09966664,20.3003,1
ZTF25ablgkgi,60965.3580787,1,20.0925,0.28707,20.1737,1
ZTF25ablgkgi,60967.3006481,2,19.333,0.10208909,20.4246,1
ZTF25ablgkgi,60969.3009375,2,19.2984,0.10862228,20.404,1
ZTF25ablgkgi,60971.3381019,2,19.2849,0.085474096,20.3426,1
ZTF25ablgkgi,60973.2475116,2,19.4735,0.08455985,20.643,1
ZTF25ablgkgi,60975.1937963,2,19.455,0.11940943,20.321,1
ZTF25ablgkgi,60979.3023032,2,19.4277,0.12447682,20.3003,1
ZTF25ablgkgi,60981.3177431,2,19.4276,0.14065498,19.7927,1
ZTF25ablgkgi,60986.3437847,2,19.5662,0.21320266,19.588,1
ZTF25ablgkgi,60988.2983912,2,19.5139,0.16262689,19.7998,1
ZTF25ablulax,60912.4218171,1,20.6472,0.242841,20.6951,1
ZTF25ablulax,60912.4460301,2,20.492,0.181026,20.5818,1
ZTF25ablulax,60914.4441898,1,20.784,0.248685,20.604,1
ZTF25ablulax,60917.3622222,2,20.8898,0.260555,20.6561,1
ZTF25ablulax,60918.3658449,2,20.4417,0.17941831,20.6117,1
ZTF25ablulax,60919.3284491,1,20.6802,0.239772,20.5889,1
ZTF25ablulax,60919.3586111,2,20.3804,0.19549271,20.7221,1
ZTF25ablulax,60920.4195602,2,20.2559,0.15708716,20.6271,1
ZTF25ablulax,60920.4657639,1,20.4726,0.211942,20.636,1
ZTF25ablulax,60922.3981713,1,20.0009,0.224891,20.4751,1
ZTF25ablulax,60923.374375,2,20.0735,0.202288,20.0497,1
ZTF25ablulax,60923.4393866,1,19.7751,0.1406401,20.2454,1
ZTF25ablulax,60924.3462616,1,19.6915,0.238963,19.652,1
ZTF25ablulax,60924.3984606,2,19.7292,0.242456,19.8335,1
ZTF25ablulax,60926.4672222,2,19.4545,0.15687744,19.6708,1
ZTF25ablulax,60927.2721991,2,19.3326,0.18810315,19.4761,1
ZTF25ablulax,60930.3888542,2,19.3513,0.13839753,20.0981,1
ZTF25ablulax,60930.4641898,1,19.2897,0.14242549,19.7866,1
ZTF25ablulax,60932.3114815,1,19.2808,0.11228782,20.2947,1
ZTF25ablulax,60932.4824306,2,19.2162,0.1180508,20.3896,1
ZTF25ablulax,60933.2968981,1,19.2581,0.08463882,20.7582,1
ZTF25ablulax,60933.3920255,2,19.2098,0.08514422,20.4666,1
ZTF25ablulax,60934.3499421,1,19.2608,0.1020217,20.5594,1
ZTF25ablulax,60934.4870833,2,19.2122,0.09396036,20.4776,1
ZTF25ablulax,60935.2663194,2,19.0093,0.13200022,19.4806,1
ZTF25ablulax,60935.3619907,1,19.1857,0.08135769,20.783,1
ZTF25ablulax,60938.2833218,1,19.2213,0.089036025,20.6555,1
ZTF25ablulax,60938.3603125,2,19.0601,0.06363354,20.6619,1
ZTF25ablulax,60941.2464352,2,18.9413,0.095073506,20.2046,1
ZTF25ablulax,60941.2925116,1,19.2471,0.11483094,20.5166,1
ZTF25ablulax,60943.2651157,2,18.9169,0.09123582,20.4854,1
ZTF25ablulax,60943.3361111,1,19.2622,0.10219475,20.7086,1
ZTF25ablulax,60944.3043866,2,18.9624,0.07915913,20.6905,1
ZTF25ablulax,60949.2969907,2,18.9501,0.075180136,20.5655,1
ZTF25ablulax,60949.297963,2,18.9198,0.10016722,20.5835,1
ZTF25ablulax,60949.3837963,1,19.3518,0.0908726,20.755,1
ZTF25ablulax,60949.3946991,1,19.3812,0.09724233,20.7089,1
ZTF25ablulax,60951.2766204,2,18.8994,0.06872625,20.3177,1
ZTF25ablulax,60951.320081,2,18.9961,0.10140701,20.2281,1
ZTF25ablulax,60951.4061343,1,19.4309,0.114975065,20.5288,1
ZTF25ablulax,60951.4332639,1,19.512,0.1295974,20.5093,1
ZTF25ablulax,60953.3019907,1,19.225,0.17118439,19.5044,1
ZTF25ablulax,60953.3613542,2,19.1518,0.14160524,19.6703,1
ZTF25ablulax,60956.2985185,2,18.996,0.15209642,19.3482,1
ZTF25ablulax,60956.352037,1,19.5607,0.279195,19.2232,1
ZTF25ablulax,60959.226713,1,19.669,0.19933406,20.1314,1
ZTF25ablulax,60961.226088,2,19.0627,0.10439491,20.5604,1
ZTF25ablulax,60961.2393866,1,19.847,0.13227896,20.7559,1
ZTF25ablulax,60965.2915741,2,19.1818,0.097064726,20.4746,1
ZTF25ablulax,60965.3480787,1,20.1416,0.226387,20.2316,1
ZTF25ablulax,60967.2746412,2,19.1853,0.10379318,20.4479,1
ZTF25ablulax,60967.3230787,1,20.214,0.221158,20.5509,1
ZTF25ablulax,60969.2712269,2,19.2881,0.0909648,20.4712,1
ZTF25ablulax,60969.341713,1,20.5071,0.236843,20.5055,1
ZTF25ablulax,60972.2358912,2,19.34,0.118658796,20.3975,1
ZTF25ablulax,60974.255787,2,19.4837,0.12497912,20.2957,1
ZTF25ablulax,60974.3133681,1,20.4745,0.23089,20.4322,1
ZTF25ablulax,60976.2489468,1,20.6025,0.254685,20.38,1
ZTF25ablulax,60976.2578356,2,19.3698,0.089645,20.2911,1
ZTF25ablulax,60978.1976042,2,19.3805,0.100257315,20.3896,1
ZTF25ablulax,60980.3109606,2,19.5017,0.13625117,20.1829,1
ZTF25ablulax,60980.4337616,1,20.5985,0.320878,20.0883,1
ZTF25ablulax,60986.3378704,2,19.8128,0.240806,19.776,1
ZTF25ablulax,60988.2652199,2,19.653,0.15572204,19.9431,1
ZTF25ablulax,60990.2378819,2,19.677,0.12620531,20.4714,1
ZTF25ablulax,61004.1437384,2,20.0856,0.1654281,20.414,1
ZTF25ablulax,61006.1728009,2,19.9346,0.194142,20.0385,1
ZTF25ablulax,61008.1107292,2,19.8649,0.16965696,20.3003,1
ZTF25ablulax,61015.1489005,2,20.2559,0.247462,19.9088,1
ZTF25ablulax,61015.182338,2,20.2041,0.300449,19.8654,1
ZTF25ablulax,61017.1853588,2,20.1988,0.208996,20.2762,1
ZTF25ablulax,61017.1858333,2,20.01,0.18341684,20.3013,1
ZTF25ablulax,61021.1775463,2,20.1308,0.18776207,20.4428,1
ZTF25ablulax,61021.1780093,2,20.2473,0.16671382,20.5629,1
ZTF25ablulax,61023.1746759,2,20.0948,0.216061,19.9761,1
ZTF25ablulax,61027.1416204,2,20.4212,0.319226,20.2137,1
ZTF25ablulax,61027.1449884,2,20.1792,0.17865337,20.2878,1
ZTF25ablulax,61029.1332292,2,20.0998,0.20628485,20.3534,1
ZTF25ablulax,61031.1008681,1,21.0581,0.348685,20.5633,1
ZTF25ablulax,61031.1415509,2,20.4163,0.192697,20.6738,1
ZTF25ablulax,61031.1448958,2,20.4188,0.250829,20.6079,1
ZTF25ablulax,61055.1196065,2,20.3181,0.241576,20.0655,1
ZTF25ablulax,61055.120081,2,20.337,0.2133819,20.052,1
ZTF25abmhchv,60914.1671181,1,19.1163,0.12566382,20.1206,1
ZTF25abmhchv,60916.2210764,2,18.6583,0.0775572,20.2391,1
ZTF25abmhchv,60923.1376736,1,17.8235,0.064821,19.5912,1
ZTF25abmhchv,60923.1376736,1,17.8235,0.064820655,19.5912,1
ZTF25abmhchv,60923.2408796,2,17.9851,0.0792972,18.8534,1
ZTF25abmhchv,60948.1414352,1,16.7051,0.04621624,20.0611,1
ZTF25abmhchv,60948.1803588,2,16.6508,0.040501,19.8931,1
ZTF25abmhchv,60950.1335648,1,16.6471,0.040192865,19.7681,1
ZTF25abmhchv,60950.1783102,2,16.6299,0.050100032,19.7761,1
ZTF25abmhchv,60953.1352315,1,16.6207,0.037388515,19.4972,1
ZTF25abmhchv,60953.1603241,2,16.5631,0.028231282,19.4687,1
ZTF25abmhchv,60955.1331366,2,16.5344,0.040997,19.3355,1
ZTF25abmhchv,60955.1573032,1,16.6027,0.040125,18.6665,1
ZTF25abmhchv,60957.1438657,1,16.5966,0.030565,19.3228,1
ZTF25abmhchv,60957.1525,2,16.5088,0.034471504,19.4201,1
ZTF25abmhchv,60960.1216088,1,16.5713,0.029649641,20.2055,1
ZTF25abmhchv,60960.1216088,1,16.5713,0.029649641,20.2055,1
ZTF25abmhchv,60960.1366667,2,16.456,0.03961896,20.0512,1
ZTF25abmhchv,61026.5169213,2,17.2315,0.046208844,19.1056,1
ZTF25abmhchv,61026.5267824,1,17.8141,0.10775194,18.7686,1
ZTF25abmhchv,61028.5040972,2,17.2456,0.04087373,20.0582,1
ZTF25abmhchv,61028.547419,1,17.8886,0.05930107,20.3283,1
ZTF25abmhchv,61030.5525,2,17.2935,0.048735056,20.2286,1
ZTF25abmhchv,61037.5082986,1,18.1379,0.15284349,18.9451,1
ZTF25abmhchv,61037.5520833,2,17.4214,0.049299378,19.5879,1
ZTF25abmhchv,61049.538125,2,17.6135,0.08055318,18.7303,1
ZTF25abmhchv,61049.5484606,1,18.2455,0.14999636,18.5869,1
ZTF25abmhchv,61052.4890278,2,17.6962,0.06759661,19.5684,1
ZTF25abmhchv,61054.4751968,1,18.3524,0.074275814,20.0586,1
ZTF25abmhchv,61054.5513079,2,17.6782,0.0492271,20.171,1
ZTF25abmhchv,61056.4542014,2,17.6986,0.052573502,19.9667,1
ZTF25abmhchv,61056.5536458,1,18.3583,0.06836289,20.2477,1
ZTF25abmhchv,61058.4540278,1,18.3895,0.07363689,20.2528,1
ZTF25abmhchv,61058.5384144,2,17.7686,0.042713724,20.3605,1
ZTF25abmhchv,61060.4915278,2,17.8062,0.05296878,20.3917,1
ZTF25abmhchv,61060.5530787,1,18.4522,0.06231055,20.5723,1
ZTF25abmhchv,61065.4323843,1,18.5387,0.0948869,19.9353,1
ZTF25abmhchv,61065.4779514,2,17.848,0.056724105,20.1773,1
ZTF25abmhchv,61068.4013079,2,17.9303,0.053095,19.7818,1
ZTF25abmhchv,61068.4366319,1,18.5152,0.094836,19.8188,1
ZTF25abmhchv,61070.4952662,2,17.9287,0.048502095,19.621,1
ZTF25abmhchv,61070.5479745,1,18.5566,0.08123215,20.1835,1
ZTF25abmhchv,61072.4666898,1,18.6296,0.15418817,19.0051,1
ZTF25abmhchv,61072.5440856,2,17.9918,0.05775657,19.7243,1
ZTF25abmhchv,61074.4852315,1,18.4795,0.13979036,19.0489,1
ZTF25abmhchv,61074.5478241,2,17.9961,0.058321975,19.6792,1
ZTF25abmhchv,61076.5072801,2,18.0105,0.06711804,19.8604,1
ZTF25abmhchv,61076.5432755,1,18.5623,0.085646674,19.8556,1
ZTF25abmhftu,60914.1752315,1,20.2474,0.1639947,20.6739,1
ZTF25abmhftu,60914.2044907,2,19.4107,0.10939471,20.6304,1
ZTF25abmhftu,60917.215544,2,19.3049,0.131021,20.6197,1
ZTF25abmhftu,60917.215544,2,19.3049,0.13102065,20.6197,1
ZTF25abmhftu,60917.2645718,1,20.3174,0.215801,20.5503,1
ZTF25abmhftu,60919.2047338,2,19.5197,0.13454394,20.4054,1
ZTF25abmhftu,60921.1651273,2,19.3519,0.14015077,20.24,1
ZTF25abmhftu,60921.1898264,1,20.213,0.19343987,20.1272,1
ZTF25abmhftu,60925.2040972,2,19.3483,0.149334,19.9308,1
ZTF25abmhftu,60927.2069444,2,19.3527,0.12224964,20.0665,1
ZTF25abmhftu,60931.1449769,2,19.4947,0.12868659,20.6205,1
ZTF25abmhxft,60914.2108449,2,19.3481,0.12020855,20.826,1
ZTF25abmhxft,60914.2822106,1,19.4494,0.099321954,20.5954,1
ZTF25abmhxft,60917.2110764,2,18.8164,0.0920462,20.7875,1
ZTF25abmhxft,60917.2669329,1,18.7644,0.08022884,20.6375,1
ZTF25abmhxft,60919.2014468,2,18.6842,0.09045228,20.5977,1
ZTF25abmhxft,60919.3124653,1,18.5072,0.06745836,20.3623,1
ZTF25abmhxft,60921.178912,1,18.4262,0.08061725,20.2702,1
ZTF25abmhxft,60921.2428125,2,18.462,0.093307085,20.1518,1
ZTF25abmhxft,60923.1747338,1,18.3233,0.08542192,19.959,1
ZTF25abmhxft,60925.2036227,2,18.3677,0.101181835,19.9782,1
ZTF25abmhxft,60925.2450579,1,18.3104,0.08581882,19.6406,1
ZTF25abmhxft,60927.153831,1,18.3318,0.06931935,20.0585,1
ZTF25abmhxft,60927.2059838,2,18.3702,0.07521464,20.052,1
ZTF25abmhxft,60929.1983333,1,18.4713,0.09065589,20.2662,1
ZTF25abmhxft,60929.2241088,2,18.4223,0.077045046,20.1104,1
ZTF25abmhxft,60932.1803935,1,18.5667,0.08254606,20.895,1
ZTF25abmhxft,60932.1999074,2,18.4766,0.08324084,20.8443,1
ZTF25abmhxft,60934.1399537,1,18.6389,0.06471828,20.8765,1
ZTF25abmhxft,60934.1862384,2,18.6063,0.08633045,20.8082,1
ZTF25abmhxft,60948.1954051,2,19.0442,0.08354563,20.2935,1
ZTF25abmhxft,60948.2365972,1,19.9202,0.17320472,20.3872,1
ZTF25abmlhkf,60914.3999884,2,19.0767,0.09357024,20.4701,1
ZTF25abmlhkf,60914.4586111,1,19.0259,0.09195889,20.6446,1
ZTF25abmlhkf,60917.3631597,2,18.9434,0.08241022,20.645,1
ZTF25abmlhkf,60917.4033681,1,18.9259,0.08139077,20.6909,1
ZTF25abmlhkf,60919.3694444,2,18.9601,0.065206334,20.7112,1
ZTF25abmlhkf,60919.4032292,1,18.9252,0.097619,20.6659,1
ZTF25abmlhkf,60923.3631597,2,19.0059,0.11580912,20.0503,1
ZTF25abmlhkf,60923.4572222,1,19.0182,0.0842792,20.5464,1
ZTF25abmlhkf,60925.3703241,1,19.0519,0.1360102,19.348,1
ZTF25abmlhkf,60925.4370949,2,18.9363,0.116747,19.6774,1
ZTF25abmlhkf,60927.2929745,2,18.7273,0.10566612,19.4791,1
ZTF25abmlhkf,60932.3985648,1,19.208,0.11691335,20.3162,1
ZTF25abmlhkf,60932.4881713,2,18.9072,0.075063914,20.4175,1
ZTF25abmlhkf,60934.3554745,1,19.3449,0.09573852,20.5807,1
ZTF25abmlhkf,60934.4904398,2,18.9061,0.072654635,20.4946,1
ZTF25abmlhkf,60949.3174537,2,19.0357,0.10138672,20.306,1
ZTF25abmlhkf,60949.3624769,1,19.6151,0.11657058,20.6597,1
ZTF25abmlhkf,60951.4037616,1,19.5538,0.16509932,20.5619,1
ZTF25abmlhkf,60951.4484838,2,18.9503,0.05874363,20.5148,1
ZTF25abmlhkf,61015.3164815,2,19.761,0.18845837,19.7618,1
ZTF25abmlhkf,61017.2291898,2,20.3994,0.18434492,20.3802,1
ZTF25abmpngy,60914.4879167,1,19.9415,0.14081062,20.6154,1
ZTF25abmpngy,60917.4047917,1,19.8557,0.12519741,20.5687,1
ZTF25abmpngy,60923.4684838,1,19.9514,0.15004826,20.6437,1
ZTF25abmpngy,60923.5214468,2,19.9036,0.17910202,20.2487,1
ZTF25abmpngy,60925.4261921,2,19.7289,0.1600554,19.8229,1
ZTF25abmpngy,60925.4702431,1,19.9532,0.286514,19.5418,1
ZTF25abmpngy,60929.365463,2,19.6554,0.233002,19.567,1
ZTF25abmpngy,60933.3050926,1,20.4735,0.1950766,20.4583,1
ZTF25abmpngy,60933.4043056,2,19.6933,0.11332199,20.5416,1
ZTF25abmpngy,60935.3667477,1,20.4179,0.220697,20.502,1
ZTF25abmpngy,60935.4095486,2,19.592,0.10776625,20.6477,1
ZTF25abmtjsr,60916.3527778,1,19.6346,0.14035991,20.3929,1
ZTF25abmtjsr,60918.3109259,1,19.1911,0.093947634,20.4113,1
ZTF25abmtjsr,60918.3409838,2,19.194,0.08835108,20.3991,1
ZTF25abmtjsr,60920.424213,2,19.0664,0.07387159,20.4478,1
ZTF25abmtjsr,60922.3176389,2,19.0837,0.11194248,19.6893,1
ZTF25abmtjsr,60922.4011574,1,19.1843,0.11260095,20.147,1
ZTF25abmtjsr,60927.3059028,2,18.9044,0.10666796,19.6453,1
ZTF25abmtjsr,60927.3331134,1,19.0124,0.15600304,19.1515,1
ZTF25abmtjsr,60929.2392361,2,18.9589,0.11367877,19.6086,1
ZTF25abmtjsr,60932.2454861,2,18.9471,0.075647935,20.5015,1
ZTF25abmtjsr,60932.2968866,1,19.2468,0.10137443,20.2816,1
ZTF25abmtjsr,60934.2781019,2,18.9697,0.07744876,20.4384,1
ZTF25abmtjsr,60934.3351505,1,19.3995,0.12496116,20.2953,1
ZTF25abmtjsr,60938.2880671,1,19.423,0.109584145,20.5611,1
ZTF25abmtjsr,60938.3543519,2,19.0079,0.09137766,20.4043,1
ZTF25abmtjsr,60941.235,2,18.9334,0.080841035,20.3075,1
ZTF25abmtjsr,60941.2978472,1,19.5213,0.1187458,20.5527,1
ZTF25abmtjsr,60943.2580556,2,19.0163,0.08177372,20.5582,1
ZTF25abmtjsr,60949.2735532,2,19.0059,0.09376416,20.3094,1
ZTF25abmtjsr,60949.3380324,1,19.6254,0.11922293,20.308,1
ZTF25abmtjsr,60951.2140394,2,18.9472,0.08236113,20.047,1
ZTF25abmtjsr,60951.3692245,1,19.6185,0.17329744,19.6474,1
ZTF25abmtjsr,60955.3074306,2,19.0361,0.158172,19.2211,1
ZTF25abmtjsr,60957.2296759,2,18.978,0.11194923,19.5787,1
ZTF25abmtjsr,60960.2264699,1,19.8236,0.13931413,20.1278,1
ZTF25abmtjsr,60960.3190625,2,18.9804,0.091113985,20.0075,1
ZTF25abmtjsr,60965.2498032,1,19.8404,0.279179,20.1187,1
ZTF25abmtjsr,60965.2892014,2,18.96,0.089853816,20.2119,1
ZTF25abmtjsr,60967.2467361,1,19.6768,0.13821776,20.4271,1
ZTF25abmtjsr,60967.3411111,2,18.9133,0.092426024,20.0835,1
ZTF25abmtjsr,60969.2325347,1,19.7188,0.11964548,20.437,1
ZTF25abmtjsr,60969.2693287,2,18.9546,0.097850315,20.4799,1
ZTF25abmtjsr,60972.2221991,2,19.0388,0.07950661,20.2612,1
ZTF25abmtjsr,60972.25375,1,19.9524,0.19235292,20.1984,1
ZTF25abmtjsr,60974.2334259,2,18.9279,0.08861817,20.3382,1
ZTF25abmtjsr,60974.3060648,1,19.8439,0.17880529,20.0575,1
ZTF25abmtjsr,60976.2088426,1,19.7921,0.15187,20.157,1
ZTF25abmtjsr,60976.3253125,2,18.8875,0.10527792,19.8378,1
ZTF25abmtjsr,60978.1851273,2,18.9464,0.08103348,20.2893,1
ZTF25abmtjsr,60978.2741319,1,19.8019,0.14870049,20.0364,1
ZTF25abmtjsr,60986.1217014,1,19.699,0.19387887,19.6951,1
ZTF25abmtjsr,60986.1719097,2,19.0182,0.09238734,19.8106,1
ZTF25abmtjsr,60987.0984722,2,19.0584,0.086979546,20.3898,1
ZTF25abmtjsr,60987.1164352,1,20.0641,0.21011238,20.2509,1
ZTF25abmtjsr,60989.0959375,2,19.0126,0.10206438,20.1464,1
ZTF25abmtjsr,60989.1326273,1,20.043,0.1645895,20.3932,1
ZTF25abmtjsr,60992.1704977,2,18.913,0.090107925,20.3557,1
ZTF25abmtjsr,61003.1076505,1,19.9932,0.1598296,20.3343,1
ZTF25abmtjsr,61005.180081,2,19.0756,0.08961471,20.0723,1
ZTF25abmtjsr,61005.1924769,1,19.9558,0.17346324,19.9907,1
ZTF25abmtjsr,61015.1321181,2,19.2935,0.13472581,19.5803,1
ZTF25abmtjsr,61017.1953819,2,19.3202,0.16945769,19.8803,1
ZTF25abmtjsr,61021.2059722,2,19.338,0.113546684,19.951,1
ZTF25abmtjsr,61026.1081944,2,19.4715,0.097744875,20.316,1
ZTF25abmtjsr,61028.0854861,2,19.6122,0.15679513,19.9701,1
ZTF25abmtjsr,61028.1492824,1,20.1885,0.20604138,19.8288,1
ZTF25abmtjsr,61030.0884375,1,20.659,0.260317,20.3213,1
ZTF25abmtjsr,61030.1490509,2,19.6654,0.15584928,20.2014,1
ZTF25abnzksi,60920.3510648,1,20.0228,0.20566517,20.2361,1
ZTF25abnzksi,60920.361088,2,19.6424,0.13666683,20.3401,1
ZTF25abnzksi,60922.2745718,2,19.7003,0.253917,19.4402,1
ZTF25abnzksi,60922.3595255,1,19.6049,0.230768,19.3188,1
ZTF25abnzksi,60925.191169,2,19.4135,0.238933,19.1042,1
ZTF25abnzksi,60927.2151736,2,19.2808,0.123031974,19.7652,1
ZTF25abnzksi,60929.2041667,1,19.8886,0.19114845,19.7912,1
ZTF25abnzksi,60929.2340394,2,19.35,0.1896904,19.9063,1
ZTF25abnzksi,60932.2237384,2,19.5806,0.109135486,20.6381,1
ZTF25abnzksi,60932.3011921,1,20.1547,0.222087,20.1403,1
ZTF25abnzksi,60934.2665625,2,19.6695,0.1272287,20.5928,1
ZTF25abnzksi,60934.2959954,1,20.3063,0.20991476,20.3055,1
ZTF25abnzksi,60938.1950694,2,20.092,0.15214407,20.5441,1
ZTF25abnzksi,60941.2098611,2,20.1456,0.18708406,20.232,1
ZTF25abogvjf,60923.3645833,2,19.3761,0.1400153,19.9709,1
ZTF25abogvjf,60923.4639583,1,19.2874,0.10140266,20.6751,1
ZTF25abogvjf,60925.3660648,1,18.7365,0.13031839,19.5029,1
ZTF25abogvjf,60925.4242014,2,18.8509,0.10291894,19.7184,1
ZTF25abogvjf,60927.2943981,2,18.4145,0.08677049,19.5904,1
ZTF25abogvjf,60927.3638889,1,18.3776,0.09002911,19.5144,1
ZTF25abogvjf,60932.3482639,1,17.8988,0.05806719,20.1558,1
ZTF25abogvjf,60932.485787,2,17.9256,0.04485322,20.3059,1
ZTF25abogvjf,60934.3459606,1,17.7815,0.06034278,20.3744,1
ZTF25abogvjf,60934.4880556,2,17.8091,0.05869033,20.5286,1
ZTF25abogvjf,60938.4407986,2,17.7319,0.043549746,20.6219,1
ZTF25abogvjf,60938.4703588,1,17.7877,0.06113003,20.7464,1
ZTF25abogvjf,60941.3596296,1,17.9107,0.06570965,20.6229,1
ZTF25abogvjf,60941.4369907,2,17.7833,0.04448665,20.4677,1
ZTF25abogvjf,60943.3761227,1,17.9911,0.059400685,20.7813,1
ZTF25abogvjf,60943.4914352,2,17.8151,0.058520127,20.4857,1
ZTF25abogvjf,60949.3193403,2,18.1509,0.06471955,20.315,1
ZTF25abogvjf,60949.3635069,1,18.4082,0.052209865,20.6491,1
ZTF25abogvjf,60951.4070833,1,18.5938,0.081562266,20.4919,1
ZTF25abogvjf,60951.4793171,2,18.3345,0.06292586,20.2371,1
ZTF25abogvjf,60954.2760764,1,18.7967,0.13059552,19.3546,1
ZTF25abogvjf,60954.3434028,2,18.4147,0.06924072,19.7544,1
ZTF25abogvjf,60959.4100579,1,19.2797,0.17223614,19.9506,1
ZTF25abogvjf,60961.2667593,1,19.3634,0.12389465,20.5293,1
ZTF25abogvjf,60961.3965625,2,18.5007,0.06776594,20.5818,1
ZTF25abogvjf,60966.1978472,2,18.5667,0.06452478,20.1098,1
ZTF25abogvjf,60966.2569444,1,19.7807,0.19607784,20.5275,1
ZTF25abogvjf,60968.2575926,1,19.9089,0.13516407,20.6898,1
ZTF25abogvjf,60968.3274537,2,18.7117,0.062034298,20.6401,1
ZTF25abogvjf,60970.3834375,2,18.8319,0.07176309,20.2359,1
ZTF25abogvjf,60973.2408565,2,18.9763,0.067357115,20.5492,1
ZTF25abogvjf,60973.3432407,1,20.3196,0.19290815,20.7663,1
ZTF25abogvjf,60975.3129282,1,20.283,0.231836,20.4839,1
ZTF25abogvjf,60975.3567708,2,19.088,0.100988396,20.3148,1
ZTF25abogvjf,60977.2788194,1,20.5758,0.316499,20.411,1
ZTF25abogvjf,60977.3476157,2,19.1302,0.08166618,20.3594,1
ZTF25abogvjf,60979.3911227,1,20.5482,0.264659,20.5085,1
ZTF25abogvjf,60987.2971065,2,19.8193,0.159987,19.949,1
ZTF25abogvjf,60989.1553356,2,19.7846,0.15954065,20.0124,1
ZTF25aboqinw,60920.4703472,1,20.0944,0.155492,20.3232,1
ZTF25aboqinw,60922.4275579,1,19.813,0.15260114,20.4346,1
ZTF25aboqinw,60924.3904051,2,19.6414,0.266378,19.6732,1
ZTF25aboqinw,60926.2368981,2,19.4473,0.203904,19.5849,1
ZTF25aboqinw,60928.2459259,2,19.4498,0.199075,19.4996,1
ZTF25aboqinw,60930.3621875,1,19.6888,0.13213204,20.0225,1
ZTF25aboqinw,60933.2120486,2,19.2511,0.14580725,20.1768,1
ZTF25aboqinw,60933.2896528,1,20.0852,0.19690762,20.3623,1
ZTF25aboqinw,60935.2615509,2,19.5791,0.17981565,19.9284,1
ZTF25aboqxdx,60922.4420139,1,19.8694,0.15737136,20.4429,1
ZTF25aboqxdx,60928.4279745,1,19.6677,0.240727,19.2971,1
ZTF25aboqxdx,60928.4855208,2,19.5409,0.287524,19.1524,1
ZTF25aboqxdx,60930.4007407,2,19.5666,0.20106173,19.8541,1
ZTF25aboqxdx,60930.4968287,1,19.567,0.2148187,19.5451,1
ZTF25aboqxdx,60933.3974421,2,19.0866,0.10278312,20.3498,1
ZTF25aboqxdx,60933.4197801,1,19.0961,0.087977044,20.2721,1
ZTF25aboqxdx,60949.3313773,2,18.4625,0.052681893,20.2952,1
ZTF25aboqxdx,60949.3766319,1,18.8518,0.08599754,20.3137,1
ZTF25aboqxdx,60951.3302315,2,18.3632,0.06733768,20.0218,1
ZTF25aboqxdx,60951.4370833,1,18.9475,0.09381352,20.2967,1
ZTF25aboqxdx,61015.1784722,2,19.7194,0.19030407,19.7429,1
ZTF25aboqxdx,61017.21,2,19.855,0.16339226,20.2223,1
ZTF25aboyxea,60922.4954514,2,20.2352,0.288003,20.2188,1
ZTF25aboyxea,60926.4460532,1,18.998,0.256662,18.7512,1
ZTF25aboyxea,60928.4430324,1,18.7418,0.17191823,18.9128,1
ZTF25aboyxea,60928.4999537,2,18.8366,0.15688801,19.3766,1
ZTF25aboyxea,60930.4797106,1,18.3969,0.081644416,19.3824,1
ZTF25aboyxea,60933.4356366,1,18.3392,0.07800581,19.6818,1
ZTF25aboyxea,60941.4066667,1,18.7806,0.10657977,19.9004,1
ZTF25aboyxea,60941.4239931,2,18.6518,0.09284626,20.0913,1
ZTF25aboyxea,60943.4999074,1,19.0787,0.1135237,20.0724,1
ZTF25aboyxea,60943.5020139,2,18.9395,0.113243856,20.0899,1
ZTF25aboyxea,60948.4593056,1,19.5939,0.18278895,20.3125,1
ZTF25aboyxea,60950.4671875,2,19.2155,0.1155067,20.1165,1
ZTF25aboyxea,60950.4842708,1,19.7817,0.18546422,20.2464,1
ZTF25aboyxea,60951.4815278,1,20.0065,0.16116805,20.2418,1
ZTF25aboyxea,60952.4590856,1,20.0435,0.298901,19.953,1
ZTF25aboyxea,60954.4389583,2,19.4477,0.16729347,19.6424,1
ZTF25aboyxea,60954.4592477,2,19.3453,0.223955,19.4878,1
ZTF25aboyxea,60955.4595255,2,19.6864,0.339032,19.2158,1
ZTF25aboyxea,60959.3571181,2,19.7332,0.308531,19.3317,1
ZTF25aboyxea,60960.4387384,2,19.9679,0.24174,19.8133,1
ZTF25aboyxea,60961.4384028,2,19.9278,0.2042856,19.9919,1
ZTF25aboyxot,60924.4321875,2,19.0789,0.120732196,19.9071,1
ZTF25aboyxot,60924.4868519,1,18.9321,0.10607067,19.9602,1
ZTF25aboyxot,60927.3786806,1,18.7811,0.13152319,19.2411,1
ZTF25aboyxot,60927.4255787,2,18.5871,0.09559936,19.825,1
ZTF25aboyxot,60929.3644907,2,18.4461,0.09731827,19.3577,1
ZTF25aboyxot,60929.4238657,1,18.4513,0.12354625,19.2658,1
ZTF25aboyxot,60933.3525579,1,18.6465,0.09617779,20.1786,1
ZTF25aboyxot,60933.4116088,2,18.3684,0.06477263,20.3122,1
ZTF25aboyxot,60935.3900694,1,18.7976,0.09586309,20.4936,1
ZTF25aboyxot,60935.4300579,2,18.4008,0.06012851,20.4769,1
ZTF25aboyxot,60939.4017708,2,18.3723,0.06457233,20.3697,1
ZTF25aboyxot,60939.4246644,1,18.8289,0.09431383,20.6562,1
ZTF25aboyxot,60942.4474769,1,18.8772,0.103357635,20.7741,1
ZTF25aboyxot,60942.4961806,2,18.3792,0.05645824,20.5947,1
ZTF25aboyxot,60948.4343634,1,19.199,0.105477825,20.7553,1
ZTF25aboyxot,60950.3803009,1,19.1857,0.10678897,20.5402,1
ZTF25aboyxot,60950.4132986,2,18.4346,0.053797647,20.6164,1
ZTF25aboyxot,60952.3683912,2,18.4572,0.06945373,20.0471,1
ZTF25aboyxot,60952.4483912,1,19.1433,0.112701066,20.2766,1
ZTF25aboyxot,60954.4370023,2,18.4796,0.06824962,19.9626,1
ZTF25aboyxot,60956.3335995,2,18.6229,0.105605476,19.5642,1
ZTF25aboyxot,60960.4212037,2,18.5497,0.08117514,20.201,1
ZTF25aboyxot,60960.4935301,1,19.5237,0.13548206,19.9452,1
ZTF25aboyxot,60964.3554051,1,19.6247,0.16852659,20.187,1
ZTF25aboyxot,60964.4840625,2,18.5639,0.057161648,20.3916,1
ZTF25aboyxot,60966.3491551,1,19.6326,0.14706641,20.3702,1
ZTF25aboyxot,60966.4132176,2,18.5801,0.067806594,20.4079,1
ZTF25aboyxot,60968.3410185,2,18.6461,0.07557852,20.532,1
ZTF25aboyxot,60968.3644907,1,19.4804,0.11761051,20.5106,1
ZTF25aboyxot,60970.4001273,2,18.6209,0.076589525,20.5224,1
ZTF25aboyxot,60973.3287153,1,19.6979,0.1429638,20.8101,1
ZTF25aboyxot,60973.4209375,2,18.5991,0.056574143,20.6446,1
ZTF25aboyxot,60975.3386574,1,19.6221,0.14715366,20.3899,1
ZTF25aboyxot,60975.3789815,2,18.614,0.068910904,20.3747,1
ZTF25aboyxot,60977.3687269,2,18.6638,0.063269,20.5304,1
ZTF25aboyxot,60977.381088,1,19.6725,0.147502,20.5145,1
ZTF25aboyxot,60979.3959028,1,19.6613,0.130036,20.8275,1
ZTF25aboyxot,60979.412581,2,18.6257,0.059747,20.6383,1
ZTF25aboyxot,60981.3128125,2,18.6524,0.07493684,20.2172,1
ZTF25aboyxot,60981.4060532,1,19.4577,0.15157764,20.1226,1
ZTF25aboyxot,60983.3520486,2,18.5588,0.083143,19.8685,1
ZTF25aboyxot,60983.3776505,1,19.7372,0.20230153,19.5929,1
ZTF25aboyxot,60987.3013773,2,18.5807,0.08218957,19.7732,1
ZTF25aboyxot,60989.4139815,2,18.5791,0.07498768,20.1421,1
ZTF25aboyxot,60991.332963,2,18.4798,0.27029,17.946,1
ZTF25aboyxot,61003.3247569,2,18.6812,0.07325532,20.5866,1
ZTF25aboyxot,61005.2428472,1,19.6733,0.1896226,20.3004,1
ZTF25aboyxot,61005.3011111,2,18.6079,0.06592305,20.2571,1
ZTF25aboyxot,61007.33,2,18.653,0.06483162,20.5768,1
ZTF25aboyxot,61007.3885185,1,19.7792,0.12707657,20.6313,1
ZTF25aboyxot,61009.2682639,1,19.8428,0.232231,20.0195,1
ZTF25aboyxot,61009.3843866,2,18.6815,0.07501884,20.3086,1
ZTF25aboyxot,61011.2973264,1,19.6638,0.221163,19.5089,1
ZTF25aboyxot,61011.3502315,2,18.7752,0.118341304,19.7591,1
ZTF25aboyxot,61015.2251968,1,19.6531,0.282067,19.3902,1
ZTF25aboyxot,61015.3248148,2,18.7353,0.09119266,19.7856,1
ZTF25aboyxot,61017.2125231,2,18.7443,0.084675275,20.2455,1
ZTF25aboyxot,61017.2706829,1,19.7384,0.18556212,20.0396,1
ZTF25aboyxot,61021.1989005,2,18.8214,0.07985598,20.4823,1
ZTF25aboyxot,61021.2775347,1,19.989,0.17361225,20.5805,1
ZTF25aboyxot,61023.2216319,2,18.9146,0.10714686,20.5913,1
ZTF25aboyxot,61025.2448495,2,18.8747,0.09849089,20.2589,1
ZTF25aboyxot,61027.1646991,2,18.9343,0.111429095,20.276,1
ZTF25aboyxot,61027.2151736,1,20.1452,0.24375,20.3945,1
ZTF25aboyxot,61029.1929282,2,18.9969,0.098896846,20.1859,1
ZTF25aboyxot,61029.2252894,1,20.1899,0.226106,20.4493,1
ZTF25aboyxot,61031.1683218,2,19.1168,0.08172855,20.5924,1
ZTF25aboyxot,61031.2042477,1,20.297,0.25026,20.5799,1
ZTF25aboyxot,61049.214294,2,20.0297,0.1797167,20.0857,1
ZTF25aboyxot,61055.2671181,2,20.0383,0.19380122,20.0896,1
ZTF25aboyxot,61059.1654282,2,20.1206,0.16815124,20.5832,1
ZTF25abpawqx,60922.1762616,1,19.9726,0.231588,20.0396,1
ZTF25abpawqx,60924.2188889,1,19.3227,0.21519832,19.5109,1
ZTF25abpawqx,60926.2739236,1,19.1838,0.19213991,19.4891,1
ZTF25abpawqx,60928.2047338,2,19.0704,0.114490114,20.2014,1
ZTF25abpawqx,60928.2615046,1,18.8244,0.1055989,19.9403,1
ZTF25abpawqx,60932.185706,1,18.7372,0.097769536,20.6162,1
ZTF25abpawqx,60932.2618981,2,18.9035,0.091442935,20.3155,1
ZTF25abpawqx,60934.2029398,2,18.8392,0.09259035,20.4488,1
ZTF25abpawqx,60934.3042708,1,18.6684,0.09055174,20.0373,1
ZTF25abpawqx,60938.2006944,2,18.9875,0.12613837,20.4938,1
ZTF25abpawqx,60938.255463,1,18.7837,0.07261599,20.5213,1
ZTF25abpawqx,60941.2284259,2,19.1066,0.11281885,20.2857,1
ZTF25abpawqx,60941.3069213,1,18.9659,0.10210462,20.0558,1
ZTF25abpawqx,60943.1838657,1,19.0386,0.11854275,20.7546,1
ZTF25abpawqx,60943.2243403,2,19.1112,0.123163484,20.4654,1
ZTF25abpawqx,60948.2019676,2,19.2031,0.134265,20.2057,1
ZTF25abpawqx,60948.2801736,1,19.4611,0.108514115,20.5771,1
ZTF25abqicvg,60932.1458333,2,19.4221,0.120202765,20.6133,1
ZTF25abqicvg,60934.1596296,1,20.3944,0.195908,20.6454,1
ZTF25abqicvg,60934.2044444,2,19.2484,0.10009903,20.4304,1
ZTF25abqicvg,60948.1604282,2,19.1067,0.11943251,20.3501,1
ZTF25abqsbxy,60927.3154398,1,18.9293,0.188401,19.0341,1
ZTF25abqsbxy,60928.2671528,1,19.0269,0.144236,19.5672,1
ZTF25abqsbxy,60932.2540972,3,18.4061,0.077422,19.8202,1
ZTF25abqsbxy,60932.3528935,1,18.3603,0.092294,19.3586,1
ZTF25abqsbxy,60933.2278588,2,18.2363,0.08520585,20.2731,1
ZTF25abqsbxy,60933.2335648,3,18.2667,0.07844468,19.8123,1
ZTF25abqsbxy,60933.267037,1,18.352,0.082024656,20.225,1
ZTF25abqsbxy,60934.213125,3,18.2451,0.09905877,19.8307,1
ZTF25abqsbxy,60934.2646875,2,18.1944,0.081829265,20.2064,1
ZTF25abqsbxy,60934.2941088,1,18.2898,0.1269238,19.9682,1
ZTF25abqsbxy,60935.2031481,2,17.6524,0.12963401,17.8879,1
ZTF25abqsbxy,60938.1941319,2,17.9684,0.057949554,20.3226,1
ZTF25abqsbxy,60938.2131481,3,17.9926,0.07955363,19.8172,1
ZTF25abqsbxy,60938.2194907,2,18.0819,0.056837503,20.2715,1
ZTF25abqsbxy,60938.2655324,1,18.224,0.07316401,20.2243,1
ZTF25abqsbxy,60939.1926273,3,17.9554,0.07663345,19.8034,1
ZTF25abqsbxy,60941.2307639,2,17.81,0.078140646,19.8964,1
ZTF25abqsbxy,60941.2317014,2,17.8229,0.05480975,19.9408,1
ZTF25abqsbxy,60941.2537384,3,17.8544,0.08038756,19.0871,1
ZTF25abqsbxy,60941.2537384,3,17.8544,0.080388,19.0871,1
ZTF25abqsbxy,60942.1497338,1,18.3612,0.07624869,20.0756,1
ZTF25abqsbxy,60942.2402199,3,17.8383,0.06917989,19.5075,1
ZTF25abqsbxy,60943.1686111,1,18.4044,0.09928426,20.2353,1
ZTF25abqsbxy,60943.2300231,2,17.7915,0.06588771,20.2347,1
ZTF25abqsbxy,60943.2309606,2,17.9043,0.060676068,20.26,1
ZTF25abqsbxy,60943.2736227,3,17.9031,0.09138849,19.6611,1
ZTF25abqsbxy,60943.2981481,1,18.2773,0.10074924,19.7891,1
ZTF25abqsbxy,60944.1695023,1,18.3485,0.09957189,20.0554,1
ZTF25abqsbxy,60944.1920602,3,17.8266,0.0695502,19.6358,1
ZTF25abqsbxy,60944.2097338,2,17.8886,0.054601077,20.382,1
ZTF25abqsbxy,60948.1896528,2,17.8304,0.075033635,20.0757,1
ZTF25abqsbxy,60948.2569097,1,18.5388,0.08917395,20.163,1
ZTF25abqsbxy,60953.2103472,2,17.9435,0.07077221,19.2472,1
ZTF25abqsbxy,60955.1887616,1,18.8961,0.240578,18.8622,1
ZTF25abqsbxy,60957.2107755,2,17.8118,0.05925413,19.3971,1
ZTF25abqsbxy,60959.2161111,1,18.6897,0.15923107,19.4806,1
ZTF25abqsbxy,60959.2311227,2,17.931,0.078620516,19.6511,1
ZTF25abqsbxy,60961.1670255,2,17.9618,0.060410846,20.1166,1
ZTF25abqsbxy,60965.2542361,2,17.7884,0.068975314,19.3426,1
ZTF25abqsbxy,60967.2111806,1,18.8797,0.13414836,19.7713,1
ZTF25abqsbxy,60967.2544213,2,18.0627,0.07418953,19.5822,1
ZTF25abqsbxy,60969.1445602,2,18.0596,0.10180412,20.1691,1
ZTF25abqsbxy,60972.1885185,2,18.1427,0.07438533,19.6985,1
ZTF25abqsbxy,60974.2320023,2,18.1785,0.08529148,19.3761,1
ZTF25abqsbxy,60976.1267477,2,18.0388,0.075597,19.7247,1
ZTF25abqsbxy,60980.1262616,2,18.2298,0.10063754,19.3764,1
ZTF25abqsbxy,61140.5073958,2,19.0664,0.15716033,19.2689,1
ZTF25abqvssg,60933.2761806,1,19.3047,0.13361625,20.7029,1
ZTF25abqvssg,60933.3609954,2,19.2903,0.08743703,20.5588,1
ZTF25abqvssg,60935.2730208,2,18.7422,0.17580375,19.2331,1
ZTF25abqvssg,60935.3386574,1,18.8471,0.093049884,20.5868,1
ZTF25abqvssg,60944.3289583,1,17.93,0.063811444,20.5685,1
ZTF25abqvssg,60949.309838,2,17.5389,0.07450002,20.4448,1
ZTF25abqvssg,60949.3828472,1,18.1117,0.07321951,20.5657,1
ZTF25abqvssg,60951.3191319,2,17.5653,0.07508255,19.7887,1
ZTF25abqvssg,60951.3720602,1,18.2478,0.09542377,19.9892,1
ZTF25abqxnbr,60932.4886806,2,20.4969,0.246276,20.2972,1
ZTF25abqxnbr,60934.4009606,1,20.3868,0.253097,20.5776,1
ZTF25abqxnbr,60934.5028935,2,20.1949,0.14744516,20.661,1
ZTF25abqxnbr,60939.3473148,1,19.1177,0.10026189,20.6174,1
ZTF25abqxnbr,60939.3839005,2,19.12,0.096645996,20.7568,1
ZTF25abqxnbr,60942.4415278,1,18.767,0.07074424,20.844,1
ZTF25abqxnbr,60942.4827894,2,18.7374,0.06396281,20.6827,1
ZTF25abqxnbr,60944.3544097,2,18.6599,0.067875415,20.5483,1
ZTF25abqxnbr,60949.3298958,2,18.5206,0.066811964,20.267,1
ZTF25abqxnbr,60949.4020139,1,18.4773,0.072014496,20.7719,1
ZTF25abqxnbr,60951.4202315,1,18.4745,0.073297255,20.847,1
ZTF25abqxnbr,60953.3484259,1,18.445,0.08895752,19.7126,1
ZTF25abqxnbr,60953.4356019,2,18.4763,0.06624892,20.1407,1
ZTF25abqxnbr,60955.2440046,1,18.6606,0.203291,18.7725,1
ZTF25abqxnbr,60955.4229051,2,18.3862,0.07390261,19.4236,1
ZTF25abqxnbr,60959.3427083,2,18.5308,0.06248976,19.9919,1
ZTF25abqxnbr,60959.4153125,1,18.7175,0.09311498,19.8305,1
ZTF25abqxnbr,60961.2588542,1,18.8869,0.08914422,20.3557,1
ZTF25abqxnbr,60961.4225347,2,18.6646,0.05349979,20.4745,1
ZTF25abqxnbr,60966.3182755,1,19.3465,0.1268425,20.5982,1
ZTF25abqxnbr,60966.3796644,2,18.925,0.090706535,20.4477,1
ZTF25abqxnbr,60968.2804977,1,19.47,0.11762737,20.5467,1
ZTF25abqxnbr,60968.3279514,2,18.9626,0.0731797,20.6283,1
ZTF25abqxnbr,60970.3911343,2,19.0635,0.07672468,20.5839,1
ZTF25abqxnbr,60973.2844907,2,19.0843,0.07255494,20.7057,1
ZTF25abqxnbr,60973.3571991,1,19.8304,0.120217636,20.9405,1
ZTF25abqxnbr,60975.3522222,1,20.1063,0.19708844,20.6232,1
ZTF25abqxnbr,60975.3856366,2,19.064,0.06973617,20.4608,1
ZTF25abqxnbr,60977.3086227,1,20.1844,0.166773,20.6952,1
ZTF25abqxnbr,60977.3371759,2,19.1291,0.083974,20.4443,1
ZTF25abqxnbr,60979.3404861,1,20.2086,0.21278135,20.6005,1
ZTF25abqxnbr,60979.4102083,2,19.3072,0.081712,20.8117,1
ZTF25abqxnbr,60981.2589699,1,20.204,0.385523,19.7229,1
ZTF25abqxnbr,60981.3323495,2,19.3583,0.11384826,20.0128,1
ZTF25abqxnbr,60983.2699306,2,19.3824,0.12333475,19.8032,1
ZTF25abqxnbr,60986.3881481,2,19.4901,0.16805623,19.4819,1
ZTF25abqxnbr,60988.3170949,2,19.6161,0.15790993,20.0126,1
ZTF25abqxnbr,60990.217037,1,20.7238,0.316304,20.4788,1
ZTF25abqxnbr,60990.2628009,2,19.8745,0.252285,19.7568,1
ZTF25abqxnbr,60992.2562847,1,20.8636,0.286214,20.6764,1
ZTF25abqxnbr,60992.3475,2,19.7026,0.17351998,20.2451,1
ZTF25abqxnbr,61004.2214236,2,20.2136,0.187641,20.5774,1
ZTF25abqxnbr,61006.3387616,2,20.3706,0.19133174,20.3511,1
ZTF25abqxnbr,61010.2789468,2,20.165,0.24296,19.918,1
ZTF25abqxnbr,61020.2211574,2,20.3981,0.19879137,20.424,1
ZTF25absbohn,60934.154919,1,20.2833,0.217975,20.5394,1
ZTF25absbohn,60938.151088,2,19.4276,0.15490006,20.4377,1
ZTF25absbohn,60941.133287,1,18.7469,0.10217464,19.6409,1
ZTF25absbohn,60943.128125,1,18.7954,0.0951605,20.3211,1
ZTF25absbohn,60943.1971528,2,18.9036,0.12364192,20.2444,1
ZTF25absbohn,60948.1296181,1,18.7617,0.10061454,20.3073,1
ZTF25absbohn,60948.1827662,2,18.8396,0.10472604,20.1418,1
ZTF25absbohn,60950.1297685,1,18.8635,0.14086902,19.9065,1
ZTF25absbohn,60950.1716898,2,18.7983,0.15074818,19.7232,1
ZTF25absbohn,60953.1195486,1,18.9665,0.12944385,19.7849,1
ZTF25absbohn,60953.1840046,2,19.0801,0.1649657,19.4933,1
ZTF25absbohn,60957.1178241,1,19.4147,0.230575,19.6764,1
ZTF25absbohn,60960.1324306,2,19.4267,0.20539011,20.2984,1
ZTF25absbohn,60965.131412,2,19.3735,0.15733588,19.9623,1
ZTF25absbohn,60965.1549653,1,20.0711,0.286698,19.7953,1
ZTF25absbohn,60969.1214352,2,19.8178,0.17727596,20.0317,1
ZTF25abseeos,60938.2985648,1,19.8692,0.15379693,20.7946,1
ZTF25abseeos,60938.3455787,2,19.254,0.10496826,20.3895,1
ZTF25abseeos,60941.2162616,2,18.7019,0.11713971,19.504,1
ZTF25abseeos,60941.3026389,1,19.4642,0.11068734,20.5643,1
ZTF25abseeos,60943.2503704,2,18.6739,0.080297366,20.6138,1
ZTF25abseeos,60943.33125,1,19.3783,0.1035726,20.6676,1
ZTF25abseeos,60949.3408565,1,19.2393,0.1132601,20.3115,1
ZTF25abseeos,60951.2130903,2,18.5347,0.0755556,20.0689,1
ZTF25abseeos,60951.3388657,1,19.1285,0.17777455,19.8352,1
ZTF25abseeos,60953.2246644,2,18.5131,0.08160647,19.7078,1
ZTF25abseeos,60953.2647917,1,19.22,0.19329609,19.302,1
ZTF25abseeos,60955.233669,1,19.3536,0.193688,19.163,1
ZTF25abseeos,60955.305544,2,18.7501,0.13213,19.1833,1
ZTF25abseeos,60957.22625,2,18.7746,0.11108107,19.72,1
ZTF25abseeos,60957.268044,1,19.733,0.267643,19.4547,1
ZTF25abseeos,60960.2672454,1,19.8517,0.155869,20.4816,1
ZTF25abseeos,60960.3293287,2,19.0201,0.11315602,19.8979,1
ZTF25abseeos,60965.2352894,1,20.1886,0.25723,20.3954,1
ZTF25abseeos,60965.2672685,2,19.4231,0.13683477,20.1785,1
ZTF25abseeos,60967.2591551,2,19.2415,0.10378364,20.3811,1
ZTF25abseeos,60969.2827546,2,19.3038,0.08599334,20.3982,1
ZTF25abseeos,60972.1976736,2,19.4367,0.12052537,20.1846,1
ZTF25abseeos,60974.2456713,2,19.492,0.1338259,20.1792,1
ZTF25abseeos,60976.3108449,2,19.4065,0.12703533,19.964,1
ZTF25abseeos,60978.1827546,2,19.5337,0.13122433,20.2272,1
ZTF25abshxur,60939.2137269,2,19.0655,0.13305005,20.7042,1
ZTF25abshxur,60939.3247222,1,18.9985,0.11805598,20.795,1
ZTF25abshxur,60942.2002083,2,18.6948,0.08640331,20.6193,1
ZTF25abshxur,60942.2590625,1,18.5941,0.10511185,20.1385,1
ZTF25abshxur,60942.2590625,1,18.5941,0.105112,20.1385,1
ZTF25abshxur,60944.1766204,1,18.5531,0.08677911,20.4401,1
ZTF25abshxur,60949.2794097,2,18.5029,0.07816749,20.6617,1
ZTF25abshxur,60949.3473032,1,18.5626,0.08651263,20.5136,1
ZTF25abshxur,60951.1433912,1,18.5422,0.09966768,19.3446,1
ZTF25abshxur,60951.1955208,2,18.5739,0.0873166,20.5045,1
ZTF25abshxur,60953.1770949,2,18.6037,0.08710824,19.9295,1
ZTF25abshxur,60953.2817245,1,18.6995,0.1301432,19.5092,1
ZTF25abshxur,60955.2035995,1,18.7655,0.162752,19.1592,1
ZTF25abshxur,60955.3160764,2,18.7552,0.09902,19.5209,1
ZTF25abshxur,60957.2457176,2,18.8511,0.095592,19.6897,1
ZTF25abshxur,60957.2820023,1,19.2097,0.18746664,19.5183,1
ZTF25abshxur,60960.1787153,2,19.1363,0.11969569,20.6665,1
ZTF25abshxur,60960.2163657,1,19.2926,0.11416564,20.3463,1
ZTF25abshxur,60965.2371644,1,19.7074,0.16037,20.4729,1
ZTF25abshxur,60965.2663194,2,19.098,0.11624575,20.3445,1
ZTF25abshxur,60967.2386458,1,19.9328,0.17452373,20.5501,1
ZTF25abshxur,60967.2818056,2,19.3622,0.11296404,20.4263,1
ZTF25abshxur,60969.2364005,1,20.151,0.272476,20.6041,1
ZTF25abshxur,60969.2907292,2,19.4949,0.1301962,20.4011,1
ZTF25abshxur,60972.2023958,2,19.3534,0.104415394,20.377,1
ZTF25abshxur,60972.2702431,1,20.2451,0.273871,20.3185,1
ZTF25abshxur,60974.2381481,2,19.6017,0.19533297,20.2874,1
ZTF25absindv,60938.4460648,2,18.3659,0.07365901,20.3951,1
ZTF25absindv,60938.5105093,1,19.2538,0.10208618,20.3905,1
ZTF25absindv,60942.477963,1,18.1302,0.060123935,20.7014,1
ZTF25absindv,60942.4899653,2,17.2611,0.033886656,20.4968,1
ZTF25absindv,60948.4785417,1,17.5865,0.06411731,20.4448,1
ZTF25absindv,60948.4904861,2,16.7831,0.030307556,20.3538,1
ZTF25absindv,60950.424294,2,16.7201,0.036579456,20.4367,1
ZTF25absindv,60952.350162,2,16.7229,0.035931062,19.5676,1
ZTF25absindv,60952.4665972,1,17.5677,0.04456266,20.2477,1
ZTF25absindv,60954.3229861,1,17.5408,0.06250648,19.3002,1
ZTF25absindv,60954.4682755,2,16.7235,0.03763344,19.9799,1
ZTF25absindv,60956.3287616,2,16.7556,0.035124,19.5745,1
ZTF25absindv,60956.4470139,1,17.6909,0.06848644,19.4377,1
ZTF25absindv,60959.3605787,2,16.89,0.042111453,19.8238,1
ZTF25absindv,60959.406875,1,17.7525,0.055477373,19.9209,1
ZTF25absindv,60961.3647569,1,17.8889,0.058485348,19.954,1
ZTF25absindv,60961.455463,2,17.0425,0.037199877,20.2645,1
ZTF25absindv,60966.3448611,1,18.1826,0.071443334,20.2168,1
ZTF25absindv,60966.4539468,2,17.4172,0.037880752,20.3471,1
ZTF25absindv,60968.3695949,1,18.3212,0.07989019,20.3459,1
ZTF25absindv,60968.4545486,2,17.4972,0.03770725,20.4495,1
ZTF25absindv,60970.366169,1,18.5409,0.07396827,20.4155,1
ZTF25absindv,60970.4320023,2,17.4669,0.07811377,19.0472,1
ZTF25absindv,60973.3633333,1,18.7026,0.083611816,20.3993,1
ZTF25absindv,60973.4272569,2,17.5736,0.04243473,20.5185,1
ZTF25absindv,60975.3315856,1,18.848,0.14443015,19.9496,1
ZTF25absindv,60975.4128935,2,17.6022,0.04656945,20.314,1
ZTF25absindv,60977.4019097,1,19.0296,0.098992,20.3618,1
ZTF25absindv,60977.4498495,2,17.6896,0.04406501,20.1649,1
ZTF25absindv,60979.3856713,1,19.142,0.13962822,20.4716,1
ZTF25absindv,60979.4352431,2,17.6652,0.049088,20.3407,1
ZTF25absindv,60981.3872801,2,17.7133,0.057840683,20.0442,1
ZTF25absindv,60985.4478819,1,19.6797,0.26034,19.5346,1
ZTF25absindv,60987.3620718,2,18.0093,0.06879365,19.7375,1
ZTF25absindv,60989.4082407,2,18.1495,0.052817266,20.0088,1
ZTF25absindv,61004.3420602,2,18.8759,0.077422686,20.3859,1
ZTF25absindv,61006.3863542,2,19.0272,0.17387696,19.5207,1
ZTF25absindv,61009.400706,2,19.022,0.072698444,20.369,1
ZTF25absindv,61009.4659722,1,20.4205,0.21658766,20.6164,1
ZTF25absindv,61016.3026042,2,19.2289,0.251671,19.2852,1
ZTF25absindv,61020.2657292,2,19.3594,0.15107182,20.2461,1
ZTF25absindv,61022.3401389,2,19.434,0.11596541,20.3999,1
ZTF25absindv,61024.2775116,1,20.7222,0.27924,20.4839,1
ZTF25absindv,61026.3210995,2,19.6974,0.1457452,20.4604,1
ZTF25absindv,61029.3065278,2,19.687,0.14278212,20.5085,1
ZTF25absindv,61059.2574306,2,20.1477,0.18061303,20.3671,1
ZTF25abtieic,60942.4439352,1,19.0392,0.1112754,20.4948,1
ZTF25abtieic,60948.4790278,1,19.1232,0.093869716,20.6237,1
ZTF25abtieic,60948.4893866,2,18.9171,0.068551674,20.526,1
ZTF25abtieic,60950.4262731,2,18.8794,0.07483873,20.4368,1
ZTF25abtieic,60950.5096181,1,19.0444,0.09449643,20.7551,1
ZTF25abtieic,60952.4057986,2,18.887,0.111341655,19.8282,1
ZTF25abtieic,60952.4975926,1,19.1761,0.09010908,20.5179,1
ZTF25abtieic,60954.3048958,1,19.2538,0.19337384,19.1735,1
ZTF25abtieic,60954.4288773,2,18.9596,0.10088907,19.861,1
ZTF25abtieic,60956.3014468,2,18.9856,0.181689,19.1529,1
ZTF25abtieic,60956.4446296,1,19.1726,0.18051499,19.4538,1
ZTF25abtieic,60959.3615162,2,18.9715,0.12983799,19.6891,1
ZTF25abtieic,60959.4396412,1,19.1794,0.13050456,19.7469,1
ZTF25abtieic,60961.3637963,1,19.3484,0.12571397,20.0253,1
ZTF25abtieic,60961.4664931,2,18.9721,0.104155265,20.2518,1
ZTF25abtieic,60966.3396296,1,19.4278,0.14568867,20.1168,1
ZTF25abtieic,60966.4361921,2,18.8717,0.0776678,20.3546,1
ZTF25abtieic,60968.3700926,1,19.5781,0.135614,20.4315,1
ZTF25abtieic,60968.453125,2,18.9313,0.07934692,20.3815,1
ZTF25abtieic,60970.3656829,1,19.5626,0.14803508,20.4572,1
ZTF25abtieic,60970.4124884,2,19.0252,0.09871021,20.5414,1
ZTF25abtieic,60973.3694907,1,19.623,0.13279551,20.6243,1
ZTF25abtieic,60973.428206,2,19.0082,0.08056913,20.5065,1
ZTF25abtieic,60975.4114352,2,18.9086,0.09641231,20.4108,1
ZTF25abtieic,60975.4358681,1,19.7088,0.13129829,20.7584,1
ZTF25abtieic,60977.4049653,1,19.6085,0.131332,20.5333,1
ZTF25abtieic,60977.4483796,2,19.106,0.103309,20.4547,1
ZTF25abtieic,60979.3861458,1,19.7596,0.158872,20.7711,1
ZTF25abtieic,60979.3861458,1,19.7596,0.158872,20.7711,1
ZTF25abtieic,60979.4371412,2,19.0306,0.071439,20.5397,1
ZTF25abtieic,60981.385787,2,18.9155,0.081652,20.2109,1
ZTF25abtieic,60983.3459028,2,19.0564,0.11848474,19.7788,1
ZTF25abtieic,60983.3872801,1,19.6705,0.239357,19.6502,1
ZTF25abtieic,60985.4166551,1,19.5716,0.223511,19.4528,1
ZTF25abtieic,60987.2356366,1,19.4483,0.26828,19.1582,1
ZTF25abtieic,60989.3635301,1,19.619,0.16711015,20.0555,1
ZTF25abtieic,60989.4087269,2,18.9969,0.116974674,20.0082,1
ZTF25abtieic,60999.415625,2,19.0482,0.119056,20.2655,1
ZTF25abtieic,61004.3411227,2,18.8983,0.08508506,20.2818,1
ZTF25abtieic,61004.3994444,1,19.9226,0.17900018,20.5246,1
ZTF25abtieic,61006.3868403,2,18.9231,0.14598459,19.3472,1
ZTF25abtieic,61009.3877083,2,18.982,0.09958112,20.3861,1
ZTF25abtieic,61009.4471875,1,19.8256,0.12691146,20.7657,1
ZTF25abtieic,61011.3851968,2,19.0169,0.13244952,19.8325,1
ZTF25abtieic,61014.3428125,2,18.9293,0.16270868,19.0567,1
ZTF25abtieic,61016.3093634,2,18.8826,0.169746,19.4287,1
ZTF25abtieic,61020.2666667,2,18.9266,0.08593687,20.3963,1
ZTF25abtieic,61020.3445833,1,19.8243,0.19906467,20.3882,1
ZTF25abtieic,61022.2328241,1,19.7809,0.228872,20.1262,1
ZTF25abtieic,61022.2803009,2,19.0635,0.19474842,18.9038,1
ZTF25abtieic,61024.2988079,1,19.853,0.136493,20.7632,1
ZTF25abtieic,61024.3593519,2,18.9098,0.080625765,20.466,1
ZTF25abtieic,61026.3196759,2,19.0308,0.10792425,20.3906,1
ZTF25abtieic,61026.403206,1,19.8081,0.18900363,20.407,1
ZTF25abtieic,61029.2622222,1,19.9426,0.14626294,20.6071,1
ZTF25abtieic,61029.3040741,2,18.8926,0.10099071,20.4635,1
ZTF25abtieic,61031.3000231,1,19.9804,0.15374121,20.64,1
ZTF25abtieic,61031.3602546,2,18.9454,0.07539606,20.5311,1
ZTF25abtieic,61037.2889352,2,19.0383,0.12986879,19.9499,1
ZTF25abtieic,61037.3813426,1,19.7631,0.324052,19.8126,1
ZTF25abtieic,61049.2443403,2,19.1838,0.15204687,19.8846,1
ZTF25abtieic,61051.3026157,2,19.2512,0.15106763,19.9306,1
ZTF25abtieic,61053.3462384,2,19.2944,0.13575548,20.0081,1
ZTF25abtieic,61055.2832176,2,19.3245,0.099790394,20.1922,1
ZTF25abtieic,61057.3252662,2,19.2717,0.17972901,19.5077,1
ZTF25abtieic,61059.175463,2,19.5378,0.12754196,20.4585,1
ZTF25abtieic,61059.2268866,1,20.6525,0.239437,20.5637,1
ZTF25abtieic,61061.2814815,2,19.5057,0.13006793,20.3378,1
ZTF25abudaqa,60948.4260301,1,19.092,0.12387853,20.9257,1
ZTF25abudaqa,60950.3715394,1,19.0735,0.09792351,20.5773,1
ZTF25abudaqa,60952.3475463,2,18.6258,0.06190597,20.0503,1
ZTF25abudaqa,60954.3069329,1,19.1962,0.22379,19.6072,1
ZTF25abudaqa,60954.3684491,2,18.5665,0.07801066,19.8421,1
ZTF25abudaqa,60956.3063079,2,18.638,0.110436,19.4223,1
ZTF25abudaqa,60956.3835417,1,19.1768,0.18786211,19.2121,1
ZTF25abudaqa,60959.4227894,1,19.2057,0.17499502,19.8867,1
ZTF25abudaqa,60961.2602778,1,19.206,0.10922712,20.4663,1
ZTF25abudaqa,60966.2748611,1,19.484,0.11309803,20.5673,1
ZTF25abudaqa,60966.3891204,2,18.6097,0.07460615,20.5024,1
ZTF25abudaqa,60968.2551852,1,19.4055,0.15458366,20.5942,1
ZTF25abudaqa,60973.2826042,2,18.6841,0.0856213,20.6041,1
ZTF25abudaqa,60973.343831,1,19.6829,0.18677253,20.8038,1
ZTF25abudaqa,60975.3256944,1,19.7191,0.17444451,20.5231,1
ZTF25abudaqa,60975.3875231,2,18.7191,0.08665937,20.4389,1
ZTF25abudaqa,60977.3053009,1,19.7295,0.2121407,20.5097,1
ZTF25abudaqa,60977.3053009,1,19.7295,0.212141,20.5097,1
ZTF25abudaqa,60979.4077431,2,18.7071,0.07692374,20.4389,1
ZTF25abudaqa,60983.2684954,2,18.7497,0.09359907,19.6661,1
ZTF25abudaqa,60989.181088,2,18.6696,0.086912006,20.2555,1
ZTF25abudaqa,61003.3305903,2,18.6988,0.07226523,20.529,1
ZTF25abudaqa,61007.327581,2,18.807,0.06248139,20.5305,1
ZTF25abudaqa,61009.2793981,2,18.6369,0.083571516,20.1937,1
ZTF25abudaqa,61011.1129282,2,18.556,0.1356121,19.5873,1
ZTF25abudaqa,61017.21875,2,18.7,0.092985846,20.2357,1
ZTF25abudaqa,61017.2788889,1,19.7364,0.19517568,20.0311,1
ZTF25abudaqa,61023.1953935,2,18.5786,0.05776799,20.1828,1
ZTF25abudaqa,61029.1492824,2,18.9167,0.07268011,20.4721,1
ZTF25abuojsb,60948.4472685,1,19.9432,0.19076817,20.2822,1
ZTF25abuojsb,60948.4962847,2,20.0982,0.17563488,20.454,1
ZTF25abuojsb,60950.4290972,2,19.8266,0.17244451,20.2916,1
ZTF25abuojsb,60950.5125116,1,19.7741,0.108303,20.6567,1
ZTF25abuojsb,60952.4310764,2,19.7427,0.226746,19.5162,1
ZTF25abuojsb,60952.4903704,1,19.4768,0.14167449,20.3094,1
ZTF25abuojsb,60954.4566319,2,19.5428,0.21234643,19.7459,1
ZTF25abuojsb,60954.4984606,1,19.3654,0.17559576,19.7445,1
ZTF25abuojsb,60956.466794,1,19.4872,0.160796,19.5425,1
ZTF25abuojsb,60956.5102315,2,19.7371,0.1959138,19.7205,1
ZTF25abuojsb,60958.4982292,1,19.4229,0.17448074,19.7306,1
ZTF25abuojsb,60961.4703009,2,19.7377,0.1290849,20.1993,1
ZTF25abuojsb,60961.5146412,1,19.7416,0.1722249,20.1876,1
ZTF25abuojsb,60966.4102431,2,19.5639,0.11797632,20.138,1
ZTF25abuojsb,60966.5179514,1,19.9191,0.16099338,20.5549,1
ZTF25abuojsb,60968.4022222,1,19.7502,0.16409405,20.3056,1
ZTF25abuojsb,60968.4881944,2,19.6847,0.13122,20.3892,1
ZTF25abuojsb,60970.4421759,2,19.6263,0.12566894,20.3727,1
ZTF25abuojsb,60970.4987963,1,20.0209,0.15072724,20.7492,1
ZTF25abuojsb,60973.4499653,2,19.778,0.143244,20.4351,1
ZTF25abuojsb,60973.4984722,1,20.0563,0.19438472,20.7822,1
ZTF25abuojsb,60975.4305208,1,20.3777,0.231315,20.5096,1
ZTF25abuojsb,60975.5274769,2,19.9388,0.19041473,20.3781,1
ZTF25abuojsb,60980.4708565,1,20.3516,0.152182,20.7854,1
ZTF25abuojsb,60980.5127546,2,19.8709,0.14904048,20.6176,1
ZTF25abuojsb,61029.4157755,2,20.5744,0.19662778,20.6245,1
ZTF25abupdae,60948.4774421,1,18.3146,0.068404,20.3033,1
ZTF25abupdae,60948.4924537,2,17.3262,0.03442603,20.2752,1
ZTF25abupdae,60950.4698958,2,17.3585,0.033447657,20.4132,1
ZTF25abupdae,60950.4995833,1,18.4346,0.06056307,20.4742,1
ZTF25abupdae,60952.4937269,1,18.5482,0.06840475,20.1267,1
ZTF25abupdae,60954.4676273,2,17.5696,0.04440313,19.6306,1
ZTF25abupdae,60954.4941319,1,18.5677,0.107045956,19.3304,1
ZTF25abupdae,60956.4508218,1,18.6545,0.11845,19.1022,1
ZTF25abupdae,60956.5116551,2,17.5801,0.049465075,19.4158,1
ZTF25abupdae,60961.4722454,2,17.8146,0.049213175,20.0533,1
ZTF25abupdae,60961.5208102,1,19.0,0.10032296,19.9056,1
ZTF25abupdae,60966.4909722,1,19.0675,0.07852785,20.3249,1
ZTF25abupdae,60968.4373958,1,19.0282,0.096504636,20.2287,1
ZTF25abupdae,60968.4565741,2,18.0484,0.052336246,20.2617,1
ZTF25abupdae,60970.411331,2,18.0299,0.05219878,20.1106,1
ZTF25abupdae,60970.4911111,1,19.1505,0.07232512,20.5039,1
ZTF25abupdae,60973.4102315,2,18.114,0.061964188,20.248,1
ZTF25abupdae,60973.4930671,1,19.2026,0.08657158,20.662,1
ZTF25abupdae,60975.4324653,1,19.1348,0.0922737,20.3106,1
ZTF25abupdae,60975.5078588,2,18.2266,0.05535163,20.2373,1
ZTF25abupdae,60978.4285995,1,19.2107,0.083081,20.4387,1
ZTF25abupdae,60978.4886458,2,18.2212,0.054294,20.4706,1
ZTF25abupdae,60980.4092361,2,18.2482,0.051589,20.3561,1
ZTF25abupdae,60980.4538773,1,19.3624,0.0903637,20.3665,1
ZTF25abupdae,60982.4464931,2,18.2293,0.044231,19.9085,1
ZTF25abupdae,60982.4744676,1,19.3562,0.20581114,19.3011,1
ZTF25abupdae,60984.4137037,1,19.2694,0.29028,18.9835,1
ZTF25abupdae,60984.4533796,1,19.4405,0.226449,19.0403,1
ZTF25abupdae,60985.4513657,1,19.2343,0.1443142,19.4477,1
ZTF25abupdae,60985.5491667,1,19.2951,0.16923802,19.449,1
ZTF25abupdae,60987.4919907,1,19.2923,0.16091289,19.7166,1
ZTF25abupdae,60987.5065509,2,18.3785,0.06449233,19.9108,1
ZTF25abupdae,60989.3675579,1,19.3616,0.16006708,19.5928,1
ZTF25abupdae,60989.4712269,2,18.4175,0.08820252,19.8312,1
ZTF25abupdae,60991.5261227,2,18.5035,0.08331849,19.8904,1
ZTF25abupdae,61003.4494329,2,18.6685,0.05327345,20.4451,1
ZTF25abupdae,61003.503206,1,19.4729,0.11011515,20.7886,1
ZTF25abupdae,61005.3862847,1,19.4814,0.09272322,20.2528,1
ZTF25abupdae,61005.4242708,2,18.6508,0.06861478,20.4147,1
ZTF25abupdae,61007.3442014,2,18.6967,0.04946472,20.3633,1
ZTF25abupdae,61007.3824306,1,19.4122,0.12381296,20.5036,1
ZTF25abupdae,61009.4079398,2,18.7744,0.067471325,20.4422,1
ZTF25abupdae,61011.3226042,1,19.2213,0.20643303,19.1765,1
ZTF25abupdae,61011.4043287,2,18.7848,0.09920665,19.8032,1
ZTF25abupdae,61014.3678935,2,18.9074,0.16407606,19.1306,1
ZTF25abupdae,61016.3059838,2,19.0094,0.17702329,19.0035,1
ZTF25abupdae,61016.3807523,1,19.4501,0.265818,19.1346,1
ZTF25abupdae,61020.4158565,1,19.7278,0.17394614,20.2699,1
ZTF25abupdae,61020.4628704,2,18.9463,0.077394955,20.2554,1
ZTF25abupdae,61022.3635648,2,18.9832,0.075792626,20.389,1
ZTF25abupdae,61022.3888889,1,19.6579,0.11689497,20.6241,1
ZTF25abupdae,61024.3897106,2,19.0687,0.100660585,20.5554,1
ZTF25abupdae,61026.4499306,1,19.5394,0.13987868,20.3547,1
ZTF25abupdae,61026.4784028,2,19.1454,0.082038015,20.5371,1
ZTF25abupdae,61031.3434375,1,19.7089,0.12388425,20.5672,1
ZTF25abupdae,61031.3894213,2,19.1221,0.09442648,20.6367,1
ZTF25abupdae,61038.3378356,2,19.2986,0.1295831,19.813,1
ZTF25abupdae,61038.4029051,1,19.7465,0.1681641,20.099,1
ZTF25abupdae,61050.3849421,1,19.9474,0.303362,19.6945,1
ZTF25abupdae,61052.3727431,1,20.308,0.269006,20.0957,1
ZTF25abupdae,61054.2797801,1,20.0842,0.16603781,20.076,1
ZTF25abupdae,61054.3709028,2,19.5293,0.12429956,20.2405,1
ZTF25abupdae,61056.2769097,2,19.5577,0.11854762,20.2514,1
ZTF25abupdae,61058.347419,2,19.6749,0.12823743,20.331,1
ZTF25abupdae,61058.3717593,1,20.0107,0.13392493,20.3547,1
ZTF25abupdae,61060.2997685,2,19.6125,0.12331512,20.4802,1
ZTF25abupdae,61060.3457176,1,20.0932,0.18799858,20.409,1
ZTF25abupdae,61065.3047685,1,20.1182,0.21439338,20.1968,1
ZTF25abupdae,61065.3417014,2,19.781,0.150198,20.2057,1
ZTF25abuqccu,60948.5296181,2,18.015,0.09518913,18.806,1
ZTF25abuqccu,60948.5347106,2,18.1802,0.17969093,18.037,1
ZTF25abuqccu,60951.5314699,2,18.2585,0.09235325,18.9403,1
ZTF25abuqccu,60951.5365046,2,18.4039,0.18508334,18.3206,1
ZTF25abuqccu,60953.5320949,2,18.2853,0.07680437,19.2733,1
ZTF25abuqccu,60953.5420023,2,18.0527,0.13997225,18.0883,1
ZTF25abuqccu,60954.5320486,2,18.3706,0.090477414,19.2948,1
ZTF25abuqccu,60954.5370023,2,18.3094,0.11973769,18.8044,1
ZTF25abuqccu,60954.541956,2,18.5154,0.20302376,18.049,1
ZTF25abuqccu,60955.5234028,2,18.2001,0.070208,19.2924,1
ZTF25abuqccu,60955.5273611,2,18.4053,0.078208,19.1903,1
ZTF25abuqccu,60955.5313079,2,18.3392,0.098573,19.1692,1
ZTF25abuqccu,60957.5227894,2,18.3639,0.097627,19.4238,1
ZTF25abuqccu,60957.5267477,2,18.4026,0.083479,19.4706,1
ZTF25abuqccu,60957.5306944,2,18.3659,0.08329777,19.4562,1
ZTF25abuqccu,60958.5278356,2,17.5583,0.224442,17.2533,1
ZTF25abuqccu,60959.5234606,2,18.3686,0.07533788,19.7561,1
ZTF25abuqccu,60959.527419,2,18.364,0.075989634,19.8313,1
ZTF25abuqccu,60959.5313773,2,18.402,0.091430165,19.7391,1
ZTF25abuqccu,60960.5235995,2,18.4403,0.094922476,19.848,1
ZTF25abuqccu,60960.5274653,2,18.3939,0.07138793,19.913,1
ZTF25abuqccu,60960.5313426,2,18.3997,0.0828323,19.8408,1
ZTF25abvbjre,60951.4070833,1,19.9719,0.15390106,20.5748,1
ZTF25abvbjre,60951.4075463,1,20.0485,0.227011,20.5915,1
ZTF25abvbjre,60951.4503588,2,19.3546,0.11658424,20.428,1
ZTF25abvbjre,60951.4793171,2,19.288,0.0937791,20.3318,1
ZTF25abvbjre,60953.3451042,1,19.3568,0.229436,19.6451,1
ZTF25abvbjre,60953.4042245,2,18.745,0.08904455,19.8485,1
ZTF25abvbjre,60954.2760764,1,19.1284,0.1574192,19.3517,1
ZTF25abvbjre,60954.3434028,2,18.5508,0.08057389,19.7833,1
ZTF25abvbjre,60955.3139005,2,18.4064,0.094206,19.292,1
ZTF25abvbjre,60957.339375,1,18.886,0.1686527,19.1991,1
ZTF25abvbjre,60959.4100579,1,18.7239,0.11261155,19.9594,1
ZTF25abvbjre,60961.2265856,2,18.0011,0.05098464,20.377,1
ZTF25abvbjre,60961.2662847,1,18.7565,0.0946522,20.4852,1
ZTF25abvbjre,60961.2667593,1,18.7691,0.06856282,20.5272,1
ZTF25abvbjre,60961.3965625,2,17.9686,0.056291856,20.6548,1
ZTF25abvbjre,60965.3096412,2,17.9442,0.062570795,20.2584,1
ZTF25abvbjre,60965.3759375,1,18.9297,0.12116714,20.3371,1
ZTF25abvbjre,60966.1978472,2,17.9472,0.06653412,20.0853,1
ZTF25abvbjre,60966.2569444,1,19.0025,0.09297693,20.4742,1
ZTF25abvbjre,60967.3098032,2,18.0448,0.0663183,20.3781,1
ZTF25abvbjre,60967.4005208,1,19.1659,0.14798751,20.3902,1
ZTF25abvbjre,60968.2575926,1,19.2784,0.09237753,20.6124,1
ZTF25abvbjre,60968.3274537,2,18.0899,0.06545338,20.705,1
ZTF25abvbjre,60969.3122222,2,18.184,0.0710089,20.4599,1
ZTF25abvbjre,60969.3383449,1,19.3905,0.12623738,20.6127,1
ZTF25abvbjre,60970.3834375,2,18.222,0.083384044,20.2006,1
ZTF25abvbjre,60971.3288079,1,19.6679,0.19225873,20.3027,1
ZTF25abvbjre,60971.3455671,2,18.2959,0.08214361,20.3372,1
ZTF25abvbjre,60973.2408565,2,18.4969,0.061545514,20.6381,1
ZTF25abvbjre,60973.2427315,2,18.5385,0.07863687,20.4876,1
ZTF25abvbjre,60973.3432407,1,19.7949,0.16377124,20.6769,1
ZTF25abvbjre,60975.1989815,2,18.7508,0.1063597,20.3869,1
ZTF25abvbjre,60975.3129282,1,20.1892,0.224913,20.4796,1
ZTF25abvbjre,60975.3567708,2,18.7141,0.089196496,20.3422,1
ZTF25abvbjre,60977.3476157,2,18.7866,0.09032866,20.2926,1
ZTF25abvbjre,60977.3480903,2,18.8236,0.10256411,20.2707,1
ZTF25abvbjre,60979.2751505,2,19.0088,0.14094776,20.2673,1
ZTF25abvbjre,60979.3911227,1,20.5941,0.236147,20.7198,1
ZTF25abvbjre,60981.2739583,2,19.2198,0.15764335,19.7939,1
ZTF25abvcnay,60950.4415972,2,19.3614,0.14694431,19.9811,1
ZTF25abvcnay,60950.504294,1,19.1182,0.11819013,20.3433,1
ZTF25abvcnay,60952.4889468,1,18.4461,0.084042035,20.0598,1
ZTF25abvcnay,60954.4697569,2,18.2209,0.08044225,19.5795,1
ZTF25abvcnay,60954.4889352,1,18.1299,0.09046553,19.4195,1
ZTF25abvcnay,60956.4720255,1,18.1049,0.119917,19.1819,1
ZTF25abvcnay,60956.5045833,2,18.045,0.057636164,19.6165,1
ZTF25abvcnay,60958.5163194,1,18.2893,0.09212482,19.652,1
ZTF25abvcnay,60964.4622338,1,18.833,0.11989529,19.9823,1
ZTF25abvcnay,60964.5040162,2,18.1499,0.06747073,20.1693,1
ZTF25abvcnay,60966.4697338,2,18.2137,0.06107137,20.1411,1
ZTF25abvcnay,60966.4875116,1,19.1307,0.11846342,20.3651,1
ZTF25abvcnay,60968.4084954,1,19.349,0.16863735,20.1303,1
ZTF25abvcnay,60968.4830208,2,18.3852,0.061187837,20.1895,1
ZTF25abvcnay,60970.4541319,2,18.5767,0.059763733,20.3426,1
ZTF25abvcnay,60970.4868634,1,19.5098,0.15822321,20.5621,1
ZTF25abvcnay,60973.4785417,2,18.7317,0.06880369,20.4327,1
ZTF25abvcnay,60973.5039352,1,19.8424,0.16159931,20.5478,1
ZTF25abvcnay,60975.5038657,2,18.8634,0.0961805,20.3663,1
ZTF25abvcnay,60978.4834259,2,19.2015,0.138995,20.2946,1
ZTF25abvcnay,60978.5090741,1,19.9961,0.192834,20.63,1
ZTF25abvcnay,60980.5075463,2,19.2995,0.1071183,20.5844,1
ZTF25abvcnay,60982.421956,2,19.2697,0.15336612,19.5718,1
ZTF25abvqjxe,60952.5219097,2,18.9711,0.13455692,19.5583,1
ZTF25abvqjxe,60952.5258565,2,19.0856,0.2017619,19.6061,1
ZTF25abvqjxe,60952.5298264,2,19.0872,0.22097,19.2703,1
ZTF25abvqjxe,60953.5219907,2,18.1726,0.09533277,19.5545,1
ZTF25abvqjxe,60953.5297222,2,18.2787,0.09100155,19.6125,1
ZTF25abvqjxe,60954.5222454,2,17.94,0.067968495,19.2243,1
ZTF25abvqjxe,60954.5261921,2,17.8581,0.054517753,19.3091,1
ZTF25abvqjxe,60954.5301505,2,17.964,0.07624376,19.2627,1
ZTF25abvqjxe,60955.5219907,2,17.8073,0.106767,19.146,1
ZTF25abvqjxe,60955.5259491,2,17.7865,0.07996258,19.2553,1
ZTF25abvqjxe,60955.5298958,2,17.7887,0.09962565,19.0682,1
ZTF25abvqjxe,60956.5212963,2,17.7111,0.055764038,19.2169,1
ZTF25abvqjxe,60956.5251968,2,17.6738,0.065451,19.225,1
ZTF25abvqjxe,60956.5291088,2,17.7326,0.056165032,19.3204,1
ZTF25abvqjxe,60957.5213773,2,17.7077,0.069449,19.5457,1
ZTF25abvqjxe,60957.5253356,2,17.6377,0.08701338,19.5352,1
ZTF25abvqjxe,60957.529294,2,17.6667,0.07984253,19.585,1
ZTF25abvqjxe,60958.5224769,2,17.6247,0.07039642,19.4155,1
ZTF25abvqjxe,60958.5264236,2,17.6013,0.062284686,19.4952,1
ZTF25abvqjxe,60959.5220486,2,17.6161,0.06150649,19.8779,1
ZTF25abvqjxe,60959.5220486,2,17.6161,0.06150649,19.8779,1
ZTF25abvqjxe,60959.5260069,2,17.6415,0.06153143,19.8922,1
ZTF25abvqjxe,60959.5260069,2,17.6415,0.06153143,19.8922,1
ZTF25abvqjxe,60959.5299653,2,17.6255,0.059792124,19.861,1
ZTF25abvqjxe,60959.5299653,2,17.6255,0.059792124,19.861,1
ZTF25abvqjxe,60966.4991551,1,17.8067,0.063071765,19.9639,1
ZTF25abvqjxe,60968.4992361,2,17.6509,0.065409765,19.9312,1
ZTF25abvqjxe,60968.5227662,1,17.864,0.059138812,20.0694,1
ZTF25abvqjxe,60970.4623611,2,17.6578,0.056431435,19.9526,1
ZTF25abvqjxe,60970.5055324,1,17.8728,0.044822883,20.195,1
ZTF25abvqjxe,60973.4661574,2,17.7019,0.06879919,20.0335,1
ZTF25abvqjxe,60973.520544,1,17.9608,0.05868491,20.3623,1
ZTF25abvqjxe,60977.475625,2,17.6635,0.06683,19.6495,1
ZTF25abvqjxe,60977.5078704,1,18.0493,0.055078,20.1447,1
ZTF25abvqjxe,60979.456713,2,17.7496,0.052517,20.3192,1
ZTF25abvqjxe,60979.5286343,1,18.0837,0.050534,20.5166,1
ZTF25abvqjxe,60982.4583449,2,17.5743,0.142197,17.91,1
ZTF25abvqjxe,60982.5071644,1,18.0901,0.096418,19.1374,1
ZTF25abvqjxe,60984.4795833,1,18.1335,0.117075,18.825,1
ZTF25abvqjxe,60984.5263542,1,18.1776,0.093778,19.1199,1
ZTF25abvqjxe,60985.496956,1,18.3032,0.08977404,19.3045,1
ZTF25abvqjxe,60985.540706,1,18.2965,0.07212096,19.5089,1
ZTF25abvqjxe,60987.4562963,1,18.29,0.07955528,19.4506,1
ZTF25abvqjxe,60987.5410417,2,17.8087,0.059090916,19.9198,1
ZTF25abvqjxe,60989.557662,1,18.3143,0.10251909,19.1181,1
ZTF25abvqjxe,61003.4540278,2,17.8895,0.0722017,20.3872,1
ZTF25abvqjxe,61005.4146065,1,18.5363,0.07585477,20.2016,1
ZTF25abvqjxe,61005.4809954,2,17.9139,0.050265823,20.2636,1
ZTF25abvqjxe,61007.4203241,1,18.4872,0.065440215,20.2499,1
ZTF25abvqjxe,61007.4648264,2,17.9397,0.053222634,20.3913,1
ZTF25abvqjxe,61009.420081,2,17.9142,0.050525002,20.2366,1
ZTF25abvqjxe,61011.4205556,2,17.9701,0.06272708,19.7281,1
ZTF25abvqjxe,61011.4960185,1,18.5505,0.07017358,20.2671,1
ZTF25abvqjxe,61014.3955093,2,17.9735,0.09975977,19.035,1
ZTF25abvqjxe,61014.4629051,1,18.5844,0.14638071,19.132,1
ZTF25abvqjxe,61016.4409375,1,18.6267,0.18667708,19.1202,1
ZTF25abvqjxe,61016.4666319,2,17.9067,0.09288225,19.0514,1
ZTF25abvqjxe,61020.4181713,1,18.5525,0.07597448,20.0496,1
ZTF25abvqjxe,61020.4819329,2,17.9417,0.049975105,20.1666,1
ZTF25abvqjxe,61022.4294213,1,18.5799,0.07564882,20.4165,1
ZTF25abvqjxe,61022.4617824,2,17.9666,0.06258649,20.3674,1
ZTF25abvqjxe,61025.4348611,1,18.5759,0.07216468,20.3244,1
ZTF25abvqjxe,61025.4452199,2,17.9809,0.054119006,20.4341,1
ZTF25abvqjxe,61027.3995139,2,17.9872,0.05956527,20.0646,1
ZTF25abvqjxe,61027.4351273,1,18.6015,0.079885185,20.3898,1
ZTF25abvqjxe,61029.4219213,2,17.9963,0.040778298,20.5634,1
ZTF25abvqjxe,61029.460463,1,18.659,0.07246806,20.5098,1
ZTF25abvqjxe,61031.4226968,2,18.0122,0.05525957,20.537,1
ZTF25abvqjxe,61031.4443403,1,18.6679,0.06814282,20.568,1
ZTF25abvqjxe,61038.383912,1,18.8947,0.10206666,19.9635,1
ZTF25abvqjxe,61038.4412153,2,18.1686,0.061095316,19.9581,1
ZTF25abvqjxe,61050.3808565,1,19.3879,0.224131,19.5976,1
ZTF25abvqjxe,61052.3539352,1,19.8659,0.1899978,20.1128,1
ZTF25abvqjxe,61052.4396181,2,18.8729,0.12091559,19.8022,1
ZTF25abvqjxe,61054.3771528,2,18.952,0.08605174,20.4471,1
ZTF25abvqjxe,61054.4234954,1,20.1405,0.16619512,20.2819,1
ZTF25abvqjxe,61056.3108565,2,19.2169,0.10474093,20.2894,1
ZTF25abvqjxe,61056.356713,1,20.0166,0.1814915,20.1386,1
ZTF25abvqjxe,61058.3778009,1,20.6164,0.20247489,20.2708,1
ZTF25abvqjxe,61060.3312269,2,19.4209,0.113999836,20.4373,1
ZTF25abvqjxe,61060.3776505,1,20.4453,0.20478034,20.415,1
ZTF25abvqjxe,61065.3523264,2,19.5857,0.12948543,20.3378,1
ZTF25abvqjxe,61068.335081,2,19.6345,0.13926123,20.1611,1
ZTF25abvqjxe,61075.3972222,2,19.5356,0.20803596,19.3237,1
ZTF25abvqjxe,61077.3170255,2,19.7947,0.16636886,19.8713,1
ZTF25abvqjxe,61080.3437616,2,19.7968,0.14500993,20.3884,1
ZTF25abvqjxe,61080.3446991,2,19.6583,0.12556966,20.3802,1
ZTF25abvqjxe,61085.3530903,1,20.7777,0.268658,20.3876,1
ZTF25abvqjxe,61085.3797685,3,20.0737,0.235198,19.9493,1
ZTF25abvqjxe,61086.2507292,2,19.7439,0.18112235,20.194,1
ZTF25abvqjxe,61087.250081,3,19.6946,0.231548,19.4403,1
ZTF25abvqjxe,61094.3730093,3,19.8118,0.2130044,19.7518,1
ZTF25abvqjxe,61096.243044,2,19.8243,0.182212,19.8312,1
ZTF25abvqjxe,61097.2971528,2,19.8034,0.16566946,20.0653,1
ZTF25abvqjxe,61098.3191898,2,19.8583,0.21711473,19.9908,1
ZTF25abvqjxe,61105.2683565,3,19.8324,0.30026,19.4398,1
ZTF25abvqjxe,61105.3823958,2,19.563,0.21621351,19.3497,1
ZTF25abvqjxe,61108.1784028,2,19.9956,0.1642844,20.1312,1
ZTF25abvqjxe,61111.2689468,3,19.9826,0.28155,20.0251,1
ZTF25abvqjxe,61112.2608102,3,20.1335,0.303477,19.7369,1
ZTF25abvqjxe,61113.2081134,1,20.9718,0.277784,20.5039,1
ZTF25abvqjxe,61114.29625,3,19.9251,0.235807,19.9242,1
ZTF25abvqjxe,61114.3404861,2,19.9086,0.178536,20.2943,1
ZTF25abvqjxe,61115.2781134,2,19.8674,0.15822263,20.4074,1
ZTF25abvqjxe,61116.2286574,2,19.8609,0.175747,20.4717,1
ZTF25abvqjxe,61116.2409954,3,20.1157,0.29844,19.9511,1
ZTF25abvqjxe,61117.2798148,2,19.9956,0.14425471,20.5331,1
ZTF25abvqjxe,61118.3046875,2,20.0043,0.17637171,20.487,1
ZTF25abvqjxe,61119.1900463,2,19.9136,0.16175269,20.3182,1
ZTF25abvqjxe,61119.2813889,1,20.9681,0.301003,20.5252,1
ZTF25abvqjxe,61120.2982292,2,20.065,0.17944072,20.5008,1
ZTF25abvqjxe,61121.2783565,3,20.2269,0.314854,19.9406,1
ZTF25abvqjxe,61121.3015856,2,19.8117,0.239753,19.836,1
ZTF25abvqjxe,61123.1856019,2,20.0163,0.15423878,20.4667,1
ZTF25abvqjxe,61124.185625,2,20.1298,0.2133191,20.3271,1
ZTF25abvqjxe,61124.3625926,3,19.9134,0.217622,19.6902,1
ZTF25abvqjxe,61125.1922685,2,20.0655,0.206239,20.0451,1
ZTF25abvqjxe,61125.2657523,3,20.0517,0.292317,19.6788,1
ZTF25abvqjxe,61126.1627662,2,19.8586,0.219561,20.0094,1
ZTF25abvqjxe,61132.2569907,2,19.9153,0.248027,19.5254,1
ZTF25abvqjxe,61137.1709259,2,20.0251,0.152147,20.3842,1
ZTF25abvqjxe,61138.1493634,2,20.3595,0.239752,20.1601,1
ZTF25abvqjxe,61139.1706481,2,20.2497,0.208937,20.2832,1
ZTF25abvqjxe,61145.1649884,3,20.3898,0.315836,19.9295,1
ZTF25abvqjxe,61146.2226042,2,20.21,0.2152183,20.3017,1
ZTF25abvuktq,60953.5229282,2,19.6314,0.20199516,19.627,1
ZTF25abvuktq,60953.526794,2,19.8703,0.225957,19.6325,1
ZTF25abvuktq,60953.5306713,2,19.8368,0.269605,19.3386,1
ZTF25abvuktq,60953.5311343,2,19.6654,0.232438,19.3235,1
ZTF25abvuktq,60955.5229398,2,19.0898,0.176508,19.1939,1
ZTF25abvuktq,60955.5268866,2,18.9982,0.187835,19.2519,1
ZTF25abvuktq,60956.5227431,2,18.7419,0.172275,19.1608,1
ZTF25abvuktq,60956.5266435,2,18.6335,0.121638,19.2151,1
ZTF25abvuktq,60956.5305556,2,18.7295,0.12731487,19.1703,1
ZTF25abvuktq,60957.5223148,2,18.5348,0.095742,19.4085,1
ZTF25abvuktq,60957.5262731,2,18.3745,0.072478,19.4908,1
ZTF25abvuktq,60957.5302315,2,18.5317,0.106861666,19.5135,1
ZTF25abvuktq,60958.5234144,2,18.1571,0.179923,18.245,1
ZTF25abvuktq,60959.5229861,2,18.0878,0.062033426,19.7295,1
ZTF25abvuktq,60959.5269444,2,18.0079,0.06956273,19.7669,1
ZTF25abvuktq,60959.5309028,2,18.0149,0.05852041,19.6994,1
ZTF25abvuktq,60960.523125,2,17.862,0.049623676,19.7817,1
ZTF25abvuktq,60960.5270023,2,17.8721,0.046876673,19.8481,1
ZTF25abvuktq,60960.5308681,2,17.7908,0.052052204,19.8238,1
ZTF25abvuktq,60961.5239583,2,17.7886,0.068392344,19.8892,1
ZTF25abvuktq,60961.5279282,2,17.7145,0.07251409,19.8354,1
ZTF25abvuktq,60961.5318981,2,17.6986,0.07984711,19.8747,1
ZTF25abvuktq,60966.4972685,1,17.6667,0.06725636,19.914,1
ZTF25abvuktq,60968.4982986,2,17.4438,0.050783917,19.8411,1
ZTF25abvuktq,60968.5194329,1,17.6471,0.06890721,20.2094,1
ZTF25abvuktq,60970.4632986,2,17.4849,0.052271884,19.8729,1
ZTF25abvuktq,60970.507419,1,17.7196,0.06326419,20.2986,1
ZTF25abvuktq,60973.4670949,2,17.5496,0.050719917,20.0153,1
ZTF25abvuktq,60973.5229051,1,17.805,0.0699116,20.4427,1
ZTF25abvuktq,60977.5,2,17.7645,0.073042,19.5319,1
ZTF25abvuktq,60977.5227662,1,18.1176,0.078286,20.0629,1
ZTF25abvuktq,60979.476956,2,17.9037,0.071699,20.1349,1
ZTF25abvuktq,60979.5281597,1,18.2463,0.110892,20.2448,1
ZTF25abvuktq,60980.4970486,1,18.5474,0.098729,20.3954,1
ZTF25abvuktq,60982.4570602,2,18.0165,0.132525,18.4548,1
ZTF25abvuktq,60984.4446875,1,18.581,0.18066578,18.8113,1
ZTF25abvuktq,60985.4956713,1,18.9136,0.21296906,19.3796,1
ZTF25abvuktq,60985.5389352,1,18.8563,0.15520187,19.6402,1
ZTF25abvuktq,60987.4567708,1,19.0752,0.17053892,19.606,1
ZTF25abvuktq,60987.5391551,2,18.1428,0.06138065,19.9816,1
ZTF25abvuktq,61002.5541319,1,19.9451,0.258712,20.1596,1
ZTF25abvuktq,61003.4535532,2,18.9576,0.13366637,20.4178,1
ZTF25abvuktq,61005.4633565,2,19.0118,0.096371755,20.295,1
ZTF25abvuktq,61005.5065162,1,20.3424,0.288112,20.1739,1
ZTF25abvuktq,61007.4216204,1,20.2265,0.19676985,20.4824,1
ZTF25abvuktq,61007.4653009,2,19.1508,0.11296542,20.4531,1
ZTF25abvuktq,61009.4367708,2,19.2753,0.1179248,20.3562,1
ZTF25abvuktq,61009.4791319,1,20.3425,0.230058,20.5696,1
ZTF25abvuktq,61011.4210185,2,19.2902,0.15521255,19.8886,1
ZTF25abvuktq,61016.5011806,2,19.3993,0.282421,19.4638,1
ZTF25abvuktq,61021.3601852,1,20.4173,0.41282,19.9023,1
ZTF25abvuktq,61021.4621875,2,19.8962,0.18692273,20.16,1
ZTF25abvuktq,61021.5014236,2,19.6453,0.242137,20.1057,1
ZTF25abvuktq,61024.4003704,2,19.614,0.15566774,20.463,1
ZTF25abvuktq,61024.458588,1,20.5532,0.284147,20.6448,1
ZTF25abvuktq,61026.4976157,2,19.9955,0.17630659,20.1441,1
ZTF25abvuktq,61026.4980787,2,19.8454,0.180024,20.2772,1
ZTF25abvuktq,61030.5052778,2,19.8888,0.14799295,20.4908,1
ZTF25abvuktq,61030.5057523,2,20.0815,0.1348836,20.6553,1
ZTF25abweqoj,60956.5202894,2,18.7594,0.156435,19.2891,1
ZTF25abweqoj,60956.5280903,2,18.5456,0.09752766,19.4161,1
ZTF25abweqoj,60961.4774653,2,18.5966,0.086771786,19.9278,1
ZTF25abweqoj,60961.5104051,1,19.151,0.16376992,19.7434,1
ZTF25abweqoj,60966.4730208,2,18.4959,0.082450934,19.9786,1
ZTF25abweqoj,60966.496331,1,19.2797,0.1382457,20.0449,1
ZTF25abweqoj,60968.4968866,2,18.6636,0.096457906,20.1147,1
ZTF25abweqoj,60968.5180324,1,19.7122,0.15422583,20.3788,1
ZTF25abweqoj,60970.4642477,2,18.5693,0.09020035,19.9898,1
ZTF25abweqoj,60973.4756944,2,18.9554,0.10829624,20.3105,1
ZTF25abweqoj,60975.5168287,2,19.0434,0.13553047,20.2064,1
ZTF25abwjtwc,60960.340162,2,18.5712,0.05736912,19.9682,1
ZTF25abwjtwc,60960.3837153,1,19.0246,0.09179226,19.9056,1
ZTF25abwjtwc,60964.3668866,1,17.3394,0.050241046,19.6444,1
ZTF25abwjtwc,60966.3244097,1,16.9523,0.02908043,20.2956,1
ZTF25abwjtwc,60966.384375,2,16.8196,0.023980677,19.9791,1
ZTF25abwjtwc,60968.3148611,2,16.5809,0.025632415,20.425,1
ZTF25abwjtwc,60968.3592708,1,16.7017,0.029421693,20.278,1
ZTF25abwjtwc,60970.3140625,1,16.7875,0.04426842,19.5394,1
ZTF25abwjtwc,60970.3939815,2,16.7153,0.03230125,19.4097,1
ZTF25abwjtwc,60973.2538889,2,16.1589,0.030517526,20.42,1
ZTF25abwjtwc,60973.3189352,1,16.4663,0.028079877,20.6876,1
ZTF25abwjtwc,60975.3157639,1,16.5163,0.02459493,20.2754,1
ZTF25abwjtwc,60975.3602083,2,16.1092,0.023047252,20.3344,1
ZTF25abwjtwc,60977.2983449,1,16.5687,0.028956566,20.4772,1
ZTF25abwjtwc,60977.3348032,2,16.0719,0.027628534,20.3544,1
ZTF25abwjtwc,60979.2727315,2,16.0905,0.0324229,19.9903,1
ZTF25abwjtwc,60979.344294,1,16.63,0.038981512,20.2243,1
ZTF25abwjtwc,60981.3377315,2,16.0973,0.02574253,19.7813,1
ZTF25abwjtwc,60983.2067593,1,16.8628,0.03782778,19.1394,1
ZTF25abwjtwc,60983.3401505,2,16.1547,0.024920424,19.3072,1
ZTF25abwjtwc,60985.3001852,1,17.0913,0.044399045,19.1976,1
ZTF25abwjtwc,60985.3738773,1,17.0689,0.038110018,19.0692,1
ZTF25abwjtwc,60986.2517014,1,17.1166,0.043482658,19.3452,1
ZTF25abwjtwc,60986.3146412,2,16.2581,0.03051102,19.6922,1
ZTF25abwjtwc,60987.2168981,1,17.1714,0.05620967,19.5142,1
ZTF25abwjtwc,60987.2903356,2,16.3101,0.031109301,20.0327,1
ZTF25abwjtwc,60989.1848958,2,16.3481,0.031301975,20.0414,1
ZTF25abwjtwc,60989.2834028,1,17.387,0.037789695,19.8517,1
ZTF25abwjtwc,60991.3081019,2,16.507,0.036810912,19.5428,1
ZTF25abwjtwc,61003.342662,2,17.0188,0.02630194,20.0759,1
ZTF25abwjtwc,61004.1899074,1,18.1123,0.049993314,20.021,1
ZTF25abwjtwc,61004.2104977,2,17.0276,0.031305723,19.9271,1
ZTF25abwjtwc,61006.2331481,2,17.1203,0.062142584,18.3905,1
ZTF25abwjtwc,61006.2531597,1,18.3416,0.09858839,19.6904,1
ZTF25abwjtwc,61008.1900694,1,18.2708,0.06627132,19.6732,1
ZTF25abwjtwc,61008.2742593,2,17.1703,0.029633425,19.7916,1
ZTF25abwjtwc,61010.2770255,2,17.2158,0.0391235,19.3593,1
ZTF25abwjtwc,61013.1897454,2,17.2336,0.063269675,18.7767,1
ZTF25abwjtwc,61013.2551042,1,18.3531,0.1751173,18.4687,1
ZTF25abwjtwc,61015.1784722,2,17.3123,0.0382671,19.7169,1
ZTF25abwjtwc,61015.209537,1,18.3999,0.08825822,19.4343,1
ZTF25abwjtwc,61017.21,2,17.4324,0.039876368,20.0866,1
ZTF25abwjtwc,61021.1470023,1,18.5351,0.06342969,20.2962,1
ZTF25abwjtwc,61021.2009375,2,17.4789,0.04665873,20.2937,1
ZTF25abwjtwc,61023.1409606,1,18.3549,0.11297961,19.5111,1
ZTF25abwjtwc,61023.1874306,2,17.4916,0.049687237,20.3696,1
ZTF25abwjtwc,61025.1702546,1,18.5185,0.075298734,20.2037,1
ZTF25abwjtwc,61025.2347454,2,17.5533,0.04115155,19.9635,1
ZTF25abwjtwc,61027.1493519,2,17.5989,0.045318853,20.1959,1
ZTF25abwjtwc,61027.1704745,1,18.5072,0.067840524,20.124,1
ZTF25abwjtwc,61029.1547569,1,18.5396,0.06943354,20.1236,1
ZTF25abwjtwc,61029.1728472,2,17.6573,0.041869648,20.0917,1
ZTF25abwjtwc,61031.1737616,2,17.6458,0.034407783,20.3265,1
ZTF25abwjtwc,61031.1893171,1,18.6709,0.08518202,20.1302,1
ZTF25abwjtwc,61038.1824884,1,18.6483,0.13394816,19.0619,1
ZTF25abwjtwc,61038.2237616,2,17.8447,0.08619143,19.0229,1
ZTF25abwjtwc,61051.1778935,1,18.6461,0.1462802,19.445,1
ZTF25abwjtwc,61053.1925463,2,18.0692,0.07067382,19.5201,1
ZTF25abwjtwc,61057.1060185,2,17.9575,0.07226796,18.9794,1
ZTF25abwjtwc,61059.1468981,2,18.2133,0.065508686,20.3402,1
ZTF25abwjtwc,61059.1903356,1,18.8421,0.09361387,20.0251,1
ZTF25abwjtwc,61066.1265856,1,18.7267,0.146777,19.0564,1
ZTF25abwjtwc,61070.1093056,1,18.8828,0.16815414,18.8422,1
ZTF25abwjtwc,61072.1510069,2,18.3544,0.1198346,18.9604,1
ZTF25abwjtwc,61073.127338,1,18.8925,0.1425885,19.1087,1
ZTF25abwjtwc,61073.1567361,2,18.3617,0.06973569,19.2446,1
ZTF25abwjtwc,61075.1199537,1,19.1582,0.10718997,19.8068,1
ZTF25abwkieo,60959.3561806,2,17.718,0.056707356,19.6476,1
ZTF25abwkieo,60959.3971875,1,17.6075,0.04602284,19.7695,1
ZTF25abwkieo,60961.3719329,1,17.29,0.052331652,20.004,1
ZTF25abwkieo,60961.4187616,2,17.3565,0.053246167,20.307,1
ZTF25abwkieo,60966.3344097,1,16.994,0.03420607,20.2152,1
ZTF25abwkieo,60968.3764005,1,17.0227,0.039226055,20.3596,1
ZTF25abwkieo,60970.3982292,2,16.8905,0.049439277,20.4883,1
ZTF25abwkieo,60974.3662384,1,17.1673,0.045611706,20.4485,1
ZTF25abwkieo,60974.4632292,2,16.8352,0.034472518,20.0358,1
ZTF25abwkieo,60976.3193171,2,16.9065,0.026185,20.0431,1
ZTF25abwkieo,60978.3562269,1,17.3359,0.04546,20.3482,1
ZTF25abwkieo,60978.4437731,2,16.8316,0.037286,20.261,1
ZTF25abwkieo,60980.3981134,2,16.8564,0.0361,20.4558,1
ZTF25abwkieo,60980.4787616,1,17.4519,0.038599,20.2749,1
ZTF25abwkieo,60983.3601968,1,17.615,0.06616474,19.3696,1
ZTF25abwkieo,60983.4125463,2,16.8756,0.032842357,19.7567,1
ZTF25abwkieo,60985.375787,1,17.7715,0.06051182,19.1525,1
ZTF25abwkieo,60986.3785185,2,16.8886,0.03610644,19.536,1
ZTF25abwkieo,60986.4198264,1,17.7662,0.053552624,19.1807,1
ZTF25abwkieo,60987.3389699,2,16.9002,0.029874535,19.8783,1
ZTF25abwkieo,60988.3373958,2,16.9245,0.031882595,19.7891,1
ZTF25abwkieo,60988.3633218,1,17.9805,0.07863677,19.4136,1
ZTF25abwkieo,60989.3365278,1,18.0092,0.058773775,19.97,1
ZTF25abwkieo,60989.3875579,2,16.936,0.03694819,19.9381,1
ZTF25abwkieo,60990.3355903,2,16.9851,0.042358365,19.7648,1
ZTF25abwkieo,60990.3579167,1,18.0971,0.15328807,18.5716,1
ZTF25abwkieo,60999.4107523,2,17.2302,0.04615436,20.0204,1
ZTF25abwkieo,61006.2731597,1,19.0989,0.110087335,20.1518,1
ZTF25abwkieo,61006.3357986,2,17.4485,0.040575802,20.134,1
ZTF25abwkieo,61013.2329051,1,19.0375,0.219364,18.735,1
ZTF25abwkieo,61016.271088,2,17.7535,0.07975886,19.1468,1
ZTF25abwkieo,61020.2323264,2,17.9571,0.0545907,20.0445,1
ZTF25abwkieo,61020.2734375,1,19.733,0.21283896,20.0412,1
ZTF25abwkieo,61021.2552894,2,17.958,0.05364992,20.1911,1
ZTF25abwkieo,61021.2996875,1,19.9425,0.2167401,20.1831,1
ZTF25abwkieo,61023.2254282,2,18.0567,0.058537718,20.5445,1
ZTF25abwkieo,61023.2510069,1,20.0296,0.18491662,20.5352,1
ZTF25abwkieo,61025.1893056,1,19.8571,0.19976965,20.0909,1
ZTF25abwkieo,61025.2547569,2,18.1368,0.0649325,19.9287,1
ZTF25abwkieo,61027.2123264,1,20.0533,0.20111625,20.1184,1
ZTF25abwkieo,61027.3350463,2,18.2242,0.06915134,19.9453,1
ZTF25abwkieo,61029.1998148,2,18.2534,0.05201571,20.1019,1
ZTF25abwkieo,61029.2290972,1,20.242,0.238733,20.3412,1
ZTF25abwkieo,61031.1653588,2,18.3357,0.057068378,20.5013,1
ZTF25abwkieo,61031.2100694,1,20.3391,0.24119,20.4108,1
ZTF25abwkieo,61037.2525694,2,18.5504,0.09631374,19.5361,1
ZTF25abwkieo,61049.3172917,2,18.9851,0.1325676,19.3979,1
ZTF25abwkieo,61053.1882755,2,19.3516,0.16398655,19.7551,1
ZTF25abwkieo,61055.2531944,2,19.4006,0.12698139,19.8203,1
ZTF25abwkieo,61057.1262037,2,19.3864,0.190484,19.4101,1
ZTF25abwkieo,61059.1844676,2,19.5106,0.08920918,20.4184,1
ZTF25abwkieo,61071.1930208,2,19.5125,0.287756,19.1264,1
ZTF25abwkieo,61075.1901736,2,19.934,0.270262,19.6478,1
ZTF25abwkieo,61079.1278356,2,19.9676,0.1943426,20.1219,1
ZTF25abwkieo,61080.1666319,2,19.9036,0.16279902,20.1669,1
ZTF25abwkieo,61094.1310301,2,20.072,0.1551868,20.0934,1
ZTF25abwnnkt,60960.124456,1,19.9023,0.192816,20.4579,1
ZTF25abwnnkt,60960.124456,1,19.9023,0.1928162,20.4579,1
ZTF25abwnnkt,60965.1114815,2,19.0253,0.1152129,20.2869,1
ZTF25abwnnkt,60965.2072338,1,18.6578,0.13679992,19.2873,1
ZTF25abwnnkt,60967.1201968,2,18.8731,0.16417395,19.9093,1
ZTF25abwnnkt,60967.1550579,1,18.6425,0.11553293,19.7012,1
ZTF25abwnnkt,60969.1190856,2,18.7141,0.081823006,20.219,1
ZTF25abwnnkt,60969.1631134,1,18.5326,0.08933593,19.9223,1
ZTF25abwnnkt,60972.1217593,1,18.5597,0.0863776,20.0744,1
ZTF25abwnnkt,60972.1729282,2,18.7743,0.105635,19.582,1
ZTF25abwnnkt,60974.1763194,1,18.4402,0.11412972,19.3866,1
ZTF25abwnnkt,60976.102662,2,18.6347,0.1112057,19.7535,1
ZTF25abwnnkt,60976.1753241,1,18.5883,0.188273,18.9359,1
ZTF25abwnnkt,60978.1104398,1,18.7593,0.16381611,19.6157,1
ZTF25abwnnkt,60978.1347685,2,18.7513,0.13784954,19.7567,1
ZTF25abwnnkt,60980.1031597,2,18.7509,0.10375925,19.792,1
ZTF25abwnnkt,60980.1626505,1,18.7495,0.16360064,19.1327,1
ZTF25abwnnkt,60985.074375,1,19.204,0.259855,18.9682,1
ZTF25abwnnkt,60987.1095486,1,19.2569,0.15971944,19.9313,1
ZTF25abwnnkt,60989.0914236,2,19.3829,0.17399138,19.8233,1
ZTF25abwnnkt,60989.1121296,1,19.636,0.21034099,19.6808,1
ZTF25abwnsol,60960.1404977,2,19.6483,0.14441468,20.3726,1
ZTF25abwnsol,60960.2446991,1,19.9579,0.320582,20.0516,1
ZTF25abwnsol,60965.214456,1,19.7082,0.2109056,20.1829,1
ZTF25abwnsol,60965.2623264,2,19.4059,0.14735208,19.9291,1
ZTF25abwnsol,60967.1802315,1,19.8619,0.18485828,20.2867,1
ZTF25abwnsol,60967.2639352,2,19.5642,0.2062798,19.8386,1
ZTF25abwnsol,60969.1102083,2,19.51,0.12110111,20.5305,1
ZTF25abwnsol,60969.240787,1,19.8433,0.228898,20.203,1
ZTF25abwnsol,60972.1383796,1,19.8665,0.15717213,20.3269,1
ZTF25abwnsol,60972.1636458,2,19.5573,0.15514171,20.035,1
ZTF25abwnsol,60974.1595833,1,19.8139,0.1893626,20.1434,1
ZTF25abwnsol,60976.1371991,2,19.5421,0.1545598,20.1943,1
ZTF25abwnsol,60978.143287,2,19.4784,0.11502185,20.2898,1
ZTF25abwnsol,60978.2422685,1,19.9159,0.324043,19.7956,1
ZTF25abwnsol,60980.1090162,2,19.5104,0.1550079,20.1586,1
ZTF25abwnsol,60980.154537,1,20.0209,0.316824,19.7937,1
ZTF25abwnsol,60986.157963,2,19.4917,0.19001779,19.9365,1
ZTF25abwnsol,60988.0952431,2,19.5932,0.12772954,20.4271,1
ZTF25abwnsol,60990.0953588,2,19.6475,0.210265,19.9636,1
ZTF25abwnsol,60990.1424306,1,20.5158,0.327857,20.2275,1
ZTF25abwnsol,61015.1637269,2,19.3645,0.20310757,19.4262,1
ZTF25abwnsol,61017.1513426,2,19.792,0.173793,20.189,1
ZTF25abwnsol,61020.0926968,2,19.5582,0.15019552,19.9769,1
ZTF25abwnsol,61022.0962269,2,19.8568,0.20903091,19.7356,1
ZTF25abwnsol,61024.0973958,1,20.0457,0.19440962,20.3292,1
ZTF25abwnsol,61024.1431019,2,19.6242,0.18631822,19.8761,1
ZTF25abwophe,60960.2047454,1,20.3083,0.2139404,20.5768,1
ZTF25abwophe,60960.3481481,2,19.7069,0.18881524,19.875,1
ZTF25abwophe,60965.2289468,1,19.9583,0.18719167,20.4802,1
ZTF25abwophe,60965.2603935,2,19.1201,0.10875798,20.1476,1
ZTF25abwophe,60967.2159375,1,19.7008,0.1361397,20.5129,1
ZTF25abwophe,60967.2615278,2,19.0303,0.08079469,20.3063,1
ZTF25abwophe,60969.2205093,1,19.6982,0.1331645,20.6382,1
ZTF25abwophe,60969.2571528,2,19.0276,0.07347257,20.4214,1
ZTF25abwophe,60972.2009838,2,18.8365,0.09202491,20.3765,1
ZTF25abwophe,60972.268831,1,19.7172,0.15770906,20.1564,1
ZTF25abwophe,60974.1995486,1,19.6554,0.14899941,20.4718,1
ZTF25abwophe,60974.2446991,2,18.8927,0.09458077,20.1212,1
ZTF25abwophe,60976.1964699,1,19.9969,0.257629,20.0778,1
ZTF25abwophe,60976.326412,2,18.8539,0.12723045,19.5631,1
ZTF25abwophe,60978.1632292,2,18.7886,0.079994574,20.4238,1
ZTF25abwophe,60978.2556481,1,19.8495,0.24345,20.0593,1
ZTF25abwophe,60980.1371759,2,18.9111,0.08507377,20.1101,1
ZTF25abwophe,60980.1813657,1,19.8996,0.236637,19.829,1
ZTF25abwophe,60986.1609491,2,19.044,0.096229136,20.0089,1
ZTF25abwophe,60988.0900231,2,19.1845,0.09517248,20.4909,1
ZTF25abwophe,60990.1098148,2,19.3358,0.11401662,20.1358,1
ZTF25abwophe,60990.1603125,1,20.7671,0.285475,20.4791,1
ZTF25abwophe,61005.1815394,2,19.8282,0.18024902,20.0617,1
ZTF25abwophe,61009.0984144,2,19.8249,0.15615802,20.221,1
ZTF25abwophe,61011.0940972,2,19.8715,0.283592,19.5902,1
ZTF25abwophe,61015.1589815,2,19.9902,0.229975,19.7296,1
ZTF25abwophe,61021.0904514,2,20.0956,0.1546789,20.5513,1
ZTF25abwophe,61030.1348148,2,20.2569,0.15741114,20.3942,1
ZTF25abwwabv,60960.2544213,1,20.6727,0.320127,20.2963,1
ZTF25abwwabv,60964.3496644,1,19.2772,0.15964884,20.002,1
ZTF25abwwabv,60966.1919676,2,19.2851,0.11376065,20.2333,1
ZTF25abwwabv,60966.2271991,1,19.0469,0.10810553,20.5417,1
ZTF25abwwabv,60968.2326852,1,18.7617,0.094862334,20.649,1
ZTF25abwwabv,60968.296713,2,19.0084,0.073990494,20.6555,1
ZTF25abwwabv,60970.196412,2,18.7166,0.07532357,20.4804,1
ZTF25abwwabv,60972.2349306,2,18.6766,0.066285685,20.4183,1
ZTF25abwwabv,60972.2969792,1,18.5374,0.06982502,20.4047,1
ZTF25abwwabv,60974.2562616,2,18.7495,0.08040502,20.4008,1
ZTF25abwwabv,60974.3179282,1,18.5736,0.08900846,20.2074,1
ZTF25abwwabv,60976.2494213,1,18.6906,0.094358,20.1575,1
ZTF25abwwabv,60976.2564005,2,18.7799,0.079371,20.0903,1
ZTF25abwwabv,60978.1980787,2,18.8256,0.079163,20.3861,1
ZTF25abwwabv,60978.3479398,1,18.7916,0.101258,20.5129,1
ZTF25abwwabv,60980.2553935,1,18.791,0.102489,20.0352,1
ZTF25abwwabv,60980.3119097,2,18.8383,0.075996,20.0472,1
ZTF25abwwabv,60984.2121181,1,18.8356,0.158125,19.0482,1
ZTF25abwwabv,60984.2478009,1,19.0588,0.17670996,19.1795,1
ZTF25abwwabv,60986.1932407,1,19.0713,0.13047968,19.6975,1
ZTF25abwwabv,60986.3373958,2,18.8813,0.09005059,19.7787,1
ZTF25abwwabv,60988.2666435,2,19.0246,0.10359396,19.9199,1
ZTF25abwwabv,60988.3129514,1,19.1573,0.1443539,19.7028,1
ZTF25abwwabv,60990.1855556,1,19.314,0.135127,20.5739,1
ZTF25abwwabv,60990.1855556,1,19.314,0.13512698,20.5739,1
ZTF25abwwabv,60990.2374074,2,19.0705,0.07800951,20.5119,1
ZTF25abwwabv,60992.2598148,1,19.2899,0.107211754,20.4816,1
ZTF25abwwabv,61004.1418403,2,19.3298,0.08761098,20.3562,1
ZTF25abwwabv,61004.1699884,1,19.9651,0.173014,20.5421,1
ZTF25abwwabv,61006.1083102,1,19.8523,0.236577,20.0314,1
ZTF25abwwabv,61006.172338,2,19.3708,0.15029131,20.0071,1
ZTF25abwwabv,61008.2109606,1,19.8372,0.244414,19.8867,1
ZTF25abwwabv,61013.1738657,2,19.3869,0.322394,18.8341,1
ZTF25abwwabv,61015.181875,2,19.6215,0.16991727,19.9865,1
ZTF25abwwabv,61017.1863079,2,19.7972,0.14675818,20.3676,1
ZTF25abwwabv,61021.1646412,1,20.5117,0.27617,20.5625,1
ZTF25abwwabv,61021.1770718,2,19.7768,0.13467994,20.4646,1
ZTF25abwwabv,61023.128125,1,20.4557,0.281543,20.1789,1
ZTF25abwwabv,61027.1766782,1,20.5505,0.264805,20.323,1
ZTF25abwwabv,61029.0968981,1,20.7141,0.335842,20.4447,1
ZTF25abwwabv,61029.1312847,2,20.0052,0.16833708,20.3878,1
ZTF25abxcfzb,60961.4769907,2,20.0119,0.21202677,20.0581,1
ZTF25abxcfzb,60961.5108681,1,20.0333,0.239741,19.9961,1
ZTF25abxcfzb,60966.4734954,2,20.0352,0.18354964,20.2639,1
ZTF25abxcfzb,60966.4885185,1,19.7937,0.13227671,20.2778,1
ZTF25abxcfzb,60968.5175579,1,19.9827,0.14997242,20.5824,1
ZTF25abxcfzb,60970.4517708,2,19.9185,0.21704838,20.0762,1
ZTF25abxcfzb,60973.5177199,1,20.0423,0.14251399,20.7236,1
ZTF25abxcfzb,60975.4541782,1,20.158,0.18236446,20.4758,1
ZTF25abxcfzb,60975.4994097,2,20.2828,0.253207,20.4037,1
ZTF25abxcfzb,60977.5201157,1,20.1312,0.16979979,20.3913,1
ZTF25abxcfzb,60979.5134144,1,20.2777,0.1473564,20.7583,1
ZTF25abxcfzb,60981.4935764,1,20.1882,0.17254263,20.6266,1
ZTF25abxcfzb,60986.5455324,2,20.0144,0.205613,19.8949,1
ZTF25abxcfzb,60988.524838,2,20.063,0.252393,19.9781,1
ZTF25abxcfzb,61004.4854514,2,19.9588,0.1707218,20.615,1
ZTF25abxcfzb,61006.4678935,1,20.9052,0.296264,20.5139,1
ZTF25abxcfzb,61008.444294,1,20.816,0.255959,20.7208,1
ZTF25abxcfzb,61010.4765625,1,20.8387,0.274589,20.7422,1
ZTF25abxcfzb,61017.4942708,2,19.9825,0.25814,20.027,1
ZTF25abxcfzb,61021.4077315,1,20.6286,0.250979,20.4136,1
ZTF25abxcfzb,61021.4631481,2,19.9914,0.17056762,20.4613,1
ZTF25abxcfzb,61024.4371181,1,20.8499,0.19901974,20.9313,1
ZTF25abxcfzb,61029.4556366,1,20.8242,0.229901,20.8934,1
ZTF25abxcfzb,61031.4289583,2,19.8872,0.12392429,20.8087,1
ZTF25abxcfzb,61038.4568403,2,19.9611,0.18542625,20.216,1
ZTF25abxcfzb,61056.2977778,2,20.1385,0.1758165,20.5192,1
ZTF25abxdhkl,60964.3678356,1,19.0303,0.14712732,19.9441,1
ZTF25abxdhkl,60966.3820255,2,18.0914,0.059492823,20.1827,1
ZTF25abxdhkl,60968.3162731,2,17.7342,0.05034452,20.3981,1
ZTF25abxdhkl,60968.3587963,1,18.0942,0.064701356,20.2213,1
ZTF25abxdhkl,60973.2869329,2,17.3277,0.049943816,20.4151,1
ZTF25abxdhkl,60973.3356713,1,17.6735,0.04738623,20.6602,1
ZTF25abxdhkl,60975.3537037,1,17.5793,0.056353606,20.3132,1
ZTF25abxdhkl,60975.3634954,2,17.2743,0.04826076,20.2086,1
ZTF25abxdhkl,60977.3533912,2,17.2328,0.043251447,20.3673,1
ZTF25abxdhkl,60979.2952083,2,17.2868,0.05290299,20.1502,1
ZTF25abxdhkl,60979.3352778,1,17.6517,0.062694,20.237,1
ZTF25abxdhkl,60981.2703472,1,17.6963,0.071823,19.6351,1
ZTF25abxdhkl,60981.3039583,2,17.3558,0.04667483,19.7922,1
ZTF25abxdhkl,60983.2762384,2,17.4982,0.055303,19.4262,1
ZTF25abxdhkl,60983.3223148,1,17.8768,0.07963813,19.239,1
ZTF25abxdhkl,60985.2407986,1,18.013,0.07743541,18.9762,1
ZTF25abxdhkl,60985.3781597,1,17.959,0.088312514,19.0841,1
ZTF25abxdhkl,60986.2502778,1,18.0602,0.0874635,19.221,1
ZTF25abxdhkl,60986.3359259,2,17.6893,0.072932184,19.4657,1
ZTF25abxdhkl,60987.2312037,1,18.1607,0.080540776,19.4393,1
ZTF25abxdhkl,60987.2927315,2,17.7216,0.06542687,19.8802,1
ZTF25abxdhkl,60988.2202546,1,18.2105,0.062254477,19.7569,1
ZTF25abxdhkl,60988.3099306,2,17.8355,0.05602958,19.8253,1
ZTF25abxdhkl,60989.2819676,1,18.3259,0.072785094,19.9054,1
ZTF25abxdhkl,60989.3932292,2,17.8488,0.058231767,19.7361,1
ZTF25abxdhkl,60990.2675463,2,17.9471,0.059201,20.1655,1
ZTF25abxdhkl,60990.2675463,2,17.9471,0.059200782,20.1655,1
ZTF25abxdhkl,60991.311875,2,17.9658,0.077404305,19.3217,1
ZTF25abxdhkl,61003.3161921,2,18.2198,0.06087141,20.3545,1
ZTF25abxdhkl,61005.2560764,2,18.2905,0.06354607,20.0403,1
ZTF25abxdhkl,61007.2321296,1,19.7961,0.17597382,20.1333,1
ZTF25abxdhkl,61007.2926505,2,18.4376,0.08225053,20.1471,1
ZTF25abxdhkl,61009.2920949,2,18.5846,0.08824472,19.9272,1
ZTF25abxdhkl,61015.3029167,2,18.8564,0.13510126,19.5633,1
ZTF25abxdhkl,61017.2257755,2,19.1222,0.1035341,20.1063,1
ZTF25abxkwsn,60965.2371644,1,20.5386,0.258911,20.4529,1
ZTF25abxkwsn,60965.2663194,2,20.2494,0.221752,20.3474,1
ZTF25abxkwsn,60967.2818056,2,19.9271,0.17743018,20.3381,1
ZTF25abxkwsn,60969.2364005,1,19.5361,0.13379654,20.5639,1
ZTF25abxkwsn,60969.2907292,2,19.3623,0.1431318,20.2943,1
ZTF25abxkwsn,60972.2023958,2,19.1313,0.123886116,20.4172,1
ZTF25abxkwsn,60972.2702431,1,19.1483,0.11488395,20.2769,1
ZTF25abxkwsn,60974.2222569,1,19.069,0.10953397,20.4444,1
ZTF25abxkwsn,60974.2381481,2,18.8943,0.085261166,20.2854,1
ZTF25abxkwsn,60976.1357292,2,18.9837,0.068622746,20.4264,1
ZTF25abxkwsn,60976.1969444,1,18.9894,0.089763,20.1534,1
ZTF25abxkwsn,60978.1715625,2,18.9544,0.073138885,20.4601,1
ZTF25abxkwsn,60978.2541782,1,19.1494,0.12497,20.1187,1
ZTF25abxkwsn,60980.2015509,1,19.2247,0.154671,19.8303,1
ZTF25abxkwsn,60980.2435764,2,18.9628,0.11168511,20.0489,1
ZTF25abxkwsn,60982.1754167,1,19.1683,0.224322,18.9028,1
ZTF25abxkwsn,60986.1810185,2,19.2606,0.09836089,20.1777,1
ZTF25abxkwsn,60986.2004398,1,19.6462,0.21606347,19.6628,1
ZTF25abxkwsn,60988.1615972,1,20.0524,0.14360735,20.3475,1
ZTF25abxkwsn,60988.2589005,2,19.4574,0.17542309,19.6727,1
ZTF25abxkwsn,60990.1723495,1,20.2675,0.18123749,20.4999,1
ZTF25abxkwsn,60992.2801273,2,19.5297,0.129185,20.3098,1
ZTF25abxqslz,60966.4612616,2,18.8614,0.08276228,20.1358,1
ZTF25abxqslz,60966.4846644,1,19.2292,0.1307581,19.9939,1
ZTF25abxqslz,60968.4122569,1,18.9877,0.094973415,19.8794,1
ZTF25abxqslz,60970.4569792,2,18.4919,0.049592454,20.3825,1
ZTF25abxqslz,60973.4390278,2,18.3496,0.068189755,20.402,1
ZTF25abxqslz,60973.4854282,1,18.6396,0.08083533,20.3515,1
ZTF25abxqslz,60975.5014583,2,18.2205,0.05646961,20.3955,1
ZTF25abxqslz,60978.4609375,2,18.1266,0.052645,20.3704,1
ZTF25abxqslz,60978.5047685,1,18.4566,0.069284,20.3766,1
ZTF25abxqslz,60980.4122685,2,18.0894,0.048318,20.3963,1
ZTF25abxqslz,60980.4756713,1,18.3614,0.0755772,20.3809,1
ZTF25abxqslz,60982.4204861,2,18.1424,0.084500775,18.761,1
ZTF25abxqslz,60984.4124884,1,18.4686,0.113816,18.9408,1
ZTF25abxqslz,60984.4436574,1,18.3697,0.105901234,18.8147,1
ZTF25abxqslz,60985.4416551,1,18.2276,0.07160764,19.2318,1
ZTF25abxqslz,60986.4584028,1,18.3859,0.0664043,19.4166,1
ZTF25abxqslz,60986.5180093,2,18.0488,0.06547476,19.4172,1
ZTF25abxqslz,60987.5191435,2,18.0781,0.064375065,19.8106,1
ZTF25abxqslz,60988.4396644,1,18.2438,0.09190399,19.2704,1
ZTF25abxqslz,60988.5071412,2,18.0814,0.06218464,19.6937,1
ZTF25abxqslz,60989.3719907,1,18.3904,0.08754925,19.3349,1
ZTF25abxqslz,60989.4621644,2,18.1107,0.06855682,19.9537,1
ZTF25abxqslz,60990.4604977,1,18.3983,0.073070444,19.8869,1
ZTF25abxqslz,60990.5065856,2,18.0775,0.08098508,19.1766,1
ZTF25abxqslz,60991.522338,2,18.1457,0.06139752,19.8148,1
ZTF25abxqslz,61003.4393403,2,18.4302,0.06803042,20.2773,1
ZTF25abxqslz,61003.4859491,1,18.6923,0.081013486,20.2218,1
ZTF25abxqslz,61005.4011458,1,18.7804,0.08919091,20.1127,1
ZTF25abxqslz,61005.4520255,2,18.5761,0.065553054,20.3303,1
ZTF25abxqslz,61006.3948727,2,18.6005,0.08147885,19.5839,1
ZTF25abxqslz,61006.4584028,1,18.8514,0.12775004,19.7274,1
ZTF25abxqslz,61008.4183565,1,18.8559,0.081780486,20.168,1
ZTF25abxqslz,61010.4386921,1,18.8596,0.09568816,20.01,1
ZTF25abxqslz,61011.3178588,1,18.9303,0.16351566,19.1252,1
ZTF25abxqslz,61011.4186227,2,18.7268,0.10687742,19.8577,1
ZTF25abxqslz,61014.4344097,1,19.0367,0.277882,18.8443,1
ZTF25abxqslz,61016.316331,2,18.6529,0.15491228,18.8261,1
ZTF25abxqslz,61016.3992014,1,19.2082,0.1751923,19.2953,1
ZTF25abxqslz,61020.3760185,1,19.2983,0.12283107,20.004,1
ZTF25abxqslz,61020.4417477,2,19.0569,0.0991066,20.2846,1
ZTF25abxqslz,61021.3303241,1,19.5712,0.11138682,20.2802,1
ZTF25abxqslz,61024.3791204,2,19.1511,0.085118,20.3557,1
ZTF25abxqslz,61024.4208333,1,19.6396,0.115410775,20.5326,1
ZTF25abxqslz,61026.3976736,1,19.6643,0.262992,19.1703,1
ZTF25abxqslz,61026.4641204,2,19.3506,0.233234,19.3415,1
ZTF25abxqslz,61029.4034954,2,19.4412,0.113031246,20.5472,1
ZTF25abxqslz,61030.4204514,1,19.8496,0.14447366,20.2076,1
ZTF25abxqxhs,60966.4701968,2,19.1108,0.101567246,20.22,1
ZTF25abxqxhs,60966.5073958,1,19.1023,0.111351065,20.3011,1
ZTF25abxqxhs,60968.4834838,2,18.8324,0.09008393,20.1062,1
ZTF25abxqxhs,60968.5080324,1,18.8281,0.1001315,20.4249,1
ZTF25abxqxhs,60970.4536574,2,18.7959,0.09239535,20.2538,1
ZTF25abxqxhs,60970.5178356,1,18.6573,0.07915675,20.4681,1
ZTF25abxqxhs,60973.4776042,2,18.5888,0.08609659,20.4202,1
ZTF25abxqxhs,60973.4994444,1,18.5081,0.0747573,20.6784,1
ZTF25abxqxhs,60975.4555903,1,18.4422,0.07190063,20.5906,1
ZTF25abxqxhs,60975.4998958,2,18.5463,0.06470328,20.4302,1
ZTF25abxqxhs,60977.4321759,1,18.4431,0.078352,20.1952,1
ZTF25abxqxhs,60977.4842477,2,18.4792,0.09519958,20.0732,1
ZTF25abxqxhs,60977.4842477,2,18.4792,0.0952,20.0732,1
ZTF25abxqxhs,60979.4562037,2,18.5471,0.075844,20.5105,1
ZTF25abxqxhs,60979.5049653,1,18.6221,0.06431572,20.7296,1
ZTF25abxqxhs,60981.4769676,1,18.6236,0.06585174,20.595,1
ZTF25abxqxhs,60984.4646644,1,18.6551,0.10794928,19.456,1
ZTF25abxqxhs,60984.5447338,1,18.7049,0.16051966,19.2238,1
ZTF25abxqxhs,60986.4815741,1,18.8342,0.11436463,19.7131,1
ZTF25abxqxhs,60986.5141319,2,18.7526,0.106443405,19.8334,1
ZTF25abxqxhs,60988.4824653,1,19.05,0.16281162,19.6638,1
ZTF25abxqxhs,61004.370463,2,19.3071,0.096536666,20.33,1
ZTF25abxqxhs,61004.477037,1,20.1924,0.21328676,20.6166,1
ZTF25abxqxhs,61006.4239468,2,19.0512,0.13428867,20.0756,1
ZTF25abxxkod,60968.4369213,1,18.6263,0.07591717,20.1648,1
ZTF25abxxkod,60968.4718403,2,18.8946,0.07422211,20.3772,1
ZTF25abxxkod,60970.4747338,2,18.4918,0.06828625,20.4387,1
ZTF25abxxkod,60970.4964236,1,18.4459,0.05824989,20.5148,1
ZTF25abxxkod,60973.4125926,2,18.2844,0.058118902,20.0842,1
ZTF25abxxkod,60973.4969792,1,18.3145,0.051703002,20.6842,1
ZTF25abxxkod,60975.4518171,1,18.3036,0.053707767,20.3564,1
ZTF25abxxkod,60975.5097454,2,18.2986,0.06459162,20.2718,1
ZTF25abxxkod,60978.426713,1,18.3364,0.07687,20.0438,1
ZTF25abxxkod,60978.4687847,2,18.2533,0.075399,20.1642,1
ZTF25abxxkod,60980.4689236,1,18.3615,0.060419,20.5127,1
ZTF25abxxkod,60982.4449306,2,18.2717,0.075936,19.7844,1
ZTF25abxxkod,60982.493831,1,18.454,0.10039089,19.5862,1
ZTF25abxxkod,60984.4060301,1,18.3961,0.13276115,19.1113,1
ZTF25abxxkod,60984.489294,1,18.5679,0.10173779,19.339,1
ZTF25abxxkod,60985.4909259,1,18.5347,0.0961456,19.5653,1
ZTF25abxxkod,60985.5496412,1,18.4473,0.096719705,19.6422,1
ZTF25abxxkod,60987.4934606,1,18.5291,0.09532293,19.7697,1
ZTF25abxxkod,60987.5493171,2,18.2648,0.07699784,19.8431,1
ZTF25abxxkod,60989.3670718,1,18.6108,0.08986198,19.4927,1
ZTF25abxxkod,60989.4404861,2,18.2542,0.0625235,19.681,1
ZTF25abxxkod,60991.5256366,2,18.2593,0.07446775,19.8863,1
ZTF25abxxkod,61003.4503704,2,18.3877,0.06087275,20.6251,1
ZTF25abxxkod,61003.5230093,1,19.2113,0.090974085,20.7771,1
ZTF25abxxkod,61005.3872222,1,19.2263,0.09953204,20.3398,1
ZTF25abxxkod,61005.4882755,2,18.4294,0.078493975,20.5041,1
ZTF25abxxkod,61007.4287384,1,19.3068,0.08893844,20.6394,1
ZTF25abxxkod,61007.496956,2,18.5454,0.072280236,20.5702,1
ZTF25abxxkod,61009.4348495,2,18.501,0.060827944,20.5664,1
ZTF25abxxkod,61009.4826736,1,19.3414,0.08443976,20.7785,1
ZTF25abxxkod,61011.4268634,2,18.4942,0.080904335,20.1279,1
ZTF25abxxkod,61011.5064236,1,19.331,0.09811924,20.6207,1
ZTF25abxxkod,61014.3448264,2,18.5246,0.12706338,19.3768,1
ZTF25abxxkod,61016.3220833,2,18.4152,0.19692667,18.7103,1
ZTF25abxxkod,61020.3185069,1,19.4231,0.1354648,20.0353,1
ZTF25abxxkod,61020.4672222,2,18.5252,0.0725399,20.2847,1
ZTF25abxxkod,61022.3849653,1,19.5958,0.11773307,20.5836,1
ZTF25abxxkod,61022.4692361,2,18.5417,0.09191167,20.4389,1
ZTF25abxxkod,61025.388912,1,19.8368,0.12418614,20.4978,1
ZTF25abxxkod,61025.4512847,2,18.6236,0.08200046,20.3615,1
ZTF25abxxkod,61027.4049653,2,18.6859,0.0827294,20.2212,1
ZTF25abxxkod,61027.4225463,1,19.8642,0.13902806,20.3541,1
ZTF25abxxkod,61029.433669,2,18.6388,0.07068432,20.6552,1
ZTF25abxxkod,61029.485463,1,19.8569,0.118477024,20.687,1
ZTF25abxxkod,61031.3424884,1,19.8396,0.13278683,20.6487,1
ZTF25abxxkod,61031.3991782,2,18.6568,0.0641395,20.6178,1
ZTF25abxxkod,61038.4090394,1,20.1501,0.269825,20.0611,1
ZTF25abxxkod,61038.4504167,2,18.8712,0.10202253,20.0135,1
ZTF25abxxkod,61054.3694792,2,18.8216,0.09246948,20.3609,1
ZTF25abxxkod,61054.4313889,1,20.3388,0.19118959,20.625,1
ZTF25abxxkod,61056.3056481,2,18.9071,0.09191754,20.3926,1
ZTF25abxxkod,61056.3947338,1,20.4007,0.230766,20.5054,1
ZTF25abxxkod,61058.3479051,2,18.9133,0.09244523,20.3407,1
ZTF25abxxkod,61058.3853704,1,20.3849,0.230554,20.3661,1
ZTF25abxxkod,61060.3085417,2,18.9904,0.102339126,20.3932,1
ZTF25abxxkod,61065.3383565,2,19.1287,0.108022094,20.2464,1
ZTF25abxxkod,61068.3275463,2,19.1768,0.10396765,20.1447,1
ZTF25abxxkod,61070.4123843,2,19.1955,0.15125948,19.4537,1
ZTF25abxxkod,61074.3207292,2,19.2483,0.14792259,19.569,1
ZTF25abxxkod,61076.4303009,2,19.2557,0.123803616,19.974,1
ZTF25abyevmr,60968.3893981,1,19.8061,0.1561566,20.4418,1
ZTF25abyevmr,60968.4550347,2,19.8768,0.15863758,20.3234,1
ZTF25abyevmr,60973.3858912,1,17.0883,0.045580044,20.3296,1
ZTF25abyevmr,60973.4082986,2,17.1257,0.040652104,20.367,1
ZTF25abyevmr,60975.3458449,1,16.6928,0.042906355,19.9986,1
ZTF25abyevmr,60975.4911574,2,16.7297,0.03709936,20.439,1
ZTF25abyevmr,60977.4014236,1,16.5661,0.030678,20.3909,1
ZTF25abyevmr,60977.4660995,2,16.576,0.028520443,20.1825,1
ZTF25abyevmr,60979.3721412,1,16.529,0.043938443,20.5881,1
ZTF25abyevmr,60979.4338079,2,16.471,0.035177436,20.5945,1
ZTF25abyevmr,60981.3886921,2,16.3611,0.034080826,20.1322,1
ZTF25abyevmr,60983.3867593,1,16.632,0.04369518,19.4933,1
ZTF25abyevmr,60985.3475116,1,16.7085,0.039351013,19.2891,1
ZTF25abyevmr,60985.4316435,1,16.7484,0.04272045,19.5723,1
ZTF25abyevmr,60987.3896181,2,16.3518,0.03716575,19.9001,1
ZTF25abyevmr,60987.4671991,1,16.8147,0.03828503,19.797,1
ZTF25abyevmr,60989.365081,1,16.9414,0.039582256,19.9121,1
ZTF25abyevmr,60989.4726968,2,16.3879,0.031700216,19.8882,1
ZTF25abyevmr,60991.3249306,2,16.4369,0.054669857,18.5782,1
ZTF25abyevmr,60999.4232755,2,16.7353,0.03786568,20.3253,1
ZTF25abyevmr,61004.3425463,2,16.9869,0.040379256,20.3966,1
ZTF25abyevmr,61004.4342245,1,18.044,0.06542046,20.5075,1
ZTF25abyevmr,61006.4122106,2,17.121,0.043613203,19.9103,1
ZTF25abyevmr,61008.4077431,1,18.2755,0.061181333,20.5483,1
ZTF25abyevmr,61010.3892824,2,17.2902,0.056396,19.5749,1
ZTF25abyevmr,61010.4287269,1,18.3664,0.08464911,20.0151,1
ZTF25abyevmr,61014.2795255,2,17.4909,0.047083966,19.2604,1
ZTF25abyevmr,61014.4474769,1,18.5536,0.13167228,18.9894,1
ZTF25abyevmr,61016.3035648,2,17.5042,0.09112724,19.1762,1
ZTF25abyevmr,61016.383669,1,18.5795,0.21476544,18.8817,1
ZTF25abyevmr,61020.2709606,2,17.646,0.049092934,20.2154,1
ZTF25abyevmr,61020.3697569,1,18.6868,0.115122855,19.9699,1
ZTF25abyevmr,61024.3035532,1,18.7667,0.104399,20.4719,1
ZTF25abyevmr,61024.3912269,2,17.756,0.058293615,20.3085,1
ZTF25abyevmr,61026.3801736,1,18.7303,0.13938014,19.7326,1
ZTF25abyevmr,61026.4826505,2,17.8196,0.052829254,20.0026,1
ZTF25abyevmr,61029.2674537,1,18.8059,0.099509895,20.3093,1
ZTF25abyevmr,61031.3477199,1,18.8019,0.09221656,20.6435,1
ZTF25abyevmr,61031.3918403,2,17.8875,0.052791033,20.4515,1
ZTF25abyevmr,61038.2572338,1,18.9971,0.13367483,19.5878,1
ZTF25abyevmr,61038.3141667,2,18.0686,0.086461194,19.8157,1
ZTF25abyevmr,61049.2433681,2,18.2103,0.07921496,19.7364,1
ZTF25abyevmr,61049.2846991,1,19.0684,0.16574429,19.8556,1
ZTF25abyevmr,61051.2381944,1,19.0023,0.15575026,19.6643,1
ZTF25abyevmr,61051.3045139,2,18.2124,0.10037523,19.5708,1
ZTF25abyevmr,61053.3109259,1,19.2204,0.1808548,19.8323,1
ZTF25abyevmr,61053.4839468,2,18.2566,0.07549099,19.7916,1
ZTF25abyevmr,61055.3008102,2,18.2989,0.075661816,20.235,1
ZTF25abyevmr,61055.3828472,1,19.248,0.12320516,20.1308,1
ZTF25abyevmr,61057.3065972,2,18.4279,0.11641372,19.4551,1
ZTF25abyevmr,61057.386412,1,19.1924,0.1910928,19.6138,1
ZTF25abyevmr,61059.2588889,2,18.3652,0.0562535,20.4482,1
ZTF25abyevmr,61059.3268287,1,19.1899,0.100170076,20.5808,1
ZTF25abyevmr,61061.2588773,1,19.1741,0.12692659,20.262,1
ZTF25abyevmr,61061.2854282,2,18.3786,0.060411822,20.3273,1
ZTF25abyevmr,61066.4036921,2,18.4747,0.09929723,19.5468,1
ZTF25abyevmr,61071.2124884,2,18.5418,0.13986422,19.0102,1
ZTF25abyevmr,61073.2570718,2,18.4941,0.10714171,19.5624,1
ZTF25abyevmr,61073.309537,1,19.2774,0.231126,19.3003,1
ZTF25abyevmr,61075.1601389,1,19.5427,0.18957077,19.6873,1
ZTF25abyevmr,61075.219294,2,18.6335,0.101972155,19.5699,1
ZTF25abyevmr,61077.2979051,2,18.5912,0.088932484,19.9499,1
ZTF25abyojpd,60969.3577083,1,20.434,0.21157843,20.6309,1
ZTF25abyojpd,60972.2378009,2,19.7026,0.12142571,20.3561,1
ZTF25abyojpd,60972.319838,1,19.7072,0.1821408,20.3669,1
ZTF25abyojpd,60974.2552894,2,19.3185,0.11581682,20.1012,1
ZTF25abyojpd,60974.3346181,1,19.398,0.10452521,20.6025,1
ZTF25abyojpd,60976.2456134,1,19.0893,0.131006,20.1357,1
ZTF25abyojpd,60976.2548611,2,19.0698,0.104452,20.0431,1
ZTF25abyojpd,60978.2277083,2,18.9321,0.07144,20.3395,1
ZTF25abyojpd,60978.3427662,1,18.9217,0.092872,20.6129,1
ZTF25abyojpd,60980.3114352,2,18.8681,0.076363,20.2197,1
ZTF25abyojpd,60980.3184838,2,18.8468,0.092419,20.0378,1
ZTF25abyojpd,60980.4328241,1,18.8735,0.098584,20.2435,1
ZTF25abyojpd,60980.4337616,1,18.8587,0.08645913,20.3023,1
ZTF25abyojpd,60986.2345718,1,19.0049,0.14005663,19.5567,1
ZTF25abyojpd,60986.3185648,2,18.828,0.12732813,19.8183,1
ZTF25abyojpd,60988.1847106,1,18.9775,0.10127897,20.1942,1
ZTF25abyojpd,60988.3037847,2,18.9172,0.09821592,19.8461,1
ZTF25abyojpd,60990.2287269,1,19.0936,0.102978505,20.128,1
ZTF25abyojpd,60990.2369329,2,18.9669,0.07475899,20.4875,1
ZTF25abyojpd,60992.1861458,2,18.9784,0.219192,19.0459,1
ZTF25abyojpd,60992.2593403,1,19.2488,0.12204388,20.4487,1
ZTF25abyojpd,61004.1432639,2,19.4957,0.11074156,20.3546,1
ZTF25abyojpd,61004.2088194,1,20.3574,0.254868,20.3613,1
ZTF25abyojpd,61006.1764931,2,19.3987,0.124847494,20.0164,1
ZTF25abyojpd,61006.2598264,1,20.4555,0.277176,20.1238,1
ZTF25abyojpd,61008.1102546,2,19.6355,0.12401102,20.1693,1
ZTF25abyojpd,61015.1489005,2,19.6121,0.17815754,19.7206,1
ZTF25abyojpd,61017.1858333,2,20.1368,0.228846,20.224,1
ZTF25abyojpd,61017.2473843,2,20.0258,0.1720352,20.3033,1
ZTF25abyqaky,60969.3103588,2,20.5244,0.232318,20.5647,1
ZTF25abyqaky,60971.3978356,2,20.1761,0.16116045,20.4259,1
ZTF25abyqaky,60973.2207292,1,19.3111,0.11021586,20.7026,1
ZTF25abyqaky,60973.2403819,2,19.3731,0.09953339,20.6416,1
ZTF25abyqaky,60975.2059606,2,18.691,0.06842279,20.2713,1
ZTF25abyqaky,60975.2191898,1,18.7407,0.084638394,20.5426,1
ZTF25abyqaky,60977.2803125,1,18.3264,0.076504,20.4367,1
ZTF25abyqaky,60977.3466667,2,18.2968,0.061118,20.3513,1
ZTF25abyqaky,60979.3039699,2,18.1601,0.06256607,20.4405,1
ZTF25abyqaky,60979.3906481,1,18.117,0.0574603,20.5689,1
ZTF25abyqaky,60981.2351505,1,17.8807,0.058647,19.8507,1
ZTF25abyqaky,60981.3059722,2,17.961,0.047706146,20.1143,1
ZTF25abyqaky,60983.1973727,1,17.7917,0.066077046,19.4081,1
ZTF25abyqaky,60983.2680208,2,17.8849,0.05567187,19.7225,1
ZTF25abyqaky,60985.2562963,1,17.7903,0.06269776,19.2135,1
ZTF25abyqaky,60985.3648843,1,17.7814,0.077154,19.208,1
ZTF25abyqaky,60987.193912,1,17.7233,0.052070744,19.7087,1
ZTF25abyqaky,60987.2554861,2,17.7489,0.043211784,20.0458,1
ZTF25abyqaky,60989.1772569,2,17.7212,0.044835266,20.1103,1
ZTF25abyqaky,60989.1993634,1,17.821,0.052997477,20.4303,1
ZTF25abyqaky,60991.2018171,2,17.8399,0.09983329,18.56,1
ZTF25abyqaky,61015.2148958,1,19.6158,0.220998,19.6069,1
ZTF25abyqaky,61015.2967477,2,18.4756,0.07427345,19.7456,1
ZTF25abyqaky,61017.1374884,1,19.7275,0.14474559,20.5984,1
ZTF25abyqaky,61017.2197222,2,18.553,0.07539221,20.223,1
ZTF25abyqaky,61021.1551273,1,20.0129,0.19171146,20.5788,1
ZTF25abyqaky,61021.1834259,2,18.7841,0.08030922,20.4147,1
ZTF25abyqaky,61023.1351389,1,20.1268,0.284384,20.3117,1
ZTF25abyqaky,61023.1915856,2,18.8743,0.082808085,20.2633,1
ZTF25abyqaky,61025.1799421,1,20.1537,0.16371875,20.4602,1
ZTF25abyqaky,61027.1337384,2,19.081,0.09321862,20.1446,1
ZTF25abyqaky,61027.1960417,1,20.3577,0.273856,20.4502,1
ZTF25abyqaky,61029.1435532,2,19.2349,0.11427634,20.2654,1
ZTF25abyqaky,61029.2179977,1,20.3343,0.21248022,20.4688,1
ZTF25abyqaky,61031.095706,1,20.3929,0.217411,20.6911,1
ZTF25abyqaky,61031.1565278,2,19.3204,0.09515795,20.6918,1
ZTF25abyqaky,61038.2195718,2,19.3403,0.17184426,19.3246,1
ZTF25abzklfa,60970.5424421,2,18.5655,0.16370027,18.7074,1
ZTF25abzklfa,60970.5472454,2,18.6925,0.41294,18.0024,1
ZTF25abzklfa,60971.5421065,2,18.3159,0.18138056,18.5754,1
ZTF25abzklfa,60971.5469907,2,18.2587,0.221092,17.9856,1
ZTF25abzklfa,60972.5403009,2,18.0296,0.06044671,19.2823,1
ZTF25abzklfa,60972.545544,2,18.068,0.070521235,18.8638,1
ZTF25abzklfa,60972.550787,2,17.8855,0.14227383,18.022,1
ZTF25abzklfa,60974.5433449,2,17.6215,0.058938198,18.9207,1
ZTF25abzklfa,60974.5484144,2,17.5815,0.09450967,18.4035,1
ZTF25abzklfa,60975.5432639,2,17.4195,0.078219905,18.5588,1
ZTF25abzklfa,60975.5482639,2,17.3337,0.09284871,18.1486,1
ZTF25abzklfa,60977.544213,2,17.0883,0.051562,18.9147,1
ZTF25abzklfa,60977.5492593,2,17.0836,0.0580854,18.3208,1
ZTF25abzklfa,60977.5543171,2,17.3646,0.11356661,17.9358,1
ZTF25abzklfa,60991.4955671,1,17.2993,0.189806,17.6645,1
ZTF25abzklfa,60991.5460532,2,16.7438,0.05210536,18.7588,1
ZTF25abzklfa,61002.5320833,1,18.3312,0.08670025,20.1765,1
ZTF25abzklfa,61002.5339699,1,18.2651,0.06621761,20.3583,1
ZTF25abzklfa,61004.5102083,2,17.3256,0.049558394,20.1198,1
ZTF25abzklfa,61008.515706,2,17.4934,0.04972649,20.2793,1
ZTF25abzklfa,61008.5312269,1,18.5964,0.07605133,20.5655,1
ZTF25abzklfa,61010.4896181,1,18.6737,0.14107797,20.1509,1
ZTF25abzklfa,61010.5328125,2,17.6157,0.064871095,20.313,1
ZTF25abzklfa,61013.4815509,2,17.5705,0.15369461,18.1203,1
ZTF25abzklfa,61013.5301505,1,18.6464,0.20348006,18.9205,1
ZTF25abzklfa,61015.5146181,1,18.9839,0.14171009,19.4176,1
ZTF25abzklfa,61015.5160301,1,18.7551,0.13986711,19.5759,1
ZTF25abzklfa,61015.5370949,2,17.8239,0.060840193,19.7071,1
ZTF25abzklfa,61015.5471991,2,17.8164,0.065255985,19.9019,1
ZTF25abzklfa,61017.4443287,1,18.9847,0.19022936,19.2805,1
ZTF25abzklfa,61017.4899074,2,17.8785,0.053926356,20.0405,1
ZTF25abzklfa,61017.5192593,2,17.8831,0.06434056,19.8299,1
ZTF25abzklfa,61017.5506944,1,19.0151,0.200061,19.6698,1
ZTF25abzklfa,61021.4783912,2,17.9894,0.06728473,20.1598,1
ZTF25abzklfa,61021.5308102,1,19.0298,0.11471827,20.3463,1
ZTF25abzklfa,61024.5177199,1,19.0674,0.097355545,20.6154,1
ZTF25abzklfa,61024.5397222,2,18.0742,0.07151755,19.9903,1
ZTF25abzklfa,61024.5540741,2,18.0837,0.074336015,20.5608,1
ZTF25abzklfa,61027.455081,1,19.1195,0.13490927,20.0912,1
ZTF25abzklfa,61027.4749074,1,19.1063,0.12185305,20.3139,1
ZTF25abzklfa,61027.5193519,2,18.163,0.05928095,20.1176,1
ZTF25abzklfa,61027.5386806,2,18.1531,0.07338709,20.0457,1
ZTF25abzklfa,61029.5172222,1,19.1704,0.084356144,20.6937,1
ZTF25abzklfa,61029.5548843,2,18.2586,0.06862501,20.7918,1
ZTF25abzklfa,61030.4647685,1,19.2131,0.12323832,20.642,1
ZTF25abzklfa,61030.5389236,2,18.2298,0.05112958,20.7342,1
ZTF25abzklfa,61031.5113773,1,19.2375,0.14502952,20.2373,1
ZTF25abzklfa,61031.5485301,2,18.262,0.09156615,19.7798,1
ZTF25abzklfa,61037.4771296,2,18.414,0.093525864,19.5912,1
ZTF25abzklfa,61037.5160069,1,19.4189,0.327128,19.4615,1
ZTF25abzklfa,61038.4845833,2,18.3609,0.07047847,20.0338,1
ZTF25abzklfa,61038.5334259,1,19.3593,0.15510842,20.2192,1
ZTF25abzklfa,61049.4334259,1,19.5978,0.319661,19.2957,1
ZTF25abzklfa,61049.4876968,2,18.6218,0.11041916,19.3955,1
ZTF25abzklfa,61051.5265625,1,19.4562,0.20307,19.884,1
ZTF25abzklfa,61052.3886574,1,19.4331,0.235561,19.5837,1
ZTF25abzklfa,61052.4740162,2,18.6895,0.116104655,19.6592,1
ZTF25abzklfa,61053.4471296,1,19.6186,0.19660251,20.0394,1
ZTF25abzklfa,61053.4862153,2,18.7625,0.07857325,20.1035,1
ZTF25abzklfa,61054.4019097,2,18.7094,0.078361586,20.1504,1
ZTF25abzklfa,61054.4568866,1,19.6035,0.12180292,20.3996,1
ZTF25abzklfa,61055.4963426,2,18.6688,0.102373585,20.1931,1
ZTF25abzklfa,61055.5408565,1,19.6019,0.21209581,20.2543,1
ZTF25abzklfa,61056.4585185,2,18.7364,0.06253916,20.5902,1
ZTF25abzklfa,61056.4999421,1,20.0077,0.219303,20.4255,1
ZTF25abzklfa,61057.4518056,1,19.3116,0.17642978,19.9836,1
ZTF25abzklfa,61057.4877199,2,18.8273,0.14042868,19.5992,1
ZTF25abzklfa,61058.399919,1,19.402,0.1701944,20.0716,1
ZTF25abzklfa,61058.4675231,2,18.7793,0.096520275,20.3726,1
ZTF25abzklfa,61059.4039352,1,19.4685,0.1280299,20.5204,1
ZTF25abzklfa,61059.4863889,2,18.8806,0.077884644,20.6036,1
ZTF25abzklfa,61060.4121528,1,19.7623,0.14751072,20.5524,1
ZTF25abzklfa,61060.4642824,2,19.044,0.07641794,20.7229,1
ZTF25abzklfa,61061.508831,1,19.5665,0.232212,19.8728,1
ZTF25abzklfa,61061.5408912,2,19.135,0.11190287,20.0714,1
ZTF25abzklfa,61065.4205324,1,19.7678,0.18216816,20.341,1
ZTF25abzklfa,61065.4441204,2,18.987,0.101500034,20.4202,1
ZTF25abzklfa,61066.5582639,1,19.5181,0.12395895,20.4546,1
ZTF25abzklfa,61069.4787269,2,19.1022,0.11461,19.9866,1
ZTF25abzklfa,61069.4792014,2,19.2881,0.20409,19.7297,1
ZTF25abzklfa,61069.506956,1,19.7017,0.162598,20.2533,1
ZTF25abzklfa,61069.5285069,1,19.7327,0.169115,20.4166,1
ZTF25abzklfa,61071.5086227,2,19.2004,0.17592621,19.4173,1
ZTF25abzklfa,61071.5110301,2,19.1306,0.20823008,19.1851,1
ZTF25abzklfa,61073.4094213,1,19.5701,0.248284,19.2915,1
ZTF25abzklfa,61075.3906829,2,19.2001,0.15992326,19.5554,1
ZTF25abzklfa,61075.4039699,2,19.0975,0.16270737,19.2866,1
ZTF25abzklfa,61075.4418634,1,19.8721,0.299217,19.4884,1
ZTF25abzklfa,61077.3804861,2,19.2974,0.1592093,19.7989,1
ZTF25abzooqy,60972.1179861,1,19.1805,0.10780585,20.0229,1
ZTF25abzooqy,60972.1734144,2,19.2207,0.16284634,19.6023,1
ZTF25abzooqy,60974.1141088,2,19.5963,0.14190799,20.119,1
ZTF25abzswyh,60973.3508565,1,18.9214,0.06476976,20.7391,1
ZTF25abzswyh,60973.4199884,2,19.0124,0.08655719,20.5359,1
ZTF25abzswyh,60975.320463,1,18.7032,0.07473116,20.3246,1
ZTF25abzswyh,60975.3803935,2,18.7715,0.07904802,20.2971,1
ZTF25abzswyh,60977.3376852,2,18.6133,0.06735731,20.3917,1
ZTF25abzswyh,60977.3796875,1,18.6541,0.078754,20.2492,1
ZTF25abzswyh,60979.3079514,2,18.5243,0.081143,20.08,1
ZTF25abzswyh,60979.3381019,1,18.6263,0.07263881,20.1367,1
ZTF25abzswyh,60981.3333102,2,18.4838,0.08451066,20.0028,1
ZTF25abzswyh,60981.4046412,1,18.5789,0.08304448,19.8881,1
ZTF25abzswyh,60983.3382407,2,18.3858,0.089952,19.5826,1
ZTF25abzswyh,60983.3762384,1,18.4929,0.1031622,19.36,1
ZTF25abzswyh,60986.3547338,2,18.4677,0.07575817,19.3187,1
ZTF25abzswyh,60986.4037963,1,18.5611,0.08846507,19.3035,1
ZTF25abzswyh,60987.287963,2,18.4695,0.06854677,19.914,1
ZTF25abzswyh,60989.3148843,1,18.6945,0.07360452,20.0485,1
ZTF25abzswyh,60989.389456,2,18.4394,0.067904286,20.0943,1
ZTF25abzswyh,60991.319456,2,18.4946,0.122821584,19.2607,1
ZTF25abzswyh,61003.3261806,2,18.5364,0.06567888,20.5117,1
ZTF25abzswyh,61005.2447454,1,19.1384,0.08612305,20.2805,1
ZTF25abzswyh,61005.2702546,2,18.5079,0.0821368,20.0898,1
ZTF25abzswyh,61007.331412,2,18.5678,0.0694565,20.4253,1
ZTF25abzswyh,61007.3734491,1,19.3185,0.11063622,20.3648,1
ZTF25abzswyh,61009.2560532,1,19.39,0.14366423,20.0344,1
ZTF25abzswyh,61009.2997685,2,18.5655,0.09344674,19.9946,1
ZTF25abzswyh,61011.2987384,1,19.4619,0.18331057,19.4094,1
ZTF25abzswyh,61011.3516551,2,18.6882,0.07771406,19.5813,1
ZTF25abzswyh,61015.2280671,1,19.3606,0.18320434,19.2911,1
ZTF25abzswyh,61015.3253241,2,18.6215,0.08202762,19.7417,1
ZTF25abzswyh,61017.2312037,2,18.738,0.084876604,19.887,1
ZTF25abzswyh,61017.2578125,1,19.4773,0.18124944,19.7701,1
ZTF25abzswyh,61021.2548032,2,18.699,0.06653645,20.2836,1
ZTF25abzswyh,61023.2405671,1,19.8108,0.15209456,20.6716,1
ZTF25abzswyh,61025.1854398,1,19.6699,0.11727469,20.3275,1
ZTF25abzswyh,61025.2472454,2,18.7078,0.08332875,20.0246,1
ZTF25abzswyh,61027.1656597,2,18.9046,0.07580282,20.1754,1
ZTF25abzswyh,61027.1825463,1,19.6069,0.14339307,20.1968,1
ZTF25abzswyh,61029.1905671,2,18.8598,0.09844736,20.1935,1
ZTF25abzswyh,61029.2281481,1,19.8744,0.197656,20.3799,1
ZTF25abzswyh,61031.1520602,2,18.7946,0.08550759,20.5856,1
ZTF25abzswyh,61031.2071181,1,20.029,0.16291611,20.4111,1
ZTF25abzswyh,61037.2165972,2,18.9001,0.08642786,19.8136,1
ZTF25abzswyh,61049.1691319,1,19.9721,0.20270617,20.0137,1
ZTF25abzswyh,61049.2128704,2,18.9959,0.13044223,19.72,1
ZTF25abzswyh,61051.2689005,2,18.8663,0.1328934,19.5461,1
ZTF25abzswyh,61055.1729167,1,20.3241,0.290297,20.129,1
ZTF25abzswyh,61055.2546181,2,18.9774,0.11379017,19.8173,1
ZTF25abzswyh,61057.1280903,2,18.9136,0.17832188,19.1323,1
ZTF25abzswyh,61059.1830556,2,19.0686,0.08502783,20.5045,1
ZTF25abzswyh,61061.1690741,2,18.972,0.161524,19.286,1
ZTF25abzswyh,61061.1945255,1,20.4099,0.224902,20.3677,1
ZTF25abzswyh,61071.1872454,2,19.1513,0.15054712,19.4161,1
ZTF25abzswyh,61075.1925347,2,19.3216,0.13711612,19.6387,1
ZTF25abzswyh,61078.1185185,2,19.1097,0.110463925,19.8327,1
ZTF25abzswyh,61079.1297222,2,19.2962,0.10748999,20.2301,1
ZTF25abzswyh,61080.1622569,2,19.3887,0.1291233,20.1741,1
ZTF25abzswyh,61086.1193866,2,19.412,0.13498493,19.7402,1
ZTF25abztvud,60972.4912616,1,18.9135,0.108240835,20.2503,1
ZTF25abztvud,60972.5248843,2,19.2409,0.114126764,20.4017,1
ZTF25abztvud,60975.4964583,2,17.8045,0.051402494,20.0423,1
ZTF25abztvud,60977.4948148,2,17.7709,0.06352405,19.7364,1
ZTF25abztvud,60977.5134375,1,17.5272,0.04648602,20.1578,1
ZTF25abztvud,60979.4724769,2,17.7676,0.05246,20.3864,1
ZTF25abztvud,60979.524375,1,17.6237,0.057376716,20.6756,1
ZTF25abztvud,60981.4979977,1,17.6928,0.053814,20.5203,1
ZTF25abztvud,60981.5260417,2,17.7803,0.04506721,20.4719,1
ZTF25abztvud,60984.4762384,1,17.7731,0.07495832,18.989,1
ZTF25abztvud,60984.540463,1,17.7997,0.09373123,18.9772,1
ZTF25abztvud,60985.4737269,1,17.7541,0.06973497,19.2884,1
ZTF25abztvud,60985.5355787,1,17.7861,0.06045328,19.5479,1
ZTF25abztvud,60987.4716782,1,17.9065,0.06854101,19.6294,1
ZTF25abztvud,60987.5508333,2,17.8413,0.05279567,19.7531,1
ZTF25abztvud,60989.4894213,2,17.8906,0.06262316,19.7719,1
ZTF25abztvud,60989.5487384,1,17.9597,0.05140448,19.8723,1
ZTF25abztvud,60991.4899074,1,18.2017,0.11876738,19.1413,1
ZTF25abztvud,60991.5323495,2,17.9624,0.053942468,20.0552,1
ZTF25abztvud,61002.5502894,1,18.7225,0.09140463,20.5164,1
ZTF25abztvud,61005.4862384,2,18.3529,0.06920424,20.5113,1
ZTF25abztvud,61005.5098495,1,18.8365,0.07815369,20.4807,1
ZTF25abztvud,61007.4487963,1,18.9535,0.088197604,20.4841,1
ZTF25abztvud,61007.509838,2,18.451,0.06964468,20.5915,1
ZTF25abztvud,61009.4284491,2,18.4432,0.060882974,20.49,1
ZTF25abztvud,61009.4916782,1,19.1492,0.08735111,20.7313,1
ZTF25abztvud,61011.4525463,2,18.449,0.06462569,20.1396,1
ZTF25abztvud,61011.5351389,1,19.0724,0.085331246,20.6568,1
ZTF25abztvud,61014.3863194,2,18.5433,0.15528826,18.988,1
ZTF25abztvud,61014.4907523,1,18.923,0.18126573,19.0887,1
ZTF25abztvud,61016.491794,2,18.3859,0.17746101,19.2209,1
ZTF25abztvud,61020.5063542,2,18.5492,0.062463038,20.5011,1
ZTF25abztvud,61020.5321412,1,19.4111,0.13692926,20.5065,1
ZTF25abztvud,61022.4253704,1,19.44,0.13123608,20.4821,1
ZTF25abztvud,61022.516875,2,18.6557,0.07535392,20.6257,1
ZTF25abztvud,61025.4051389,1,19.5322,0.14829239,20.4569,1
ZTF25abztvud,61025.4747222,2,18.6523,0.06350389,20.5863,1
ZTF25abztvud,61027.4987153,1,19.7073,0.12774472,20.3506,1
ZTF25abztvud,61027.5158102,2,18.6983,0.091028705,20.3474,1
ZTF25abztvud,61029.4869792,1,19.6892,0.12723374,20.7967,1
ZTF25abztvud,61029.5409954,2,18.7142,0.06457818,20.8273,1
ZTF25abztvud,61031.458287,1,19.8122,0.12474271,20.8222,1
ZTF25abztvud,61031.5333796,2,18.7244,0.09928659,19.6112,1
ZTF25abztvud,61038.491331,2,18.8853,0.10355266,20.0697,1
ZTF25abztvud,61038.5504861,1,20.0295,0.20646535,20.3404,1
ZTF25abztvud,61050.5163426,2,19.562,0.1992153,19.772,1
ZTF25abzudli,60972.5176968,2,19.2413,0.14383271,20.1193,1
ZTF25abzudli,60974.4804282,2,18.7754,0.144495,19.7813,1
ZTF25abzudli,60979.5011458,1,19.1202,0.145923,20.1911,1
ZTF25abzudli,60980.4607407,1,19.058,0.151874,20.1214,1
ZTF25abzudli,60981.5222338,2,18.4334,0.10074196,20.1668,1
ZTF25abzudli,60984.5543519,1,18.6333,0.19228084,18.5188,1
ZTF25abzudli,60986.5224421,2,18.2787,0.09395642,19.4635,1
ZTF25abzudli,60988.4766667,1,19.342,0.260459,19.2671,1
ZTF25abzudli,60988.5506481,2,18.2896,0.09749151,19.2921,1
ZTF25abzudli,60989.5207639,1,19.1839,0.15564388,19.6086,1
ZTF25abzudli,60990.4812037,1,19.3108,0.21267387,19.6545,1
ZTF25abzudli,60990.5539236,2,17.3297,0.190851,17.2464,1
ZTF25abzudli,60991.5540856,2,18.3548,0.10134179,19.5329,1
ZTF25abzudli,60992.5435417,2,18.3374,0.07936001,19.9821,1
ZTF25abzudli,61009.3949074,2,19.2966,0.179128,19.9878,1
ZTF25abzudli,61010.4167361,2,19.0166,0.1625449,19.2746,1
ZTF25abzudli,61011.4081019,2,19.3049,0.20857166,19.6277,1
ZTF25abzudli,61015.3791667,2,19.2353,0.26341,19.1726,1
ZTF25abzudli,61017.4805787,2,19.3629,0.162992,19.6944,1
ZTF25abzudli,61021.4508102,2,19.4986,0.17475569,20.0203,1
ZTF25abzudli,61025.4409375,2,19.6443,0.19483732,20.0597,1
ZTF25abzudli,61029.3987963,2,19.59,0.15262698,20.2987,1
ZTF25abzudli,61030.4070255,2,19.5464,0.214994,19.858,1
ZTF25abzudli,61031.4039583,2,19.8258,0.15474027,20.2576,1
ZTF25acberoe,60977.5353356,2,19.3043,0.192683,19.4898,1
ZTF25acberoe,60977.5392477,2,19.1894,0.239005,19.2817,1
ZTF25acberoe,60978.5361921,2,19.0243,0.118397,19.8429,1
ZTF25acberoe,60978.5441088,2,19.3065,0.220289,19.2738,1
ZTF25acberoe,60979.5351736,2,18.8834,0.1237,19.8124,1
ZTF25acberoe,60979.5390509,2,18.9768,0.146823,19.78,1
ZTF25acberoe,60979.5429398,2,18.7821,0.156318,19.5312,1
ZTF25acberoe,60979.5443634,2,18.7847,0.093356,19.4964,1
ZTF25acberoe,60980.5445255,2,18.786,0.10696078,19.4261,1
ZTF25acberoe,60980.5523032,2,18.8072,0.253261,18.4035,1
ZTF25acberoe,60981.5418403,2,18.6615,0.09985,19.7137,1
ZTF25acberoe,60981.5457176,2,18.5819,0.125731,19.3631,1
ZTF25acberoe,60981.5495949,2,18.5135,0.131249,18.9004,1
ZTF25acberoe,60981.5520949,2,18.4947,0.144896,18.5537,1
ZTF25acberoe,60982.5415856,2,18.546,0.14894585,18.7259,1
ZTF25acberoe,60982.5456481,2,18.3744,0.095723,19.235,1
ZTF25acberoe,60982.5477778,2,18.559,0.101598,19.4298,1
ZTF25acberoe,60982.5528356,2,18.3833,0.20855911,18.211,1
ZTF25acberoe,60988.5205787,2,18.196,0.08087168,19.4117,1
ZTF25acberoe,60989.4861227,2,18.2498,0.121927306,19.0799,1
ZTF25acberoe,60989.5239468,1,19.0661,0.21695277,19.332,1
ZTF25acberoe,60991.5446296,2,17.9719,0.08538783,19.4526,1
ZTF25acberoe,60992.55625,2,18.0143,0.08525848,19.4762,1
ZTF25acberoe,60992.5601505,2,18.1234,0.08854775,19.2303,1
ZTF25acberoe,61002.5273727,1,19.5278,0.1949729,20.2807,1
ZTF25acberoe,61002.5283102,1,19.3788,0.12692355,20.3592,1
ZTF25acberoe,61008.5038194,2,18.5919,0.088911474,20.2018,1
ZTF25acberoe,61008.5279282,1,19.9151,0.18374093,20.4224,1
ZTF25acberoe,61010.4962153,1,19.9438,0.237335,20.193,1
ZTF25acberoe,61010.5313657,2,18.6803,0.104351185,20.2739,1
ZTF25acberoe,61013.4875579,2,18.9598,0.278401,18.688,1
ZTF25acberoe,61015.5283912,2,19.4735,0.1634931,19.8421,1
ZTF25acberoe,61015.5506019,2,19.0748,0.12733267,19.9139,1
ZTF25acberoe,61024.5794097,2,19.3537,0.20887293,19.4722,1
ZTF25acberoe,61027.5067477,2,19.4888,0.16663702,19.8819,1
ZTF25acberoe,61027.5212963,2,19.7855,0.227002,20.0685,1
ZTF25acberoe,61052.4461458,2,19.5486,0.19481994,19.6345,1
ZTF25acberoe,61078.5037037,2,19.544,0.197479,19.6614,1
ZTF25acberoe,61078.5041667,2,19.3884,0.15132484,19.738,1
ZTF25acberoe,61079.4375926,2,19.8218,0.228566,19.9919,1
ZTF25acberoe,61080.3494329,2,19.7123,0.22249,20.2604,1
ZTF25acberoe,61080.3696991,2,19.4439,0.14003153,20.2775,1
ZTF25acberoe,61081.4905093,2,19.4735,0.20534243,19.7137,1
ZTF25acberoe,61085.4627662,2,19.6072,0.16424324,20.4909,1
ZTF25acberoe,61085.4772685,2,19.5976,0.18172906,20.2397,1
ZTF25acberoe,61094.386088,3,19.2387,0.12610058,20.0555,1
ZTF25acberoe,61094.3994213,2,19.8064,0.167487,20.3783,1
ZTF25acberoe,61094.3994213,2,19.8064,0.16748656,20.3784,1
ZTF25acberoe,61094.4022569,2,19.9589,0.18105523,20.3716,1
ZTF25acberoe,61095.4032176,3,19.1578,0.16361453,19.8758,1
ZTF25acberoe,61095.4308218,2,20.0965,0.203337,20.3438,1
ZTF25acberoe,61095.4308218,2,20.0965,0.20333742,20.3438,1
ZTF25acberoe,61096.3730208,3,19.3192,0.1869308,19.6553,1
ZTF25acberoe,61097.3996412,1,20.335,0.328587,20.1269,1
ZTF25acberoe,61097.4223032,2,19.9332,0.20589264,20.0796,1
ZTF25acbxwck,60977.5436343,2,19.1723,0.224303,19.0235,1
ZTF25acbxwck,60979.5361343,2,19.3781,0.149242,19.8008,1
ZTF25acbxwck,60979.5400116,2,19.2428,0.13940878,19.6451,1
ZTF25acbxwck,60979.5438889,2,19.3841,0.226388,19.4393,1
ZTF25acbxwck,60981.5427894,2,19.407,0.157557,19.5735,1
ZTF25acbxwck,60981.5466667,2,19.3627,0.217493,19.1945,1
ZTF25acbxwck,61002.5256134,1,16.7234,0.038691577,20.1523,1
ZTF25acbxwck,61004.4978935,2,16.7666,0.038565356,20.0765,1
ZTF25acbxwck,61008.4566898,1,16.9569,0.039633036,19.8358,1
ZTF25acbxwck,61008.5020602,2,16.9267,0.035074443,20.0699,1
ZTF25acbxwck,61010.5003356,1,17.0686,0.042547386,20.2061,1
ZTF25acbxwck,61010.5286574,2,17.0205,0.03041147,19.9959,1
ZTF25acbxwck,61013.4880208,2,17.1694,0.055427585,18.6226,1
ZTF25acbxwck,61013.524919,1,17.2586,0.129289,18.4937,1
ZTF25acbxwck,61014.4784259,1,17.4139,0.099384,18.4189,1
ZTF25acbxwck,61014.533206,2,17.2316,0.045435824,19.2481,1
ZTF25acbxwck,61016.4557523,1,17.4267,0.08106124,18.775,1
ZTF25acbxwck,61024.5784606,2,17.8014,0.06432196,19.5802,1
ZTF25acbxwck,61027.4579051,1,18.2043,0.07799536,20.0712,1
ZTF25acbxwck,61027.5815394,2,18.1543,0.12833907,18.4587,1
ZTF25acbxwck,61030.4564352,1,18.45,0.082385436,20.0621,1
ZTF25acbxwck,61030.5228241,2,18.1587,0.052499358,20.2927,1
ZTF25acbxwck,61037.4342014,2,18.3473,0.08655367,19.4663,1
ZTF25acbxwck,61052.4702315,2,18.8879,0.127207,19.6476,1
ZTF25acbxwck,61054.4603704,1,19.5005,0.1517286,20.2845,1
ZTF25acbxwck,61056.4027778,1,19.4014,0.12572749,20.065,1
ZTF25acbxwck,61056.4402315,2,19.0175,0.10823032,20.1808,1
ZTF25acbxwck,61058.4632523,2,18.9682,0.101843216,20.003,1
ZTF25acbxwck,61060.4154745,1,19.8372,0.18333651,20.2589,1
ZTF25acbxwck,61065.3570139,2,19.2226,0.12631546,19.8989,1
ZTF25acbxwck,61068.4379745,1,19.9553,0.216791,19.9965,1
ZTF25acbxwck,61070.465081,2,19.6185,0.186022,19.5299,1
ZTF25acbxwck,61080.3489699,2,19.9301,0.16315429,20.1732,1
ZTF25acbypmg,60978.1197917,1,20.0754,0.262645,19.9486,1
ZTF25acbypmg,60978.1584259,2,20.1362,0.264862,20.0674,1
ZTF25acbypmg,60980.155,1,19.5767,0.19674063,19.8804,1
ZTF25acbypmg,60984.1966088,1,18.9246,0.19853112,19.0852,1
ZTF25acbypmg,60986.0716204,1,18.8041,0.12851314,19.6258,1
ZTF25acbypmg,60986.1417824,2,18.9017,0.11240729,20.1527,1
ZTF25acbypmg,60988.1230787,1,18.639,0.08249619,20.3695,1
ZTF25acbypmg,60988.2447801,2,18.7007,0.11170288,19.1505,1
ZTF25acbypmg,60990.1108102,2,18.5815,0.096495196,20.1588,1
ZTF25acbypmg,60990.1512037,1,18.5652,0.07947628,20.3008,1
ZTF25acbypmg,61003.1015741,1,18.6599,0.07508091,20.5283,1
ZTF25acbypmg,61003.1606713,2,18.4825,0.08428254,20.3143,1
ZTF25acbypmg,61005.0939236,1,18.7669,0.1109302,19.8421,1
ZTF25acbypmg,61005.1230787,2,18.4597,0.096774444,19.9537,1
ZTF25acbypmg,61007.1449074,1,18.9385,0.11240418,19.9706,1
ZTF25acbypmg,61009.0960532,2,18.4156,0.0729824,20.1662,1
ZTF25acbypmg,61009.1369676,1,19.0081,0.12607795,19.8735,1
ZTF25acbypmg,61011.0987037,2,18.4779,0.10188782,19.3178,1
ZTF25acbypmg,61013.1336111,2,18.6009,0.227294,18.7398,1
ZTF25acbypmg,61015.1641898,2,18.7498,0.13911125,19.3599,1
ZTF25acbypmg,61017.1508681,2,18.7731,0.09074992,20.196,1
ZTF25acbypmg,61020.0922222,2,18.9084,0.09593133,20.1356,1
ZTF25acbypmg,61020.1385532,1,19.7688,0.272076,19.4128,1
ZTF25acbypmg,61022.0966898,2,18.8991,0.14959846,20.079,1
ZTF25acbypmg,61024.0969213,1,20.0424,0.18286449,20.2944,1
ZTF25acbypmg,61024.1426389,2,19.0657,0.16153175,19.8279,1
ZTF25acbypmg,61026.0953009,2,19.0298,0.109405525,20.0147,1
ZTF25accgpkr,60980.4923148,1,17.9284,0.06844579,19.9613,1
ZTF25accgpkr,60980.5244792,2,17.8112,0.05607499,20.2753,1
ZTF25accgpkr,60982.5308681,1,17.9669,0.16866487,18.5173,1
ZTF25accgpkr,60984.4926157,1,18.4346,0.222813,18.3686,1
ZTF25accgpkr,60984.5176273,1,18.3115,0.18596919,18.7722,1
ZTF25accgpkr,60985.4884954,1,18.4114,0.11655843,19.1114,1
ZTF25accgpkr,60985.5346412,1,18.3789,0.13827646,19.3867,1
ZTF25accgpkr,60987.4890278,1,18.5815,0.11302941,19.4472,1
ZTF25accgpkr,60987.5309838,2,18.1488,0.062385365,19.8756,1
ZTF25accgpkr,60989.4932292,2,18.2065,0.097567245,19.3498,1
ZTF25accgpkr,60989.5501505,1,18.7181,0.139284,19.5244,1
ZTF25accgpkr,60991.5356597,2,18.1946,0.07143463,19.8868,1
ZTF25accgpkr,61002.5628588,1,19.7723,0.339173,19.4234,1
ZTF25accgpkr,61020.5106829,2,19.6784,0.20478489,20.2556,1
ZTF25accgpkr,61020.5130556,2,19.746,0.15463768,20.282,1
ZTF25accgpkr,61020.5316667,1,20.2041,0.261358,20.379,1
ZTF25accgpkr,61022.5173495,2,19.6155,0.18743049,20.3006,1
ZTF25accgpkr,61025.4281944,1,20.2582,0.357738,20.1158,1
ZTF25accgpkr,61025.4866088,2,19.7456,0.17253336,20.3026,1
ZTF25accgpkr,61027.450625,1,20.6319,0.277212,20.2423,1
ZTF25accgpkr,61030.5109606,2,19.8745,0.18700321,20.248,1
ZTF25accgpkr,61030.55,2,19.9249,0.17948939,20.6204,1
ZTF25acctbaz,60983.3176852,2,19.3423,0.16244239,19.8513,1
ZTF25acctbaz,60989.1441898,1,19.8784,0.25901,19.8624,1
ZTF25acctbaz,60989.1559491,2,18.8924,0.13597097,19.6631,1
ZTF25acctbaz,60991.3421875,2,18.5425,0.15644911,18.8681,1
ZTF25acctbaz,61003.3228704,2,17.3555,0.03449415,20.5826,1
ZTF25acctbaz,61005.267419,2,17.3592,0.039334137,20.1708,1
ZTF25acctbaz,61005.3378819,1,18.1945,0.06440211,20.34,1
ZTF25acctbaz,61007.325162,2,17.4361,0.045579977,20.4496,1
ZTF25acctbaz,61007.3687037,1,18.4356,0.065256774,20.5338,1
ZTF25acctbaz,61009.2337153,1,18.7655,0.107715376,20.105,1
ZTF25acctbaz,61009.3996528,2,17.6965,0.041046567,20.4343,1
ZTF25acctbaz,61011.2581019,1,19.0856,0.15096234,19.4874,1
ZTF25acctbaz,61011.343912,2,17.7991,0.049613494,19.8252,1
ZTF25acctbaz,61013.1817477,2,17.953,0.091529,18.9605,1
ZTF25acctbaz,61013.3145139,1,19.1703,0.268259,19.0297,1
ZTF25acctbaz,61015.3227315,2,18.1696,0.06551974,19.7538,1
ZTF25acctbaz,61015.4065509,1,19.3081,0.21685871,19.3148,1
ZTF25acctbaz,61016.3274421,2,18.1746,0.10710581,19.0248,1
ZTF25acctbaz,61017.2153819,2,18.1609,0.071487516,20.1208,1
ZTF25acctbaz,61017.2681134,1,19.5679,0.255004,19.9456,1
ZTF25acctbaz,61020.2690509,2,18.3417,0.05767995,20.3449,1
ZTF25acctbaz,61020.4507755,1,19.9514,0.20162922,20.0292,1
ZTF25acctbaz,61021.2635648,2,18.351,0.05899744,20.2618,1
ZTF25acctbaz,61021.2814005,1,19.8978,0.21041022,20.3526,1
ZTF25acctbaz,61023.2196759,2,18.3482,0.218837,18.2292,1
ZTF25acctbaz,61023.2575347,1,19.8543,0.17205577,20.2085,1
ZTF25acctbaz,61025.2237847,1,20.0685,0.3049,20.2216,1
ZTF25acctbaz,61026.2140625,2,18.5905,0.06367789,20.3914,1
ZTF25acctbaz,61026.4026968,1,20.064,0.14117332,19.9825,1
ZTF25acctbaz,61027.2195139,1,20.0675,0.256357,20.2803,1
ZTF25acctbaz,61027.336412,2,18.6315,0.07074718,20.2465,1
ZTF25acctbaz,61028.2751505,2,18.6742,0.07820717,20.4171,1
ZTF25acctbaz,61029.1953588,2,18.7467,0.09895146,20.2118,1
ZTF25acctbaz,61029.2632755,1,20.4424,0.289463,20.5076,1
ZTF25acctbaz,61030.2148843,1,20.3506,0.18910225,20.5616,1
ZTF25acctbaz,61030.3184259,2,18.6851,0.06821116,20.5292,1
ZTF25acctbaz,61031.1600579,2,18.712,0.07612061,20.4803,1
ZTF25acctbaz,61031.2009259,1,20.3503,0.251473,20.3783,1
ZTF25acctbaz,61037.2836806,2,18.8285,0.092100255,19.6724,1
ZTF25acctbaz,61037.2874884,2,18.9752,0.11826388,19.8485,1
ZTF25acctbaz,61049.2467014,2,19.0435,0.1269601,19.8485,1
ZTF25acctbaz,61049.2481366,2,19.0446,0.12533109,19.8528,1
ZTF25acctbaz,61051.3002315,2,19.1766,0.1268976,19.8863,1
ZTF25acctbaz,61051.3200116,2,19.0874,0.1910095,19.6206,1
ZTF25acctbaz,61053.348206,2,19.127,0.17051713,19.8658,1
ZTF25acctbaz,61055.1593171,1,20.2523,0.330983,20.0082,1
ZTF25acctbaz,61055.2787963,2,19.2968,0.13535371,19.9814,1
ZTF25acctbaz,61055.2793056,2,19.1912,0.11182668,19.9169,1
ZTF25acctbaz,61057.2382755,2,19.2434,0.20210995,19.6338,1
ZTF25acctbaz,61057.3263426,2,19.1451,0.233943,19.2088,1
ZTF25acctbaz,61059.1628472,2,19.3397,0.11151766,20.4174,1
ZTF25acctbaz,61059.1735648,2,19.3099,0.081503004,20.4882,1
ZTF25acctbaz,61059.323206,1,20.4935,0.266626,20.3404,1
ZTF25acctbaz,61061.1739815,2,19.1305,0.19767384,19.1327,1
ZTF25acctbaz,61071.1787037,2,19.5356,0.19807227,19.345,1
ZTF25acctbaz,61074.1772569,2,19.6905,0.15438455,19.718,1
ZTF25acctbaz,61075.2173843,2,19.4948,0.162455,19.7562,1
ZTF25acctbaz,61076.1337384,2,19.5152,0.15030116,20.0559,1
ZTF25acdceqb,60981.4979977,1,20.4773,0.238589,20.4198,1
ZTF25acdceqb,60981.5260417,2,20.6982,0.297359,20.3562,1
ZTF25acdceqb,60985.5355787,1,19.7686,0.253644,19.5241,1
ZTF25acdceqb,60987.4716782,1,19.2028,0.1558375,19.5454,1
ZTF25acdceqb,60987.5508333,2,19.008,0.14157115,19.7501,1
ZTF25acdceqb,60989.4894213,2,18.3848,0.0817393,19.6367,1
ZTF25acdceqb,60989.5487384,1,18.3464,0.06363214,19.7522,1
ZTF25acdceqb,60991.4899074,1,17.8408,0.09260089,19.1377,1
ZTF25acdceqb,60991.5323495,2,17.8591,0.05028678,19.972,1
ZTF25acdceqb,61002.5502894,1,17.0201,0.03173811,20.3061,1
ZTF25acdceqb,61005.4862384,2,17.1414,0.048088305,20.455,1
ZTF25acdceqb,61005.5098495,1,17.1207,0.03974843,20.3288,1
ZTF25acdceqb,61007.4487963,1,17.2623,0.043205786,20.3681,1
ZTF25acdceqb,61007.509838,2,17.2136,0.04562047,20.5544,1
ZTF25acdceqb,61009.4284491,2,17.3571,0.03696423,20.4316,1
ZTF25acdceqb,61009.4916782,1,17.4461,0.041936055,20.6229,1
ZTF25acdceqb,61011.4525463,2,17.3912,0.045313153,20.0541,1
ZTF25acdceqb,61011.5351389,1,17.6293,0.042021982,20.5634,1
ZTF25acdceqb,61014.3863194,2,17.5023,0.06608396,18.9502,1
ZTF25acdceqb,61014.4907523,1,17.9711,0.08259004,19.0082,1
ZTF25acdceqb,61016.4058912,1,18.2245,0.208892,18.8129,1
ZTF25acdceqb,61016.491794,2,17.4916,0.06993473,19.3142,1
ZTF25acdceqb,61020.5063542,2,17.6849,0.043021023,20.5248,1
ZTF25acdceqb,61020.5321412,1,18.6781,0.08744043,20.4243,1
ZTF25acdceqb,61022.4253704,1,18.8925,0.080994815,20.4109,1
ZTF25acdceqb,61022.516875,2,17.7571,0.051928557,20.5278,1
ZTF25acdceqb,61025.4051389,1,19.1937,0.14319944,20.3221,1
ZTF25acdceqb,61025.4747222,2,17.9713,0.06152118,20.5164,1
ZTF25acdceqb,61027.4987153,1,19.2074,0.10454777,20.2467,1
ZTF25acdceqb,61027.5158102,2,18.15,0.054550026,20.2328,1
ZTF25acdceqb,61029.4869792,1,19.4051,0.12484042,20.7408,1
ZTF25acdceqb,61029.5409954,2,18.2808,0.062094186,20.8047,1
ZTF25acdceqb,61031.458287,1,19.4836,0.1358115,20.7164,1
ZTF25acdceqb,61031.5333796,2,18.3814,0.09410718,19.6211,1
ZTF25acdceqb,61038.491331,2,18.578,0.07082685,20.0191,1
ZTF25acdceqb,61038.5504861,1,19.7588,0.18045776,20.2313,1
ZTF25acdceqb,61050.419456,1,20.0392,0.370618,19.6489,1
ZTF25acdceqb,61050.5163426,2,19.1406,0.12888724,19.6948,1
ZTF25acdceqb,61052.3950347,1,19.7044,0.20038088,20.0252,1
ZTF25acdceqb,61052.4482986,2,18.9815,0.123150416,19.9015,1
ZTF25acdceqb,61054.3513657,2,19.0271,0.11275207,20.0527,1
ZTF25acdceqb,61054.4507407,1,20.0586,0.2139916,20.3795,1
ZTF25acdceqb,61056.4320023,2,19.2071,0.094826445,20.5288,1
ZTF25acdceqb,61056.567037,1,19.9281,0.2009605,20.0229,1
ZTF25acdceqb,61058.3429514,2,19.2368,0.09932674,20.3889,1
ZTF25acdceqb,61058.4023032,1,20.0044,0.14969876,20.542,1
ZTF25acdceqb,61060.4097917,1,20.1011,0.18538347,20.6409,1
ZTF25acdceqb,61060.4518287,2,19.2899,0.1154506,20.6394,1
ZTF25acdceqb,61065.3716782,2,19.4257,0.10683333,20.3786,1
ZTF25acdceqb,61065.3879398,1,19.931,0.22171,20.214,1
ZTF25acdceqb,61068.4502083,1,20.0233,0.209142,20.3816,1
ZTF25acdceqb,61070.4157523,2,19.6019,0.17675987,19.5614,1
ZTF25acerukf,61005.180081,2,19.1806,0.1082514,20.0723,1
ZTF25acerukf,61005.1924769,1,19.9278,0.19553237,19.9907,1
ZTF25acerukf,61015.1100694,1,19.3835,0.17462187,19.4435,1
ZTF25acerukf,61015.1321181,2,19.0285,0.1413262,19.5803,1
ZTF25acerukf,61017.1953819,2,18.8462,0.098269984,19.8803,1
ZTF25acerukf,61021.1224537,1,19.1641,0.094563894,20.3025,1
ZTF25acerukf,61021.2059722,2,18.9001,0.10855984,19.951,1
ZTF25acerukf,61023.1655903,2,18.9467,0.239197,18.7346,1
ZTF25acerukf,61026.1081944,2,18.9215,0.08723048,20.316,1
ZTF25acerukf,61026.1496296,1,19.2488,0.11484991,20.2138,1
ZTF25acerukf,61028.0854861,2,18.9382,0.09272168,19.9701,1
ZTF25acerukf,61028.1492824,1,19.2585,0.12721772,19.8288,1
ZTF25acerukf,61030.0884375,1,19.288,0.11510622,20.3213,1
ZTF25acerukf,61030.1490509,2,18.9314,0.086625904,20.2014,1
ZTF25acerukf,61049.0862269,2,19.2282,0.264939,19.2046,1
ZTF25acerukf,61049.1531134,1,19.1323,0.20460762,18.9046,1
ZTF25acerukf,61054.1035185,1,19.3315,0.281528,19.2452,1
ZTF25acerukf,61054.1205093,2,19.2452,0.20132811,19.3076,1
