oid,mjd,fid,diffmaglim
ZTF18aaayemw,58387.5159259,1,19.3197
ZTF18aaayemw,58390.4900694,1,19.6875
ZTF18aaayemw,58422.493125,1,19.9342
ZTF18aaayemw,58462.4693519,1,18.046
ZTF18aaayemw,58462.5253588,2,15.4075
ZTF18aaayemw,58491.444294,1,19.9405
ZTF18aaayemw,58505.4248611,1,18.4717
ZTF18aaayemw,58534.368588,2,18.8974
ZTF18aaayemw,58538.2121759,2,18.5425
ZTF18aaayemw,58538.2690509,1,19.3847
ZTF18aaayemw,58540.2179167,2,20.7194
ZTF18aaayemw,58541.2622801,1,19.3225
ZTF18aaayemw,58558.1954514,2,19.3386
ZTF18aaayemw,58562.153287,2,19.2199
ZTF18aaayemw,58562.2355787,1,18.731
ZTF18aaayemw,58572.1956134,1,20.107
ZTF18aaayemw,58574.2331713,2,15.7956
ZTF18aaayemw,58582.1964583,2,20.5246
ZTF18aaayemw,58587.2137731,1,19.9543
ZTF18aaayemw,58589.225081,2,19.2168
ZTF18aaayemw,58593.3275231,2,19.3497
ZTF18aaayemw,58599.1459028,2,20.3476
ZTF18aaayemw,58617.1873032,1,19.854
ZTF18aaayemw,58618.2640856,2,19.5374
ZTF18aaayemw,58642.1710648,1,19.5862
ZTF18aaayemw,58742.5245949,1,17.9026
ZTF18aaayemw,58751.4884259,1,20.148
ZTF18aaayemw,58773.5204282,2,17.8275
ZTF18aaayemw,58804.4914468,1,19.3491
ZTF18aaayemw,58820.5540394,1,15.8094
ZTF18aaayemw,58823.4342245,1,19.373
ZTF18aaayemw,58823.5471759,2,18.1238
ZTF18aaayemw,58830.4493519,2,19.8772
ZTF18aaayemw,58833.5416204,1,19.3089
ZTF18aaayemw,58839.4884491,1,16.2027
ZTF18aaayemw,58872.3051273,2,17.2171
ZTF18aaayemw,58877.3068171,2,20.3666
ZTF18aaayemw,58877.3077083,2,20.3773
ZTF18aaayemw,58884.2211921,2,19.4325
ZTF18aaayemw,58885.2788773,1,19.2949
ZTF18aaayemw,58886.2278588,1,19.5672
ZTF18aaayemw,58888.2615162,1,19.1447
ZTF18aaayemw,58914.2017593,1,18.0738
ZTF18aaayemw,58915.2061806,1,19.4938
ZTF18aaayemw,58939.1543634,2,20.3044
ZTF18aaayemw,58968.2162153,1,20.4292
ZTF18aaayemw,58971.2399537,1,19.7015
ZTF18aaayemw,58977.157662,1,19.3049
ZTF18aaayemw,58999.2042708,1,19.5431
ZTF18aaayemw,59005.1768056,1,19.3846
ZTF18aaayemw,59143.4733681,2,20.5998
ZTF18aaayemw,59143.515544,1,20.8964
ZTF18aaayemw,59158.5109722,2,19.1224
ZTF18aaayemw,59192.4997569,2,17.8023
ZTF18aaayemw,59206.3800347,1,18.9166
ZTF18aaayemw,59215.4321065,1,18.9409
ZTF18aaayemw,59249.2809144,1,19.4379
ZTF18aaayemw,59267.2836111,1,19.9607
ZTF18aaayemw,59269.3213426,2,18.83
ZTF18aaayemw,59271.3922454,1,19.0072
ZTF18aaayemw,59273.2439815,2,19.3155
ZTF18aaayemw,59273.2981944,1,19.0958
ZTF18aaayemw,59298.2835417,2,18.3204
ZTF18aaayemw,59302.1795833,1,19.6868
ZTF18aaayemw,59325.2077894,1,19.9197
ZTF18aaayemw,59329.3237616,1,18.8713
ZTF18aaayemw,59468.5074306,2,20.3311
ZTF18aaayemw,59479.4910417,1,19.2753
ZTF18aaayemw,59496.495625,1,17.1518
ZTF18aaayemw,59509.4088889,1,19.449
ZTF18aaayemw,59509.4696759,2,19.9795
ZTF18aaayemw,59512.4773148,2,19.8818
ZTF18aaayemw,59538.3886574,1,19.4974
ZTF18aaayemw,59683.2808218,1,19.494
ZTF18aaayemw,59685.3262731,1,19.1238
ZTF18aaayemw,59862.4317824,1,19.1972
ZTF18aaayemw,59865.46875,1,19.8509
ZTF18aaayemw,59888.4127199,2,18.1087
ZTF18aaayemw,59893.4296644,1,19.2885
ZTF18aaayemw,59899.471412,2,19.1708
ZTF18aaayemw,59905.3950694,1,19.3654
ZTF18aaayemw,59933.3470139,1,18.9023
ZTF18aaayemw,59953.3377778,2,18.3492
ZTF18aaayemw,59993.39,1,19.0122
ZTF18aaayemw,60013.3240162,1,18.733
ZTF18aaayemw,60043.3059491,1,19.5959
ZTF18aaayemw,60053.2660417,1,19.136
ZTF18aaayemw,60196.5093866,2,19.6653
ZTF18aaayemw,60220.4428241,1,19.1136
ZTF18aaayemw,60220.4885995,2,19.4936
ZTF18aaayemw,60222.4748611,1,19.6064
ZTF18aaayemw,60246.4490972,1,19.1228
ZTF18aaayemw,60250.4219792,2,19.6801
ZTF18aaayemw,60263.4883681,1,19.1344
ZTF18aaayemw,60294.483831,1,18.3887
ZTF18aaayemw,60306.3948495,2,18.5126
ZTF18aaayemw,60308.3435764,1,17.552
ZTF18aaayemw,60308.4279167,2,17.5737
ZTF18aaayemw,60337.1620255,1,18.0381
ZTF18aaayemw,60364.3021644,1,16.8534
ZTF18aaayemw,60388.2640278,1,19.8083
ZTF18aaayemw,60418.2660069,2,17.2515
ZTF18aaayemw,60437.159456,3,19.8987
ZTF18aaayemw,60599.4324306,2,19.5178
ZTF18aaayemw,60599.4681134,1,19.6325
ZTF18aaayemw,60610.4356944,1,17.7962
ZTF18aaayemw,60621.4486806,1,18.6725
ZTF18aaayemw,60625.4075926,1,20.6123
ZTF18aaayemw,60635.4316204,2,17.4665
ZTF18aaayemw,60637.5140394,2,19.5653
ZTF18aaayemw,60647.4539815,1,18.3029
ZTF18aaayemw,60651.4544329,2,16.6645
ZTF18aaayemw,60655.2641088,1,18.3387
ZTF18aaayemw,60655.4101736,2,17.9378
ZTF18aaayemw,60659.4285417,2,18.6883
ZTF18aaayemw,60661.2848958,1,17.323
ZTF18aaayemw,60661.391331,2,16.7897
ZTF18aaayemw,60664.2638889,1,19.8036
ZTF18aaayemw,60666.4926736,2,19.5349
ZTF18aaayemw,60672.3945023,1,18.7362
ZTF18aaayemw,60676.3467593,1,19.6132
ZTF18aaayemw,60678.217037,1,19.4462
ZTF18aaayemw,60678.2349421,2,18.7558
ZTF18aaayemw,60680.2434838,2,17.6595
ZTF18aaayemw,60686.2834722,1,19.7467
ZTF18aaayemw,60688.4318056,1,19.06
ZTF18aaayemw,60690.3676505,1,19.009
ZTF18aaayemw,60710.2427315,2,18.6066
ZTF18aaayemw,60715.3891551,2,18.1131
ZTF18aaayemw,60717.3406944,2,18.4179
ZTF18aaayemw,60717.3881019,1,18.6902
ZTF18aaayemw,60723.2866204,1,18.7438
ZTF18aaayemw,60725.2453588,2,20.3247
ZTF18aaayemw,60770.3294792,1,19.6287
ZTF18aaayemw,60774.3318519,2,19.1058
ZTF18aaayemw,60774.3870139,1,18.973
ZTF18aaayemw,60776.2806481,1,19.6815
ZTF18aaayemw,60786.333044,1,19.0996
ZTF18aaayemw,60804.2163194,2,19.9013
ZTF18aaayemw,60806.2029977,1,19.3554
ZTF18aaayemw,60806.2649306,2,17.5535
ZTF18aaayemw,60814.2796991,1,19.1297
ZTF18aaayemw,60918.5152199,2,19.166
ZTF18aaayemw,60918.5201968,2,18.5906
ZTF18aaayemw,60919.5146412,2,19.3323
ZTF18aaayemw,60919.5196181,2,18.8344
ZTF18aaayemw,60919.5245949,2,18.2194
ZTF18aaayemw,60922.5175116,2,19.476
ZTF18aaayemw,60922.5225694,2,18.9891
ZTF18aaayemw,61016.3197338,2,18.4682
ZTF18aaayemw,61052.4323843,2,19.3602
ZTF18aaayemw,61070.303125,1,19.3158
ZTF18aaayemw,61072.2415394,2,18.8126
ZTF18aaayemw,61072.4259259,1,19.0301
ZTF18aaayemw,61074.412662,1,19.5071
ZTF18aaayemw,61282.5180556,2,18.6293
ZTF18aaayemw,61285.51125,2,19.0616
ZTF18aaayemw,61285.5162384,2,18.6222
ZTF18aaewugy,58423.5181134,2,19.9563
ZTF18aaewugy,58464.2956944,2,19.9809
ZTF18aaewugy,58464.3168519,1,20.4403
ZTF18aaewugy,58467.4108333,1,15.9209
ZTF18aaewugy,58467.4214699,1,18.0283
ZTF18aaewugy,58471.2773148,2,19.694
ZTF18aaewugy,58474.3354051,2,19.2926
ZTF18aaewugy,58474.5050926,1,18.6578
ZTF18aaewugy,58480.4239468,2,19.8585
ZTF18aaewugy,58480.4649421,1,19.7259
ZTF18aaewugy,58486.4520949,2,20.0464
ZTF18aaewugy,58493.2459606,1,20.6105
ZTF18aaewugy,58505.1345023,2,18.4109
ZTF18aaewugy,58505.2376852,1,18.7715
ZTF18aaewugy,58508.1932407,1,20.3148
ZTF18aaewugy,58508.2403241,2,20.3452
ZTF18aaewugy,58508.2840046,2,19.9158
ZTF18aaewugy,58510.28875,2,19.4007
ZTF18aaewugy,58511.1720602,1,20.0835
ZTF18aaewugy,58514.3800926,2,16.2957
ZTF18aaewugy,58522.18125,1,20.7647
ZTF18aaewugy,58538.2559144,1,18.6058
ZTF18aaewugy,58541.2866435,2,18.3194
ZTF18aaewugy,58547.208044,2,20.5726
ZTF18aaewugy,58556.2426505,1,20.0007
ZTF18aaewugy,58739.4666435,2,18.9688
ZTF18aaewugy,58739.5244907,1,18.9532
ZTF18aaewugy,58742.5240278,1,18.0622
ZTF18aaewugy,58745.4846991,2,19.4364
ZTF18aaewugy,58745.5265741,1,19.094
ZTF18aaewugy,58748.4851852,2,18.9902
ZTF18aaewugy,58748.5159838,1,19.7094
ZTF18aaewugy,58751.482963,1,20.0079
ZTF18aaewugy,58756.4690394,1,20.2287
ZTF18aaewugy,58758.5120139,1,20.5991
ZTF18aaewugy,58759.4733449,1,20.4556
ZTF18aaewugy,58763.4750694,1,20.3735
ZTF18aaewugy,58766.4653819,1,20.2281
ZTF18aaewugy,58836.4071991,1,20.3707
ZTF18aaewugy,58837.4765509,2,19.7961
ZTF18aaewugy,58850.4235995,1,20.1599
ZTF18aaewugy,58853.4580324,1,20.7983
ZTF18aaewugy,58855.3069907,2,19.8379
ZTF18aaewugy,58861.2993519,2,19.3757
ZTF18aaewugy,58861.3440394,1,19.2501
ZTF18aaewugy,58864.1925926,1,20.6284
ZTF18aaewugy,58867.388287,1,20.692
ZTF18aaewugy,58871.2159375,1,20.4694
ZTF18aaewugy,58874.3571759,1,21.0017
ZTF18aaewugy,58877.2311458,1,20.4436
ZTF18aaewugy,58877.2702662,2,20.2272
ZTF18aaewugy,58879.2067361,1,20.2558
ZTF18aaewugy,58879.2853819,2,19.9089
ZTF18aaewugy,58880.2357986,1,20.3763
ZTF18aaewugy,58882.1611343,2,19.8747
ZTF18aaewugy,58883.2319213,2,19.5501
ZTF18aaewugy,58884.2029167,2,19.4158
ZTF18aaewugy,58888.2543171,1,19.0542
ZTF18aaewugy,58891.1946759,1,20.4496
ZTF18aaewugy,58891.2455903,1,20.0274
ZTF18aaewugy,58892.2874537,2,20.0542
ZTF18aaewugy,58894.206088,1,20.6113
ZTF18aaewugy,58895.2048958,1,20.6773
ZTF18aaewugy,59122.5225463,2,20.2478
ZTF18aaewugy,59124.4255556,2,19.3209
ZTF18aaewugy,59124.4766551,2,19.6491
ZTF18aaewugy,59124.5088079,1,19.4864
ZTF18aaewugy,59126.4987847,1,19.7133
ZTF18aaewugy,59128.4442593,1,18.8163
ZTF18aaewugy,59130.4687269,2,19.7112
ZTF18aaewugy,59130.5148495,1,19.8366
ZTF18aaewugy,59135.4746875,1,20.6526
ZTF18aaewugy,59135.495706,2,20.4476
ZTF18aaewugy,59137.4638426,1,20.555
ZTF18aaewugy,59139.4436343,1,20.1918
ZTF18aaewugy,59141.4636227,1,20.7106
ZTF18aaewugy,59143.5084722,1,20.9385
ZTF18aaewugy,59145.4630556,1,20.6842
ZTF18aaewugy,59149.369537,2,19.3355
ZTF18aaewugy,59149.515544,1,20.4481
ZTF18aaewugy,59150.4535301,1,20.0589
ZTF18aaewugy,59150.4855324,2,20.5001
ZTF18aaewugy,59152.4637847,2,19.7384
ZTF18aaewugy,59152.5230093,1,20.0767
ZTF18aaewugy,59155.5056481,1,19.6839
ZTF18aaewugy,59157.4991204,2,19.6908
ZTF18aaewugy,59157.5054167,1,19.6946
ZTF18aaewugy,59163.4400231,1,20.2487
ZTF18aaewugy,59165.4436343,1,20.792
ZTF18aaewugy,59168.4787963,1,20.7074
ZTF18aaewugy,59170.4423727,1,20.4668
ZTF18aaewugy,59192.3816667,1,18.241
ZTF18aaewugy,59192.4587384,2,16.309
ZTF18aaewugy,59194.4196181,1,20.1756
ZTF18aaewugy,59196.4206366,1,20.3465
ZTF18aaewugy,59199.3803704,2,20.1369
ZTF18aaewugy,59199.4239236,1,20.6248
ZTF18aaewugy,59201.4108333,1,20.6334
ZTF18aaewugy,59203.3742477,1,20.5474
ZTF18aaewugy,59203.4302778,2,20.0309
ZTF18aaewugy,59205.3674306,1,19.6991
ZTF18aaewugy,59205.4516667,2,17.0848
ZTF18aaewugy,59210.2642245,1,19.545
ZTF18aaewugy,59216.3820023,2,19.6336
ZTF18aaewugy,59216.4337384,1,19.4906
ZTF18aaewugy,59218.3318634,1,19.201
ZTF18aaewugy,59218.3944329,2,20.2416
ZTF18aaewugy,59220.3398264,1,20.2404
ZTF18aaewugy,59222.3820139,1,20.7201
ZTF18aaewugy,59226.3038657,1,20.4666
ZTF18aaewugy,59228.2871875,1,20.8665
ZTF18aaewugy,59230.2587731,2,20.552
ZTF18aaewugy,59230.3386921,1,20.6156
ZTF18aaewugy,59232.395463,1,20.8502
ZTF18aaewugy,59248.2290162,1,20.7073
ZTF18aaewugy,59250.2571296,1,20.4721
ZTF18aaewugy,59252.2687616,1,20.914
ZTF18aaewugy,59254.2284259,1,20.9693
ZTF18aaewugy,59263.2333796,2,19.7542
ZTF18aaewugy,59263.276875,1,20.0231
ZTF18aaewugy,59265.2029398,1,20.353
ZTF18aaewugy,59267.2352315,1,19.7577
ZTF18aaewugy,59271.2259144,1,19.222
ZTF18aaewugy,59271.2359722,2,19.3363
ZTF18aaewugy,59273.1729745,1,19.2626
ZTF18aaewugy,59273.2126157,2,19.2134
ZTF18aaewugy,59275.1716319,1,20.5245
ZTF18aaewugy,59278.186412,2,20.4038
ZTF18aaewugy,59278.2137269,1,19.8973
ZTF18aaewugy,59293.1522569,1,20.3089
ZTF18aaewugy,59298.1777199,2,17.5205
ZTF18aaewugy,59298.2473958,1,18.3443
ZTF18aaewugy,59301.1742014,2,19.5731
ZTF18aaewugy,59301.2341319,1,19.1252
ZTF18aaewugy,59303.1948727,1,19.7545
ZTF18aaewugy,59306.1828819,1,20.7558
ZTF18aaewugy,59452.5032986,2,19.1128
ZTF18aaewugy,59452.5056597,2,19.1104
ZTF18aaewugy,59452.5080324,2,17.4787
ZTF18aaewugy,59452.5103935,2,18.8339
ZTF18aaewugy,59452.5127662,2,18.6626
ZTF18aaewugy,59453.5026852,2,19.1968
ZTF18aaewugy,59453.5050579,2,19.1207
ZTF18aaewugy,59453.5074306,2,19.1404
ZTF18aaewugy,59453.5097917,2,19.0967
ZTF18aaewugy,59453.5121528,2,18.8805
ZTF18aaewugy,59454.5050579,2,19.398
ZTF18aaewugy,59454.5074769,2,19.2884
ZTF18aaewugy,59454.5098958,2,19.31
ZTF18aaewugy,59454.5123264,2,19.1291
ZTF18aaewugy,59454.5147454,2,18.9133
ZTF18aaewugy,59456.5067593,2,19.4572
ZTF18aaewugy,59456.5091898,2,19.3874
ZTF18aaewugy,59456.5116319,2,19.2646
ZTF18aaewugy,59456.5140625,2,19.2114
ZTF18aaewugy,59456.5165046,2,19.0325
ZTF18aaewugy,59463.4978356,2,19.8573
ZTF18aaewugy,59463.5070833,2,19.8564
ZTF18aaewugy,59464.4969444,2,19.9665
ZTF18aaewugy,59464.4993634,2,20.0017
ZTF18aaewugy,59489.4473148,2,19.5506
ZTF18aaewugy,59489.4871412,1,20.2848
ZTF18aaewugy,59496.4970833,1,18.4868
ZTF18aaewugy,59500.4779398,1,20.2785
ZTF18aaewugy,59503.3822454,2,19.1009
ZTF18aaewugy,59503.4976852,1,20.3462
ZTF18aaewugy,59509.4006713,1,19.5035
ZTF18aaewugy,59518.3590509,1,20.5067
ZTF18aaewugy,59522.4569213,1,20.7211
ZTF18aaewugy,59524.5085532,1,20.9764
ZTF18aaewugy,59526.4485185,1,20.9012
ZTF18aaewugy,59529.382419,1,20.4343
ZTF18aaewugy,59531.3950116,1,20.6571
ZTF18aaewugy,59622.2541898,1,19.5908
ZTF18aaewugy,59622.3257523,2,19.4156
ZTF18aaewugy,59627.3115509,1,18.6916
ZTF18aaewugy,59627.3441319,2,18.9181
ZTF18aaewugy,59629.4064931,1,19.1103
ZTF18aaewugy,59638.2366088,2,18.4835
ZTF18aaewugy,59638.3416204,1,19.1403
ZTF18aaewugy,59640.2061111,1,20.8185
ZTF18aaewugy,59671.1996181,1,20.3254
ZTF18aaewugy,59674.1805093,1,20.4375
ZTF18aaewugy,59676.1947685,1,20.0324
ZTF18aaewugy,59682.1603241,2,19.4331
ZTF18aaewugy,59682.2044792,1,19.2882
ZTF18aaewugy,59684.264838,1,18.8408
ZTF18aaewugy,59687.1765046,1,19.9831
ZTF18aaewugy,59689.1620139,1,20.034
ZTF18aaewugy,59689.1865278,2,19.9895
ZTF18aaewugy,59693.1658681,1,20.1791
ZTF18aaewugy,59693.1848032,2,19.7339
ZTF18aaewugy,59695.1753704,1,20.1396
ZTF18aaewugy,59818.5043519,2,19.452
ZTF18aaewugy,59818.506713,2,19.3669
ZTF18aaewugy,59818.5090856,2,19.2447
ZTF18aaewugy,59818.5114583,2,19.0991
ZTF18aaewugy,59818.513831,2,18.8593
ZTF18aaewugy,59819.5040741,2,19.6317
ZTF18aaewugy,59819.5064931,2,19.4552
ZTF18aaewugy,59819.5089236,2,19.223
ZTF18aaewugy,59819.5113426,2,19.1146
ZTF18aaewugy,59819.5137616,2,18.7189
ZTF18aaewugy,59821.5073843,2,19.6512
ZTF18aaewugy,59821.5098264,2,19.5928
ZTF18aaewugy,59821.5122569,2,19.358
ZTF18aaewugy,59821.5146991,2,19.1898
ZTF18aaewugy,59821.5171412,2,18.9722
ZTF18aaewugy,59822.5062847,2,19.5633
ZTF18aaewugy,59822.5087153,2,19.537
ZTF18aaewugy,59822.5111574,2,19.4454
ZTF18aaewugy,59822.513588,2,19.2078
ZTF18aaewugy,59822.5160301,2,19.0231
ZTF18aaewugy,59828.4975116,2,19.826
ZTF18aaewugy,59828.4999884,2,19.8658
ZTF18aaewugy,59828.5024653,2,19.8099
ZTF18aaewugy,59828.5049537,2,19.7619
ZTF18aaewugy,59828.5074306,2,19.7464
ZTF18aaewugy,59829.5079282,2,19.8663
ZTF18aaewugy,59846.502338,1,20.3644
ZTF18aaewugy,59848.4539815,1,20.1713
ZTF18aaewugy,59853.4933102,1,20.7272
ZTF18aaewugy,59856.4438194,1,20.4716
ZTF18aaewugy,59858.4667361,1,20.5263
ZTF18aaewugy,59860.4448727,2,19.658
ZTF18aaewugy,59860.504213,1,20.0605
ZTF18aaewugy,59863.4100347,1,19.1272
ZTF18aaewugy,59863.4968287,2,19.9293
ZTF18aaewugy,59866.4762731,1,19.6509
ZTF18aaewugy,59871.436331,2,19.6662
ZTF18aaewugy,59871.4837153,1,19.8189
ZTF18aaewugy,59873.4256713,1,19.5778
ZTF18aaewugy,59876.4842708,2,19.7975
ZTF18aaewugy,59876.5069676,1,20.1162
ZTF18aaewugy,59878.4426042,1,20.4241
ZTF18aaewugy,59878.4840046,2,20.5204
ZTF18aaewugy,59880.4330787,1,20.395
ZTF18aaewugy,59882.4852662,2,19.5224
ZTF18aaewugy,59882.509294,1,20.1526
ZTF18aaewugy,59887.3705556,1,19.3562
ZTF18aaewugy,59889.4688194,2,19.9561
ZTF18aaewugy,59889.4874074,1,19.9333
ZTF18aaewugy,59899.4218171,1,19.178
ZTF18aaewugy,59899.4453356,2,19.0281
ZTF18aaewugy,59901.4222569,1,19.2359
ZTF18aaewugy,59903.392581,1,20.411
ZTF18aaewugy,59905.4015625,1,20.3382
ZTF18aaewugy,59908.4418519,1,20.2372
ZTF18aaewugy,59910.4027083,2,20.4611
ZTF18aaewugy,59910.4217824,1,20.6285
ZTF18aaewugy,59928.3407176,2,19.0943
ZTF18aaewugy,59968.2578935,1,20.2402
ZTF18aaewugy,59970.2453241,2,19.6642
ZTF18aaewugy,59970.2754977,1,20.0498
ZTF18aaewugy,59972.2947917,2,20.3933
ZTF18aaewugy,59972.3728472,1,20.4677
ZTF18aaewugy,59981.1188657,1,18.3135
ZTF18aaewugy,59984.2056481,1,19.3839
ZTF18aaewugy,59984.2199769,2,19.8484
ZTF18aaewugy,59992.1699653,2,19.3005
ZTF18aaewugy,59992.1903356,1,19.0294
ZTF18aaewugy,59994.2557523,1,20.4085
ZTF18aaewugy,60013.2789583,1,19.5837
ZTF18aaewugy,60017.1915625,1,18.0472
ZTF18aaewugy,60031.1950347,1,20.2216
ZTF18aaewugy,60036.2881597,1,19.0752
ZTF18aaewugy,60043.1874074,2,20.0952
ZTF18aaewugy,60043.2874537,1,18.4946
ZTF18aaewugy,60045.1579977,1,20.7807
ZTF18aaewugy,60045.2376736,2,20.513
ZTF18aaewugy,60050.1584375,1,20.7043
ZTF18aaewugy,60052.2284954,1,20.5742
ZTF18aaewugy,60055.1773264,1,20.3739
ZTF18aaewugy,60184.5036806,2,19.4428
ZTF18aaewugy,60185.5059028,2,19.4514
ZTF18aaewugy,60185.5083218,2,19.4218
ZTF18aaewugy,60185.5107523,2,19.3105
ZTF18aaewugy,60185.5131829,2,19.1782
ZTF18aaewugy,60185.5156019,2,18.8479
ZTF18aaewugy,60187.5114815,2,18.7299
ZTF18aaewugy,60187.5139236,2,17.6298
ZTF18aaewugy,60187.5163542,2,17.0219
ZTF18aaewugy,60194.4965741,2,19.7582
ZTF18aaewugy,60194.5040394,2,19.744
ZTF18aaewugy,60194.5065162,2,19.6819
ZTF18aaewugy,60195.5033218,2,19.8199
ZTF18aaewugy,60195.505787,2,19.7934
ZTF18aaewugy,60195.5082523,2,19.8025
ZTF18aaewugy,60196.500706,2,19.6932
ZTF18aaewugy,60196.5082986,2,19.724
ZTF18aaewugy,60196.5108218,2,19.7316
ZTF18aaewugy,60220.4769097,1,19.2068
ZTF18aaewugy,60220.5077894,2,19.9043
ZTF18aaewugy,60222.4485764,1,19.2371
ZTF18aaewugy,60229.4434375,1,19.6448
ZTF18aaewugy,60232.4620718,1,20.5989
ZTF18aaewugy,60234.4751968,1,20.688
ZTF18aaewugy,60236.4332176,1,20.5031
ZTF18aaewugy,60236.5009606,2,20.483
ZTF18aaewugy,60238.4411343,1,20.555
ZTF18aaewugy,60241.431956,2,19.7481
ZTF18aaewugy,60241.4708218,1,20.1638
ZTF18aaewugy,60245.4714931,1,19.3024
ZTF18aaewugy,60245.5036227,2,19.5695
ZTF18aaewugy,60248.5172801,1,19.2866
ZTF18aaewugy,60253.4777546,1,20.385
ZTF18aaewugy,60255.5168634,1,20.5843
ZTF18aaewugy,60258.4049421,1,20.2437
ZTF18aaewugy,60260.3951157,2,20.391
ZTF18aaewugy,60260.4762153,1,20.4696
ZTF18aaewugy,60262.4568866,1,20.6785
ZTF18aaewugy,60287.2991898,1,20.2268
ZTF18aaewugy,60289.3155787,2,19.4554
ZTF18aaewugy,60289.3628009,1,20.5256
ZTF18aaewugy,60291.4155324,1,20.4618
ZTF18aaewugy,60296.4191204,2,19.9419
ZTF18aaewugy,60296.4618171,1,20.476
ZTF18aaewugy,60308.3260995,1,19.3471
ZTF18aaewugy,60308.4226273,2,18.6333
ZTF18aaewugy,60315.2981481,2,20.471
ZTF18aaewugy,60315.4141435,1,20.2784
ZTF18aaewugy,60322.2442014,2,19.9093
ZTF18aaewugy,60322.2766088,1,19.9138
ZTF18aaewugy,60324.3809144,1,20.607
ZTF18aaewugy,60352.2776042,1,20.5908
ZTF18aaewugy,60354.2503819,1,20.2159
ZTF18aaewugy,60357.3669329,1,20.3451
ZTF18aaewugy,60364.2891088,1,16.4426
ZTF18aaewugy,60378.2062037,1,20.5703
ZTF18aaewugy,60391.1939815,1,19.5587
ZTF18aaewugy,60391.2148495,2,19.7137
ZTF18aaewugy,60397.2374421,2,20.1543
ZTF18aaewugy,60399.1540394,1,20.0766
ZTF18aaewugy,60571.4745833,1,18.8375
ZTF18aaewugy,60574.4721875,2,19.3169
ZTF18aaewugy,60574.4987847,1,19.291
ZTF18aaewugy,60593.5149306,1,20.2338
ZTF18aaewugy,60595.4446528,1,20.3759
ZTF18aaewugy,60602.4425463,1,19.0949
ZTF18aaewugy,60602.504456,2,19.3222
ZTF18aaewugy,60604.3927546,1,19.5425
ZTF18aaewugy,60604.4234954,2,19.2425
ZTF18aaewugy,60608.4819213,1,20.4419
ZTF18aaewugy,60610.4570139,1,19.5804
ZTF18aaewugy,60614.4625694,2,20.4244
ZTF18aaewugy,60614.49,1,20.609
ZTF18aaewugy,60618.3856944,1,16.4194
ZTF18aaewugy,60620.517662,2,19.1471
ZTF18aaewugy,60622.4345139,2,20.0808
ZTF18aaewugy,60628.3831019,2,19.8228
ZTF18aaewugy,60628.4332639,1,19.7331
ZTF18aaewugy,60631.4379051,2,19.434
ZTF18aaewugy,60631.4583912,1,19.297
ZTF18aaewugy,60636.4365972,1,20.0914
ZTF18aaewugy,60639.3792245,1,17.445
ZTF18aaewugy,60639.4008681,2,17.4703
ZTF18aaewugy,60643.4004051,2,19.1034
ZTF18aaewugy,60643.5000926,1,18.944
ZTF18aaewugy,60665.3802662,1,20.3635
ZTF18aaewugy,60667.3765278,1,20.1537
ZTF18aaewugy,60674.2048843,2,19.7652
ZTF18aaewugy,60676.3578935,1,20.7233
ZTF18aaewugy,60678.2132639,1,19.9263
ZTF18aaewugy,60678.2339236,2,16.8738
ZTF18aaewugy,60680.2357639,2,17.5505
ZTF18aaewugy,60680.2709375,1,18.7125
ZTF18aaewugy,60683.3374884,2,18.9992
ZTF18aaewugy,60686.2751157,1,19.0658
ZTF18aaewugy,60686.4027431,2,19.4665
ZTF18aaewugy,60691.2837963,1,19.2862
ZTF18aaewugy,60691.3822801,2,19.5279
ZTF18aaewugy,60693.2571991,1,19.9239
ZTF18aaewugy,60695.2540278,1,20.6654
ZTF18aaewugy,60706.2892245,2,17.843
ZTF18aaewugy,60706.3170833,1,20.6227
ZTF18aaewugy,60714.3749653,2,18.0395
ZTF18aaewugy,60723.2562037,2,19.0655
ZTF18aaewugy,60726.3604282,1,20.3259
ZTF18aaewugy,60726.4317245,2,19.5998
ZTF18aaewugy,60728.2552778,1,20.6645
ZTF18aaewugy,60730.2773958,1,20.5269
ZTF18aaewugy,60732.1906944,1,20.7401
ZTF18aaewugy,60739.1510532,1,20.0004
ZTF18aaewugy,60753.1486806,2,20.2661
ZTF18aaewugy,60753.2178935,1,20.3392
ZTF18aaewugy,60755.1416667,1,20.3308
ZTF18aaewugy,60757.2073611,1,20.7236
ZTF18aaewugy,60948.4694444,1,20.34
ZTF18aaewugy,60950.4352546,2,20.2445
ZTF18aaewugy,60950.4924074,1,20.4627
ZTF18aaewugy,60952.4348495,2,19.4457
ZTF18aaewugy,60952.5037616,1,20.2238
ZTF18aaewugy,60954.4749421,2,19.8644
ZTF18aaewugy,60954.5152546,1,19.6977
ZTF18aaewugy,60956.4579282,1,19.4141
ZTF18aaewugy,60956.5031713,2,19.7264
ZTF18aaewugy,60958.5177315,1,19.3646
ZTF18aaewugy,60964.4384606,1,19.9272
ZTF18aaewugy,60964.5030787,2,20.2726
ZTF18aaewugy,60966.4664352,2,20.3241
ZTF18aaewugy,60966.5207755,1,20.4468
ZTF18aaewugy,60968.4094329,1,20.3878
ZTF18aaewugy,60968.4636574,2,20.4472
ZTF18aaewugy,60970.5206713,1,20.8225
ZTF18aaewugy,60973.4399769,2,20.497
ZTF18aaewugy,60973.4877894,1,20.7044
ZTF18aaewugy,60975.443206,1,20.5014
ZTF18aaewugy,60975.4852894,2,20.5436
ZTF18aaewugy,60977.398044,1,20.2052
ZTF18aaewugy,60979.4634259,2,20.5934
ZTF18aaewugy,60979.5040046,1,20.8851
ZTF18aaewugy,60981.3922106,2,19.9076
ZTF18aaewugy,60983.4236921,1,19.5835
ZTF18aaewugy,60985.4435417,1,19.5291
ZTF18aaewugy,60985.5435764,1,19.6831
ZTF18aaewugy,60987.5176968,2,19.9377
ZTF18aaewugy,60987.5615741,1,18.6676
ZTF18aaewugy,60991.5069444,2,18.755
ZTF18aaewugy,60999.3898958,1,20.3104
ZTF18aaewugy,61004.3981597,1,20.5183
ZTF18aaewugy,61006.4565046,1,20.4132
ZTF18aaewugy,61008.4158565,1,20.5713
ZTF18aaewugy,61008.4615278,2,20.5808
ZTF18aaewugy,61010.4415162,1,20.5499
ZTF18aaewugy,61014.3506597,2,19.1894
ZTF18aaewugy,61014.4358218,1,19.0791
ZTF18aaewugy,61020.381794,1,20.09
ZTF18aaewugy,61020.4611343,2,19.8373
ZTF18aaewugy,61022.3984838,1,20.2179
ZTF18aaewugy,61022.45625,2,19.8597
ZTF18aaewugy,61025.4195255,1,20.2504
ZTF18aaewugy,61025.4423843,2,20.2094
ZTF18aaewugy,61027.301713,1,20.296
ZTF18aaewugy,61029.2878009,1,20.3652
ZTF18aaewugy,61031.3749074,1,20.8213
ZTF18aaewugy,61031.3789005,2,20.5744
ZTF18aaewugy,61038.3810532,1,20.1996
ZTF18aaewugy,61051.3869329,2,19.9679
ZTF18aaewugy,61051.3981134,1,20.0376
ZTF18aaewugy,61053.4142245,1,20.1292
ZTF18aaewugy,61055.3848264,1,20.3584
ZTF18aaewugy,61057.3360532,2,19.9496
ZTF18aaewugy,61057.3795255,1,20.0517
ZTF18aaewugy,61059.3173495,1,20.6141
ZTF18aaewugy,61061.2528819,1,20.6269
ZTF18aaewugy,61066.4002083,2,17.5405
ZTF18aaewugy,61070.250544,2,19.0778
ZTF18aaewugy,61070.3094907,1,19.1928
ZTF18aaewugy,61073.2620023,2,19.2006
ZTF18aaewugy,61073.2972917,1,19.0799
ZTF18aaewugy,61075.153044,1,19.7647
ZTF18aaewugy,61077.2875116,2,20.2484
ZTF18aaewugy,61079.2388426,1,20.4397
ZTF18aaewugy,61079.2397917,1,20.4837
ZTF18aaewugy,61079.301331,2,20.3896
ZTF18aaewugy,61080.2700347,1,20.3648
ZTF18aaewugy,61080.4343981,1,19.8197
ZTF18aaewugy,61081.2175926,3,14.9961
ZTF18aaewugy,61081.2389352,2,17.2762
ZTF18aaewugy,61085.1340509,3,19.8265
ZTF18aaewugy,61085.227581,2,20.6125
ZTF18aaewugy,61085.2486806,1,20.5449
ZTF18aaewugy,61086.2756134,2,18.9865
ZTF18aaewugy,61086.3191898,3,18.1839
ZTF18aaewugy,61086.3303935,1,17.7885
ZTF18aaewugy,61087.2410301,3,19.7331
ZTF18aaewugy,61087.2602083,1,19.9307
ZTF18aaewugy,61093.2009259,3,19.9023
ZTF18aaewugy,61093.2706134,1,20.1273
ZTF18aaewugy,61094.177338,1,20.2274
ZTF18aaewugy,61094.3835417,3,19.6114
ZTF18aaewugy,61095.2271412,1,20.2837
ZTF18aaewugy,61095.2564699,3,19.8939
ZTF18aaewugy,61096.1635069,3,19.6444
ZTF18aaewugy,61096.1872569,1,20.2316
ZTF18aaewugy,61097.1525231,3,19.7161
ZTF18aaewugy,61097.2917014,1,19.7547
ZTF18aaewugy,61101.1653009,3,19.2445
ZTF18aaewugy,61101.215,2,19.0049
ZTF18aaewugy,61101.2571528,1,19.3787
ZTF18aaewugy,61102.1758912,3,19.2565
ZTF18aaewugy,61102.2122685,2,19.5804
ZTF18aaewugy,61102.3043171,1,19.1707
ZTF18aaewugy,61105.2096296,1,20.0334
ZTF18aaewugy,61105.2617477,3,19.6845
ZTF18aaewugy,61106.1628009,2,20.1176
ZTF18aaewugy,61106.2077315,1,20.2188
ZTF18aaewugy,61106.2693981,3,19.4599
ZTF18aaewugy,61107.1435301,3,19.0835
ZTF18aaewugy,61107.1722917,1,20.1729
ZTF18aaewugy,61107.2150926,2,18.7685
ZTF18aaewugy,61108.2161574,1,20.4932
ZTF18aaewugy,61111.26375,3,19.9388
ZTF18aaewugy,61111.2832176,2,20.3355
ZTF18aaewugy,61112.2784722,3,19.8469
ZTF18aaewugy,61112.2853704,1,20.3746
ZTF18aaewugy,61113.1910648,1,20.6928
ZTF18aaewugy,61113.2766667,3,18.9649
ZTF18aaewugy,61114.2828241,3,19.884
ZTF18aaewugy,61115.1510764,1,20.3816
ZTF18aaewugy,61115.3681829,3,18.9405
ZTF18aaewugy,61116.1704282,2,17.4619
ZTF18aaewugy,61116.2557523,1,20.501
ZTF18aaewugy,61117.1626852,3,19.9846
ZTF18aaewugy,61118.151088,1,20.6607
ZTF18aaewugy,61119.1411574,3,19.8019
ZTF18aaewugy,61119.172662,2,20.4844
ZTF18aaewugy,61119.267338,1,20.5737
ZTF18aaewugy,61120.1392245,1,20.7276
ZTF18aaewugy,61120.1803241,3,19.8977
ZTF18aaewugy,61121.1411458,1,20.1371
ZTF18aaewugy,61121.1532292,2,19.5529
ZTF18aaewugy,61121.1767361,3,19.2493
ZTF18aaewugy,61122.1394097,1,21.0824
ZTF18aaewugy,61122.2048843,2,19.9044
ZTF18aaewugy,61123.14875,1,20.4954
ZTF18aaphzut,58233.1724421,2,19.4872
ZTF18aaphzut,58249.2316088,2,19.7332
ZTF18aaphzut,58267.294456,2,19.2425
ZTF18aaphzut,58274.1965625,2,20.4486
ZTF18aaphzut,58277.2328472,2,20.3669
ZTF18aaphzut,58280.173588,2,20.0807
ZTF18aaphzut,58437.5475463,2,19.7282
ZTF18aaphzut,58442.5056597,1,19.2328
ZTF18aaphzut,58448.5170949,2,19.5868
ZTF18aaphzut,58448.5444907,2,19.4668
ZTF18aaphzut,58468.5236343,2,20.3807
ZTF18aaphzut,58474.4816782,2,19.5277
ZTF18aaphzut,58476.4841667,2,19.6911
ZTF18aaphzut,58487.5297569,2,20.5688
ZTF18aaphzut,58491.4811458,1,19.2594
ZTF18aaphzut,58491.5461111,2,19.989
ZTF18aaphzut,58493.4792014,2,20.5154
ZTF18aaphzut,58494.5475694,2,20.6206
ZTF18aaphzut,58502.5232523,2,19.8613
ZTF18aaphzut,58505.5413889,2,19.2171
ZTF18aaphzut,58543.3128588,1,18.5634
ZTF18aaphzut,58543.3571759,2,20.3832
ZTF18aaphzut,58556.3726273,1,19.7144
ZTF18aaphzut,58559.2903704,2,19.8912
ZTF18aaphzut,58567.3572222,2,19.7637
ZTF18aaphzut,58572.2965509,2,19.6627
ZTF18aaphzut,58575.2497917,2,20.342
ZTF18aaphzut,58575.2935417,1,19.3104
ZTF18aaphzut,58580.2774074,2,20.458
ZTF18aaphzut,58583.2541319,2,19.9748
ZTF18aaphzut,58586.2153241,2,20.1236
ZTF18aaphzut,58589.1492014,1,16.6241
ZTF18aaphzut,58589.2533449,2,18.8482
ZTF18aaphzut,58592.2039931,1,18.8054
ZTF18aaphzut,58592.2547801,2,20.1925
ZTF18aaphzut,58608.231169,2,20.4232
ZTF18aaphzut,58612.2097685,2,20.4627
ZTF18aaphzut,58634.2546181,2,20.4294
ZTF18aaphzut,58637.1831713,2,20.5494
ZTF18aaphzut,58640.2137384,2,20.3338
ZTF18aaphzut,58643.1957639,1,20.0535
ZTF18aaphzut,58643.2394097,2,19.996
ZTF18aaphzut,58647.2348843,2,19.548
ZTF18aaphzut,58650.2498032,2,19.4418
ZTF18aaphzut,58653.1861574,2,20.0917
ZTF18aaphzut,58658.1772454,2,20.361
ZTF18aaphzut,58828.5464699,1,19.1926
ZTF18aaphzut,58828.567963,2,19.7249
ZTF18aaphzut,58833.4796991,2,19.1795
ZTF18aaphzut,58838.4985995,1,18.872
ZTF18aaphzut,58838.5465509,2,17.5396
ZTF18aaphzut,58850.4840625,2,20.0005
ZTF18aaphzut,58861.4604051,1,18.9479
ZTF18aaphzut,58873.5059838,2,20.46
ZTF18aaphzut,58876.5452083,2,20.4893
ZTF18aaphzut,58879.5261921,2,19.7987
ZTF18aaphzut,58883.5206019,2,19.8451
ZTF18aaphzut,58886.5382639,2,19.9265
ZTF18aaphzut,58894.4641667,2,20.1831
ZTF18aaphzut,58901.3815278,2,20.3163
ZTF18aaphzut,58904.473287,2,20.1322
ZTF18aaphzut,58908.4528356,2,20.4957
ZTF18aaphzut,58911.4499884,2,19.992
ZTF18aaphzut,58914.3792593,2,19.9551
ZTF18aaphzut,58914.4220023,1,19.5668
ZTF18aaphzut,58936.3997685,2,20.3587
ZTF18aaphzut,58939.3719907,2,19.1901
ZTF18aaphzut,58940.2356829,2,18.1993
ZTF18aaphzut,58940.3580093,1,18.0476
ZTF18aaphzut,58955.2525463,2,20.4517
ZTF18aaphzut,58962.2789352,2,20.3717
ZTF18aaphzut,58965.2875926,2,20.5105
ZTF18aaphzut,58968.2041319,2,20.5685
ZTF18aaphzut,58971.2105556,2,19.7735
ZTF18aaphzut,58975.2025579,2,19.1165
ZTF18aaphzut,58975.2501968,1,19.1114
ZTF18aaphzut,58978.1920486,1,20.3147
ZTF18aaphzut,58978.2478819,2,20.01
ZTF18aaphzut,58981.2491204,2,20.303
ZTF18aaphzut,58986.2555556,2,20.555
ZTF18aaphzut,58992.2342708,2,20.5655
ZTF18aaphzut,58995.2294213,2,20.38
ZTF18aaphzut,58998.225162,2,20.4073
ZTF18aaphzut,59017.2352546,2,20.4757
ZTF18aaphzut,59020.2363889,2,20.3775
ZTF18aaphzut,59175.5021296,2,17.2333
ZTF18aaphzut,59176.5615856,2,19.2622
ZTF18aaphzut,59180.5035069,1,19.216
ZTF18aaphzut,59180.5613426,2,19.1918
ZTF18aaphzut,59184.5066898,2,19.4286
ZTF18aaphzut,59186.5425926,1,18.7561
ZTF18aaphzut,59188.5107176,2,19.7479
ZTF18aaphzut,59194.5160995,2,20.1502
ZTF18aaphzut,59198.4847106,2,19.6705
ZTF18aaphzut,59200.4484375,1,18.7694
ZTF18aaphzut,59200.5254861,2,19.1442
ZTF18aaphzut,59203.4991088,2,19.8219
ZTF18aaphzut,59216.5150926,2,19.3
ZTF18aaphzut,59221.4438079,2,19.6724
ZTF18aaphzut,59223.4679861,2,19.9297
ZTF18aaphzut,59225.5039352,2,18.2691
ZTF18aaphzut,59227.3789699,2,19.9276
ZTF18aaphzut,59229.4333796,2,19.7158
ZTF18aaphzut,59229.4673727,1,19.5989
ZTF18aaphzut,59231.482581,2,20.4622
ZTF18aaphzut,59249.4129398,2,19.7525
ZTF18aaphzut,59251.4618634,2,20.4221
ZTF18aaphzut,59253.4870255,2,20.426
ZTF18aaphzut,59255.4160301,2,20.7515
ZTF18aaphzut,59262.3611458,2,20.2559
ZTF18aaphzut,59264.3733912,2,20.5427
ZTF18aaphzut,59266.3601852,2,19.6739
ZTF18aaphzut,59268.3515856,2,20.0157
ZTF18aaphzut,59270.3548495,2,19.4329
ZTF18aaphzut,59270.4003819,1,19.4452
ZTF18aaphzut,59272.4066782,1,18.8361
ZTF18aaphzut,59272.4418981,2,18.9361
ZTF18aaphzut,59275.3832755,2,19.4309
ZTF18aaphzut,59278.424537,2,20.0642
ZTF18aaphzut,59281.2878356,2,20.3553
ZTF18aaphzut,59291.3504167,2,20.5979
ZTF18aaphzut,59293.253831,2,20.376
ZTF18aaphzut,59296.3577431,2,19.6967
ZTF18aaphzut,59298.3785069,2,19.3153
ZTF18aaphzut,59303.3589005,1,19.1117
ZTF18aaphzut,59305.2771296,1,18.4629
ZTF18aaphzut,59307.2539583,2,20.5151
ZTF18aaphzut,59309.2773264,2,20.4305
ZTF18aaphzut,59311.3122685,2,20.5728
ZTF18aaphzut,59313.2984144,2,19.8786
ZTF18aaphzut,59315.2534722,2,17.0535
ZTF18aaphzut,59315.2763426,1,18.952
ZTF18aaphzut,59317.3308333,2,20.4909
ZTF18aaphzut,59321.2984491,2,20.6447
ZTF18aaphzut,59323.3160417,2,20.2775
ZTF18aaphzut,59325.2776389,2,20.0738
ZTF18aaphzut,59334.2729167,2,19.9228
ZTF18aaphzut,59336.310544,2,20.3697
ZTF18aaphzut,59338.2548264,2,20.3963
ZTF18aaphzut,59342.2750694,2,20.4742
ZTF18aaphzut,59344.24625,2,20.6192
ZTF18aaphzut,59349.1761227,2,20.5802
ZTF18aaphzut,59352.2381829,2,19.8375
ZTF18aaphzut,59354.2113426,2,19.872
ZTF18aaphzut,59358.2537963,1,18.9968
ZTF18aaphzut,59358.3100694,2,18.9096
ZTF18aaphzut,59361.2139583,2,19.8688
ZTF18aaphzut,59363.2067245,2,20.4552
ZTF18aaphzut,59367.1921991,2,20.3596
ZTF18aaphzut,59369.2072222,2,20.5379
ZTF18aaphzut,59373.211169,2,20.4398
ZTF18aaphzut,59377.2110301,2,20.4864
ZTF18aaphzut,59623.3783912,2,19.9714
ZTF18aaphzut,59625.3559606,1,19.2104
ZTF18aaphzut,59625.4152894,2,19.6629
ZTF18aaphzut,59639.478912,2,20.1177
ZTF18aaphzut,59641.3170602,2,20.4555
ZTF18aaphzut,59675.2059028,2,20.3184
ZTF18aaphzut,59677.364919,2,20.3486
ZTF18aaphzut,59682.2113426,1,19.1525
ZTF18aaphzut,59682.2939236,2,19.4981
ZTF18aaphzut,59687.3583796,2,19.2725
ZTF18aaphzut,59693.2879282,2,20.0532
ZTF18aaphzut,59695.2329398,2,18.86
ZTF18aaphzut,59695.2728241,1,17.6047
ZTF18aaphzut,59699.2584259,2,20.4701
ZTF18aaphzut,59707.2472106,2,20.1307
ZTF18aaphzut,59707.2549306,2,20.3396
ZTF18aaphzut,59709.1919097,2,19.8514
ZTF18aaphzut,59709.2548495,2,19.4997
ZTF18aaphzut,59713.2521296,2,19.167
ZTF18aaphzut,59719.1910648,2,20.4983
ZTF18aaphzut,59719.2111574,2,20.6475
ZTF18aaphzut,59722.2204861,1,20.1635
ZTF18aaphzut,59724.2502662,2,20.3859
ZTF18aaphzut,59727.2118634,2,19.5504
ZTF18aaphzut,59730.2179861,2,20.527
ZTF18aaphzut,59732.1941667,2,20.331
ZTF18aaphzut,59734.2216782,2,19.6598
ZTF18aaphzut,59736.1971065,2,20.3797
ZTF18aaphzut,59741.1906829,1,19.436
ZTF18aaphzut,59741.2895023,2,18.9916
ZTF18aaphzut,59743.1868287,2,19.6036
ZTF18aaphzut,59743.2543866,1,19.081
ZTF18aaphzut,59749.1928241,2,19.9265
ZTF18aaphzut,59751.2332986,2,20.0889
ZTF18aaphzut,59755.2434606,2,20.0197
ZTF18aaphzut,59884.5392014,2,19.7145
ZTF18aaphzut,59884.5416319,2,19.5602
ZTF18aaphzut,59884.5440741,2,19.4888
ZTF18aaphzut,59884.5465278,2,19.2692
ZTF18aaphzut,59884.5489815,2,19.0933
ZTF18aaphzut,59887.5388773,2,19.2069
ZTF18aaphzut,59887.5412731,2,19.2473
ZTF18aaphzut,59887.543669,2,18.9582
ZTF18aaphzut,59887.5460532,2,18.7868
ZTF18aaphzut,59887.5484491,2,18.5539
ZTF18aaphzut,59888.5402431,2,18.9136
ZTF18aaphzut,59888.5426157,2,18.7271
ZTF18aaphzut,59888.5449769,2,18.6703
ZTF18aaphzut,59888.5473495,2,17.9759
ZTF18aaphzut,59888.5497106,2,17.8672
ZTF18aaphzut,59889.5417361,2,18.9663
ZTF18aaphzut,59889.5440972,2,18.5442
ZTF18aaphzut,59889.5464583,2,18.0707
ZTF18aaphzut,59889.548831,2,17.5479
ZTF18aaphzut,59889.5511921,2,16.9219
ZTF18aaphzut,59895.5307986,2,19.5169
ZTF18aaphzut,59895.5332639,2,19.4555
ZTF18aaphzut,59895.5357292,2,19.3138
ZTF18aaphzut,59895.5381829,2,19.367
ZTF18aaphzut,59895.5406481,2,19.5254
ZTF18aaphzut,59896.5321296,2,19.5174
ZTF18aaphzut,59896.5343403,2,19.346
ZTF18aaphzut,59896.5368056,2,19.5637
ZTF18aaphzut,59896.5392708,2,19.4957
ZTF18aaphzut,59896.5417361,2,18.9058
ZTF18aaphzut,59897.5328125,2,19.2925
ZTF18aaphzut,59897.5352778,2,19.304
ZTF18aaphzut,59897.5377431,2,19.3323
ZTF18aaphzut,59897.5402083,2,19.2876
ZTF18aaphzut,59897.5426736,2,19.4284
ZTF18aaphzut,59898.5349421,2,19.8289
ZTF18aaphzut,59898.5374306,2,19.7089
ZTF18aaphzut,59898.5399074,2,19.745
ZTF18aaphzut,59898.5423843,2,19.7844
ZTF18aaphzut,59898.5448611,2,19.7441
ZTF18aaphzut,59899.5364005,2,18.7186
ZTF18aaphzut,59899.5390162,2,17.2036
ZTF18aaphzut,59899.5416319,2,18.8609
ZTF18aaphzut,59899.5442361,2,18.7454
ZTF18aaphzut,59899.5468403,2,18.8238
ZTF18aaphzut,59906.4822222,2,19.748
ZTF18aaphzut,59914.5335301,2,20.0821
ZTF18aaphzut,59934.4715625,2,19.6008
ZTF18aaphzut,59936.4959838,2,20.1766
ZTF18aaphzut,60016.320463,1,18.9309
ZTF18aaphzut,60016.3791435,2,18.8481
ZTF18aaphzut,60020.3391782,2,20.5693
ZTF18aaphzut,60032.3492245,2,20.2061
ZTF18aaphzut,60042.2743866,1,18.0443
ZTF18aaphzut,60042.3182407,2,18.8365
ZTF18aaphzut,60044.2159375,2,20.2581
ZTF18aaphzut,60050.2859144,2,20.552
ZTF18aaphzut,60052.2934144,2,20.4964
ZTF18aaphzut,60054.3262616,2,20.3114
ZTF18aaphzut,60056.3066551,2,20.5265
ZTF18aaphzut,60058.2155093,2,20.289
ZTF18aaphzut,60060.2972338,2,20.1661
ZTF18aaphzut,60062.1998495,2,20.177
ZTF18aaphzut,60064.2322106,1,17.5458
ZTF18aaphzut,60064.2746528,2,19.7925
ZTF18aaphzut,60077.2414352,2,20.5139
ZTF18aaphzut,60079.2984954,2,20.3724
ZTF18aaphzut,60081.2898611,2,20.2642
ZTF18aaphzut,60083.2253125,2,20.5657
ZTF18aaphzut,60085.2400926,2,20.5692
ZTF18aaphzut,60087.3268403,2,20.4304
ZTF18aaphzut,60089.2412384,2,20.4438
ZTF18aaphzut,60097.2334028,2,19.6227
ZTF18aaphzut,60099.2348032,2,19.4849
ZTF18aaphzut,60102.1914583,2,19.4428
ZTF18aaphzut,60102.2884722,1,18.9203
ZTF18aaphzut,60105.2337847,2,20.5464
ZTF18aaphzut,60109.191794,2,20.3945
ZTF18aaphzut,60112.191794,2,20.2822
ZTF18aaphzut,60114.218588,2,20.3047
ZTF18aaphzut,60261.5324653,2,19.8357
ZTF18aaphzut,60261.5349306,2,19.9558
ZTF18aaphzut,60261.5373843,2,19.9977
ZTF18aaphzut,60261.5398495,2,20.0915
ZTF18aaphzut,60261.5423148,2,19.8791
ZTF18aaphzut,60287.5691667,2,19.0897
ZTF18aaphzut,60289.4827662,2,18.6129
ZTF18aaphzut,60289.5423264,1,18.9537
ZTF18aaphzut,60314.5064468,2,20.2884
ZTF18aaphzut,60322.540706,2,20.3016
ZTF18aaphzut,60325.4856597,2,20.13
ZTF18aaphzut,60341.3569444,2,19.4998
ZTF18aaphzut,60352.4146991,2,20.3436
ZTF18aaphzut,60354.4028819,2,20.4819
ZTF18aaphzut,60356.3605671,2,20.6055
ZTF18aaphzut,60363.2749421,2,18.4024
ZTF18aaphzut,60363.3794213,1,18.7362
ZTF18aaphzut,60368.5031366,2,19.2339
ZTF18aaphzut,60379.2967014,2,20.1556
ZTF18aaphzut,60388.3732986,2,20.0122
ZTF18aaphzut,60390.3592477,2,19.8039
ZTF18aaphzut,60390.4028241,1,19.6571
ZTF18aaphzut,60397.4133102,2,19.6268
ZTF18aaphzut,60403.2639815,2,20.4464
ZTF18aaphzut,60407.2658449,2,20.5455
ZTF18aaphzut,60409.1723727,2,20.9613
ZTF18aaphzut,60409.3628588,3,20.7963
ZTF18aaphzut,60410.209456,3,20.9802
ZTF18aaphzut,60410.3470718,2,21.2339
ZTF18aaphzut,60411.3021412,2,21.2206
ZTF18aaphzut,60411.3948148,3,20.8267
ZTF18aaphzut,60412.3038194,2,20.4712
ZTF18aaphzut,60416.2473611,2,20.0457
ZTF18aaphzut,60418.2736343,2,18.9752
ZTF18aaphzut,60423.2785185,1,19.2018
ZTF18aaphzut,60429.2291667,2,20.4602
ZTF18aaphzut,60431.346875,2,20.6031
ZTF18aaphzut,60434.2353009,2,20.5572
ZTF18aaphzut,60437.1502778,3,19.3412
ZTF18aaphzut,60437.2138773,2,20.4713
ZTF18aaphzut,60438.1878009,3,19.8172
ZTF18aaphzut,60438.2335532,2,20.3921
ZTF18aaphzut,60440.2573611,2,20.2999
ZTF18aaphzut,60442.2354282,2,20.4477
ZTF18aaphzut,60444.270463,2,20.3901
ZTF18aaphzut,60446.2747338,2,19.8513
ZTF18aaphzut,60450.2968403,1,18.8512
ZTF18aaphzut,60452.2807176,1,19.0062
ZTF18aaphzut,60452.3443171,2,18.5308
ZTF18aaphzut,60456.3019213,2,19.7877
ZTF18aaphzut,60458.2065046,1,20.676
ZTF18aaphzut,60460.2574653,2,20.26
ZTF18aaphzut,60462.2045023,2,20.6717
ZTF18aaphzut,60464.2148727,2,18.7497
ZTF18aaphzut,60479.1891551,1,19.408
ZTF18aaphzut,60483.2438657,1,19.1783
ZTF18aaphzut,60483.2670833,2,19.1777
ZTF18aaphzut,60485.2400926,1,18.8099
ZTF18aaphzut,60674.5072338,2,20.3077
ZTF18aaphzut,60678.4009144,1,19.311
ZTF18aaphzut,60680.3986921,2,18.8741
ZTF18aaphzut,60682.4579282,2,20.2549
ZTF18aaphzut,60684.4006366,2,19.4346
ZTF18aaphzut,60687.3601505,2,18.2555
ZTF18aaphzut,60687.5258449,1,19.2503
ZTF18aaphzut,60689.4218056,2,18.7262
ZTF18aaphzut,60689.4731713,1,18.7877
ZTF18aaphzut,60691.4120718,2,19.3736
ZTF18aaphzut,60691.4334722,1,19.1476
ZTF18aaphzut,60699.4816782,2,19.687
ZTF18aaphzut,60714.4835301,1,18.4381
ZTF18aaphzut,60714.5236806,2,19.3426
ZTF18aaphzut,60716.4846528,2,19.8317
ZTF18aaphzut,60723.3213194,2,18.4862
ZTF18aaphzut,60723.4409722,1,18.872
ZTF18aaphzut,60724.5274306,2,19.4948
ZTF18aaphzut,60726.4639931,2,20.3397
ZTF18aaphzut,60728.4690394,2,20.3229
ZTF18aaphzut,60730.416088,2,20.5308
ZTF18aaphzut,60730.4545949,1,20.4195
ZTF18aaphzut,60734.3591782,2,20.1899
ZTF18aaphzut,60739.4204861,1,20.6536
ZTF18aaphzut,60739.4570023,2,19.9209
ZTF18aaphzut,60744.3107523,2,19.5894
ZTF18aaphzut,60744.3801968,1,19.4714
ZTF18aaphzut,60751.2845255,2,16.7265
ZTF18aaphzut,60754.3709838,2,19.1218
ZTF18aaphzut,60756.315,2,20.1771
ZTF18aaphzut,60758.3365625,2,20.366
ZTF18aaphzut,60758.4104282,1,20.452
ZTF18aaphzut,60760.3508796,2,20.7076
ZTF18aaphzut,60760.3702778,1,20.897
ZTF18aaphzut,60770.3126157,2,19.6627
ZTF18aaphzut,60772.3295718,2,19.8363
ZTF18aaphzut,60774.3188079,2,19.6039
ZTF18aaphzut,60774.4033912,1,19.2438
ZTF18aaphzut,60780.2939815,2,19.5833
ZTF18aaphzut,60785.2535417,2,20.3882
ZTF18aaphzut,60789.2206944,2,20.3846
ZTF18aaphzut,60794.3118981,2,20.1797
ZTF18aaphzut,60796.2698843,2,20.7032
ZTF18aaphzut,60796.3670023,1,20.606
ZTF18aaphzut,60798.2536343,2,20.3646
ZTF18aaphzut,60798.3191319,1,20.486
ZTF18aaphzut,60805.27375,1,19.1504
ZTF18aaphzut,60805.3597801,2,19.0776
ZTF18aaphzut,60807.2888657,2,19.4667
ZTF18aaphzut,60811.2347569,1,20.5197
ZTF18aaphzut,60811.2580208,2,20.3355
ZTF18aaphzut,60816.2487616,2,20.3937
ZTF18aaphzut,60818.2273843,1,20.6523
ZTF18aaphzut,60818.2702662,2,20.4203
ZTF18aaphzut,60820.2904051,2,19.7891
ZTF18aaphzut,60820.3178356,1,18.6559
ZTF18aaphzut,60822.1831713,2,17.4359
ZTF18aaphzut,60824.3097917,2,20.0632
ZTF18aaphzut,60826.1841782,2,18.8314
ZTF18aaphzut,60826.300081,1,17.1835
ZTF18aaphzut,60829.2427431,2,19.6412
ZTF18aaphzut,60833.2548264,2,19.5116
ZTF18aaphzut,60835.2340046,2,19.6471
ZTF18aaphzut,60837.225706,1,19.2565
ZTF18aaphzut,60837.2489352,2,19.4531
ZTF18aaphzut,60839.2703819,2,19.6061
ZTF18aaphzut,60842.1958565,2,20.2216
ZTF18aaphzut,60845.2562384,2,20.0815
ZTF18aaphzut,60847.195544,1,20.3283
ZTF18aaphzut,60847.2596991,2,19.7503
ZTF18aaphzut,60851.1742593,2,19.6658
ZTF18aaphzut,60851.2062616,2,19.7781
ZTF18aaphzut,60977.5481944,2,17.8774
ZTF18aaphzut,60977.5532407,2,16.7663
ZTF18aaphzut,60981.5551852,2,17.5057
ZTF18aaphzut,60982.5508796,2,18.2453
ZTF18aaphzut,60992.5581829,2,19.0657
ZTF18aaphzut,60992.5620602,2,18.573
ZTF18aaphzut,61006.5491667,2,17.3323
ZTF18aaphzut,61013.4810301,2,18.1707
ZTF18aaphzut,61013.5287269,1,18.4693
ZTF18aaphzut,61015.5288889,2,19.8361
ZTF18aaphzut,61017.548287,1,19.6599
ZTF18aaphzut,61024.5258449,2,20.1114
ZTF18aaphzut,61031.5290162,2,18.4673
ZTF18aaphzut,61038.5841898,2,18.6472
ZTF18aaphzut,61053.4887384,2,19.9283
ZTF18aaphzut,61055.5050116,2,20.082
ZTF18aaphzut,61057.4737037,2,19.7261
ZTF18aaphzut,61059.4510532,2,20.5827
ZTF18aaphzut,61061.5438889,2,20.048
ZTF18aaphzut,61066.4825694,2,16.4051
ZTF18aaphzut,61069.4598495,2,19.7514
ZTF18aaphzut,61071.5095718,2,19.3452
ZTF18aaphzut,61073.4745718,2,18.9684
ZTF18aaphzut,61078.5192708,2,19.7421
ZTF18aaphzut,61079.4993634,2,19.8058
ZTF18aaphzut,61081.5009375,2,19.9549
ZTF18aaphzut,61085.4881944,2,20.4857
ZTF18aaphzut,61086.3508681,3,15.1158
ZTF18aaphzut,61094.3879745,3,20.0758
ZTF18aaphzut,61094.4172454,2,20.327
ZTF18aaphzut,61095.420787,2,20.2604
ZTF18aaphzut,61096.4416204,3,19.7576
ZTF18aaphzut,61096.4732986,2,20.0674
ZTF18aaphzut,61097.4213657,2,19.9074
ZTF18aaphzut,61097.4635995,3,19.8359
ZTF18aaphzut,61098.3422338,2,19.9622
ZTF18aaphzut,61099.2872801,3,18.6925
ZTF18aaphzut,61099.4274074,2,19.9318
ZTF18aaphzut,61100.4687616,2,19.8139
ZTF18aaphzut,61100.5073495,3,19.5283
ZTF18aaphzut,61101.3294676,1,19.1596
ZTF18aaphzut,61101.3705787,3,19.3329
ZTF18aaphzut,61101.4199884,2,19.5214
ZTF18aaphzut,61105.3670255,3,18.7792
ZTF18aaphzut,61105.4024537,2,19.1677
ZTF18aaphzut,61105.4602778,1,19.2985
ZTF18aaphzut,61106.2343634,1,18.9098
ZTF18aaphzut,61106.3868287,3,19.1512
ZTF18aaphzut,61106.4419676,2,19.5547
ZTF18aaphzut,61107.4682523,2,19.3507
ZTF18aaphzut,61107.4718403,3,19.1731
ZTF18aaphzut,61108.383588,3,19.5886
ZTF18aaphzut,61108.4280208,2,19.8138
ZTF18aaphzut,61110.3474653,3,20.1098
ZTF18aaphzut,61111.398912,3,19.8541
ZTF18aaphzut,61111.4499769,2,20.3408
ZTF18aaphzut,61112.3197222,2,20.0865
ZTF18aaphzut,61113.3205671,3,19.935
ZTF18aaphzut,61113.3586227,2,17.6612
ZTF18aaphzut,61113.4167014,1,18.6599
ZTF18aaphzut,61114.32125,3,20.0795
ZTF18aaphzut,61114.3578009,2,20.4713
ZTF18aaphzut,61115.3121181,3,19.739
ZTF18aaphzut,61115.3989815,2,20.0282
ZTF18aaphzut,61116.3700463,2,19.2189
ZTF18aaphzut,61116.3993056,3,17.5779
ZTF18aaphzut,61117.3219329,3,20.18
ZTF18aaphzut,61117.4022685,2,20.295
ZTF18aaphzut,61118.2880787,3,20.0318
ZTF18aaphzut,61118.3157176,2,20.5863
ZTF18aaphzut,61119.320787,3,20.0019
ZTF18aaphzut,61119.3455787,2,20.5173
ZTF18aaphzut,61120.2887037,3,19.9901
ZTF18aaphzut,61120.3308449,2,20.6242
ZTF18aaphzut,61121.2901505,3,19.662
ZTF18aaphzut,61121.4015625,2,16.6802
ZTF18aaphzut,61123.3087616,2,20.5195
ZTF18aaphzut,61123.3424306,3,20.1851
ZTF18aaphzut,61125.235162,2,19.9498
ZTF18aaphzut,61125.3057986,3,19.0864
ZTF18aaphzut,61126.3388542,3,20.1009
ZTF18aaphzut,61126.3607176,1,20.2938
ZTF18aaphzut,61126.4062269,2,20.3927
ZTF18aaphzut,61127.3715162,2,19.953
ZTF18aaphzut,61127.3795949,3,19.822
ZTF18aaphzut,61129.3652083,2,19.5266
ZTF18aaphzut,61139.2055787,2,20.3705
ZTF18aaphzut,61140.3020602,2,20.4614
ZTF18aaphzut,61146.1784491,3,19.964
ZTF18aaphzut,61146.2395139,2,20.3577
ZTF18aaphzut,61147.2671296,3,19.9166
ZTF18aaphzut,61147.2960764,2,20.1916
ZTF18aaphzut,61147.3634722,1,20.1553
ZTF18aaphzut,61148.286088,2,20.449
ZTF18aaphzut,61150.280625,2,20.492
ZTF18aaphzut,61150.3523495,3,19.8617
ZTF18aaphzut,61151.3400463,3,19.6721
ZTF18aaphzut,61153.2552315,2,19.9813
ZTF18aaphzut,61153.3617361,3,19.9191
ZTF18aaphzut,61155.202662,1,19.6159
ZTF18aaphzut,61155.2633681,2,20.067
ZTF18aaphzut,61155.2781944,3,19.6529
ZTF18aaphzut,61160.2109144,1,18.719
ZTF18aaphzut,61161.2425231,3,18.7263
ZTF18aaphzut,61162.2330556,1,19.1879
ZTF18aaphzut,61162.2815972,2,19.1115
ZTF18aaphzut,61167.1781134,3,19.5641
ZTF18aaphzut,61167.2203009,2,20.4522
ZTF18aaphzut,61168.3180093,3,19.9605
ZTF18aaphzut,61169.2798495,2,20.4609
ZTF18aaphzut,61169.3204745,3,19.6642
ZTF18aaphzut,61170.2423727,3,20.0978
ZTF18aaphzut,61170.2633796,2,20.5813
ZTF18aaphzut,61171.2821296,2,20.4573
ZTF18aaphzut,61173.1830787,3,19.2993
ZTF18aaphzut,61173.2866319,2,20.3429
ZTF18aaphzut,61174.2753588,3,19.8391
ZTF18aaphzut,61174.3185995,2,20.027
ZTF18aaphzut,61175.1810648,3,19.7759
ZTF18aaphzut,61175.3033333,2,20.4439
ZTF18aaphzut,61176.1864583,3,19.8768
ZTF18aaphzut,61176.2152431,2,20.6026
ZTF18aaphzut,61179.2311458,2,20.0797
ZTF18aaphzut,61180.1803472,3,19.7939
ZTF18aaphzut,61181.3037037,3,19.7098
ZTF18aaphzut,61183.1755556,2,20.0124
ZTF18aaphzut,61184.1769792,3,19.1084
ZTF18aaphzut,61184.3214236,2,19.3777
ZTF18aaphzut,61191.2253009,3,19.5045
ZTF18aaphzut,61191.2725116,2,19.5497
ZTF18aaphzut,61192.2377778,3,19.5427
ZTF18aaphzut,61192.2699074,2,19.6071
ZTF18aaphzut,61193.2340741,3,19.6079
ZTF18aaphzut,61193.2656713,2,19.876
ZTF18aaphzut,61194.2068634,2,20.3567
ZTF18aaphzut,61194.2404514,1,19.8265
ZTF18aaphzut,61194.2768403,3,19.5596
ZTF18aaphzut,61195.1818519,2,20.1038
ZTF18aaphzut,61195.2801505,3,19.3
ZTF18aaphzut,61196.1872454,3,19.6785
ZTF18aaphzut,61196.2971412,2,19.8266
ZTF18aaphzut,61198.1872106,2,20.6566
ZTF18aaphzut,61202.1814005,3,19.9134
ZTF18aaphzut,61202.1952778,2,20.078
ZTF18aaphzut,61205.2269676,3,19.9949
ZTF18aaphzut,61207.2266088,2,20.2447
ZTF18aauenwu,58237.4083102,1,19.2473
ZTF18aauenwu,58237.4887153,1,19.5629
ZTF18aauenwu,58258.4336806,2,20.1468
ZTF18aauenwu,58269.4032407,2,20.0842
ZTF18aauenwu,58278.4534606,2,20.8504
ZTF18aauenwu,58293.3285995,2,20.2996
ZTF18aauenwu,58299.4511574,1,19.5034
ZTF18aauenwu,58302.345787,2,19.7991
ZTF18aauenwu,58308.3647222,2,18.9649
ZTF18aauenwu,58311.3876852,2,20.7343
ZTF18aauenwu,58314.3673843,1,20.8298
ZTF18aauenwu,58314.4102546,2,20.6761
ZTF18aauenwu,58314.4111921,2,20.5049
ZTF18aauenwu,58317.3630556,1,20.635
ZTF18aauenwu,58317.4087384,2,20.3177
ZTF18aauenwu,58317.4111343,2,20.3345
ZTF18aauenwu,58320.3636227,2,20.649
ZTF18aauenwu,58320.3688426,2,20.9527
ZTF18aauenwu,58320.4154745,1,20.3478
ZTF18aauenwu,58320.4267824,1,20.8202
ZTF18aauenwu,58323.2637384,2,20.2903
ZTF18aauenwu,58323.2642014,2,19.8655
ZTF18aauenwu,58323.4043634,1,20.1268
ZTF18aauenwu,58326.3390509,2,19.4144
ZTF18aauenwu,58326.3404977,2,19.7491
ZTF18aauenwu,58326.4230787,1,19.1072
ZTF18aauenwu,58326.4501968,1,18.7911
ZTF18aauenwu,58329.3430324,2,19.9292
ZTF18aauenwu,58329.3444792,2,19.9793
ZTF18aauenwu,58329.4141551,1,19.8586
ZTF18aauenwu,58332.2268287,1,20.3016
ZTF18aauenwu,58332.2636458,2,16.6142
ZTF18aauenwu,58332.328206,2,20.4976
ZTF18aauenwu,58335.2807523,1,19.2582
ZTF18aauenwu,58335.2821644,1,18.421
ZTF18aauenwu,58338.2008333,2,20.5541
ZTF18aauenwu,58341.3197917,2,19.9999
ZTF18aauenwu,58344.3108333,2,20.5254
ZTF18aauenwu,58351.1970949,2,20.1763
ZTF18aauenwu,58354.3818519,2,19.0057
ZTF18aauenwu,58372.2465278,1,21.0268
ZTF18aauenwu,58375.1943981,2,20.8531
ZTF18aauenwu,58375.2436574,1,21.0304
ZTF18aauenwu,58378.2246412,2,20.6825
ZTF18aauenwu,58378.3046065,1,20.783
ZTF18aauenwu,58381.1339931,2,20.4106
ZTF18aauenwu,58381.1548727,2,20.3547
ZTF18aauenwu,58381.193206,1,20.1372
ZTF18aauenwu,58381.2205903,1,20.1375
ZTF18aauenwu,58384.2043519,2,19.9577
ZTF18aauenwu,58384.2268056,1,19.8239
ZTF18aauenwu,58387.1316667,2,20.3476
ZTF18aauenwu,58387.1925347,1,19.9011
ZTF18aauenwu,58387.197662,1,19.6331
ZTF18aauenwu,58390.1621065,1,21.0366
ZTF18aauenwu,58390.1722917,2,20.526
ZTF18aauenwu,58397.1098032,1,20.8947
ZTF18aauenwu,58400.1229051,1,20.9681
ZTF18aauenwu,58426.0962731,2,18.505
ZTF18aauenwu,58539.4680324,1,16.5813
ZTF18aauenwu,58540.4862731,1,19.7884
ZTF18aauenwu,58557.5068171,1,19.851
ZTF18aauenwu,58561.4244329,2,18.7954
ZTF18aauenwu,58561.5304167,1,19.0664
ZTF18aauenwu,58567.5089931,1,19.6235
ZTF18aauenwu,58567.5122569,1,20.0626
ZTF18aauenwu,58573.4947338,1,20.477
ZTF18aauenwu,58575.4660648,2,19.2779
ZTF18aauenwu,58575.5140625,1,18.1652
ZTF18aauenwu,58577.4466667,2,15.9439
ZTF18aauenwu,58584.4915046,1,20.5505
ZTF18aauenwu,58587.4921181,1,19.9787
ZTF18aauenwu,58587.51375,2,18.8886
ZTF18aauenwu,58587.516088,2,19.0507
ZTF18aauenwu,58596.5002083,1,19.838
ZTF18aauenwu,58605.4939931,1,20.2683
ZTF18aauenwu,58608.4471065,1,20.8551
ZTF18aauenwu,58612.4096644,1,21.0945
ZTF18aauenwu,58616.4790394,1,21.0003
ZTF18aauenwu,58619.4274884,2,18.8777
ZTF18aauenwu,58632.4339699,1,20.9146
ZTF18aauenwu,58635.4682986,1,21.0558
ZTF18aauenwu,58638.4555208,1,20.9049
ZTF18aauenwu,58641.4267593,1,19.4815
ZTF18aauenwu,58644.4308796,1,20.7601
ZTF18aauenwu,58647.3826968,1,20.3306
ZTF18aauenwu,58650.326875,2,19.7631
ZTF18aauenwu,58650.466713,1,20.1048
ZTF18aauenwu,58653.3933218,1,20.0163
ZTF18aauenwu,58653.4289352,2,19.9498
ZTF18aauenwu,58655.2906713,1,19.8918
ZTF18aauenwu,58657.4519097,1,20.3718
ZTF18aauenwu,58658.391088,2,20.6841
ZTF18aauenwu,58658.4475231,1,20.5821
ZTF18aauenwu,58658.4526505,1,20.5083
ZTF18aauenwu,58660.3313773,2,21.0307
ZTF18aauenwu,58660.3318287,2,20.8318
ZTF18aauenwu,58660.348287,1,21.0624
ZTF18aauenwu,58660.3487384,1,21.1613
ZTF18aauenwu,58661.3488426,2,20.5876
ZTF18aauenwu,58661.349294,2,20.6327
ZTF18aauenwu,58661.4520718,1,20.7816
ZTF18aauenwu,58661.4529861,1,20.4963
ZTF18aauenwu,58662.3294097,2,20.6674
ZTF18aauenwu,58662.3298611,2,20.7649
ZTF18aauenwu,58662.4345602,1,20.8943
ZTF18aauenwu,58663.3488426,2,20.7535
ZTF18aauenwu,58663.349294,2,20.776
ZTF18aauenwu,58663.4523843,1,20.7455
ZTF18aauenwu,58663.4538079,1,20.4422
ZTF18aauenwu,58665.2361343,1,20.8703
ZTF18aauenwu,58668.3078819,1,20.6525
ZTF18aauenwu,58671.3887847,2,16.8312
ZTF18aauenwu,58671.4058565,2,18.9492
ZTF18aauenwu,58674.3086574,2,20.7082
ZTF18aauenwu,58674.3489352,1,21.0814
ZTF18aauenwu,58677.3506944,1,20.1834
ZTF18aauenwu,58679.3414005,1,19.6876
ZTF18aauenwu,58680.4544097,1,19.353
ZTF18aauenwu,58681.1964815,1,19.3508
ZTF18aauenwu,58681.2212037,1,19.4453
ZTF18aauenwu,58682.1965046,1,19.9518
ZTF18aauenwu,58683.282581,1,19.1627
ZTF18aauenwu,58683.2864815,1,19.4215
ZTF18aauenwu,58684.2763773,1,20.0465
ZTF18aauenwu,58685.3743287,1,20.3985
ZTF18aauenwu,58688.3108565,1,20.8039
ZTF18aauenwu,58690.2851389,1,20.9415
ZTF18aauenwu,58691.3009028,1,21.0857
ZTF18aauenwu,58693.2802546,1,20.8627
ZTF18aauenwu,58694.3454167,2,20.5493
ZTF18aauenwu,58695.2841088,2,19.4118
ZTF18aauenwu,58695.2881597,2,19.1493
ZTF18aauenwu,58695.3134954,1,20.228
ZTF18aauenwu,58695.3170255,1,20.6414
ZTF18aauenwu,58696.3182407,1,21.1196
ZTF18aauenwu,58697.3372338,1,21.0546
ZTF18aauenwu,58698.2882755,2,19.3011
ZTF18aauenwu,58698.2921065,2,19.8147
ZTF18aauenwu,58698.3168981,1,16.2274
ZTF18aauenwu,58699.3203125,1,20.8865
ZTF18aauenwu,58700.316875,1,20.8194
ZTF18aauenwu,58701.3203935,1,20.8402
ZTF18aauenwu,58702.2919213,2,20.8237
ZTF18aauenwu,58702.3195486,1,20.8285
ZTF18aauenwu,58703.3199421,1,21.048
ZTF18aauenwu,58704.3154398,1,20.4987
ZTF18aauenwu,58705.2350579,1,20.0366
ZTF18aauenwu,58707.2348032,1,19.7725
ZTF18aauenwu,58708.2360417,1,19.4852
ZTF18aauenwu,58709.2356481,1,19.881
ZTF18aauenwu,58710.1767824,2,20.0463
ZTF18aauenwu,58710.2022569,1,19.7554
ZTF18aauenwu,58711.2016435,1,19.9826
ZTF18aauenwu,58711.2655671,1,19.7124
ZTF18aauenwu,58713.2104282,1,17.9574
ZTF18aauenwu,58714.2022106,1,20.6521
ZTF18aauenwu,58715.2874537,1,20.4812
ZTF18aauenwu,58716.3078704,1,20.4706
ZTF18aauenwu,58717.2878009,1,20.603
ZTF18aauenwu,58718.3087269,1,20.5333
ZTF18aauenwu,58719.2883912,1,20.4665
ZTF18aauenwu,58720.3077662,1,20.6087
ZTF18aauenwu,58721.2881134,1,17.1448
ZTF18aauenwu,58722.2872917,1,20.7869
ZTF18aauenwu,58723.3098148,1,20.9954
ZTF18aauenwu,58724.3098495,1,20.5405
ZTF18aauenwu,58725.2860532,1,20.8669
ZTF18aauenwu,58726.2874421,1,20.5795
ZTF18aauenwu,58727.3093981,1,20.8703
ZTF18aauenwu,58730.2861458,1,19.8439
ZTF18aauenwu,58732.2844213,1,20.3675
ZTF18aauenwu,58733.2358565,2,20.3175
ZTF18aauenwu,58733.28375,1,20.2803
ZTF18aauenwu,58734.2849884,1,19.8666
ZTF18aauenwu,58735.2835648,1,19.6559
ZTF18aauenwu,58736.2698611,2,20.0924
ZTF18aauenwu,58736.2931597,1,19.751
ZTF18aauenwu,58737.3060648,1,19.3635
ZTF18aauenwu,58738.1443634,1,19.8188
ZTF18aauenwu,58741.143669,1,20.087
ZTF18aauenwu,58744.3671991,2,19.2069
ZTF18aauenwu,58747.1348264,1,20.9375
ZTF18aauenwu,58757.2069792,1,20.8011
ZTF18aauenwu,58767.1221759,2,19.2773
ZTF18aauenwu,58767.2160648,1,18.5587
ZTF18aauenwu,58767.2429977,1,18.4853
ZTF18aauenwu,58773.100706,2,16.4149
ZTF18aauenwu,58773.1040394,2,15.7019
ZTF18aauenwu,58773.1200463,1,18.586
ZTF18aauenwu,58776.1192014,1,20.835
ZTF18aauenwu,58797.0757523,2,19.5043
ZTF18aauenwu,58888.5165394,2,18.2543
ZTF18aauenwu,58892.5295139,2,19.5599
ZTF18aauenwu,58892.5591204,1,19.746
ZTF18aauenwu,58895.5329167,1,19.9436
ZTF18aauenwu,58900.5108449,2,16.8455
ZTF18aauenwu,58900.5131134,2,17.6236
ZTF18aauenwu,58900.5588426,1,18.235
ZTF18aauenwu,58912.5304051,1,20.6027
ZTF18aauenwu,58915.4883449,1,17.7761
ZTF18aauenwu,58915.4979977,1,17.3412
ZTF18aauenwu,58939.4733681,1,17.8807
ZTF18aauenwu,58939.4742824,1,17.617
ZTF18aauenwu,58939.5050694,2,16.9558
ZTF18aauenwu,58939.5073958,2,16.7239
ZTF18aauenwu,58943.4510648,1,19.8472
ZTF18aauenwu,58954.4242593,1,20.085
ZTF18aauenwu,58962.4872569,1,20.4821
ZTF18aauenwu,58965.4330324,1,20.9535
ZTF18aauenwu,58968.4753588,1,20.8082
ZTF18aauenwu,58968.4758218,1,20.9135
ZTF18aauenwu,58971.4454051,1,20.8007
ZTF18aauenwu,58971.4458681,1,20.9004
ZTF18aauenwu,58974.493125,1,20.2338
ZTF18aauenwu,58977.3906944,1,19.0934
ZTF18aauenwu,58977.3935185,1,19.0558
ZTF18aauenwu,58977.4635185,2,18.7653
ZTF18aauenwu,58977.4639815,2,19.0319
ZTF18aauenwu,58980.4303704,1,19.9064
ZTF18aauenwu,58986.4044329,1,21.0015
ZTF18aauenwu,58986.408125,1,20.9073
ZTF18aauenwu,58991.4095833,1,20.9061
ZTF18aauenwu,58991.4100579,1,20.9024
ZTF18aauenwu,58991.4515162,2,20.7161
ZTF18aauenwu,58994.4200926,1,20.8078
ZTF18aauenwu,58994.4205671,1,20.7932
ZTF18aauenwu,58997.4096991,1,20.9572
ZTF18aauenwu,58997.4101736,1,20.8237
ZTF18aauenwu,59000.4302431,1,18.9738
ZTF18aauenwu,59004.4734954,1,19.9937
ZTF18aauenwu,59004.4744329,1,19.9616
ZTF18aauenwu,59008.3402546,2,19.2804
ZTF18aauenwu,59009.2843287,1,19.7929
ZTF18aauenwu,59012.3203125,1,20.7709
ZTF18aauenwu,59012.3222106,1,20.878
ZTF18aauenwu,59012.4774653,1,20.1459
ZTF18aauenwu,59014.362662,1,20.7531
ZTF18aauenwu,59016.2601389,2,19.0355
ZTF18aauenwu,59016.3672917,1,20.7727
ZTF18aauenwu,59017.3256944,1,20.8957
ZTF18aauenwu,59018.3659606,1,21.0237
ZTF18aauenwu,59018.3664236,1,21.1721
ZTF18aauenwu,59019.2790972,1,20.7426
ZTF18aauenwu,59019.3670255,2,20.8614
ZTF18aauenwu,59020.3900579,1,21.0556
ZTF18aauenwu,59020.4621759,2,20.8208
ZTF18aauenwu,59022.3526505,1,20.8919
ZTF18aauenwu,59023.3326273,1,20.9246
ZTF18aauenwu,59023.3902894,2,20.7527
ZTF18aauenwu,59024.3653588,1,20.8733
ZTF18aauenwu,59024.3658218,1,20.7794
ZTF18aauenwu,59025.3238773,1,21.0506
ZTF18aauenwu,59025.3627431,2,20.8678
ZTF18aauenwu,59026.3698727,1,20.9766
ZTF18aauenwu,59027.3606366,1,20.7416
ZTF18aauenwu,59027.3629745,1,20.7971
ZTF18aauenwu,59030.3909606,1,20.7267
ZTF18aauenwu,59030.3914352,1,20.5837
ZTF18aauenwu,59033.458125,1,20.1659
ZTF18aauenwu,59035.2160995,1,19.1124
ZTF18aauenwu,59035.3255903,2,19.552
ZTF18aauenwu,59036.2214931,1,19.4564
ZTF18aauenwu,59039.3441435,1,20.1839
ZTF18aauenwu,59041.3890509,1,20.4176
ZTF18aauenwu,59042.3068403,1,20.8346
ZTF18aauenwu,59042.347338,1,20.6235
ZTF18aauenwu,59044.352338,1,20.6519
ZTF18aauenwu,59045.2784259,1,21.1292
ZTF18aauenwu,59047.2839236,1,20.8948
ZTF18aauenwu,59048.3699421,1,21.0459
ZTF18aauenwu,59050.3732176,1,20.7361
ZTF18aauenwu,59051.3268634,1,20.9726
ZTF18aauenwu,59053.330162,2,20.7052
ZTF18aauenwu,59053.3520255,1,20.9839
ZTF18aauenwu,59054.2808912,1,21.006
ZTF18aauenwu,59054.3800926,2,20.665
ZTF18aauenwu,59057.386412,1,20.77
ZTF18aauenwu,59059.3043287,1,20.4455
ZTF18aauenwu,59060.3040972,1,20.3148
ZTF18aauenwu,59060.3912384,1,20.7773
ZTF18aauenwu,59062.3773264,1,19.7838
ZTF18aauenwu,59063.3194329,2,19.5313
ZTF18aauenwu,59063.4276042,1,19.2543
ZTF18aauenwu,59066.3127199,1,19.6677
ZTF18aauenwu,59066.3383333,1,19.6939
ZTF18aauenwu,59067.3951968,1,19.6752
ZTF18aauenwu,59069.3061921,1,20.5465
ZTF18aauenwu,59069.332662,1,20.53
ZTF18aauenwu,59071.247037,1,20.8319
ZTF18aauenwu,59072.350787,1,20.5803
ZTF18aauenwu,59074.2223843,1,20.7489
ZTF18aauenwu,59075.3385417,1,20.4944
ZTF18aauenwu,59077.2364236,1,20.7438
ZTF18aauenwu,59077.2795718,2,18.4557
ZTF18aauenwu,59078.3708681,1,20.5016
ZTF18aauenwu,59080.2202431,1,20.5354
ZTF18aauenwu,59081.2375579,1,20.6659
ZTF18aauenwu,59082.304838,1,18.9304
ZTF18aauenwu,59084.3218403,1,20.6259
ZTF18aauenwu,59087.327662,1,20.2122
ZTF18aauenwu,59091.2564236,1,20.0309
ZTF18aauenwu,59092.1323958,2,19.8225
ZTF18aauenwu,59095.3292014,1,19.362
ZTF18aauenwu,59099.1842014,1,20.8592
ZTF18aauenwu,59099.1865856,1,20.9488
ZTF18aauenwu,59107.2826389,2,20.0998
ZTF18aauenwu,59110.1632639,1,20.7029
ZTF18aauenwu,59113.2033681,1,20.9053
ZTF18aauenwu,59116.254456,1,20.5398
ZTF18aauenwu,59116.2782176,1,20.5801
ZTF18aauenwu,59117.2539583,1,20.4373
ZTF18aauenwu,59119.2595718,1,19.9186
ZTF18aauenwu,59119.2704745,1,19.7957
ZTF18aauenwu,59120.2484375,1,19.5523
ZTF18aauenwu,59122.3234954,1,19.0127
ZTF18aauenwu,59123.1173843,1,19.6063
ZTF18aauenwu,59123.1230671,1,19.698
ZTF18aauenwu,59123.2692245,2,19.2102
ZTF18aauenwu,59125.1221991,2,20.0324
ZTF18aauenwu,59125.1819097,1,19.7453
ZTF18aauenwu,59127.1206597,2,21.1208
ZTF18aauenwu,59127.2048843,1,18.6843
ZTF18aauenwu,59129.1778009,1,16.4765
ZTF18aauenwu,59131.1638194,1,20.5862
ZTF18aauenwu,59135.2170255,1,20.5518
ZTF18aauenwu,59137.1604167,1,20.7679
ZTF18aauenwu,59139.180544,1,20.6414
ZTF18aauenwu,59141.1341088,2,20.0219
ZTF18aauenwu,59141.2267245,1,20.0043
ZTF18aauenwu,59143.1226968,2,19.5168
ZTF18aauenwu,59143.1241088,2,19.7399
ZTF18aauenwu,59143.1518056,1,20.785
ZTF18aauenwu,59143.1798611,1,20.5797
ZTF18aauenwu,59145.1970949,1,20.4447
ZTF18aauenwu,59149.1751273,1,19.4046
ZTF18aauenwu,59149.1814583,1,19.1268
ZTF18aauenwu,59151.1527315,1,19.5871
ZTF18aauenwu,59153.1448958,1,19.4897
ZTF18aauenwu,59155.1418403,1,19.6238
ZTF18aauenwu,59157.1039352,2,20.4182
ZTF18aauenwu,59157.1368519,1,20.0656
ZTF18aauenwu,59164.2207407,1,19.3463
ZTF18aauenwu,59167.1783565,1,19.6987
ZTF18aauenwu,59169.1099769,1,20.3628
ZTF18aauenwu,59169.1826852,2,19.5459
ZTF18aauenwu,59171.1418519,1,19.8931
ZTF18aauenwu,59173.1337963,1,20.1689
ZTF18aauenwu,59175.1037037,1,19.1189
ZTF18aauenwu,59175.1239005,2,19.1273
ZTF18aauenwu,59177.0814236,2,19.7853
ZTF18aauenwu,59177.1208102,1,19.2841
ZTF18aauenwu,59177.1236111,1,19.5172
ZTF18aauenwu,59179.1424769,1,19.4308
ZTF18aauenwu,59181.1370949,1,18.7031
ZTF18aauenwu,59184.0981481,2,19.5147
ZTF18aauenwu,59184.1352546,1,19.158
ZTF18aauenwu,59186.1525116,1,18.3817
ZTF18aauenwu,59188.1428588,1,19.4055
ZTF18aauenwu,59249.5150694,2,19.2712
ZTF18aauenwu,59263.4952778,2,18.756
ZTF18aauenwu,59263.5064583,1,19.4225
ZTF18aauenwu,59265.5126505,1,20.0928
ZTF18aauenwu,59267.5370486,1,20.039
ZTF18aauenwu,59269.4950347,1,19.7516
ZTF18aauenwu,59270.5296296,1,19.0982
ZTF18aauenwu,59271.4740162,2,18.3594
ZTF18aauenwu,59271.5182986,1,16.0509
ZTF18aauenwu,59274.4931366,1,18.5504
ZTF18aauenwu,59274.494537,1,19.0127
ZTF18aauenwu,59274.5261227,2,19.1863
ZTF18aauenwu,59276.5110995,1,19.7735
ZTF18aauenwu,59280.5242361,2,19.8343
ZTF18aauenwu,59291.5093519,1,20.6259
ZTF18aauenwu,59298.4029398,2,19.138
ZTF18aauenwu,59298.4034144,2,19.3147
ZTF18aauenwu,59298.4303588,1,19.3538
ZTF18aauenwu,59298.4308333,1,19.4104
ZTF18aauenwu,59302.474838,2,19.8843
ZTF18aauenwu,59302.4895255,1,19.4994
ZTF18aauenwu,59304.471169,2,19.0116
ZTF18aauenwu,59304.4904514,1,19.2183
ZTF18aauenwu,59307.496956,1,20.6115
ZTF18aauenwu,59309.4492824,1,20.4965
ZTF18aauenwu,59311.4514236,1,20.9066
ZTF18aauenwu,59313.4895486,1,20.4773
ZTF18aauenwu,59315.4520255,2,19.5273
ZTF18aauenwu,59315.4695139,1,19.6446
ZTF18aauenwu,59316.3903819,1,20.7293
ZTF18aauenwu,59317.4906944,1,20.8753
ZTF18aauenwu,59319.4699306,2,19.8516
ZTF18aauenwu,59321.3923495,1,20.7165
ZTF18aauenwu,59323.4697454,1,20.5909
ZTF18aauenwu,59325.4530556,1,20.5599
ZTF18aauenwu,59328.3448032,1,19.3311
ZTF18aauenwu,59334.4677894,1,19.9899
ZTF18aauenwu,59337.4049769,1,20.1056
ZTF18aauenwu,59339.4122454,1,20.8718
ZTF18aauenwu,59341.4718519,1,20.5114
ZTF18aauenwu,59344.4473843,1,20.97
ZTF18aauenwu,59344.4492708,1,20.8986
ZTF18aauenwu,59346.467581,1,20.9694
ZTF18aauenwu,59346.4680556,1,20.9967
ZTF18aauenwu,59349.4078009,1,20.9771
ZTF18aauenwu,59349.4101505,1,20.9307
ZTF18aauenwu,59349.4538773,2,20.6778
ZTF18aauenwu,59353.4544676,2,20.6885
ZTF18aauenwu,59356.4154282,2,20.5792
ZTF18aauenwu,59356.4583796,1,20.7243
ZTF18aauenwu,59359.318044,1,19.3151
ZTF18aauenwu,59359.4105787,2,19.9963
ZTF18aauenwu,59362.4056944,1,19.7841
ZTF18aauenwu,59364.3860532,1,20.2673
ZTF18aauenwu,59366.3070718,1,20.7318
ZTF18aauenwu,59366.3259722,1,20.7908
ZTF18aauenwu,59366.3690741,2,20.3663
ZTF18aauenwu,59368.3670833,1,20.8466
ZTF18aauenwu,59368.368044,1,20.8957
ZTF18aauenwu,59370.4065509,1,20.9631
ZTF18aauenwu,59370.4070255,1,20.8777
ZTF18aauenwu,59373.4506597,1,21.019
ZTF18aauenwu,59373.4515972,1,20.9211
ZTF18aauenwu,59376.390463,1,20.5655
ZTF18aauenwu,59378.3710185,1,20.8815
ZTF18aauenwu,59380.3894444,2,18.1074
ZTF18aauenwu,59380.3899074,2,17.8749
ZTF18aauenwu,59382.4039815,1,20.4742
ZTF18aauenwu,59384.3727662,2,19.4968
ZTF18aauenwu,59384.3732407,2,18.5308
ZTF18aauenwu,59386.4296991,1,20.6206
ZTF18aauenwu,59386.4306366,1,20.6612
ZTF18aauenwu,59390.3621528,2,20.0643
ZTF18aauenwu,59390.4273148,1,19.6203
ZTF18aauenwu,59392.2654282,1,19.8743
ZTF18aauenwu,59394.3296875,2,19.4473
ZTF18aauenwu,59394.3443634,1,19.8028
ZTF18aauenwu,59396.2993866,1,20.5753
ZTF18aauenwu,59399.3039699,1,20.9173
ZTF18aauenwu,59399.3044444,1,20.8502
ZTF18aauenwu,59401.366088,1,20.9048
ZTF18aauenwu,59401.3685301,1,20.7514
ZTF18aauenwu,59405.3304514,1,20.7007
ZTF18aauenwu,59407.2856019,1,20.736
ZTF18aauenwu,59409.3282407,1,20.7731
ZTF18aauenwu,59411.322662,1,20.5574
ZTF18aauenwu,59414.3843634,1,20.9324
ZTF18aauenwu,59417.2892593,2,15.9292
ZTF18aauenwu,59419.323125,2,17.5617
ZTF18aauenwu,59419.3240741,2,17.3584
ZTF18aauenwu,59419.3582986,1,18.7249
ZTF18aauenwu,59419.3597569,1,17.5766
ZTF18aauenwu,59423.3090046,2,18.4178
ZTF18aauenwu,59423.3114005,2,18.2648
ZTF18aauenwu,59423.3398264,1,19.3107
ZTF18aauenwu,59425.3626505,1,20.3323
ZTF18aauenwu,59428.2573843,1,20.7997
ZTF18aauenwu,59430.303287,1,20.8115
ZTF18aauenwu,59434.3527894,2,20.6678
ZTF18aauenwu,59435.2229051,1,20.9891
ZTF18aauenwu,59438.2255671,1,20.7581
ZTF18aauenwu,59440.2647106,1,20.9099
ZTF18aauenwu,59442.3048727,1,20.4743
ZTF18aauenwu,59444.3056366,1,19.7804
ZTF18aauenwu,59446.3422106,2,19.6298
ZTF18aauenwu,59446.4307407,1,19.133
ZTF18aauenwu,59449.2236111,1,19.7237
ZTF18aauenwu,59449.3283912,2,19.8316
ZTF18aauenwu,59451.2076157,1,19.9239
ZTF18aauenwu,59452.2191898,2,20.1233
ZTF18aauenwu,59453.2019907,1,20.9212
ZTF18aauenwu,59455.1797454,2,20.8945
ZTF18aauenwu,59455.2277083,1,20.8941
ZTF18aauenwu,59458.2668981,1,20.7962
ZTF18aauenwu,59459.171088,1,20.8116
ZTF18aauenwu,59461.2214699,1,20.4853
ZTF18aauenwu,59463.226794,1,20.9854
ZTF18aauenwu,59465.2193056,1,20.632
ZTF18aauenwu,59467.2061806,1,20.2809
ZTF18aauenwu,59469.2423843,1,20.8479
ZTF18aauenwu,59471.2676736,1,20.2156
ZTF18aauenwu,59473.2809722,1,20.0554
ZTF18aauenwu,59473.2814468,1,19.981
ZTF18aauenwu,59476.2202315,1,19.5178
ZTF18aauenwu,59478.3239005,1,18.8558
ZTF18aauenwu,59484.1848264,1,21.0548
ZTF18aauenwu,59484.1862616,1,21.0098
ZTF18aauenwu,59487.1966088,1,20.4298
ZTF18aauenwu,59489.2218287,1,20.4018
ZTF18aauenwu,59498.1324074,1,20.644
ZTF18aauenwu,59502.1373495,1,20.0853
ZTF18aauenwu,59504.1840972,1,19.6923
ZTF18aauenwu,59504.1956944,1,19.7738
ZTF18aauenwu,59510.1389352,2,19.0166
ZTF18aauenwu,59510.1613542,2,18.0219
ZTF18aauenwu,59510.2029514,1,19.5938
ZTF18aauenwu,59510.2202894,1,18.5886
ZTF18aauenwu,59512.2003472,1,20.2343
ZTF18aauenwu,59520.2018171,2,19.8502
ZTF18aauenwu,59522.2210417,1,20.1316
ZTF18aauenwu,59524.1349537,1,20.5959
ZTF18aauenwu,59526.1977778,1,20.5149
ZTF18aauenwu,59529.1143981,1,20.3199
ZTF18aauenwu,59621.513206,1,19.6248
ZTF18aauenwu,59621.5136921,1,19.2192
ZTF18aauenwu,59624.5163773,1,19.225
ZTF18aauenwu,59624.5168519,1,19.4334
ZTF18aauenwu,59627.484375,1,18.2637
ZTF18aauenwu,59627.5377894,2,18.8831
ZTF18aauenwu,59627.5382639,2,18.8643
ZTF18aauenwu,59637.5302894,2,18.5287
ZTF18aauenwu,59640.4950694,1,20.4398
ZTF18aauenwu,59670.491412,1,20.7333
ZTF18aauenwu,59670.5016667,1,20.6678
ZTF18aauenwu,59673.3860764,2,19.557
ZTF18aauenwu,59673.4313194,1,19.9206
ZTF18aauenwu,59673.4664468,1,19.7476
ZTF18aauenwu,59675.4974884,1,20.2976
ZTF18aauenwu,59678.4735069,2,20.6419
ZTF18aauenwu,59682.3704398,2,19.4178
ZTF18aauenwu,59682.4104398,1,19.5943
ZTF18aauenwu,59684.4313079,2,19.8354
ZTF18aauenwu,59685.3657639,2,18.9878
ZTF18aauenwu,59685.4085417,1,18.6787
ZTF18aauenwu,59686.4070949,2,18.9839
ZTF18aauenwu,59689.4282407,2,19.2354
ZTF18aauenwu,59689.4700347,1,19.343
ZTF18aauenwu,59689.4714583,1,19.6143
ZTF18aauenwu,59694.4484259,1,20.0482
ZTF18aauenwu,59694.47,2,19.7264
ZTF18aauenwu,59696.4302431,1,20.5255
ZTF18aauenwu,59698.4554745,1,20.531
ZTF18aauenwu,59701.4090278,1,20.7953
ZTF18aauenwu,59701.4095023,1,20.7123
ZTF18aauenwu,59701.4481597,1,20.9508
ZTF18aauenwu,59701.4486343,1,20.7843
ZTF18aauenwu,59709.4539583,2,19.3816
ZTF18aauenwu,59711.4250694,1,19.9494
ZTF18aauenwu,59711.4501157,2,20.2569
ZTF18aauenwu,59713.4146991,2,19.5429
ZTF18aauenwu,59713.4673264,1,20.0724
ZTF18aauenwu,59723.4080787,1,20.8772
ZTF18aauenwu,59725.3681134,1,20.563
ZTF18aauenwu,59727.4276157,1,20.7929
ZTF18aauenwu,59727.4280903,1,20.7106
ZTF18aauenwu,59731.391794,1,20.7779
ZTF18aauenwu,59733.3214236,1,20.8229
ZTF18aauenwu,59735.3905208,2,20.7522
ZTF18aauenwu,59735.4251968,1,20.8459
ZTF18aauenwu,59735.4275694,1,20.7687
ZTF18aauenwu,59737.406088,1,20.8174
ZTF18aauenwu,59737.4065625,1,20.7149
ZTF18aauenwu,59739.3923264,1,21.0001
ZTF18aauenwu,59739.3928009,1,20.9173
ZTF18aauenwu,59741.4271412,1,20.4768
ZTF18aauenwu,59743.4340625,1,19.753
ZTF18aauenwu,59748.2806829,1,20.1422
ZTF18aauenwu,59750.323912,1,20.3659
ZTF18aauenwu,59752.3240509,1,20.9556
ZTF18aauenwu,59755.3827546,1,20.7051
ZTF18aauenwu,59755.3868866,1,20.7371
ZTF18aauenwu,59757.3240509,1,20.8502
ZTF18aauenwu,59757.3462037,1,20.6851
ZTF18aauenwu,59759.3674653,1,20.715
ZTF18aauenwu,59761.3108796,1,20.0712
ZTF18aauenwu,59761.3118519,1,20.1535
ZTF18aauenwu,59763.386088,1,20.9282
ZTF18aauenwu,59763.3870255,1,20.8403
ZTF18aauenwu,59765.3925694,1,21.0868
ZTF18aauenwu,59765.3935185,1,20.9624
ZTF18aauenwu,59768.3673264,1,20.6331
ZTF18aauenwu,59768.3682755,1,21.0371
ZTF18aauenwu,59768.4252431,1,20.9467
ZTF18aauenwu,59770.3866435,1,20.7951
ZTF18aauenwu,59770.4559375,1,20.6284
ZTF18aauenwu,59773.3722801,2,19.6792
ZTF18aauenwu,59778.2991551,2,15.0066
ZTF18aauenwu,59782.3036574,1,20.6653
ZTF18aauenwu,59784.3743403,1,20.8282
ZTF18aauenwu,59784.3748148,1,20.7964
ZTF18aauenwu,59786.2888773,2,20.2627
ZTF18aauenwu,59786.3167245,1,20.9602
ZTF18aauenwu,59786.3172106,1,21.0087
ZTF18aauenwu,59790.2994097,1,20.7642
ZTF18aauenwu,59793.2259722,2,20.8674
ZTF18aauenwu,59793.2666782,1,20.815
ZTF18aauenwu,59793.2676389,1,20.6737
ZTF18aauenwu,59797.3868056,1,20.7126
ZTF18aauenwu,59802.2479167,2,19.096
ZTF18aauenwu,59802.309294,1,19.7967
ZTF18aauenwu,59805.2467245,1,18.6831
ZTF18aauenwu,59805.2481481,1,19.7587
ZTF18aauenwu,59809.263044,2,20.662
ZTF18aauenwu,59809.339919,1,20.1914
ZTF18aauenwu,59811.3228125,2,20.4175
ZTF18aauenwu,59813.2861343,1,20.6625
ZTF18aauenwu,59815.2454745,1,20.7649
ZTF18aauenwu,59819.1795255,1,21.0073
ZTF18aauenwu,59821.1756481,1,20.6864
ZTF18aauenwu,59823.3176505,1,20.531
ZTF18aauenwu,59825.2981481,1,20.4204
ZTF18aauenwu,59827.2586458,1,20.1935
ZTF18aauenwu,59838.1644097,1,20.7882
ZTF18aauenwu,59839.282963,1,20.4313
ZTF18aauenwu,59841.14125,1,20.7448
ZTF18aauenwu,59841.1955787,1,20.8747
ZTF18aauenwu,59843.1958102,1,20.7578
ZTF18aauenwu,59845.2208912,1,20.5945
ZTF18aauenwu,59847.1576042,1,20.7608
ZTF18aauenwu,59849.2034954,1,20.5628
ZTF18aauenwu,59851.1525347,2,20.4951
ZTF18aauenwu,59851.1974769,1,20.8161
ZTF18aauenwu,59853.1563889,1,20.8761
ZTF18aauenwu,59855.2389699,1,20.4672
ZTF18aauenwu,59857.2420255,1,19.7485
ZTF18aauenwu,59859.1786806,1,19.9153
ZTF18aauenwu,59861.1995718,1,19.6
ZTF18aauenwu,59861.2499074,2,19.0255
ZTF18aauenwu,59865.1311343,2,20.6497
ZTF18aauenwu,59865.1995833,1,20.1508
ZTF18aauenwu,59867.1405208,1,21.0504
ZTF18aauenwu,59867.1419444,1,20.9542
ZTF18aauenwu,59870.1414815,1,20.6905
ZTF18aauenwu,59870.1813773,2,20.2831
ZTF18aauenwu,59873.1240046,1,20.7203
ZTF18aauenwu,59877.2233218,1,20.0571
ZTF18aauenwu,59879.121956,2,20.5247
ZTF18aauenwu,59879.2033333,1,20.2159
ZTF18aauenwu,59881.1229861,1,20.5318
ZTF18aauenwu,59883.1574306,1,20.194
ZTF18aauenwu,59887.1159144,2,19.0274
ZTF18aauenwu,59887.158831,1,19.4665
ZTF18aauenwu,59887.159294,1,19.6348
ZTF18aauenwu,59889.11875,1,19.6166
ZTF18aauenwu,59889.1978241,2,19.0897
ZTF18aauenwu,59889.2180208,1,19.1011
ZTF18aauenwu,59894.1802894,1,18.3758
ZTF18aauenwu,59894.1807639,1,19.3922
ZTF18aauenwu,59896.1803704,1,19.2505
ZTF18aauenwu,59896.2263194,1,18.9971
ZTF18aauenwu,59898.1179745,1,20.4888
ZTF18aauenwu,59899.1369097,1,19.37
ZTF18aauenwu,59900.1338426,1,19.8995
ZTF18aauenwu,59901.1357176,2,16.4172
ZTF18aauenwu,59902.1809375,1,19.6222
ZTF18aauenwu,59903.1577199,2,19.4825
ZTF18aauenwu,59903.1871759,1,16.6183
ZTF18aauenwu,59905.181713,2,17.4365
ZTF18aauenwu,59907.1606366,2,19.1253
ZTF18aauenwu,59909.1043171,2,19.8064
ZTF18aauenwu,60016.5115394,2,20.0211
ZTF18aauenwu,60016.5173032,2,19.721
ZTF18aauenwu,60021.5155208,1,19.8034
ZTF18aauenwu,60032.4334954,2,20.0226
ZTF18aauenwu,60042.4883333,1,19.6371
ZTF18aauenwu,60046.4738542,1,18.9824
ZTF18aauenwu,60046.4907523,2,20.107
ZTF18aauenwu,60051.4844213,1,20.7393
ZTF18aauenwu,60054.4555903,1,20.4921
ZTF18aauenwu,60057.4473495,2,20.2667
ZTF18aauenwu,60057.4726157,1,20.9489
ZTF18aauenwu,60058.4696644,1,20.5957
ZTF18aauenwu,60059.4689468,1,20.562
ZTF18aauenwu,60061.4246528,1,20.8928
ZTF18aauenwu,60063.4456713,1,20.7386
ZTF18aauenwu,60076.3829861,1,20.5744
ZTF18aauenwu,60078.3629977,1,20.8125
ZTF18aauenwu,60081.3624884,1,20.9172
ZTF18aauenwu,60083.4344792,1,20.9701
ZTF18aauenwu,60083.456412,2,20.9858
ZTF18aauenwu,60085.364919,1,20.8726
ZTF18aauenwu,60087.4508218,1,21.1203
ZTF18aauenwu,60089.4308449,1,21.085
ZTF18aauenwu,60089.4313194,1,20.904
ZTF18aauenwu,60092.3397106,1,20.3613
ZTF18aauenwu,60098.3889468,2,19.9542
ZTF18aauenwu,60098.448588,1,19.8158
ZTF18aauenwu,60100.2202778,1,19.1117
ZTF18aauenwu,60100.4448032,1,19.6653
ZTF18aauenwu,60103.3244792,1,20.1156
ZTF18aauenwu,60105.3814699,2,15.7177
ZTF18aauenwu,60112.4095023,1,20.7671
ZTF18aauenwu,60115.408287,1,20.7628
ZTF18aauenwu,60118.3891667,1,20.4789
ZTF18aauenwu,60120.4313542,1,20.8457
ZTF18aauenwu,60122.4307755,1,20.9617
ZTF18aauenwu,60124.4072222,1,20.7251
ZTF18aauenwu,60126.4275463,1,20.3923
ZTF18aauenwu,60126.4494329,2,20.6309
ZTF18aauenwu,60128.4464352,1,19.4566
ZTF18aauenwu,60134.3752778,1,20.4631
ZTF18aauenwu,60136.3466898,1,20.7502
ZTF18aauenwu,60138.3678009,2,20.6878
ZTF18aauenwu,60138.389294,1,20.5945
ZTF18aauenwu,60140.3516088,1,20.7427
ZTF18aauenwu,60140.3676157,1,20.8489
ZTF18aauenwu,60143.4268171,1,20.4562
ZTF18aauenwu,60145.3056134,2,20.8707
ZTF18aauenwu,60145.3383796,1,20.7048
ZTF18aauenwu,60147.3300347,1,20.8986
ZTF18aauenwu,60149.3589699,1,20.8921
ZTF18aauenwu,60151.4537269,1,20.6271
ZTF18aauenwu,60154.2575463,2,15.9689
ZTF18aauenwu,60154.3642824,1,19.5313
ZTF18aauenwu,60160.3065509,1,20.1247
ZTF18aauenwu,60162.2181134,1,20.7817
ZTF18aauenwu,60168.3645023,1,20.7586
ZTF18aauenwu,60170.3260185,1,20.6593
ZTF18aauenwu,60172.2586111,1,20.9048
ZTF18aauenwu,60174.3502894,1,20.5982
ZTF18aauenwu,60179.2228356,1,20.6356
ZTF18aauenwu,60179.2238079,1,20.423
ZTF18aauenwu,60181.3466319,1,20.4134
ZTF18aauenwu,60183.2178356,1,20.1183
ZTF18aauenwu,60185.268206,1,19.8807
ZTF18aauenwu,60187.1616319,1,19.7852
ZTF18aauenwu,60187.1621065,1,19.7256
ZTF18aauenwu,60192.3466898,1,20.1556
ZTF18aauenwu,60194.1591319,1,20.7595
ZTF18aauenwu,60200.2682523,1,20.6922
ZTF18aauenwu,60202.1975,1,20.6549
ZTF18aauenwu,60202.247338,2,20.6431
ZTF18aauenwu,60204.2214583,1,20.9201
ZTF18aauenwu,60206.2439931,1,20.6848
ZTF18aauenwu,60209.1974074,2,19.4468
ZTF18aauenwu,60212.2055093,1,20.0546
ZTF18aauenwu,60214.1551505,1,19.7362
ZTF18aauenwu,60214.2415046,1,19.8942
ZTF18aauenwu,60216.2047338,1,19.5476
ZTF18aauenwu,60216.2077315,1,19.6989
ZTF18aauenwu,60220.2021991,1,20.0691
ZTF18aauenwu,60222.173206,1,20.3484
ZTF18aauenwu,60224.1948148,1,20.4174
ZTF18aauenwu,60228.2280787,1,20.3734
ZTF18aauenwu,60231.1787847,1,20.427
ZTF18aauenwu,60233.2047106,1,20.3084
ZTF18aauenwu,60235.1740741,1,20.4959
ZTF18aauenwu,60237.2190162,1,20.1833
ZTF18aauenwu,60239.1787616,1,20.3533
ZTF18aauenwu,60242.1377083,1,20.1563
ZTF18aauenwu,60245.1225,1,19.5764
ZTF18aauenwu,60245.1234375,1,19.5536
ZTF18aauenwu,60247.1300579,1,19.231
ZTF18aauenwu,60247.1553935,2,18.9939
ZTF18aauenwu,60247.1677315,2,19.0705
ZTF18aauenwu,60247.1786921,1,18.6826
ZTF18aauenwu,60249.1448032,1,19.5587
ZTF18aauenwu,60249.1609144,2,19.7157
ZTF18aauenwu,60249.1773495,2,19.0544
ZTF18aauenwu,60251.1160185,1,20.4791
ZTF18aauenwu,60253.1975579,1,20.4394
ZTF18aauenwu,60255.1210185,1,20.5323
ZTF18aauenwu,60258.1163426,2,19.4318
ZTF18aauenwu,60258.1533912,1,19.7326
ZTF18aauenwu,60260.1383102,1,20.2095
ZTF18aauenwu,60260.2067361,2,19.4818
ZTF18aauenwu,60262.1588889,1,20.4404
ZTF18aauenwu,60268.1853935,1,19.3085
ZTF18aauenwu,60285.1244213,1,19.9062
ZTF18aauenwu,60285.1372685,2,19.1138
ZTF18aauenwu,60285.1377315,2,19.1181
ZTF18aauenwu,60288.1198495,1,19.3357
ZTF18aauenwu,60288.1203241,1,19.0716
ZTF18aauenwu,60288.1600116,2,18.5468
ZTF18aauenwu,60352.5310648,1,20.0127
ZTF18aauenwu,60354.5106944,1,20.4477
ZTF18aauenwu,60356.515787,1,20.6091
ZTF18aauenwu,60363.4900116,2,16.8348
ZTF18aauenwu,60363.4914236,2,16.2654
ZTF18aauenwu,60363.514919,1,16.7574
ZTF18aauenwu,60363.5319676,1,16.6328
ZTF18aauenwu,60368.4740856,1,19.3641
ZTF18aauenwu,60368.4754977,1,19.1711
ZTF18aauenwu,60387.478912,1,20.2525
ZTF18aauenwu,60387.4965394,2,19.9488
ZTF18aauenwu,60387.5120602,2,18.748
ZTF18aauenwu,60389.4536343,1,19.9799
ZTF18aauenwu,60391.4957407,1,20.0159
ZTF18aauenwu,60391.4977199,1,19.9422
ZTF18aauenwu,60396.4082407,1,19.0342
ZTF18aauenwu,60396.4234491,1,18.9829
ZTF18aauenwu,60403.453125,1,20.2793
ZTF18aauenwu,60403.4952546,2,20.0368
ZTF18aauenwu,60407.4724537,1,20.6959
ZTF18aauenwu,60419.4132986,2,18.9344
ZTF18aauenwu,60422.4760532,1,20.1012
ZTF18aauenwu,60423.4779167,1,19.755
ZTF18aauenwu,60428.4464815,1,20.0784
ZTF18aauenwu,60430.4693981,1,20.351
ZTF18aauenwu,60433.4705556,1,20.8214
ZTF18aauenwu,60436.4324306,1,20.6232
ZTF18aauenwu,60438.4479282,1,20.986
ZTF18aauenwu,60438.4715972,3,19.8353
ZTF18aauenwu,60439.4685532,1,20.4277
ZTF18aauenwu,60440.450544,1,20.8852
ZTF18aauenwu,60443.4475579,1,20.7226
ZTF18aauenwu,60446.4241088,1,20.9676
ZTF18aauenwu,60448.4088889,2,16.2319
ZTF18aauenwu,60448.4323495,1,20.1301
ZTF18aauenwu,60450.4450926,1,20.3862
ZTF18aauenwu,60451.3733218,2,19.5629
ZTF18aauenwu,60451.4326042,1,19.8186
ZTF18aauenwu,60455.3904282,2,19.2493
ZTF18aauenwu,60456.4077546,1,20.06
ZTF18aauenwu,60458.4543519,1,20.2814
ZTF18aauenwu,60460.3482176,1,20.8324
ZTF18aauenwu,60460.3838657,2,20.7054
ZTF18aauenwu,60461.3901852,2,20.3698
ZTF18aauenwu,60463.3209028,1,20.5639
ZTF18aauenwu,60469.4270833,1,20.8833
ZTF18aauenwu,60471.4347569,1,20.5919
ZTF18aauenwu,60474.4316782,1,20.7808
ZTF18aauenwu,60476.4059954,1,20.5159
ZTF18aauenwu,60479.3179977,2,19.9895
ZTF18aauenwu,60479.3483449,2,20.1223
ZTF18aauenwu,60479.412963,1,20.5798
ZTF18aauenwu,60481.3471875,2,20.2479
ZTF18aauenwu,60481.4071412,1,20.0363
ZTF18aauenwu,60483.4077894,1,19.7082
ZTF18aauenwu,60485.4095255,1,19.9387
ZTF18aauenwu,60488.4335764,1,20.3602
ZTF18aauenwu,60490.3493519,1,20.5531
ZTF18aauenwu,60494.4093634,1,20.5492
ZTF18aauenwu,60494.420544,1,20.6466
ZTF18aauenwu,60500.3449306,1,20.4158
ZTF18aauenwu,60502.2996181,1,20.769
ZTF18aauenwu,60504.3268981,1,20.8547
ZTF18aauenwu,60507.4142824,1,20.7978
ZTF18aauenwu,60509.3900926,1,20.2813
ZTF18aauenwu,60511.2862963,2,19.9946
ZTF18aauenwu,60511.3839468,1,19.4295
ZTF18aauenwu,60511.3844213,1,19.4264
ZTF18aauenwu,60513.3856134,1,19.4369
ZTF18aauenwu,60515.2984028,1,19.7712
ZTF18aauenwu,60519.4031019,1,20.2468
ZTF18aauenwu,60521.3446528,1,20.7559
ZTF18aauenwu,60524.3453935,1,20.7487
ZTF18aauenwu,60526.322581,1,20.7158
ZTF18aauenwu,60528.2838657,2,20.6007
ZTF18aauenwu,60528.3237731,1,19.6379
ZTF18aauenwu,60528.3247222,1,18.3544
ZTF18aauenwu,60530.2771181,1,20.6604
ZTF18aauenwu,60535.3232986,1,20.6822
ZTF18aauenwu,60537.3439468,1,20.3507
ZTF18aauenwu,60539.2998958,2,19.6129
ZTF18aauenwu,60543.2640394,2,20.1048
ZTF18aauenwu,60543.3025694,1,19.8537
ZTF18aauenwu,60544.2764931,2,19.9654
ZTF18aauenwu,60545.2014005,1,20.4171
ZTF18aauenwu,60545.2802199,2,20.004
ZTF18aauenwu,60546.3300347,1,19.4157
ZTF18aauenwu,60547.2868171,1,20.3271
ZTF18aauenwu,60549.2853704,1,20.657
ZTF18aauenwu,60551.2833912,1,20.7446
ZTF18aauenwu,60553.2250463,1,20.6732
ZTF18aauenwu,60555.2346644,1,20.7929
ZTF18aauenwu,60557.2666319,1,20.6115
ZTF18aauenwu,60561.2884491,2,19.9228
ZTF18aauenwu,60561.3435764,1,19.5689
ZTF18aauenwu,60563.2830093,1,18.5981
ZTF18aauenwu,60566.19625,2,19.6435
ZTF18aauenwu,60566.1971875,2,19.7971
ZTF18aauenwu,60566.2773727,1,19.6017
ZTF18aauenwu,60568.2657523,1,19.7922
ZTF18aauenwu,60571.1416435,1,19.6915
ZTF18aauenwu,60571.2263426,2,19.6994
ZTF18aauenwu,60571.2693634,1,19.5125
ZTF18aauenwu,60575.1317014,1,20.8224
ZTF18aauenwu,60575.2239815,3,19.9233
ZTF18aauenwu,60576.1380787,1,20.5497
ZTF18aauenwu,60576.2846181,3,19.7223
ZTF18aauenwu,60579.2779977,1,20.1421
ZTF18aauenwu,60591.1833449,1,20.5491
ZTF18aauenwu,60593.1223843,1,20.4724
ZTF18aauenwu,60595.1381134,1,19.7648
ZTF18aauenwu,60595.160787,2,19.7166
ZTF18aauenwu,60595.1612616,2,19.5743
ZTF18aauenwu,60597.1346759,2,20.3961
ZTF18aauenwu,60597.1900116,1,19.9062
ZTF18aauenwu,60599.1422569,2,19.8206
ZTF18aauenwu,60602.2011458,2,18.8868
ZTF18aauenwu,60602.212581,2,18.9182
ZTF18aauenwu,60602.238588,1,18.9589
ZTF18aauenwu,60602.2563542,1,18.6934
ZTF18aauenwu,60604.2854398,1,19.3922
ZTF18aauenwu,60606.1538426,2,20.1415
ZTF18aauenwu,60606.1792824,1,20.491
ZTF18aauenwu,60608.1194329,1,20.4952
ZTF18aauenwu,60610.1181481,1,20.7943
ZTF18aauenwu,60610.1800231,2,18.0609
ZTF18aauenwu,60614.1008565,2,19.6383
ZTF18aauenwu,60614.243125,1,19.7233
ZTF18aauenwu,60618.1187616,1,20.2127
ZTF18aauenwu,60620.1153125,2,18.6874
ZTF18aauenwu,60620.1825926,1,19.4135
ZTF18aauenwu,60622.112338,1,18.9386
ZTF18aauenwu,60622.1128009,1,19.0781
ZTF18aauenwu,60622.1392361,2,19.5252
ZTF18aauenwu,60625.0989583,1,20.1224
ZTF18aauenwu,60625.178125,1,19.6523
ZTF18aauenwu,60627.1395486,1,19.1248
ZTF18aauenwu,60627.1607292,1,18.6746
ZTF18aauenwu,60629.1198264,2,19.1761
ZTF18aauenwu,60629.1207755,2,18.9591
ZTF18aauenwu,60629.1763773,1,18.8384
ZTF18aauenwu,60629.1998148,1,18.769
ZTF18aauenwu,60632.1196991,1,19.7964
ZTF18aauenwu,60632.1600694,2,18.904
ZTF18aauenwu,60634.1753704,1,19.3311
ZTF18aauenwu,60636.0977083,1,20.0523
ZTF18aauenwu,60636.1015394,1,19.5947
ZTF18aauenwu,60639.1197685,1,19.2932
ZTF18aauenwu,60639.1202431,1,19.201
ZTF18aauenwu,60639.1860995,2,19.3995
ZTF18aauenwu,60643.0966435,1,19.0021
ZTF18aauenwu,60643.1000231,1,19.9627
ZTF18aauenwu,60643.1137153,2,19.4232
ZTF18aauenwu,60643.1775694,2,19.1316
ZTF18aauenwu,60645.0992824,1,19.8424
ZTF18aauenwu,60645.1026042,1,17.2581
ZTF18aauenwu,60645.1310301,2,15.7651
ZTF18aauenwu,60714.5127315,1,18.0503
ZTF18aauenwu,60716.5163426,2,19.2016
ZTF18aauenwu,60721.5094792,2,18.2901
ZTF18aauenwu,60721.5381019,1,18.9626
ZTF18aauenwu,60723.4954282,1,16.0666
ZTF18aauenwu,60723.5162616,1,17.4107
ZTF18aauenwu,60723.5354282,2,17.5253
ZTF18aauenwu,60723.556412,2,17.2473
ZTF18aauenwu,60725.4945833,2,20.005
ZTF18aauenwu,60725.5623495,1,19.6469
ZTF18aauenwu,60727.4928704,2,19.5088
ZTF18aauenwu,60727.5409954,1,20.0434
ZTF18aauenwu,60731.4931134,1,20.2999
ZTF18aauenwu,60733.5354977,2,17.621
ZTF18aauenwu,60739.5309606,1,20.3435
ZTF18aauenwu,60744.4471759,2,19.3849
ZTF18aauenwu,60744.4993981,1,19.9769
ZTF18aauenwu,60744.5125116,1,19.3828
ZTF18aauenwu,60751.4751389,1,15.5921
ZTF18aauenwu,60757.4644676,1,20.5429
ZTF18aauenwu,60759.4688194,2,19.9922
ZTF18aauenwu,60759.5080556,1,20.2841
ZTF18aauenwu,60764.4850579,1,20.1061
ZTF18aauenwu,60771.493044,1,20.2841
ZTF18aauenwu,60773.3817477,2,18.934
ZTF18aauenwu,60775.4524537,2,19.8889
ZTF18aauenwu,60775.4705903,1,19.6067
ZTF18aauenwu,60781.458669,1,19.9018
ZTF18aauenwu,60785.4371296,2,16.0985
ZTF18aauenwu,60786.456088,2,19.517
ZTF18aauenwu,60786.4735995,1,19.7859
ZTF18aauenwu,60794.3620833,2,20.2882
ZTF18aauenwu,60796.4656944,1,21.0895
ZTF18aauenwu,60802.4723611,2,20.1587
ZTF18aauenwu,60804.4753472,1,20.6282
ZTF18aauenwu,60806.3653935,2,15.5829
ZTF18aauenwu,60806.3658681,2,15.9546
ZTF18aauenwu,60806.4531597,1,19.6197
ZTF18aauenwu,60811.378912,2,19.8108
ZTF18aauenwu,60811.4531944,1,20.2553
ZTF18aauenwu,60816.3708449,1,20.5447
ZTF18aauenwu,60816.4320486,2,20.5108
ZTF18aauenwu,60818.4501968,1,20.8367
ZTF18aauenwu,60821.2954282,1,20.2691
ZTF18aauenwu,60823.3268056,1,20.8827
ZTF18aauenwu,60826.4005671,1,19.2522
ZTF18aauenwu,60826.4010417,1,19.2901
ZTF18aauenwu,60829.3671875,1,20.8655
ZTF18aauenwu,60832.4071065,1,20.7055
ZTF18aauenwu,60834.3878819,1,20.253
ZTF18aauenwu,60836.4250347,1,19.6092
ZTF18aauenwu,60838.3804167,2,19.2166
ZTF18aauenwu,60838.3808912,2,19.5692
ZTF18aauenwu,60838.4258681,1,19.5161
ZTF18aauenwu,60840.235787,1,20.1319
ZTF18aauenwu,60840.2602894,1,20.2507
ZTF18aauenwu,60840.3242361,2,20.3542
ZTF18aauenwu,60843.3035995,1,20.3401
ZTF18aauenwu,60845.3407639,1,20.7049
ZTF18aauenwu,60847.3639236,1,20.8323
ZTF18aauenwu,60847.3643981,1,20.543
ZTF18aauenwu,60849.3248727,1,20.6167
ZTF18aauenwu,60853.3042593,1,20.7091
ZTF18aauenwu,60855.2878356,1,20.2427
ZTF18aauenwu,60857.3244444,1,20.838
ZTF18aauenwu,60857.3249074,1,20.6713
ZTF18aauenwu,60857.3401505,2,20.5259
ZTF18aauenwu,60857.3616898,2,20.8661
ZTF18aauenwu,60859.3503935,1,20.9121
ZTF18aauenwu,60861.4136111,1,20.8762
ZTF18aauenwu,60863.253206,1,20.258
ZTF18aauenwu,60865.3456481,1,19.9004
ZTF18aauenwu,60867.3457639,1,19.7139
ZTF18aauenwu,60869.1990625,1,20.6212
ZTF18aauenwu,60871.2484259,1,19.9952
ZTF18aauenwu,60871.2858565,2,19.6696
ZTF18aauenwu,60873.2404861,1,20.3342
ZTF18aauenwu,60876.3249074,1,20.7683
ZTF18aauenwu,60878.3443403,1,20.9907
ZTF18aauenwu,60880.3207639,1,20.9188
ZTF18aauenwu,60882.2209838,1,20.5701
ZTF18aauenwu,60884.2206597,1,20.8828
ZTF18aauenwu,60886.2579514,1,20.1427
ZTF18aauenwu,60888.3737963,1,20.6895
ZTF18aauenwu,60890.3239815,1,20.617
ZTF18aauenwu,60892.3707407,1,20.4734
ZTF18aauenwu,60895.1959259,1,19.4858
ZTF18aauenwu,60897.2223264,2,19.8195
ZTF18aauenwu,60903.2668403,1,20.9402
ZTF18aauenwu,60910.2184491,1,20.2588
ZTF18aauenwu,60910.2203472,1,20.5824
ZTF18aauenwu,60913.308588,1,20.5939
ZTF18aauenwu,60916.1926389,1,20.6202
ZTF18aauenwu,60918.2822917,1,20.6364
ZTF18aauenwu,60920.2973148,1,20.3035
ZTF18aauenwu,60922.1767361,1,20.034
ZTF18aauenwu,60924.2193634,1,19.568
ZTF18aauenwu,60926.1560185,1,19.7929
ZTF18aauenwu,60928.2610417,1,19.9244
ZTF18aauenwu,60928.2620023,1,19.8976
ZTF18aauenwu,60930.1462616,1,20.4134
ZTF18aauenwu,60933.1574421,1,20.7177
ZTF18aauenwu,60933.1603356,1,20.7659
ZTF18aauenwu,60933.1940509,2,20.3269
ZTF18aauenwu,60933.194537,2,20.7994
ZTF18aauenwu,60935.1459606,1,20.6799
ZTF18aauenwu,60935.2390509,2,19.9144
ZTF18aauenwu,60944.1801736,1,20.5964
ZTF18aauenwu,60949.1330556,1,20.3965
ZTF18aauenwu,60949.157662,2,20.5336
ZTF18aauenwu,60951.1404051,1,20.2067
ZTF18aauenwu,60957.207338,2,19.5978
ZTF18aauenwu,60957.2928704,1,18.798
ZTF18aauenwu,60976.1645139,1,19.544
ZTF18aauenwu,60980.1085417,2,20.2057
ZTF18aauenwu,60980.155,1,19.8666
ZTF18aauenwu,60982.1009144,2,18.3326
ZTF18aauenwu,60982.1432523,1,18.0689
ZTF18aauenwu,60984.1991204,1,18.9161
ZTF18aauenwu,60986.0725579,1,19.5117
ZTF18aauenwu,60986.1505093,2,19.7622
ZTF18aauenwu,60988.1235532,1,20.0835
ZTF18aauenwu,60990.1027662,2,19.7501
ZTF18aauenwu,61013.1033218,1,18.673
ZTF18aauenwu,61013.1340741,2,17.5761
ZTF18aauenwu,61015.0951042,1,19.3274
ZTF18aauenwu,61015.0989583,1,19.1937
ZTF18aauenwu,61015.1420602,2,18.8933
ZTF18aauenwu,61015.1641898,2,19.0708
ZTF18aauenwu,61017.0948727,1,20.1511
ZTF18aauvnhh,58214.3290509,2,18.9087
ZTF18aauvnhh,58217.3228356,2,20.01
ZTF18aauvnhh,58217.3444676,2,19.7744
ZTF18aauvnhh,58222.3058681,2,20.1486
ZTF18aauvnhh,58222.3183912,2,20.1868
ZTF18aauvnhh,58226.2727546,2,20.2917
ZTF18aauvnhh,58226.3153935,2,20.5201
ZTF18aauvnhh,58229.3588426,2,20.3754
ZTF18aauvnhh,58229.360706,2,20.5727
ZTF18aauvnhh,58232.2494792,2,18.4395
ZTF18aauvnhh,58232.2499306,2,18.6725
ZTF18aauvnhh,58242.2739815,2,20.342
ZTF18aauvnhh,58242.3107986,2,20.1768
ZTF18aauvnhh,58245.3377431,2,19.3651
ZTF18aauvnhh,58248.2733333,2,20.3366
ZTF18aauvnhh,58248.2932639,2,20.2909
ZTF18aauvnhh,58285.1915856,2,17.4555
ZTF18aauvnhh,58294.1747222,1,19.686
ZTF18aauvnhh,58303.1770718,2,19.9259
ZTF18aauvnhh,58303.198287,1,20.881
ZTF18aauvnhh,58306.1728356,2,20.1115
ZTF18aauvnhh,58306.2161227,1,20.3226
ZTF18aauvnhh,58306.2194213,1,20.4812
ZTF18aauvnhh,58311.172419,2,20.1538
ZTF18aauvnhh,58311.2322338,1,19.7877
ZTF18aauvnhh,58449.5374537,2,19.6151
ZTF18aauvnhh,58462.5139699,1,16.9509
ZTF18aauvnhh,58466.5287037,1,17.126
ZTF18aauvnhh,58466.5291551,1,17.2957
ZTF18aauvnhh,58469.5285648,1,19.2248
ZTF18aauvnhh,58472.4873495,1,19.4188
ZTF18aauvnhh,58475.4926157,2,19.437
ZTF18aauvnhh,58475.4930787,2,19.5388
ZTF18aauvnhh,58476.4911111,2,19.5782
ZTF18aauvnhh,58476.5194792,2,19.777
ZTF18aauvnhh,58480.5395486,1,19.6974
ZTF18aauvnhh,58480.5468287,2,19.4998
ZTF18aauvnhh,58481.5172222,2,19.9112
ZTF18aauvnhh,58481.5199884,2,19.7586
ZTF18aauvnhh,58486.516875,2,20.5064
ZTF18aauvnhh,58491.550706,2,20.1437
ZTF18aauvnhh,58494.5526505,2,20.6702
ZTF18aauvnhh,58502.493912,1,19.3506
ZTF18aauvnhh,58502.4952778,1,19.3263
ZTF18aauvnhh,58503.4995833,2,18.3804
ZTF18aauvnhh,58505.4835764,1,19.015
ZTF18aauvnhh,58505.4840394,1,18.9127
ZTF18aauvnhh,58507.4837847,1,19.1339
ZTF18aauvnhh,58507.4911574,1,19.2517
ZTF18aauvnhh,58508.4958449,2,19.4842
ZTF18aauvnhh,58508.5034606,2,19.6272
ZTF18aauvnhh,58508.5444676,1,19.601
ZTF18aauvnhh,58509.5404282,1,19.4015
ZTF18aauvnhh,58509.5408912,1,19.1674
ZTF18aauvnhh,58511.4830324,1,20.3301
ZTF18aauvnhh,58511.536088,2,19.6555
ZTF18aauvnhh,58522.5416088,2,20.4668
ZTF18aauvnhh,58522.5420602,2,20.6958
ZTF18aauvnhh,58526.504456,2,19.7639
ZTF18aauvnhh,58526.504919,2,19.5598
ZTF18aauvnhh,58534.4192593,2,18.98
ZTF18aauvnhh,58534.4603009,2,19.0631
ZTF18aauvnhh,58538.4125231,1,18.1072
ZTF18aauvnhh,58538.480463,2,19.0998
ZTF18aauvnhh,58541.4813657,2,20.4625
ZTF18aauvnhh,58560.2889236,1,19.5096
ZTF18aauvnhh,58560.3786458,2,19.9649
ZTF18aauvnhh,58562.3990394,2,17.2361
ZTF18aauvnhh,58567.3771759,2,19.7317
ZTF18aauvnhh,58567.3776273,2,19.8166
ZTF18aauvnhh,58572.3628356,2,19.5893
ZTF18aauvnhh,58572.363287,2,19.6676
ZTF18aauvnhh,58575.3529167,1,19.5314
ZTF18aauvnhh,58575.3947454,2,20.0808
ZTF18aauvnhh,58575.415706,2,20.6037
ZTF18aauvnhh,58580.3757407,2,20.3956
ZTF18aauvnhh,58580.3946296,2,20.2729
ZTF18aauvnhh,58583.3005903,2,20.0496
ZTF18aauvnhh,58584.3337731,2,20.2675
ZTF18aauvnhh,58586.3348843,2,20.2566
ZTF18aauvnhh,58587.3940509,2,19.4312
ZTF18aauvnhh,58591.3738657,2,19.098
ZTF18aauvnhh,58592.4218287,1,18.8743
ZTF18aauvnhh,58594.2913542,1,19.2548
ZTF18aauvnhh,58596.2766319,2,20.1852
ZTF18aauvnhh,58597.360625,2,20.2234
ZTF18aauvnhh,58602.3148264,2,20.3399
ZTF18aauvnhh,58606.2310069,2,20.4463
ZTF18aauvnhh,58606.3025231,2,20.4532
ZTF18aauvnhh,58612.2302662,2,20.5897
ZTF18aauvnhh,58612.2307176,2,20.7809
ZTF18aauvnhh,58616.2971759,2,20.0387
ZTF18aauvnhh,58616.2995023,2,20.0353
ZTF18aauvnhh,58619.3192708,2,18.5342
ZTF18aauvnhh,58619.3201852,2,18.4362
ZTF18aauvnhh,58628.2863657,2,20.4891
ZTF18aauvnhh,58628.300463,2,20.5179
ZTF18aauvnhh,58632.2917708,2,20.35
ZTF18aauvnhh,58633.3015509,2,20.4254
ZTF18aauvnhh,58633.3024537,2,20.5064
ZTF18aauvnhh,58636.2249884,2,20.5182
ZTF18aauvnhh,58636.2272801,2,20.5478
ZTF18aauvnhh,58639.2761921,2,20.544
ZTF18aauvnhh,58639.2771065,2,20.482
ZTF18aauvnhh,58642.2323032,2,20.3734
ZTF18aauvnhh,58642.2549537,2,20.6652
ZTF18aauvnhh,58645.2338079,1,19.9946
ZTF18aauvnhh,58645.2347222,1,19.7105
ZTF18aauvnhh,58645.2759954,2,19.7776
ZTF18aauvnhh,58645.2785301,2,19.7578
ZTF18aauvnhh,58648.2106829,2,19.3696
ZTF18aauvnhh,58648.2120486,2,19.3869
ZTF18aauvnhh,58648.3196181,1,19.317
ZTF18aauvnhh,58648.3205208,1,19.2076
ZTF18aauvnhh,58651.1915046,1,19.4562
ZTF18aauvnhh,58651.1929514,1,19.2214
ZTF18aauvnhh,58651.2504282,2,19.4433
ZTF18aauvnhh,58654.1905903,2,20.6052
ZTF18aauvnhh,58654.1933912,2,20.4984
ZTF18aauvnhh,58657.2576389,2,20.2274
ZTF18aauvnhh,58660.2129398,2,20.5465
ZTF18aauvnhh,58660.2156597,2,20.6304
ZTF18aauvnhh,58663.1938426,2,19.6893
ZTF18aauvnhh,58663.1957292,2,20.021
ZTF18aauvnhh,58666.1742824,2,20.3436
ZTF18aauvnhh,58669.187037,2,20.3153
ZTF18aauvnhh,58669.1879514,2,20.3435
ZTF18aauvnhh,58672.1956713,2,20.2693
ZTF18aauvnhh,58672.1970602,2,20.229
ZTF18aauvnhh,58675.2359375,2,19.7931
ZTF18aauvnhh,58675.2368519,2,19.7931
ZTF18aauvnhh,58675.3017245,1,19.3749
ZTF18aauvnhh,58675.3021759,1,19.3063
ZTF18aauvnhh,58678.1953935,2,19.8333
ZTF18aauvnhh,58678.1958565,2,19.8214
ZTF18aauvnhh,58678.2578588,1,19.6103
ZTF18aauvnhh,58681.1693866,1,19.5033
ZTF18aauvnhh,58681.1707639,1,19.4546
ZTF18aauvnhh,58681.2410995,2,19.3571
ZTF18aauvnhh,58681.2420139,2,19.53
ZTF18aauvnhh,58689.176331,2,20.1969
ZTF18aauvnhh,58689.1772454,2,20.213
ZTF18aauvnhh,58692.1777546,2,19.2267
ZTF18aauvnhh,58692.1786574,2,19.1626
ZTF18aauvnhh,58698.1635417,2,19.7305
ZTF18aauvnhh,58698.1784491,2,19.9028
ZTF18aauvnhh,58698.1981713,1,17.4328
ZTF18aauvnhh,58698.1986343,1,17.3
ZTF18aauvnhh,58701.159919,2,18.7091
ZTF18aauvnhh,58701.1603704,2,18.5282
ZTF18aauvnhh,58705.160162,2,19.7411
ZTF18aauvnhh,58705.1606134,2,19.7434
ZTF18aauvnhh,58723.1400231,2,19.2994
ZTF18aauvnhh,58726.1394676,2,19.5889
ZTF18aauvnhh,58830.5694676,1,19.2899
ZTF18aauvnhh,58830.5699074,1,19.2188
ZTF18aauvnhh,58835.4890278,2,19.041
ZTF18aauvnhh,58835.4894792,2,18.9504
ZTF18aauvnhh,58835.551088,1,19.4914
ZTF18aauvnhh,58838.4848495,1,18.0578
ZTF18aauvnhh,58838.4853009,1,18.0347
ZTF18aauvnhh,58838.5506134,2,18.078
ZTF18aauvnhh,58838.5510764,2,17.9563
ZTF18aauvnhh,58846.5711574,2,20.0882
ZTF18aauvnhh,58850.5063657,2,19.9936
ZTF18aauvnhh,58850.5178704,2,19.8853
ZTF18aauvnhh,58853.5573148,2,20.4256
ZTF18aauvnhh,58856.5767361,2,19.9822
ZTF18aauvnhh,58856.5771875,2,20.0022
ZTF18aauvnhh,58859.4987963,2,19.739
ZTF18aauvnhh,58859.4992477,2,19.682
ZTF18aauvnhh,58863.4382176,1,19.3071
ZTF18aauvnhh,58872.561875,2,20.0678
ZTF18aauvnhh,58872.5623264,2,19.9645
ZTF18aauvnhh,58875.5257407,2,20.2645
ZTF18aauvnhh,58878.5627546,2,20.1087
ZTF18aauvnhh,58881.5264583,2,20.4612
ZTF18aauvnhh,58881.5269097,2,20.4573
ZTF18aauvnhh,58884.5415972,2,20.007
ZTF18aauvnhh,58887.537037,2,19.9193
ZTF18aauvnhh,58887.5419676,2,20.0297
ZTF18aauvnhh,58890.4596759,2,19.0684
ZTF18aauvnhh,58890.4601273,2,18.9955
ZTF18aauvnhh,58893.5020718,2,19.9659
ZTF18aauvnhh,58893.5220718,2,20.0714
ZTF18aauvnhh,58898.499838,2,20.6604
ZTF18aauvnhh,58898.5002894,2,20.6307
ZTF18aauvnhh,58901.4369213,2,20.1479
ZTF18aauvnhh,58903.4586227,2,20.6302
ZTF18aauvnhh,58904.4973727,2,20.2512
ZTF18aauvnhh,58906.4999421,2,19.6938
ZTF18aauvnhh,58908.5001273,2,19.0813
ZTF18aauvnhh,58911.4617477,2,20.0863
ZTF18aauvnhh,58911.4786806,2,20.2387
ZTF18aauvnhh,58914.5071644,2,20.6997
ZTF18aauvnhh,58914.5090394,2,20.5818
ZTF18aauvnhh,58917.3961921,1,17.2107
ZTF18aauvnhh,58936.4370023,2,20.5932
ZTF18aauvnhh,58936.4560185,2,20.4985
ZTF18aauvnhh,58939.3822222,2,19.1172
ZTF18aauvnhh,58939.4114583,2,17.591
ZTF18aauvnhh,58939.4212153,2,19.2093
ZTF18aauvnhh,58939.4545602,1,18.7287
ZTF18aauvnhh,58939.4554745,1,18.807
ZTF18aauvnhh,58941.4226736,2,20.5433
ZTF18aauvnhh,58941.4231597,2,20.3811
ZTF18aauvnhh,58943.4222106,1,19.9634
ZTF18aauvnhh,58944.4427083,1,19.4646
ZTF18aauvnhh,58954.4421065,2,20.0519
ZTF18aauvnhh,58954.4560185,2,20.0165
ZTF18aauvnhh,58955.4214699,2,20.3288
ZTF18aauvnhh,58961.406412,2,20.0354
ZTF18aauvnhh,58962.3076852,2,20.4727
ZTF18aauvnhh,58964.2861806,2,20.6062
ZTF18aauvnhh,58965.3053009,2,20.5348
ZTF18aauvnhh,58965.3285185,2,20.5665
ZTF18aauvnhh,58965.333044,2,20.5594
ZTF18aauvnhh,58967.3378356,2,20.6029
ZTF18aauvnhh,58968.37125,2,20.622
ZTF18aauvnhh,58969.3122569,2,17.6238
ZTF18aauvnhh,58970.3608102,2,20.5123
ZTF18aauvnhh,58971.3636458,2,20.1868
ZTF18aauvnhh,58973.2523727,1,19.735
ZTF18aauvnhh,58973.2944676,2,19.898
ZTF18aauvnhh,58974.2937963,2,19.3921
ZTF18aauvnhh,58974.457963,1,19.1483
ZTF18aauvnhh,58976.2941782,2,19.3341
ZTF18aauvnhh,58977.2656366,2,18.6647
ZTF18aauvnhh,58977.267037,2,18.7241
ZTF18aauvnhh,58977.3481366,1,18.5008
ZTF18aauvnhh,58980.2705093,2,20.6847
ZTF18aauvnhh,58985.2904282,2,20.677
ZTF18aauvnhh,58991.2492361,2,20.5577
ZTF18aauvnhh,58994.2871528,2,20.5646
ZTF18aauvnhh,58997.2525463,2,20.6118
ZTF18aauvnhh,58997.290544,2,20.596
ZTF18aauvnhh,58998.2668171,2,20.6445
ZTF18aauvnhh,59000.2302083,1,19.9436
ZTF18aauvnhh,59000.3201042,2,18.0425
ZTF18aauvnhh,59000.3229051,2,19.3182
ZTF18aauvnhh,59003.2146875,2,15.9075
ZTF18aauvnhh,59009.2124537,2,20.229
ZTF18aauvnhh,59009.2134375,2,20.0968
ZTF18aauvnhh,59009.2480787,1,20.1958
ZTF18aauvnhh,59012.2322454,2,20.7332
ZTF18aauvnhh,59012.2355208,2,20.5154
ZTF18aauvnhh,59015.2140509,2,20.5626
ZTF18aauvnhh,59015.2187384,2,20.455
ZTF18aauvnhh,59018.2359375,2,20.6579
ZTF18aauvnhh,59018.2379282,2,20.5328
ZTF18aauvnhh,59019.1877546,2,20.6339
ZTF18aauvnhh,59021.2390509,2,20.6655
ZTF18aauvnhh,59021.240544,2,20.5145
ZTF18aauvnhh,59024.2141551,2,19.4725
ZTF18aauvnhh,59024.2155671,2,19.8563
ZTF18aauvnhh,59027.2146412,1,20.0219
ZTF18aauvnhh,59027.2554051,2,19.9855
ZTF18aauvnhh,59027.2577894,2,19.9664
ZTF18aauvnhh,59030.3227546,1,19.0343
ZTF18aauvnhh,59030.3236921,1,18.9476
ZTF18aauvnhh,59033.1732986,2,19.7614
ZTF18aauvnhh,59033.1746991,2,19.7416
ZTF18aauvnhh,59033.1941898,1,19.4537
ZTF18aauvnhh,59035.2966667,2,19.1738
ZTF18aauvnhh,59037.1926968,2,20.1398
ZTF18aauvnhh,59037.226412,1,19.5922
ZTF18aauvnhh,59038.1936227,2,20.4527
ZTF18aauvnhh,59039.2275231,2,20.533
ZTF18aauvnhh,59039.2284606,2,20.6379
ZTF18aauvnhh,59040.2027778,2,20.4673
ZTF18aauvnhh,59041.2483912,2,20.3032
ZTF18aauvnhh,59042.213044,2,20.4249
ZTF18aauvnhh,59042.2139699,2,20.3968
ZTF18aauvnhh,59043.234838,2,20.3424
ZTF18aauvnhh,59043.2357639,2,20.2781
ZTF18aauvnhh,59044.2141782,2,20.4215
ZTF18aauvnhh,59044.2155671,2,20.3828
ZTF18aauvnhh,59045.1934491,2,20.5884
ZTF18aauvnhh,59046.1873264,2,20.3619
ZTF18aauvnhh,59046.1877894,2,20.3352
ZTF18aauvnhh,59047.2167361,2,20.5677
ZTF18aauvnhh,59048.2083218,2,20.4473
ZTF18aauvnhh,59049.1702315,2,20.1673
ZTF18aauvnhh,59194.511875,2,20.122
ZTF18aauvnhh,59195.5200694,2,19.138
ZTF18aauvnhh,59195.5391319,1,19.4631
ZTF18aauvnhh,59198.4969907,2,19.8046
ZTF18aauvnhh,59198.4974653,2,19.7236
ZTF18aauvnhh,59200.4998727,1,18.5809
ZTF18aauvnhh,59200.5393171,2,19.3686
ZTF18aauvnhh,59200.5450463,2,19.8142
ZTF18aauvnhh,59203.5146065,2,19.7811
ZTF18aauvnhh,59203.5164815,2,19.9142
ZTF18aauvnhh,59206.513912,2,16.6471
ZTF18aauvnhh,59206.5304514,1,18.9131
ZTF18aauvnhh,59206.5504861,1,16.8161
ZTF18aauvnhh,59215.5113542,1,19.1815
ZTF18aauvnhh,59215.5485069,2,19.5044
ZTF18aauvnhh,59215.5489815,2,19.5174
ZTF18aauvnhh,59215.5785764,1,18.8875
ZTF18aauvnhh,59217.4726389,2,19.8031
ZTF18aauvnhh,59217.4731019,2,19.8426
ZTF18aauvnhh,59217.555706,1,19.167
ZTF18aauvnhh,59219.4467477,1,19.376
ZTF18aauvnhh,59219.4871296,2,19.8946
ZTF18aauvnhh,59219.5051389,2,19.7298
ZTF18aauvnhh,59221.5274537,2,19.1722
ZTF18aauvnhh,59221.5279282,2,19.1657
ZTF18aauvnhh,59223.4974421,2,19.7939
ZTF18aauvnhh,59223.519838,2,20.092
ZTF18aauvnhh,59225.4990162,1,19.0062
ZTF18aauvnhh,59225.4994792,1,19.1456
ZTF18aauvnhh,59225.5197454,2,17.7998
ZTF18aauvnhh,59225.525,2,16.1981
ZTF18aauvnhh,59227.5068634,2,20.0106
ZTF18aauvnhh,59227.5444213,2,20.27
ZTF18aauvnhh,59229.5198495,2,19.6959
ZTF18aauvnhh,59229.5275694,2,19.7619
ZTF18aauvnhh,59231.5268519,2,20.3248
ZTF18aauvnhh,59231.5273264,2,20.2911
ZTF18aauvnhh,59248.4411574,2,19.9623
ZTF18aauvnhh,59248.4970718,1,20.0942
ZTF18aauvnhh,59249.4453935,1,19.6731
ZTF18aauvnhh,59249.484537,2,20.0196
ZTF18aauvnhh,59250.4279282,2,20.1156
ZTF18aauvnhh,59251.4743866,2,20.3065
ZTF18aauvnhh,59252.5179398,2,20.7553
ZTF18aauvnhh,59253.4990278,2,20.5606
ZTF18aauvnhh,59254.427581,2,19.4433
ZTF18aauvnhh,59255.4145486,2,20.7245
ZTF18aauvnhh,59256.4273727,2,20.6267
ZTF18aauvnhh,59258.3525116,2,20.0763
ZTF18aauvnhh,59260.406713,2,19.8143
ZTF18aauvnhh,59260.5002431,1,18.9624
ZTF18aauvnhh,59262.4996991,2,20.4661
ZTF18aauvnhh,59263.4793981,2,19.8533
ZTF18aauvnhh,59264.5137384,2,20.6129
ZTF18aauvnhh,59265.3602546,2,19.9771
ZTF18aauvnhh,59266.3841898,2,19.8548
ZTF18aauvnhh,59267.3828935,1,19.7965
ZTF18aauvnhh,59267.4165972,2,20.0866
ZTF18aauvnhh,59269.3710764,2,19.4242
ZTF18aauvnhh,59270.3691435,2,19.4928
ZTF18aauvnhh,59271.4242824,1,19.2066
ZTF18aauvnhh,59271.4571759,2,19.682
ZTF18aauvnhh,59272.4261227,1,19.0938
ZTF18aauvnhh,59272.4541435,2,19.2945
ZTF18aauvnhh,59273.392338,1,18.6936
ZTF18aauvnhh,59274.4005556,2,18.9374
ZTF18aauvnhh,59274.4459375,1,19.1745
ZTF18aauvnhh,59275.4224537,2,19.5686
ZTF18aauvnhh,59276.3832639,2,19.8824
ZTF18aauvnhh,59278.4587963,2,20.1209
ZTF18aauvnhh,59280.4251968,2,20.1596
ZTF18aauvnhh,59281.261794,2,20.0331
ZTF18aauvnhh,59291.3734028,2,20.6549
ZTF18aauvnhh,59291.3738657,2,20.6208
ZTF18aauvnhh,59295.3890046,2,20.2538
ZTF18aauvnhh,59297.2853241,2,19.4759
ZTF18aauvnhh,59297.3296991,1,19.7572
ZTF18aauvnhh,59297.3301736,1,19.7629
ZTF18aauvnhh,59297.3854398,2,19.9358
ZTF18aauvnhh,59300.3728356,1,19.066
ZTF18aauvnhh,59300.4009606,2,19.0214
ZTF18aauvnhh,59300.4139699,2,19.1317
ZTF18aauvnhh,59302.3389815,1,19.0117
ZTF18aauvnhh,59302.339456,1,19.0391
ZTF18aauvnhh,59302.4164699,2,19.1845
ZTF18aauvnhh,59304.3591551,2,19.1525
ZTF18aauvnhh,59304.377963,2,18.5617
ZTF18aauvnhh,59304.412581,1,18.7949
ZTF18aauvnhh,59307.3446412,2,20.5871
ZTF18aauvnhh,59307.4483449,2,20.4397
ZTF18aauvnhh,59309.3912269,2,20.4248
ZTF18aauvnhh,59309.3973495,2,20.4072
ZTF18aauvnhh,59311.2792361,1,20.1175
ZTF18aauvnhh,59311.3286921,2,20.6299
ZTF18aauvnhh,59311.3291551,2,20.5678
ZTF18aauvnhh,59313.3542477,2,20.4328
ZTF18aauvnhh,59315.3091898,1,17.8592
ZTF18aauvnhh,59315.3096528,1,18.8669
ZTF18aauvnhh,59315.3509606,2,18.8743
ZTF18aauvnhh,59315.3514352,2,19.0916
ZTF18aauvnhh,59317.404213,2,20.8501
ZTF18aauvnhh,59317.405625,2,20.6077
ZTF18aauvnhh,59321.3076968,2,20.4833
ZTF18aauvnhh,59321.4027083,2,20.6054
ZTF18aauvnhh,59323.2959606,1,20.4445
ZTF18aauvnhh,59323.3378356,2,20.3988
ZTF18aauvnhh,59323.359838,2,20.53
ZTF18aauvnhh,59325.3019907,2,20.4149
ZTF18aauvnhh,59325.3024537,2,20.4229
ZTF18aauvnhh,59329.2672338,2,19.4529
ZTF18aauvnhh,59329.2676968,2,19.3826
ZTF18aauvnhh,59329.3512616,1,19.2274
ZTF18aauvnhh,59335.2949537,2,20.0197
ZTF18aauvnhh,59335.3163773,2,19.3379
ZTF18aauvnhh,59338.2760764,2,20.4332
ZTF18aauvnhh,59338.2765394,2,20.6289
ZTF18aauvnhh,59340.2957755,2,20.7271
ZTF18aauvnhh,59340.3176389,2,20.7327
ZTF18aauvnhh,59342.3998843,2,20.6014
ZTF18aauvnhh,59342.4022338,2,20.5793
ZTF18aauvnhh,59344.3818403,2,20.5026
ZTF18aauvnhh,59344.3942708,2,20.5267
ZTF18aauvnhh,59346.3383681,1,20.6945
ZTF18aauvnhh,59346.3818056,2,20.581
ZTF18aauvnhh,59346.3940972,2,20.5407
ZTF18aauvnhh,59348.3167014,2,20.7647
ZTF18aauvnhh,59348.3171875,2,20.5274
ZTF18aauvnhh,59350.2765509,2,20.4862
ZTF18aauvnhh,59350.2789352,2,20.2264
ZTF18aauvnhh,59354.253912,2,19.876
ZTF18aauvnhh,59354.2707639,2,19.9774
ZTF18aauvnhh,59358.3128819,2,19.1434
ZTF18aauvnhh,59358.3224421,2,19.2226
ZTF18aauvnhh,59358.3908333,1,19.0717
ZTF18aauvnhh,59358.4135417,1,18.9578
ZTF18aauvnhh,59361.2916782,1,19.6015
ZTF18aauvnhh,59361.3110417,1,19.5033
ZTF18aauvnhh,59361.3390394,2,19.6158
ZTF18aauvnhh,59361.3413889,2,19.7499
ZTF18aauvnhh,59363.3387037,2,20.0272
ZTF18aauvnhh,59363.3533102,2,20.0518
ZTF18aauvnhh,59367.3465162,2,20.2689
ZTF18aauvnhh,59367.3483912,2,20.3633
ZTF18aauvnhh,59369.1921412,2,20.6592
ZTF18aauvnhh,59369.1926157,2,20.7251
ZTF18aauvnhh,59371.2127894,2,20.6595
ZTF18aauvnhh,59371.2137269,2,20.6329
ZTF18aauvnhh,59373.2365046,2,20.6972
ZTF18aauvnhh,59373.2374421,2,20.4778
ZTF18aauvnhh,59375.2468519,2,20.5084
ZTF18aauvnhh,59375.2482639,2,20.4307
ZTF18aauvnhh,59375.2602083,1,20.4974
ZTF18aauvnhh,59377.2342245,2,20.5284
ZTF18aauvnhh,59377.2347106,2,20.504
ZTF18aauvnhh,59379.2351157,2,20.5979
ZTF18aauvnhh,59379.2493981,2,20.4128
ZTF18aauvnhh,59379.2921181,1,20.2581
ZTF18aauvnhh,59381.1992014,2,19.888
ZTF18aauvnhh,59381.2898032,1,19.1554
ZTF18aauvnhh,59381.2907292,1,19.4821
ZTF18aauvnhh,59383.1933102,2,19.8839
ZTF18aauvnhh,59383.1942477,2,19.7342
ZTF18aauvnhh,59385.2312384,2,19.7266
ZTF18aauvnhh,59385.2322106,2,19.6963
ZTF18aauvnhh,59385.276794,1,19.4233
ZTF18aauvnhh,59387.2121181,2,19.6196
ZTF18aauvnhh,59387.2139931,2,19.5776
ZTF18aauvnhh,59387.3091551,1,19.1528
ZTF18aauvnhh,59387.3100926,1,19.0855
ZTF18aauvnhh,59391.2547338,2,19.8602
ZTF18aauvnhh,59391.2575694,2,19.8076
ZTF18aauvnhh,59393.2142708,2,20.4416
ZTF18aauvnhh,59393.2171065,2,20.7241
ZTF18aauvnhh,59393.2701389,1,20.1527
ZTF18aauvnhh,59395.215544,2,19.8732
ZTF18aauvnhh,59395.2183565,2,19.7749
ZTF18aauvnhh,59395.2567477,1,19.5434
ZTF18aauvnhh,59397.1904514,2,20.6416
ZTF18aauvnhh,59397.1928009,2,20.4941
ZTF18aauvnhh,59397.2382755,1,20.4839
ZTF18aauvnhh,59400.1937384,2,20.4761
ZTF18aauvnhh,59400.197037,2,20.4488
ZTF18aauvnhh,59402.2316435,2,20.3733
ZTF18aauvnhh,59402.270463,2,19.892
ZTF18aauvnhh,59404.2254861,2,20.2338
ZTF18aauvnhh,59404.2278472,2,20.3197
ZTF18aauvnhh,59404.3304282,1,19.1235
ZTF18aauvnhh,59404.3313773,1,19.1835
ZTF18aauvnhh,59406.2372917,2,20.1719
ZTF18aauvnhh,59406.2406829,2,20.0638
ZTF18aauvnhh,59408.2268171,2,20.124
ZTF18aauvnhh,59408.2277546,2,19.8407
ZTF18aauvnhh,59410.2229167,2,19.8801
ZTF18aauvnhh,59410.2238657,2,19.9925
ZTF18aauvnhh,59412.2129977,2,19.7934
ZTF18aauvnhh,59412.2139468,2,19.7282
ZTF18aauvnhh,59412.2460532,1,19.6959
ZTF18aauvnhh,59415.1950694,2,19.777
ZTF18aauvnhh,59415.195544,2,19.8072
ZTF18aauvnhh,59415.2670139,1,19.2676
ZTF18aauvnhh,59417.1998958,1,18.2828
ZTF18aauvnhh,59417.2013079,1,18.31
ZTF18aauvnhh,59417.214213,2,17.915
ZTF18aauvnhh,59419.1841204,1,19.3811
ZTF18aauvnhh,59419.2154977,1,18.8221
ZTF18aauvnhh,59419.2598148,2,18.0603
ZTF18aauvnhh,59419.2840856,2,16.4013
ZTF18aauvnhh,59423.2675579,2,16.7587
ZTF18aauvnhh,59423.2685069,2,17.1812
ZTF18aauvnhh,59675.3495023,2,20.5815
ZTF18aauvnhh,59675.3499884,2,20.5689
ZTF18aauvnhh,59677.394294,2,20.2861
ZTF18aauvnhh,59679.2348495,2,19.9873
ZTF18aauvnhh,59679.2353241,2,19.9495
ZTF18aauvnhh,59694.2883102,2,20.2094
ZTF18aauvnhh,59694.2887731,2,20.374
ZTF18aauvnhh,59698.3662847,2,20.4165
ZTF18aauvnhh,59698.3691204,2,20.4307
ZTF18aauvnhh,59700.2752894,2,20.5097
ZTF18aauvnhh,59700.2757523,2,20.4895
ZTF18aauvnhh,59702.3429051,2,20.7537
ZTF18aauvnhh,59702.3453009,2,20.6226
ZTF18aauvnhh,59707.2995023,2,20.5031
ZTF18aauvnhh,59707.3018634,2,20.2032
ZTF18aauvnhh,59707.3439236,2,20.2496
ZTF18aauvnhh,59707.3448611,2,20.1636
ZTF18aauvnhh,59709.3183218,2,19.8759
ZTF18aauvnhh,59709.330787,2,20.0248
ZTF18aauvnhh,59709.3828704,2,20.1304
ZTF18aauvnhh,59709.3926852,2,20.2062
ZTF18aauvnhh,59711.2387731,1,19.6983
ZTF18aauvnhh,59711.2952662,2,19.3012
ZTF18aauvnhh,59711.3423727,2,19.1569
ZTF18aauvnhh,59713.2725116,2,19.3728
ZTF18aauvnhh,59713.2758218,2,19.4391
ZTF18aauvnhh,59713.3462963,1,19.2943
ZTF18aauvnhh,59715.2760417,1,19.2091
ZTF18aauvnhh,59715.2884838,1,19.2855
ZTF18aauvnhh,59719.2560185,2,20.4459
ZTF18aauvnhh,59719.291088,2,20.5584
ZTF18aauvnhh,59719.3094676,2,20.3567
ZTF18aauvnhh,59719.33375,2,19.9872
ZTF18aauvnhh,59722.2957986,1,20.4568
ZTF18aauvnhh,59724.2985648,2,20.5938
ZTF18aauvnhh,59724.3004514,2,20.5558
ZTF18aauvnhh,59726.3504745,2,20.6013
ZTF18aauvnhh,59726.3533102,2,20.593
ZTF18aauvnhh,59730.2458681,2,20.6111
ZTF18aauvnhh,59730.256331,2,20.5938
ZTF18aauvnhh,59732.2108102,2,20.3772
ZTF18aauvnhh,59734.23625,2,20.6328
ZTF18aauvnhh,59734.2386458,2,20.3381
ZTF18aauvnhh,59736.2250116,2,20.5888
ZTF18aauvnhh,59736.2278356,2,20.5648
ZTF18aauvnhh,59738.252963,2,20.1164
ZTF18aauvnhh,59738.2543866,2,20.079
ZTF18aauvnhh,59740.2122569,2,19.8784
ZTF18aauvnhh,59740.213669,2,19.7051
ZTF18aauvnhh,59742.2550579,2,19.5399
ZTF18aauvnhh,59742.2569792,2,19.5747
ZTF18aauvnhh,59742.3013773,1,19.2292
ZTF18aauvnhh,59742.3188079,1,19.1891
ZTF18aauvnhh,59747.2135764,2,20.7491
ZTF18aauvnhh,59747.2351968,2,20.5847
ZTF18aauvnhh,59749.2168403,2,20.3403
ZTF18aauvnhh,59749.2206134,2,20.2199
ZTF18aauvnhh,59751.2442245,2,20.302
ZTF18aauvnhh,59751.2489352,2,20.303
ZTF18aauvnhh,59753.2252662,2,20.3605
ZTF18aauvnhh,59753.2271528,2,20.5807
ZTF18aauvnhh,59753.2453472,1,20.5267
ZTF18aauvnhh,59756.2145718,2,20.6254
ZTF18aauvnhh,59756.2173958,2,20.4828
ZTF18aauvnhh,59758.258287,2,20.431
ZTF18aauvnhh,59758.2592245,2,20.3242
ZTF18aauvnhh,59760.268287,2,20.4819
ZTF18aauvnhh,59760.2711111,2,20.4667
ZTF18aauvnhh,59762.2028935,1,20.5482
ZTF18aauvnhh,59762.2405671,2,20.4588
ZTF18aauvnhh,59762.2453704,2,20.5087
ZTF18aauvnhh,59909.5405208,2,19.8319
ZTF18aauvnhh,59909.543044,2,19.6313
ZTF18aauvnhh,59909.5455556,2,19.778
ZTF18aauvnhh,59909.5480671,2,19.7456
ZTF18aauvnhh,59909.5505787,2,19.5024
ZTF18aauvnhh,59910.5409606,2,19.7164
ZTF18aauvnhh,59910.5434954,2,19.6104
ZTF18aauvnhh,59910.5460069,2,19.6494
ZTF18aauvnhh,59910.5485301,2,19.5273
ZTF18aauvnhh,59910.5510532,2,19.5834
ZTF18aauvnhh,59913.5431713,2,19.8523
ZTF18aauvnhh,59913.5479051,2,19.8957
ZTF18aauvnhh,59913.5503819,2,19.8788
ZTF18aauvnhh,59913.5528356,2,19.8212
ZTF18aauvnhh,59914.5417245,2,18.291
ZTF18aauvnhh,59914.5441782,2,18.184
ZTF18aauvnhh,59914.5466319,2,19.0453
ZTF18aauvnhh,59923.4924884,2,19.266
ZTF18aauvnhh,59923.5163542,1,19.1581
ZTF18aauvnhh,59923.5168287,1,19.2663
ZTF18aauvnhh,59923.5709954,2,19.0286
ZTF18aauvnhh,59930.5448958,2,19.2558
ZTF18aauvnhh,59933.5271875,2,17.3579
ZTF18aauvnhh,59933.527662,2,17.3488
ZTF18aauvnhh,60029.437419,2,20.4565
ZTF18aauvnhh,60032.3027778,1,20.278
ZTF18aauvnhh,60032.3699074,2,20.4904
ZTF18aauvnhh,60032.3800231,2,20.5459
ZTF18aauvnhh,60042.3404745,2,19.0154
ZTF18aauvnhh,60042.3409491,2,18.9963
ZTF18aauvnhh,60042.3677778,1,19.6607
ZTF18aauvnhh,60042.3692361,1,19.1724
ZTF18aauvnhh,60044.2785185,2,20.2316
ZTF18aauvnhh,60044.2894792,2,20.0753
ZTF18aauvnhh,60044.3279398,1,20.2067
ZTF18aauvnhh,60046.3546181,2,20.7472
ZTF18aauvnhh,60050.3306134,2,20.6122
ZTF18aauvnhh,60050.383125,2,20.7038
ZTF18aauvnhh,60052.3252662,2,20.4745
ZTF18aauvnhh,60052.3257407,2,20.4742
ZTF18aauvnhh,60052.3526736,1,20.5358
ZTF18aauvnhh,60054.3001852,2,20.4069
ZTF18aauvnhh,60054.3191204,2,20.3378
ZTF18aauvnhh,60056.3308681,2,20.5765
ZTF18aauvnhh,60056.3508681,2,20.6457
ZTF18aauvnhh,60058.3595718,2,20.5364
ZTF18aauvnhh,60058.3609838,2,20.5227
ZTF18aauvnhh,60060.3169329,2,20.4512
ZTF18aauvnhh,60060.3318171,2,20.3951
ZTF18aauvnhh,60062.378125,2,20.4307
ZTF18aauvnhh,60062.3800231,2,20.4452
ZTF18aauvnhh,60064.2615972,1,19.9415
ZTF18aauvnhh,60067.2766319,1,19.1161
ZTF18aauvnhh,60067.3619676,2,19.3563
ZTF18aauvnhh,60067.3633796,2,19.2039
ZTF18aauvnhh,60076.3441898,2,20.4749
ZTF18aauvnhh,60076.3446644,2,20.5234
ZTF18aauvnhh,60078.2855556,2,20.463
ZTF18aauvnhh,60078.3087616,2,20.6146
ZTF18aauvnhh,60080.2790972,1,20.5921
ZTF18aauvnhh,60082.2535532,1,19.817
ZTF18aauvnhh,60082.3709491,2,20.4238
ZTF18aauvnhh,60082.3714236,2,20.4349
ZTF18aauvnhh,60084.2797801,2,20.576
ZTF18aauvnhh,60084.2807292,2,20.6569
ZTF18aauvnhh,60084.3288773,1,19.462
ZTF18aauvnhh,60086.3288889,2,20.8011
ZTF18aauvnhh,60086.3293519,2,20.7651
ZTF18aauvnhh,60088.2469676,2,20.7468
ZTF18aauvnhh,60088.3716551,2,20.6011
ZTF18aauvnhh,60090.3018403,2,20.3059
ZTF18aauvnhh,60090.3027894,2,20.2732
ZTF18aauvnhh,60092.4091088,2,20.4713
ZTF18aauvnhh,60092.4166319,2,20.3635
ZTF18aauvnhh,60098.204294,1,19.5798
ZTF18aauvnhh,60098.2047569,1,19.3901
ZTF18aauvnhh,60098.2982176,2,19.5299
ZTF18aauvnhh,60098.3160995,2,19.433
ZTF18aauvnhh,60100.2523495,2,19.936
ZTF18aauvnhh,60100.2533796,2,19.788
ZTF18aauvnhh,60102.2039468,2,19.3753
ZTF18aauvnhh,60102.2044213,2,19.3145
ZTF18aauvnhh,60104.3335995,2,20.106
ZTF18aauvnhh,60109.2049306,2,20.4283
ZTF18aauvnhh,60109.2087153,2,20.5805
ZTF18aauvnhh,60111.3128704,2,19.9454
ZTF18aauvnhh,60113.2492477,2,20.626
ZTF18aauvnhh,60113.3755324,2,20.0412
ZTF18aauvnhh,60116.2334028,2,20.6321
ZTF18aauvnhh,60116.2352894,2,20.6214
ZTF18aauvnhh,60118.2146991,2,20.0928
ZTF18aauvnhh,60118.2156481,2,20.0699
ZTF18aauvnhh,60120.1922222,2,20.4833
ZTF18aauvnhh,60120.1927083,2,20.3639
ZTF18aauvnhh,60122.2677431,2,19.6969
ZTF18aauvnhh,60122.2682176,2,19.7745
ZTF18aauvnhh,60122.3001505,1,19.3917
ZTF18aauvnhh,60124.2135301,2,19.7824
ZTF18aauvnhh,60124.2140046,2,19.7496
ZTF18aauvnhh,60126.1981019,1,19.5416
ZTF18aauvnhh,60126.1990394,1,19.3798
ZTF18aauvnhh,60126.2361574,2,19.5876
ZTF18aauvnhh,60126.2366204,2,19.5578
ZTF18aauvnhh,60128.2958796,2,19.3625
ZTF18aauvnhh,60128.3016319,2,19.3234
ZTF18aauvnhh,60133.2014468,2,20.5125
ZTF18aauvnhh,60134.2000694,2,20.6135
ZTF18aauvnhh,60135.2919097,2,20.0819
ZTF18aauvnhh,60136.1972106,1,20.6994
ZTF18aauvnhh,60136.2775231,2,20.2742
ZTF18aauvnhh,60138.1976389,2,20.2204
ZTF18aauvnhh,60138.2142477,1,20.3224
ZTF18aauvnhh,60311.4720023,1,18.1241
ZTF18aauvnhh,60311.5397222,2,20.2808
ZTF18aauvnhh,60311.5401852,2,18.3885
ZTF18aauvnhh,60315.4884954,2,19.9952
ZTF18aauvnhh,60315.4889699,2,20.0533
ZTF18aauvnhh,60325.4961111,2,20.3047
ZTF18aauvnhh,60327.5272106,2,20.5759
ZTF18aauvnhh,60351.4048495,1,20.2482
ZTF18aauvnhh,60351.4716551,2,20.1874
ZTF18aauvnhh,60351.4843171,2,20.0783
ZTF18aauvnhh,60353.4755787,2,20.4784
ZTF18aauvnhh,60353.4760532,2,20.466
ZTF18aauvnhh,60391.2677199,2,19.7297
ZTF18aauvnhh,60391.2681944,2,19.7209
ZTF18aauvnhh,60391.3846412,1,19.5669
ZTF18aauvnhh,60396.3603356,1,19.3421
ZTF18aauvnhh,60398.3416319,1,19.8378
ZTF18aauvnhh,60398.3984144,2,19.8068
ZTF18aauvnhh,60398.3998264,2,19.7705
ZTF18aauvnhh,60404.3590162,2,20.4013
ZTF18aauvnhh,60404.3594907,2,20.5341
ZTF18aauvnhh,60408.371875,2,20.3853
ZTF18aauvnhh,60413.3598958,2,20.6118
ZTF18aauvnhh,60413.3926736,2,20.4368
ZTF18aauvnhh,60417.3038079,2,19.9614
ZTF18aauvnhh,60417.3535417,1,20.3423
ZTF18aauvnhh,60417.3540046,1,19.7147
ZTF18aauvnhh,60419.2404282,2,20.0593
ZTF18aauvnhh,60419.2556713,2,19.9134
ZTF18aauvnhh,60421.3089699,1,19.4606
ZTF18aauvnhh,60421.3196181,1,19.5336
ZTF18aauvnhh,60421.3848148,2,19.618
ZTF18aauvnhh,60421.388125,2,19.5754
ZTF18aauvnhh,60423.2883449,1,19.3573
ZTF18aauvnhh,60423.3005671,1,19.2496
ZTF18aauvnhh,60423.4015278,2,19.45
ZTF18aauvnhh,60423.4089468,2,19.4497
ZTF18aauvnhh,60429.3494907,2,19.8481
ZTF18aauvnhh,60429.3587384,2,20.3923
ZTF18aauvnhh,60431.2548611,2,20.6883
ZTF18aauvnhh,60431.2653472,2,20.6276
ZTF18aauvnhh,60434.3424421,2,20.8201
ZTF18aauvnhh,60434.3443634,2,20.7129
ZTF18aauvnhh,60437.2583681,2,20.4314
ZTF18aauvnhh,60437.2588426,2,20.4586
ZTF18aauvnhh,60437.3192245,3,19.7659
ZTF18aauvnhh,60437.3206366,3,19.7036
ZTF18aauvnhh,60438.2622454,2,20.5761
ZTF18aauvnhh,60438.2627083,2,20.4564
ZTF18aauvnhh,60438.2917361,3,19.7216
ZTF18aauvnhh,60438.3416319,3,19.7253
ZTF18aauvnhh,60440.386169,2,20.1195
ZTF18aauvnhh,60442.2676968,2,20.5084
ZTF18aauvnhh,60442.2681713,2,20.558
ZTF18aauvnhh,60444.2822222,2,20.6003
ZTF18aauvnhh,60444.3318403,2,20.6345
ZTF18aauvnhh,60444.3540046,1,20.7499
ZTF18aauvnhh,60445.2355093,2,20.32
ZTF18aauvnhh,60445.2979167,1,20.3749
ZTF18aauvnhh,60446.3071528,2,20.0114
ZTF18aauvnhh,60447.2850116,1,20.1901
ZTF18aauvnhh,60447.3390394,2,20.1378
ZTF18aauvnhh,60448.2671528,2,19.9515
ZTF18aauvnhh,60448.3663194,1,19.8451
ZTF18aauvnhh,60449.3169907,2,19.8446
ZTF18aauvnhh,60450.372662,2,19.4293
ZTF18aauvnhh,60451.3165856,2,19.3768
ZTF18aauvnhh,60451.4032407,1,19.0812
ZTF18aauvnhh,60452.3091319,1,19.2689
ZTF18aauvnhh,60452.3510648,2,18.8303
ZTF18aauvnhh,60455.2575,1,19.5774
ZTF18aauvnhh,60455.2979977,2,19.4052
ZTF18aauvnhh,60456.2957407,2,20.2662
ZTF18aauvnhh,60457.3119792,2,20.1168
ZTF18aauvnhh,60458.3417014,2,20.3222
ZTF18aauvnhh,60459.3389005,2,20.5297
ZTF18aauvnhh,60460.2743056,2,20.4892
ZTF18aauvnhh,60461.2902083,2,20.494
ZTF18aauvnhh,60462.207338,2,20.66
ZTF18aauvnhh,60463.2343171,2,20.7026
ZTF18aauvnhh,60464.3326968,2,20.5293
ZTF18aauvnhh,60469.2781481,2,20.6194
ZTF18aauvnhh,60469.2790972,2,20.6033
ZTF18aauvnhh,60471.2326736,1,20.7348
ZTF18aauvnhh,60471.2808449,2,20.6738
ZTF18aauvnhh,60471.3096412,2,20.5438
ZTF18aauvnhh,60473.2451273,2,20.3205
ZTF18aauvnhh,60473.2465394,2,20.3089
ZTF18aauvnhh,60475.1922917,1,20.1812
ZTF18aauvnhh,60475.2272917,1,20.1077
ZTF18aauvnhh,60475.255463,2,20.2865
ZTF18aauvnhh,60475.257419,2,20.2393
ZTF18aauvnhh,60477.2651389,1,19.9454
ZTF18aauvnhh,60477.3250694,2,19.7065
ZTF18aauvnhh,60477.325544,2,19.7006
ZTF18aauvnhh,60480.2348843,1,19.8019
ZTF18aauvnhh,60480.3204167,2,19.3804
ZTF18aauvnhh,60480.3320255,2,19.4338
ZTF18aauvnhh,60482.2146875,1,19.6757
ZTF18aauvnhh,60482.2151736,1,19.5466
ZTF18aauvnhh,60482.2964931,2,19.6354
ZTF18aauvnhh,60482.2974306,2,19.7061
ZTF18aauvnhh,60484.2475231,1,19.4805
ZTF18aauvnhh,60484.2767708,2,19.7689
ZTF18aauvnhh,60484.2983565,2,19.7987
ZTF18aauvnhh,60486.2435417,1,17.3382
ZTF18aauvnhh,60486.2458912,1,16.1353
ZTF18aauvnhh,60488.3156597,2,20.1839
ZTF18aauvnhh,60488.3180093,2,20.1404
ZTF18aauvnhh,60490.2561111,2,20.4987
ZTF18aauvnhh,60490.2861111,2,20.0352
ZTF18aauvnhh,60494.2400347,2,20.3147
ZTF18aauvnhh,60494.2409722,2,20.269
ZTF18aauvnhh,60502.2445023,2,20.125
ZTF18aauvnhh,60506.246713,2,19.0733
ZTF18aauvnhh,60508.2611574,2,19.3369
ZTF18aauvnhh,60509.2685069,2,17.5906
ZTF18aauvnhh,60510.255463,2,19.4671
ZTF18aauvnhh,60511.2228819,1,19.319
ZTF18aauvnhh,60511.2790625,2,19.0726
ZTF18aauvnhh,60512.2226157,1,19.1792
ZTF18aauvnhh,60512.2704861,2,18.6692
ZTF18aauvnhh,60513.2171644,1,19.5477
ZTF18aauvnhh,60513.2587384,2,19.3524
ZTF18aauvnhh,60515.2637963,2,19.325
ZTF18aauvnhh,60516.2667824,2,19.1037
ZTF18aauvnhh,60516.2809375,1,18.1688
ZTF18aauvnhh,60524.2218403,2,20.0165
ZTF18aauvnhh,60524.2227894,2,20.0405
ZTF18aauvnhh,60526.2479745,2,19.8053
ZTF18aauvnhh,60526.2484491,2,19.8982
ZTF18aauvnhh,60530.2192014,2,19.7557
ZTF18aauvnhh,60532.1708218,2,20.3036
ZTF18aauvnhh,60532.1724653,2,20.2866
ZTF18aauvnhh,60698.4984606,2,19.8865
ZTF18aauvnhh,60705.412419,2,20.4149
ZTF18aauvnhh,60705.4128935,2,20.4617
ZTF18aauvnhh,60710.4699769,2,19.2162
ZTF18aauvnhh,60715.4742245,2,16.7184
ZTF18aauvnhh,60715.4756366,2,16.7719
ZTF18aauvnhh,60715.524375,1,18.7183
ZTF18aauvnhh,60715.5474769,1,19.022
ZTF18aauvnhh,60722.4913426,2,18.8858
ZTF18aauvnhh,60723.4166435,2,19.0693
ZTF18aauvnhh,60723.4570718,1,19.2589
ZTF18aauvnhh,60724.4270718,1,19.3286
ZTF18aauvnhh,60724.5357755,2,19.7118
ZTF18aauvnhh,60725.4821644,2,20.2339
ZTF18aauvnhh,60735.4248264,2,20.2934
ZTF18aauvnhh,60743.4021296,2,19.5492
ZTF18aauvnhh,60743.4451273,1,19.8869
ZTF18aauvnhh,60744.4154861,1,18.0707
ZTF18aauvnhh,60744.4363657,2,20.0634
ZTF18aauvnhh,60750.3793634,1,19.4244
ZTF18aauvnhh,60750.4263426,2,19.5509
ZTF18aauvnhh,60751.3189352,2,18.6715
ZTF18aauvnhh,60751.3874884,1,19.0871
ZTF18aauvnhh,60753.426956,2,19.6317
ZTF18aauvnhh,60753.4844329,1,19.5217
ZTF18aauvnhh,60754.3092014,1,19.8542
ZTF18aauvnhh,60754.4718519,2,20.3258
ZTF18aauvnhh,60755.486875,2,19.9077
ZTF18aauvnhh,60756.3323611,2,20.4259
ZTF18aauvnhh,60757.4008796,1,20.8781
ZTF18aauvnhh,60757.4859259,2,20.5287
ZTF18aauvnhh,60758.3809144,2,20.3965
ZTF18aauvnhh,60759.4393981,2,20.4221
ZTF18aauvnhh,60760.3368519,2,20.4772
ZTF18aauvnhh,60761.4296296,2,16.7769
ZTF18aauvnhh,60771.3379514,1,18.3554
ZTF18aauvnhh,60771.3891898,2,20.1522
ZTF18aauvnhh,60771.3901505,2,20.2623
ZTF18aauvnhh,60773.3181713,1,19.6889
ZTF18aauvnhh,60773.3186458,1,19.8631
ZTF18aauvnhh,60773.3646759,2,19.8478
ZTF18aauvnhh,60773.3651505,2,19.7026
ZTF18aauvnhh,60775.3185069,1,19.4453
ZTF18aauvnhh,60775.3405208,1,19.6546
ZTF18aauvnhh,60775.3585764,2,19.8126
ZTF18aauvnhh,60775.3808681,2,19.7228
ZTF18aauvnhh,60780.3621412,2,19.692
ZTF18aauvnhh,60780.3631019,2,19.8322
ZTF18aauvnhh,60785.2616551,2,20.0743
ZTF18aauvnhh,60785.2621296,2,20.1346
ZTF18aauvnhh,60787.2889468,1,20.591
ZTF18aauvnhh,60787.3223611,2,20.6895
ZTF18aauvnhh,60787.3228241,2,20.6909
ZTF18aauvnhh,60789.386875,2,20.3725
ZTF18aauvnhh,60789.3882986,2,20.5358
ZTF18aauvnhh,60794.3176389,2,20.2379
ZTF18aauvnhh,60794.3314236,2,20.5221
ZTF18aauvnhh,60796.3028819,2,20.82
ZTF18aauvnhh,60796.3033449,2,20.75
ZTF18aauvnhh,60796.3161458,1,21.0237
ZTF18aauvnhh,60810.2996759,2,20.0055
ZTF18aauvnhh,60814.3676852,2,19.9508
ZTF18aauvnhh,60814.3727199,2,19.7179
ZTF18aauvnhh,60817.2337269,2,20.6493
ZTF18aauvnhh,60817.2342014,2,20.6592
ZTF18aauvnhh,60817.3044213,1,20.7123
ZTF18aauvnhh,60819.2895949,2,20.1166
ZTF18aauvnhh,60821.2318287,2,20.5129
ZTF18aauvnhh,60821.2323032,2,20.5161
ZTF18aauvnhh,60823.2342014,2,20.6317
ZTF18aauvnhh,60823.2360995,2,20.5656
ZTF18aauvnhh,60831.2430093,1,19.9996
ZTF18aauvnhh,60831.2822222,2,19.8917
ZTF18aauvnhh,60831.2831944,2,19.8953
ZTF18aauvnhh,60833.2576736,2,19.8557
ZTF18aauvnhh,60835.2576157,2,19.6881
ZTF18aauvnhh,60835.2590741,2,19.5036
ZTF18aauvnhh,60835.4021065,1,18.7546
ZTF18aauvnhh,60837.218287,1,19.4136
ZTF18aauvnhh,60837.2584954,2,19.6546
ZTF18aauvnhh,60837.2697917,2,19.5175
ZTF18aauvnhh,60839.3049884,2,20.0367
ZTF18aauvnhh,60842.2035417,2,20.4292
ZTF18aauvnhh,60842.2077894,2,20.5525
ZTF18aauvnhh,60844.3189699,2,20.1791
ZTF18aauvnhh,60846.3175579,2,20.2269
ZTF18aauvnhh,60846.3184954,2,20.1456
ZTF18aauvnhh,60848.280706,2,20.3075
ZTF18aauvnhh,60848.3071991,2,20.2193
ZTF18aauvnhh,60850.2764352,2,20.4278
ZTF18aauvnhh,60850.2978935,2,20.3737
ZTF18aauvnhh,60850.3102894,2,20.3425
ZTF18aauvnhh,60852.2566667,1,20.0966
ZTF18aauvnhh,60852.3072917,2,20.0179
ZTF18aauvnhh,60854.3259028,2,20.19
ZTF18aauvnhh,60856.281169,2,20.1323
ZTF18aauvnhh,61008.5133449,2,19.7151
ZTF18aauvnhh,61010.5465278,2,19.8134
ZTF18aauvnhh,61013.5128935,2,18.3809
ZTF18aauvnhh,61013.5359375,1,18.0961
ZTF18aauvnhh,61015.5136458,1,19.0813
ZTF18aauvnhh,61015.5433796,2,19.6662
ZTF18aauvnhh,61016.5104861,2,19.2865
ZTF18aauvnhh,61016.5372801,1,19.4077
ZTF18aauvnhh,61017.5082639,2,19.6204
ZTF18aauvnhh,61017.5327083,1,19.6122
ZTF18aauvnhh,61020.5179167,2,20.0329
ZTF18aauvnhh,61021.5176273,2,19.9907
ZTF18aauvnhh,61022.5197106,2,20.1264
ZTF18aauvnhh,61030.4857176,1,20.2755
ZTF18aauvnhh,61030.5461227,2,20.3585
ZTF18aauvnhh,61030.5465972,2,20.2439
ZTF18aauvnhh,61037.4660069,2,19.2132
ZTF18aauvnhh,61037.5058333,1,19.4511
ZTF18aauvnhh,61037.5351852,1,19.5754
ZTF18aauvnhh,61037.5582292,2,19.296
ZTF18aauvnhh,61049.5596181,1,18.6517
ZTF18aauvnhh,61049.5601042,1,18.9888
ZTF18aauvnhh,61052.4837384,2,19.3207
ZTF18aauvnhh,61052.5334606,1,19.9636
ZTF18aauvnhh,61054.5404167,2,20.2909
ZTF18aauvnhh,61055.517662,2,20.0983
ZTF18aauvnhh,61056.5065162,2,20.2258
ZTF18aauvnhh,61057.5033333,2,19.6912
ZTF18aaygwqd,58230.265463,2,19.3047
ZTF18aaygwqd,58243.3270255,2,20.0688
ZTF18aaygwqd,58246.2670486,2,20.4023
ZTF18aaygwqd,58249.2662616,2,20.3169
ZTF18aaygwqd,58255.3043287,2,20.378
ZTF18aaygwqd,58258.2402778,2,20.2664
ZTF18aaygwqd,58262.3086111,2,20.0961
ZTF18aaygwqd,58266.2855556,2,19.4355
ZTF18aaygwqd,58269.3490162,2,18.3147
ZTF18aaygwqd,58306.4086574,2,19.0393
ZTF18aaygwqd,58317.4274769,2,17.5436
ZTF18aaygwqd,58323.4086343,1,19.9946
ZTF18aaygwqd,58329.4093866,1,19.5046
ZTF18aaygwqd,58332.1985185,1,20.6581
ZTF18aaygwqd,58334.163588,2,20.1013
ZTF18aaygwqd,58343.3113657,1,20.6161
ZTF18aaygwqd,58346.3382407,1,20.5555
ZTF18aaygwqd,58349.1792361,1,20.2195
ZTF18aaygwqd,58349.3026042,2,20.2551
ZTF18aaygwqd,58352.2829861,2,20.0652
ZTF18aaygwqd,58352.3487037,1,19.8278
ZTF18aaygwqd,58353.1438194,2,19.5745
ZTF18aaygwqd,58353.2605787,2,19.8476
ZTF18aaygwqd,58356.2035301,2,19.71
ZTF18aaygwqd,58359.1460995,1,18.9654
ZTF18aaygwqd,58359.2849884,2,19.4714
ZTF18aaygwqd,58362.2367245,1,20.3965
ZTF18aaygwqd,58362.2574653,1,19.1399
ZTF18aaygwqd,58365.2596759,1,20.664
ZTF18aaygwqd,58368.2620139,1,20.6358
ZTF18aaygwqd,58371.2637037,1,20.5686
ZTF18aaygwqd,58374.1204745,2,19.643
ZTF18aaygwqd,58374.1219329,2,19.8226
ZTF18aaygwqd,58374.256713,1,20.4359
ZTF18aaygwqd,58377.1601968,2,20.1582
ZTF18aaygwqd,58382.1417014,2,19.8945
ZTF18aaygwqd,58382.1735417,1,19.7199
ZTF18aaygwqd,58462.5107523,1,18.2853
ZTF18aaygwqd,58476.5292477,2,19.6714
ZTF18aaygwqd,58480.5528819,2,19.5251
ZTF18aaygwqd,58487.5351042,2,20.3222
ZTF18aaygwqd,58502.4485532,1,19.2682
ZTF18aaygwqd,58505.5567593,2,19.1767
ZTF18aaygwqd,58508.4910764,2,19.5908
ZTF18aaygwqd,58511.5520139,2,19.9297
ZTF18aaygwqd,58524.4327778,1,19.9651
ZTF18aaygwqd,58538.4101505,1,18.3662
ZTF18aaygwqd,58538.4694097,2,18.5888
ZTF18aaygwqd,58541.553669,2,19.8667
ZTF18aaygwqd,58557.2546644,2,19.2022
ZTF18aaygwqd,58560.406794,2,19.8381
ZTF18aaygwqd,58573.2874884,2,19.9365
ZTF18aaygwqd,58581.3721875,2,20.1249
ZTF18aaygwqd,58584.3730903,2,20.1227
ZTF18aaygwqd,58587.2872917,2,19.6724
ZTF18aaygwqd,58591.4074884,2,19.3291
ZTF18aaygwqd,58597.4105903,2,20.1935
ZTF18aaygwqd,58606.3437037,2,20.4803
ZTF18aaygwqd,58617.3020602,2,20.0196
ZTF18aaygwqd,58634.2818287,2,20.4701
ZTF18aaygwqd,58637.3037037,2,20.5495
ZTF18aaygwqd,58640.2671875,2,20.4033
ZTF18aaygwqd,58643.2500231,2,20.2976
ZTF18aaygwqd,58646.2412847,2,19.6491
ZTF18aaygwqd,58649.2434722,2,19.6869
ZTF18aaygwqd,58652.2840741,2,19.6879
ZTF18aaygwqd,58655.2236458,2,20.1197
ZTF18aaygwqd,58658.3958218,2,20.2509
ZTF18aaygwqd,58665.3509375,2,20.3456
ZTF18aaygwqd,58668.1837153,2,20.2998
ZTF18aaygwqd,58671.1990046,2,20.2654
ZTF18aaygwqd,58674.2160764,2,20.1654
ZTF18aaygwqd,58683.2162269,2,19.9372
ZTF18aaygwqd,58683.2444329,2,19.9627
ZTF18aaygwqd,58684.2346644,2,19.773
ZTF18aaygwqd,58685.3360764,2,19.9765
ZTF18aaygwqd,58690.1795602,2,20.2658
ZTF18aaygwqd,58691.1775231,2,20.2961
ZTF18aaygwqd,58694.1859491,2,20.411
ZTF18aaygwqd,58695.2740741,2,19.8237
ZTF18aaygwqd,58696.2755208,2,20.4085
ZTF18aaygwqd,58697.2975116,2,20.347
ZTF18aaygwqd,58697.3240278,1,20.3899
ZTF18aaygwqd,58698.2782292,2,15.3212
ZTF18aaygwqd,58699.2784722,2,20.2939
ZTF18aaygwqd,58700.275,2,20.4086
ZTF18aaygwqd,58701.2788657,2,19.5044
ZTF18aaygwqd,58702.2782639,2,20.1891
ZTF18aaygwqd,58703.2801273,2,20.0887
ZTF18aaygwqd,58703.3067361,1,20.2951
ZTF18aaygwqd,58704.2747338,2,19.8838
ZTF18aaygwqd,58705.1925347,2,19.9768
ZTF18aaygwqd,58706.1932986,2,19.9566
ZTF18aaygwqd,58707.1919676,2,19.9336
ZTF18aaygwqd,58708.1933333,2,19.6374
ZTF18aaygwqd,58709.1929398,2,19.708
ZTF18aaygwqd,58710.1908681,2,19.7047
ZTF18aaygwqd,58713.2245255,1,17.9918
ZTF18aaygwqd,58714.1908218,2,20.1702
ZTF18aaygwqd,58715.2750116,2,19.9001
ZTF18aaygwqd,58717.2749306,2,19.9484
ZTF18aaygwqd,58719.2755903,2,19.7472
ZTF18aaygwqd,58721.2755208,2,16.1431
ZTF18aaygwqd,58738.1493519,2,19.1082
ZTF18aaygwqd,58739.1496065,2,18.9445
ZTF18aaygwqd,58739.1782176,1,19.2184
ZTF18aaygwqd,58741.1497917,2,18.9236
ZTF18aaygwqd,58742.1497106,2,17.8749
ZTF18aaygwqd,58743.1497222,2,19.3115
ZTF18aaygwqd,58743.1803356,1,19.4355
ZTF18aaygwqd,58744.1502778,2,20.1133
ZTF18aaygwqd,58745.1503125,2,20.1367
ZTF18aaygwqd,58746.1500694,2,20.0892
ZTF18aaygwqd,58747.1499306,2,20.0659
ZTF18aaygwqd,58748.1489352,2,19.926
ZTF18aaygwqd,58749.1501273,2,20.0627
ZTF18aaygwqd,58750.1501157,2,19.7358
ZTF18aaygwqd,58751.149456,2,19.7964
ZTF18aaygwqd,58754.1490741,2,20.2829
ZTF18aaygwqd,58758.1580093,2,19.6858
ZTF18aaygwqd,58760.1504861,2,19.8438
ZTF18aaygwqd,58761.1494676,2,19.8988
ZTF18aaygwqd,58762.1491898,2,19.8432
ZTF18aaygwqd,58763.1504514,2,19.6634
ZTF18aaygwqd,58765.1148032,2,19.7898
ZTF18aaygwqd,58768.1229977,2,19.4742
ZTF18aaygwqd,58775.0989583,2,19.9568
ZTF18aaygwqd,58831.5570718,1,18.8935
ZTF18aaygwqd,58833.4817593,2,19.1322
ZTF18aaygwqd,58835.4967708,2,19.3567
ZTF18aaygwqd,58836.513125,2,19.9322
ZTF18aaygwqd,58838.4893981,1,17.8861
ZTF18aaygwqd,58838.5602894,2,17.7834
ZTF18aaygwqd,58850.4902083,2,19.725
ZTF18aaygwqd,58851.4987616,2,19.6092
ZTF18aaygwqd,58852.5571412,2,20.3535
ZTF18aaygwqd,58854.4750694,2,19.3447
ZTF18aaygwqd,58859.4266319,2,19.4137
ZTF18aaygwqd,58861.4673611,1,18.7758
ZTF18aaygwqd,58862.4083218,2,19.2692
ZTF18aaygwqd,58864.4905208,2,20.1372
ZTF18aaygwqd,58866.5324884,2,20.0955
ZTF18aaygwqd,58867.4899074,2,19.9819
ZTF18aaygwqd,58871.5284259,2,19.9718
ZTF18aaygwqd,58872.5695023,2,19.8031
ZTF18aaygwqd,58873.5137269,2,20.2038
ZTF18aaygwqd,58875.5500231,2,20.1178
ZTF18aaygwqd,58876.5517824,2,20.3782
ZTF18aaygwqd,58877.4944676,2,20.0728
ZTF18aaygwqd,58877.5511574,1,20.102
ZTF18aaygwqd,58878.3665856,2,19.4297
ZTF18aaygwqd,58879.5364931,2,19.2124
ZTF18aaygwqd,58880.5336343,2,20.1805
ZTF18aaygwqd,58881.5554398,2,20.2854
ZTF18aaygwqd,58883.5539005,2,19.5947
ZTF18aaygwqd,58884.4268403,1,19.4782
ZTF18aaygwqd,58884.545544,2,19.6926
ZTF18aaygwqd,58885.5183333,2,19.9486
ZTF18aaygwqd,58886.4502546,1,19.5266
ZTF18aaygwqd,58886.5252315,2,19.8607
ZTF18aaygwqd,58887.4361227,1,19.3422
ZTF18aaygwqd,58887.5083796,2,19.6169
ZTF18aaygwqd,58888.5136227,2,18.6119
ZTF18aaygwqd,58890.4637037,2,18.8206
ZTF18aaygwqd,58890.5570023,1,18.6956
ZTF18aaygwqd,58891.5162384,2,19.8557
ZTF18aaygwqd,58892.5111111,2,19.7518
ZTF18aaygwqd,58893.5187616,2,20.0403
ZTF18aaygwqd,58894.5134838,2,20.0724
ZTF18aaygwqd,58895.4911921,2,20.1843
ZTF18aaygwqd,58898.5329977,2,20.3862
ZTF18aaygwqd,58899.4847106,2,20.107
ZTF18aaygwqd,58900.473125,2,19.5695
ZTF18aaygwqd,58901.3886343,2,20.2002
ZTF18aaygwqd,58903.4106597,2,20.3143
ZTF18aaygwqd,58906.4845833,2,19.6637
ZTF18aaygwqd,58911.4752778,2,19.7428
ZTF18aaygwqd,58912.4715162,2,20.1769
ZTF18aaygwqd,58913.4612384,2,19.7529
ZTF18aaygwqd,58914.4160417,2,18.9154
ZTF18aaygwqd,58914.4474884,1,19.7256
ZTF18aaygwqd,58915.4233449,2,17.3964
ZTF18aaygwqd,58917.2621875,1,17.9213
ZTF18aaygwqd,58917.4690046,2,17.6889
ZTF18aaygwqd,58940.4282407,2,17.2548
ZTF18aaygwqd,58941.4163079,2,20.08
ZTF18aaygwqd,58941.4342824,2,20.1109
ZTF18aaygwqd,58943.4291319,1,19.5653
ZTF18aaygwqd,58943.4718056,2,20.2427
ZTF18aaygwqd,58944.4126389,2,19.4539
ZTF18aaygwqd,58944.467662,1,19.849
ZTF18aaygwqd,58955.4317361,2,20.1353
ZTF18aaygwqd,58955.455081,2,20.0506
ZTF18aaygwqd,58955.4643287,1,20.2753
ZTF18aaygwqd,58956.3041782,2,19.949
ZTF18aaygwqd,58956.3835069,1,19.5577
ZTF18aaygwqd,58961.4466782,2,19.9112
ZTF18aaygwqd,58962.3251505,2,20.3055
ZTF18aaygwqd,58962.3640394,1,20.4626
ZTF18aaygwqd,58966.3463542,2,17.6023
ZTF18aaygwqd,58969.3285185,2,18.3042
ZTF18aaygwqd,58975.2572338,1,19.251
ZTF18aaygwqd,58975.4080903,2,19.2928
ZTF18aaygwqd,58978.2691551,2,19.8092
ZTF18aaygwqd,58978.3915972,1,18.9648
ZTF18aaygwqd,58981.2814583,2,19.9252
ZTF18aaygwqd,58986.2845139,2,20.3623
ZTF18aaygwqd,58992.2668519,2,20.4309
ZTF18aaygwqd,58993.260081,1,20.6192
ZTF18aaygwqd,58994.405,1,20.6475
ZTF18aaygwqd,58995.2664583,2,20.3815
ZTF18aaygwqd,58995.2784144,2,20.527
ZTF18aaygwqd,58995.3309838,1,20.6962
ZTF18aaygwqd,58996.3007986,2,20.4572
ZTF18aaygwqd,58996.3194676,1,20.7058
ZTF18aaygwqd,58997.2225463,1,20.5571
ZTF18aaygwqd,58997.3125463,2,20.5691
ZTF18aaygwqd,58998.2830787,2,20.3588
ZTF18aaygwqd,58998.305,2,20.5003
ZTF18aaygwqd,58998.3693403,1,20.8046
ZTF18aaygwqd,58999.25875,1,19.9609
ZTF18aaygwqd,58999.3243171,2,20.1436
ZTF18aaygwqd,59000.3683449,2,19.6602
ZTF18aaygwqd,59000.4254861,1,18.3854
ZTF18aaygwqd,59001.238125,2,19.8818
ZTF18aaygwqd,59001.3860995,1,20.2753
ZTF18aaygwqd,59004.2036574,1,19.64
ZTF18aaygwqd,59004.2047569,1,19.4693
ZTF18aaygwqd,59004.2644907,2,19.7139
ZTF18aaygwqd,59004.2774537,2,19.727
ZTF18aaygwqd,59005.1827083,1,19.3806
ZTF18aaygwqd,59005.2909606,2,16.3688
ZTF18aaygwqd,59008.3249537,2,19.74
ZTF18aaygwqd,59008.3519907,2,19.8695
ZTF18aaygwqd,59009.1798727,2,19.8925
ZTF18aaygwqd,59009.2913773,1,19.745
ZTF18aaygwqd,59009.3669792,2,19.803
ZTF18aaygwqd,59011.266412,2,20.4142
ZTF18aaygwqd,59011.2844676,1,20.615
ZTF18aaygwqd,59011.3300463,2,20.1848
ZTF18aaygwqd,59012.2627083,2,20.4821
ZTF18aaygwqd,59012.2664583,2,20.6336
ZTF18aaygwqd,59013.2460069,1,20.6426
ZTF18aaygwqd,59013.323125,2,20.4533
ZTF18aaygwqd,59014.2463657,2,20.2257
ZTF18aaygwqd,59014.2691551,2,20.4743
ZTF18aaygwqd,59014.344838,1,20.7125
ZTF18aaygwqd,59015.3228935,2,20.3976
ZTF18aaygwqd,59016.2466782,2,19.7614
ZTF18aaygwqd,59017.2613773,2,20.508
ZTF18aaygwqd,59017.2647106,2,20.5623
ZTF18aaygwqd,59017.308206,1,20.9222
ZTF18aaygwqd,59018.3438194,1,20.6772
ZTF18aaygwqd,59019.241412,2,20.455
ZTF18aaygwqd,59019.2438194,2,20.5682
ZTF18aaygwqd,59020.2262037,1,20.7668
ZTF18aaygwqd,59020.2588889,2,20.5096
ZTF18aaygwqd,59020.2879282,2,20.6006
ZTF18aaygwqd,59022.2075116,1,20.7444
ZTF18aaygwqd,59022.2421296,2,20.5016
ZTF18aaygwqd,59022.2444907,2,20.5377
ZTF18aaygwqd,59023.2035995,2,20.5354
ZTF18aaygwqd,59023.2050579,2,20.449
ZTF18aaygwqd,59024.2349074,2,20.2334
ZTF18aaygwqd,59024.2803819,1,20.2388
ZTF18aaygwqd,59025.1812847,2,19.9489
ZTF18aaygwqd,59026.238206,1,18.4376
ZTF18aaygwqd,59026.2629745,2,17.5756
ZTF18aaygwqd,59027.2647106,2,19.9748
ZTF18aaygwqd,59028.2410185,2,20.0925
ZTF18aaygwqd,59031.2380093,2,19.9167
ZTF18aaygwqd,59032.2350579,2,19.9323
ZTF18aaygwqd,59033.3259375,2,19.8046
ZTF18aaygwqd,59034.3238889,2,19.7235
ZTF18aaygwqd,59035.3216898,2,19.4123
ZTF18aaygwqd,59038.2078356,2,20.3604
ZTF18aaygwqd,59041.2596412,2,20.3605
ZTF18aaygwqd,59044.2282755,2,20.306
ZTF18aaygwqd,59047.3233565,2,20.2709
ZTF18aaygwqd,59051.3467824,2,20.2434
ZTF18aaygwqd,59064.2237731,1,19.0048
ZTF18aaygwqd,59064.3151968,2,19.1417
ZTF18aaygwqd,59095.1624884,2,19.6544
ZTF18aaygwqd,59189.5170255,1,19.3103
ZTF18aaygwqd,59194.509456,2,20.2082
ZTF18aaygwqd,59200.5359491,2,19.4279
ZTF18aaygwqd,59203.492963,2,19.5024
ZTF18aaygwqd,59206.4942245,2,15.5211
ZTF18aaygwqd,59217.4673958,2,19.7407
ZTF18aaygwqd,59219.4683565,2,19.8595
ZTF18aaygwqd,59221.4247801,2,19.3873
ZTF18aaygwqd,59223.4751968,2,19.7565
ZTF18aaygwqd,59225.5135301,2,16.3938
ZTF18aaygwqd,59227.5101852,2,19.4576
ZTF18aaygwqd,59229.4118634,2,19.3136
ZTF18aaygwqd,59231.4929745,2,20.3799
ZTF18aaygwqd,59248.4506829,2,19.957
ZTF18aaygwqd,59250.4347685,2,19.6378
ZTF18aaygwqd,59252.5116782,2,20.3884
ZTF18aaygwqd,59262.3671528,2,19.9306
ZTF18aaygwqd,59266.3661227,2,19.3285
ZTF18aaygwqd,59268.3685995,2,19.9396
ZTF18aaygwqd,59270.3440394,2,19.1649
ZTF18aaygwqd,59272.4487384,2,19.1324
ZTF18aaygwqd,59275.3937269,2,19.6812
ZTF18aaygwqd,59278.4668403,2,19.8564
ZTF18aaygwqd,59281.265625,2,17.7129
ZTF18aaygwqd,59291.3431829,2,20.2342
ZTF18aaygwqd,59293.2451157,2,20.1115
ZTF18aaygwqd,59296.3908912,2,18.9495
ZTF18aaygwqd,59300.4346412,2,19.2278
ZTF18aaygwqd,59302.4341551,2,19.5275
ZTF18aaygwqd,59304.3614005,2,18.9802
ZTF18aaygwqd,59307.4012153,2,20.0111
ZTF18aaygwqd,59309.4691088,2,19.921
ZTF18aaygwqd,59311.3044213,2,20.3071
ZTF18aaygwqd,59313.4270255,2,19.0578
ZTF18aaygwqd,59315.2640394,2,18.8902
ZTF18aaygwqd,59317.4251736,2,20.4439
ZTF18aaygwqd,59320.3748264,1,20.6816
ZTF18aaygwqd,59320.4706829,2,20.1136
ZTF18aaygwqd,59321.4094329,2,20.2872
ZTF18aaygwqd,59322.2574074,2,20.2636
ZTF18aaygwqd,59322.3270949,1,20.3237
ZTF18aaygwqd,59323.3510417,2,20.1127
ZTF18aaygwqd,59324.2590509,2,20.0984
ZTF18aaygwqd,59324.3899306,1,20.6519
ZTF18aaygwqd,59325.3097338,2,20.0362
ZTF18aaygwqd,59328.2881829,2,19.8017
ZTF18aaygwqd,59328.3271644,1,19.5333
ZTF18aaygwqd,59329.2820949,2,19.5937
ZTF18aaygwqd,59329.3431944,1,19.4051
ZTF18aaygwqd,59334.2257755,1,20.4865
ZTF18aaygwqd,59334.3667824,2,20.0339
ZTF18aaygwqd,59335.3275347,2,18.9386
ZTF18aaygwqd,59336.3833912,2,20.2555
ZTF18aaygwqd,59336.4073495,1,20.0971
ZTF18aaygwqd,59338.3896991,2,20.3745
ZTF18aaygwqd,59339.3469792,2,20.5265
ZTF18aaygwqd,59339.3921065,1,20.6712
ZTF18aaygwqd,59340.4030671,2,20.2746
ZTF18aaygwqd,59342.4305903,2,20.498
ZTF18aaygwqd,59343.2863657,1,20.6161
ZTF18aaygwqd,59343.3246181,2,20.4304
ZTF18aaygwqd,59345.3536111,2,20.2923
ZTF18aaygwqd,59345.3850231,1,20.6993
ZTF18aaygwqd,59345.4500116,2,20.2985
ZTF18aaygwqd,59347.3434722,2,20.4319
ZTF18aaygwqd,59347.4278819,1,20.6843
ZTF18aaygwqd,59349.3065856,2,20.2748
ZTF18aaygwqd,59349.3427778,2,20.6539
ZTF18aaygwqd,59352.288044,2,19.752
ZTF18aaygwqd,59354.2811574,2,19.5168
ZTF18aaygwqd,59361.3477199,2,19.6864
ZTF18aaygwqd,59363.3446991,2,19.9968
ZTF18aaygwqd,59365.4084491,2,20.0357
ZTF18aaygwqd,59368.3034491,2,20.2505
ZTF18aaygwqd,59370.3443634,2,20.3063
ZTF18aaygwqd,59376.3035417,2,20.293
ZTF18aaygwqd,59378.3008912,2,20.2815
ZTF18aaygwqd,59380.3634028,2,19.9007
ZTF18aaygwqd,59382.3448843,2,20.0792
ZTF18aaygwqd,59384.2219097,1,19.084
ZTF18aaygwqd,59384.3313889,2,19.8708
ZTF18aaygwqd,59386.2207986,2,19.5186
ZTF18aaygwqd,59390.3197917,2,19.6281
ZTF18aaygwqd,59392.3460069,2,19.7475
ZTF18aaygwqd,59394.3229861,2,19.1905
ZTF18aaygwqd,59396.3498032,2,20.0569
ZTF18aaygwqd,59399.3266435,2,20.3445
ZTF18aaygwqd,59401.3491435,2,20.2932
ZTF18aaygwqd,59403.3028472,2,20.2023
ZTF18aaygwqd,59409.287963,2,20.1686
ZTF18aaygwqd,59411.24125,2,19.7675
ZTF18aaygwqd,59414.2891667,2,19.9557
ZTF18aaygwqd,59417.2620718,2,15.7341
ZTF18aaygwqd,59417.3432755,1,16.579
ZTF18aaygwqd,59419.2965509,2,19.0243
ZTF18aaygwqd,59419.3509954,1,18.4757
ZTF18aaygwqd,59423.306088,2,18.7883
ZTF18aaygwqd,59427.3239468,2,20.1172
ZTF18aaygwqd,59429.2437847,2,20.3422
ZTF18aaygwqd,59434.1992014,2,20.3022
ZTF18aaygwqd,59436.219213,2,20.1284
ZTF18aaygwqd,59439.2218056,2,19.775
ZTF18aaygwqd,59441.2032639,2,19.857
ZTF18aaygwqd,59443.282662,2,19.616
ZTF18aaygwqd,59449.18125,2,19.6185
ZTF18aaygwqd,59451.177963,2,20.0792
ZTF18aaygwqd,59453.2590278,2,19.9506
ZTF18aaygwqd,59455.1836111,2,20.3492
ZTF18aaygwqd,59458.2429282,2,20.1992
ZTF18aaygwqd,59460.2391898,2,20.2268
ZTF18aaygwqd,59462.2200463,2,19.8862
ZTF18aaygwqd,59471.1984606,2,19.425
ZTF18aaygwqd,59473.1575463,2,19.877
ZTF18aaygwqd,59476.1565972,1,19.3408
ZTF18aaygwqd,59476.1979398,2,19.1399
ZTF18aaygwqd,59478.1788773,2,19.3587
ZTF18aaygwqd,59480.1763657,2,19.6822
ZTF18aaygwqd,59600.4852546,2,19.6743
ZTF18aaygwqd,59623.3661921,2,19.5622
ZTF18aaygwqd,59625.4055208,2,19.3016
ZTF18aaygwqd,59628.4131019,2,19.2351
ZTF18aaygwqd,59637.3247801,2,19.6409
ZTF18aaygwqd,59639.3051736,2,19.566
ZTF18aaygwqd,59641.3297222,2,20.1736
ZTF18aaygwqd,59675.2196181,2,19.9453
ZTF18aaygwqd,59677.3899884,2,19.941
ZTF18aaygwqd,59679.2215625,2,19.7263
ZTF18aaygwqd,59682.3467708,2,19.4759
ZTF18aaygwqd,59684.3832639,2,19.6062
ZTF18aaygwqd,59687.4086921,2,19.6144
ZTF18aaygwqd,59690.3477546,2,19.9968
ZTF18aaygwqd,59694.3108681,2,19.9836
ZTF18aaygwqd,59698.3874653,2,20.1087
ZTF18aaygwqd,59700.3049421,2,20.2136
ZTF18aaygwqd,59702.366794,2,20.3933
ZTF18aaygwqd,59708.2881829,2,19.5005
ZTF18aaygwqd,59708.3218403,2,19.4255
ZTF18aaygwqd,59710.2609375,2,19.3225
ZTF18aaygwqd,59712.3677662,2,19.702
ZTF18aaygwqd,59714.3428472,2,19.5334
ZTF18aaygwqd,59717.2571181,2,19.6077
ZTF18aaygwqd,59719.3682986,2,19.805
ZTF18aaygwqd,59719.4265162,2,19.6295
ZTF18aaygwqd,59723.3010301,2,20.1717
ZTF18aaygwqd,59725.3269792,2,20.4392
ZTF18aaygwqd,59727.2701505,2,17.9743
ZTF18aaygwqd,59730.4133102,2,20.5173
ZTF18aaygwqd,59732.2209259,2,20.2848
ZTF18aaygwqd,59734.2486574,2,19.5278
ZTF18aaygwqd,59736.2171412,2,20.2655
ZTF18aaygwqd,59738.2831713,2,20.1538
ZTF18aaygwqd,59740.326412,2,19.9957
ZTF18aaygwqd,59742.2860185,2,19.5977
ZTF18aaygwqd,59748.3278472,2,19.8346
ZTF18aaygwqd,59750.3640972,2,19.7396
ZTF18aaygwqd,59755.3108681,2,20.1967
ZTF18aaygwqd,59759.3305671,2,20.1399
ZTF18aaygwqd,59763.3100231,2,20.3561
ZTF18aaygwqd,59765.3309259,2,20.3438
ZTF18aaygwqd,59770.3076157,1,19.7588
ZTF18aaygwqd,59772.2242824,2,19.6613
ZTF18aaygwqd,59772.3051852,2,19.7124
ZTF18aaygwqd,59774.2192245,2,19.6268
ZTF18aaygwqd,59774.2749769,2,19.5568
ZTF18aaygwqd,59776.2614699,2,19.8272
ZTF18aaygwqd,59776.3253009,2,19.7969
ZTF18aaygwqd,59779.2640509,2,20.2333
ZTF18aaygwqd,59779.3208796,2,19.9806
ZTF18aaygwqd,59783.2623264,2,20.2228
ZTF18aaygwqd,59785.2855324,2,19.8498
ZTF18aaygwqd,59787.3090509,2,20.117
ZTF18aaygwqd,59789.2394097,2,20.1276
ZTF18aaygwqd,59791.219375,2,20.0021
ZTF18aaygwqd,59794.2797685,2,20.0809
ZTF18aaygwqd,59794.3231597,1,19.581
ZTF18aaygwqd,59797.2284722,2,20.1852
ZTF18aaygwqd,59799.2260532,2,19.7936
ZTF18aaygwqd,59805.2047685,2,19.7903
ZTF18aaygwqd,59805.2423495,1,17.0299
ZTF18aaygwqd,59807.2604051,1,19.9898
ZTF18aaygwqd,59807.2828125,2,19.8776
ZTF18aaygwqd,59809.2916782,2,19.8773
ZTF18aaygwqd,59812.1832407,2,20.2149
ZTF18aaygwqd,59823.167419,2,20.0615
ZTF18aaygwqd,59829.158912,2,19.5243
ZTF18aaygwqd,59923.512581,1,19.2126
ZTF18aaygwqd,59923.5335995,2,19.4637
ZTF18aaygwqd,59930.5172569,2,19.6152
ZTF18aaygwqd,59933.5182986,2,16.8149
ZTF18aaygwqd,59935.4779051,2,20.2667
ZTF18aaygwqd,59953.4539005,1,17.958
ZTF18aaygwqd,59966.3938773,2,19.4491
ZTF18aaygwqd,60016.4292708,2,19.6488
ZTF18aaygwqd,60021.4538542,2,19.6659
ZTF18aaygwqd,60032.3408449,2,19.9524
ZTF18aaygwqd,60042.3467593,2,19.5437
ZTF18aaygwqd,60044.2236343,2,20.0916
ZTF18aaygwqd,60046.3657176,2,18.7258
ZTF18aaygwqd,60050.3960417,2,20.163
ZTF18aaygwqd,60050.4489815,2,20.3347
ZTF18aaygwqd,60050.483206,1,20.5706
ZTF18aaygwqd,60053.3898958,1,20.1079
ZTF18aaygwqd,60053.4318403,2,20.0299
ZTF18aaygwqd,60054.4025347,2,20.228
ZTF18aaygwqd,60055.40375,2,20.4026
ZTF18aaygwqd,60055.4237037,1,20.5565
ZTF18aaygwqd,60056.3397338,2,20.204
ZTF18aaygwqd,60057.3982523,2,19.1915
ZTF18aaygwqd,60057.4715046,1,20.5032
ZTF18aaygwqd,60058.3639583,2,19.9745
ZTF18aaygwqd,60059.3635648,1,20.4994
ZTF18aaygwqd,60059.4466435,2,20.3513
ZTF18aaygwqd,60060.4456944,2,20.1058
ZTF18aaygwqd,60061.4036574,1,20.537
ZTF18aaygwqd,60062.3891667,2,20.3034
ZTF18aaygwqd,60063.4267477,1,20.4955
ZTF18aaygwqd,60063.4710185,2,20.3557
ZTF18aaygwqd,60064.2576389,1,17.4302
ZTF18aaygwqd,60064.4563194,2,20.1343
ZTF18aaygwqd,60067.4127894,2,19.3741
ZTF18aaygwqd,60067.4237384,2,19.3918
ZTF18aaygwqd,60075.3257986,2,20.196
ZTF18aaygwqd,60076.3687153,2,20.3086
ZTF18aaygwqd,60078.3060532,2,20.2317
ZTF18aaygwqd,60078.3453819,1,20.6615
ZTF18aaygwqd,60078.4084375,2,20.5465
ZTF18aaygwqd,60080.2590741,1,20.4114
ZTF18aaygwqd,60082.3496528,2,20.1966
ZTF18aaygwqd,60082.3635069,2,20.2756
ZTF18aaygwqd,60082.398287,1,20.2822
ZTF18aaygwqd,60084.2844676,2,20.2008
ZTF18aaygwqd,60084.3420833,1,17.3407
ZTF18aaygwqd,60084.4121181,2,20.0439
ZTF18aaygwqd,60086.1912384,2,19.4487
ZTF18aaygwqd,60086.1917708,2,19.5274
ZTF18aaygwqd,60086.2364699,1,20.2795
ZTF18aaygwqd,60086.2370023,1,20.4547
ZTF18aaygwqd,60086.2602778,1,20.5925
ZTF18aaygwqd,60086.3354051,2,20.5601
ZTF18aaygwqd,60086.3633796,2,20.4223
ZTF18aaygwqd,60088.3065046,1,20.6402
ZTF18aaygwqd,60088.384919,2,20.2716
ZTF18aaygwqd,60088.3868287,2,20.4093
ZTF18aaygwqd,60090.3494444,2,19.6602
ZTF18aaygwqd,60090.3527662,2,19.9958
ZTF18aaygwqd,60092.2377894,1,20.1938
ZTF18aaygwqd,60092.2584028,2,19.9472
ZTF18aaygwqd,60092.2610185,2,20.2693
ZTF18aaygwqd,60093.3859838,2,20.3369
ZTF18aaygwqd,60093.4065046,2,20.672
ZTF18aaygwqd,60093.4518981,1,20.6931
ZTF18aaygwqd,60098.2815972,1,19.3617
ZTF18aaygwqd,60098.2863194,1,19.1964
ZTF18aaygwqd,60098.3628009,2,19.6483
ZTF18aaygwqd,60098.3694792,2,19.4675
ZTF18aaygwqd,60100.2068171,1,19.2724
ZTF18aaygwqd,60100.2289583,1,19.6617
ZTF18aaygwqd,60100.2484954,2,19.593
ZTF18aaygwqd,60100.2593287,2,19.7329
ZTF18aaygwqd,60102.2365741,1,19.0298
ZTF18aaygwqd,60102.2829167,1,18.1371
ZTF18aaygwqd,60104.3431481,2,20.3596
ZTF18aaygwqd,60104.3663889,2,20.0001
ZTF18aaygwqd,60109.3084722,1,20.5628
ZTF18aaygwqd,60109.3464583,2,20.5418
ZTF18aaygwqd,60109.3483912,2,20.4119
ZTF18aaygwqd,60111.430544,1,20.7361
ZTF18aaygwqd,60114.2634491,1,20.4588
ZTF18aaygwqd,60114.3496528,2,20.3824
ZTF18aaygwqd,60114.3510995,2,20.338
ZTF18aaygwqd,60116.2485185,2,20.4071
ZTF18aaygwqd,60116.3438194,1,20.1761
ZTF18aaygwqd,60117.348206,2,20.283
ZTF18aaygwqd,60118.3852431,1,19.8808
ZTF18aaygwqd,60119.3305093,2,20.2797
ZTF18aaygwqd,60121.2537269,2,20.0384
ZTF18aaygwqd,60121.3003935,2,20.1598
ZTF18aaygwqd,60121.3956481,1,20.2681
ZTF18aaygwqd,60123.2771412,1,20.1482
ZTF18aaygwqd,60125.2771412,2,19.959
ZTF18aaygwqd,60125.2776852,2,19.8622
ZTF18aaygwqd,60125.3800579,1,19.8784
ZTF18aaygwqd,60127.1968634,1,19.6071
ZTF18aaygwqd,60127.2790741,2,19.6254
ZTF18aaygwqd,60127.2796181,2,19.6599
ZTF18aaygwqd,60132.2017361,2,20.1926
ZTF18aaygwqd,60132.2022801,2,20.1568
ZTF18aaygwqd,60135.2628356,1,20.4701
ZTF18aaygwqd,60135.2860764,2,20.3642
ZTF18aaygwqd,60135.3013194,2,20.2635
ZTF18aaygwqd,60137.2417014,2,20.2784
ZTF18aaygwqd,60137.2422454,2,20.1316
ZTF18aaygwqd,60137.3794676,1,20.3116
ZTF18aaygwqd,60139.241875,1,20.2927
ZTF18aaygwqd,60139.2593519,2,20.1737
ZTF18aaygwqd,60139.2822454,2,20.3213
ZTF18aaygwqd,60141.2612963,2,20.2141
ZTF18aaygwqd,60141.2623495,2,20.3984
ZTF18aaygwqd,60141.3032639,1,20.4523
ZTF18aaygwqd,60143.3635417,2,20.3898
ZTF18aaygwqd,60143.3650116,2,20.209
ZTF18aaygwqd,60143.4301736,1,20.2137
ZTF18aaygwqd,60145.283125,2,20.253
ZTF18aaygwqd,60145.302662,2,20.4777
ZTF18aaygwqd,60145.3408681,1,20.4914
ZTF18aaygwqd,60147.2625926,2,20.1151
ZTF18aaygwqd,60147.2635995,2,20.2177
ZTF18aaygwqd,60147.3276042,1,20.4353
ZTF18aaygwqd,60149.2656829,2,20.0354
ZTF18aaygwqd,60149.3560069,1,20.3238
ZTF18aaygwqd,60149.3928241,2,20.3146
ZTF18aaygwqd,60151.3468171,1,20.432
ZTF18aaygwqd,60151.38625,2,20.3265
ZTF18aaygwqd,60153.2362153,2,19.8798
ZTF18aaygwqd,60153.2372106,2,20.095
ZTF18aaygwqd,60153.4056829,1,20.136
ZTF18aaygwqd,60155.3065509,2,19.7948
ZTF18aaygwqd,60156.225,1,19.5965
ZTF18aaygwqd,60156.3448495,2,19.6631
ZTF18aaygwqd,60159.2425347,2,19.7808
ZTF18aaygwqd,60160.1860648,2,20.3457
ZTF18aaygwqd,60160.3275579,1,19.6299
ZTF18aaygwqd,60161.1871065,2,20.28
ZTF18aaygwqd,60162.2234259,1,20.4585
ZTF18aaygwqd,60162.3267708,2,20.0611
ZTF18aaygwqd,60163.2811806,2,20.0437
ZTF18aaygwqd,60164.2789468,2,20.1613
ZTF18aaygwqd,60166.2622685,2,20.3473
ZTF18aaygwqd,60168.3290741,2,20.3835
ZTF18aaygwqd,60169.3046759,2,19.9469
ZTF18aaygwqd,60170.2909259,2,20.3274
ZTF18aaygwqd,60170.3229167,1,20.2365
ZTF18aaygwqd,60171.2599421,2,20.1905
ZTF18aaygwqd,60172.182963,2,20.3545
ZTF18aaygwqd,60172.2575579,1,20.371
ZTF18aaygwqd,60173.246412,2,20.2302
ZTF18aaygwqd,60174.2409375,2,20.0519
ZTF18aaygwqd,60174.3228588,1,20.0634
ZTF18aaygwqd,60179.1831481,2,20.3447
ZTF18aaygwqd,60179.2198958,1,20.2836
ZTF18aaygwqd,60181.2499421,2,19.606
ZTF18aaygwqd,60181.3268056,1,20.0625
ZTF18aaygwqd,60183.2003935,2,20.0733
ZTF18aaygwqd,60183.320162,1,19.7848
ZTF18aaygwqd,60184.1845602,2,19.5934
ZTF18aaygwqd,60185.1647338,1,19.7303
ZTF18aaygwqd,60185.2076273,2,19.8604
ZTF18aaygwqd,60187.2017824,1,19.3348
ZTF18aaygwqd,60187.2178588,2,19.673
ZTF18aaygwqd,60188.2211111,2,19.4671
ZTF18aaygwqd,60193.2388889,1,20.4604
ZTF18aaygwqd,60193.3053241,2,19.9704
ZTF18aaygwqd,60194.2122569,2,20.0965
ZTF18aaygwqd,60195.1751273,1,20.2455
ZTF18aaygwqd,60198.2439815,1,19.966
ZTF18aaygwqd,60205.1587153,1,20.7625
ZTF18aaygwqd,60205.1798843,2,20.6007
ZTF18aaygwqd,60207.1771412,2,20.4073
ZTF18aaygwqd,60207.2171296,1,20.5013
ZTF18aaygwqd,60211.1552894,2,20.0814
ZTF18aaygwqd,60211.2356366,1,19.9615
ZTF18aaygwqd,60213.1428125,1,19.7591
ZTF18aaygwqd,60213.1940741,2,19.4173
ZTF18aaygwqd,60220.2199074,1,19.4782
ZTF18aaygwqd,60221.1370718,2,19.8519
ZTF18aaygwqd,60289.5151852,2,16.9404
ZTF18aaygwqd,60289.5361458,1,18.4844
ZTF18aaygwqd,60291.5340162,2,20.0039
ZTF18aaygwqd,60311.5203472,2,20.0132
ZTF18aaygwqd,60311.5222801,2,20.1155
ZTF18aaygwqd,60315.4729282,2,19.7142
ZTF18aaygwqd,60315.5525579,1,20.1687
ZTF18aaygwqd,60327.4054514,2,19.8912
ZTF18aaygwqd,60351.4110532,1,20.1249
ZTF18aaygwqd,60351.491875,2,20.0262
ZTF18aaygwqd,60351.4933333,2,20.0575
ZTF18aaygwqd,60353.4306829,1,20.5114
ZTF18aaygwqd,60353.452037,2,20.2423
ZTF18aaygwqd,60355.3687269,2,20.1562
ZTF18aaygwqd,60355.4076042,1,20.3928
ZTF18aaygwqd,60355.468125,2,20.0345
ZTF18aaygwqd,60363.3619097,1,18.0482
ZTF18aaygwqd,60363.4295255,2,18.2989
ZTF18aaygwqd,60363.4430324,2,17.7056
ZTF18aaygwqd,60365.3488079,1,16.3875
ZTF18aaygwqd,60365.3689699,1,16.9021
ZTF18aaygwqd,60369.4101968,2,20.0456
ZTF18aaygwqd,60369.4112037,2,19.9934
ZTF18aaygwqd,60369.4712384,1,20.0626
ZTF18aaygwqd,60379.305787,2,19.642
ZTF18aaygwqd,60379.3266898,2,19.9407
ZTF18aaygwqd,60379.3685532,1,20.1535
ZTF18aaygwqd,60388.3273727,1,19.4572
ZTF18aaygwqd,60390.3903356,2,19.7626
ZTF18aaygwqd,60390.4938079,1,20.0518
ZTF18aaygwqd,60391.2606366,2,18.2306
ZTF18aaygwqd,60391.3244329,1,19.6299
ZTF18aaygwqd,60392.3636111,2,17.566
ZTF18aaygwqd,60397.4448611,2,18.991
ZTF18aaygwqd,60398.4070602,2,19.8692
ZTF18aaygwqd,60403.4373611,1,20.4858
ZTF18aaygwqd,60403.4942014,2,20.0423
ZTF18aaygwqd,60404.3683218,2,20.0033
ZTF18aaygwqd,60407.4778125,1,20.379
ZTF18aaygwqd,60407.4956134,2,20.3256
ZTF18aaygwqd,60408.4045023,2,20.1604
ZTF18aaygwqd,60412.4091435,2,20.3307
ZTF18aaygwqd,60412.4690509,1,20.6545
ZTF18aaygwqd,60416.3453704,1,18.8519
ZTF18aaygwqd,60417.3703819,2,19.8996
ZTF18aaygwqd,60418.3515741,2,19.7799
ZTF18aaygwqd,60418.3844444,1,18.5945
ZTF18aaygwqd,60419.261412,2,19.8735
ZTF18aaygwqd,60421.342963,1,19.6701
ZTF18aaygwqd,60421.4327431,2,19.8634
ZTF18aaygwqd,60423.286169,1,19.2853
ZTF18aaygwqd,60423.4302083,2,19.6328
ZTF18aaygwqd,60424.2681829,2,19.4211
ZTF18aaygwqd,60429.304294,1,20.3395
ZTF18aaygwqd,60429.3822338,2,20.0705
ZTF18aaygwqd,60430.3925347,2,19.9919
ZTF18aaygwqd,60431.358588,1,20.8353
ZTF18aaygwqd,60433.4083912,2,20.3985
ZTF18aaygwqd,60434.3600116,2,20.5607
ZTF18aaygwqd,60434.4307292,1,20.7759
ZTF18aaygwqd,60436.4518866,2,19.8598
ZTF18aaygwqd,60436.470081,2,19.9382
ZTF18aaygwqd,60437.2622338,2,20.0286
ZTF18aaygwqd,60437.3263889,3,19.6104
ZTF18aaygwqd,60437.3880903,2,20.0829
ZTF18aaygwqd,60437.4352083,1,20.4472
ZTF18aaygwqd,60438.2588542,2,20.1567
ZTF18aaygwqd,60438.3286227,1,20.3607
ZTF18aaygwqd,60439.2804861,2,20.1335
ZTF18aaygwqd,60440.3236343,1,20.3574
ZTF18aaygwqd,60440.3933681,2,20.2
ZTF18aaygwqd,60441.3851736,2,19.698
ZTF18aaygwqd,60442.3587384,1,20.4562
ZTF18aaygwqd,60442.4283218,2,20.4552
ZTF18aaygwqd,60443.3489931,2,20.2654
ZTF18aaygwqd,60444.4026273,2,20.5434
ZTF18aaygwqd,60444.4459028,1,20.6274
ZTF18aaygwqd,60445.3481366,2,20.2773
ZTF18aaygwqd,60447.3448958,2,20.1324
ZTF18aaygwqd,60447.3830093,2,20.4096
ZTF18aaygwqd,60447.4449537,1,20.6753
ZTF18aaygwqd,60449.3391551,2,19.9127
ZTF18aaygwqd,60449.3681134,2,19.8999
ZTF18aaygwqd,60449.4127083,1,19.8056
ZTF18aaygwqd,60451.3693866,2,19.5124
ZTF18aaygwqd,60451.3708449,2,19.4312
ZTF18aaygwqd,60451.456412,1,19.819
ZTF18aaygwqd,60456.3639931,2,19.9869
ZTF18aaygwqd,60457.3360648,2,19.9
ZTF18aaygwqd,60458.2878472,1,20.5545
ZTF18aaygwqd,60458.3671296,2,20.2672
ZTF18aaygwqd,60459.3763773,2,20.1034
ZTF18aaygwqd,60460.3240856,1,20.4146
ZTF18aaygwqd,60460.3706944,2,20.3414
ZTF18aaygwqd,60461.3031366,2,20.2684
ZTF18aaygwqd,60462.2810764,1,20.6974
ZTF18aaygwqd,60462.3693634,2,20.6271
ZTF18aaygwqd,60463.2608333,2,20.3478
ZTF18aaygwqd,60464.3645139,1,20.2863
ZTF18aaygwqd,60464.4060069,2,20.3145
ZTF18aaygwqd,60468.3693519,2,20.3311
ZTF18aaygwqd,60470.2879167,2,20.3929
ZTF18aaygwqd,60470.2884491,2,20.463
ZTF18aaygwqd,60470.4105324,1,20.1961
ZTF18aaygwqd,60472.3462847,2,20.272
ZTF18aaygwqd,60472.3501273,2,20.4685
ZTF18aaygwqd,60472.4277315,1,20.4678
ZTF18aaygwqd,60474.4297106,1,20.2158
ZTF18aaygwqd,60475.2634606,2,20.0847
ZTF18aaygwqd,60476.2966319,2,20.253
ZTF18aaygwqd,60476.3713194,1,20.5302
ZTF18aaygwqd,60477.3598032,2,20.0682
ZTF18aaygwqd,60479.3508333,2,19.9992
ZTF18aaygwqd,60479.3870833,1,19.7322
ZTF18aaygwqd,60480.341412,2,19.694
ZTF18aaygwqd,60481.2428819,1,19.5874
ZTF18aaygwqd,60481.3505787,2,19.7075
ZTF18aaygwqd,60482.3230787,2,19.7357
ZTF18aaygwqd,60483.2833796,2,19.4292
ZTF18aaygwqd,60483.3892477,1,19.1899
ZTF18aaygwqd,60485.2465625,1,19.3115
ZTF18aaygwqd,60485.3215856,2,19.8809
ZTF18aaygwqd,60486.2372569,1,18.4038
ZTF18aaygwqd,60487.3007639,2,20.18
ZTF18aaygwqd,60488.3237616,2,20.094
ZTF18aaygwqd,60489.2585995,1,20.4757
ZTF18aaygwqd,60489.3652431,2,19.9312
ZTF18aaygwqd,60490.2613426,2,20.3691
ZTF18aaygwqd,60491.298831,1,20.5012
ZTF18aaygwqd,60491.3860648,2,20.3798
ZTF18aaygwqd,60494.2667708,2,20.1486
ZTF18aaygwqd,60498.2229398,1,20.5129
ZTF18aaygwqd,60501.2577431,2,20.3173
ZTF18aaygwqd,60501.3232523,2,20.1101
ZTF18aaygwqd,60501.4023032,1,20.1201
ZTF18aaygwqd,60503.2833449,2,19.9747
ZTF18aaygwqd,60503.2843519,2,19.8938
ZTF18aaygwqd,60503.3419444,1,16.4291
ZTF18aaygwqd,60505.2165741,2,19.9862
ZTF18aaygwqd,60505.2171181,2,20.1609
ZTF18aaygwqd,60505.3439583,1,20.3659
ZTF18aaygwqd,60508.2631597,2,19.8737
ZTF18aaygwqd,60508.2797338,2,19.8702
ZTF18aaygwqd,60510.2616782,2,19.9201
ZTF18aaygwqd,60510.2622222,2,19.769
ZTF18aaygwqd,60512.2184144,1,19.4111
ZTF18aaygwqd,60512.3224306,2,19.5284
ZTF18aaygwqd,60512.3229745,2,19.4474
ZTF18aaygwqd,60514.2902431,2,19.6179
ZTF18aaygwqd,60514.3091898,2,19.6045
ZTF18aaygwqd,60514.4072569,1,19.2579
ZTF18aaygwqd,60516.2652662,2,19.6154
ZTF18aaygwqd,60516.2835069,1,19.5451
ZTF18aaygwqd,60516.366088,2,19.6989
ZTF18aaygwqd,60518.3045023,2,20.0511
ZTF18aaygwqd,60519.3260995,2,20.1347
ZTF18aaygwqd,60519.4056134,1,19.9439
ZTF18aaygwqd,60520.2636458,2,19.9638
ZTF18aaygwqd,60521.2847454,2,20.3301
ZTF18aaygwqd,60521.3593056,1,20.0586
ZTF18aaygwqd,60524.2433565,2,20.2422
ZTF18aaygwqd,60524.3443519,1,20.2978
ZTF18aaygwqd,60524.3823495,2,20.1584
ZTF18aaygwqd,60526.2786343,2,20.2936
ZTF18aaygwqd,60526.3095255,1,20.4325
ZTF18aaygwqd,60526.3863542,2,20.2313
ZTF18aaygwqd,60528.28625,2,20.1503
ZTF18aaygwqd,60528.2891435,2,19.9584
ZTF18aaygwqd,60528.321794,1,20.2216
ZTF18aaygwqd,60530.2384144,2,20.0858
ZTF18aaygwqd,60530.279537,1,20.3188
ZTF18aaygwqd,60530.3504977,2,20.0379
ZTF18aaygwqd,60538.2546644,2,19.6303
ZTF18aaygwqd,60538.3458333,1,19.6339
ZTF18aaygwqd,60540.265463,2,19.7678
ZTF18aaygwqd,60540.3397801,1,19.1769
ZTF18aaygwqd,60544.2046065,1,19.8481
ZTF18aaygwqd,60544.2444329,2,19.8406
ZTF18aaygwqd,60546.2398495,2,19.6727
ZTF18aaygwqd,60546.326169,1,18.9586
ZTF18aaygwqd,60547.2245949,2,20.0804
ZTF18aaygwqd,60548.2443981,2,20.3184
ZTF18aaygwqd,60548.301412,1,20.0451
ZTF18aaygwqd,60550.2480324,2,20.2767
ZTF18aaygwqd,60550.2837384,1,20.3703
ZTF18aaygwqd,60552.2370718,2,20.2292
ZTF18aaygwqd,60552.3045023,1,20.3017
ZTF18aaygwqd,60554.2003356,2,20.1506
ZTF18aaygwqd,60554.2023032,2,20.2874
ZTF18aaygwqd,60554.25625,1,20.2694
ZTF18aaygwqd,60556.1559606,2,20.104
ZTF18aaygwqd,60556.1584144,2,20.2134
ZTF18aaygwqd,60556.2189352,1,20.1785
ZTF18aaygwqd,60558.1973495,2,20.0231
ZTF18aaygwqd,60558.1978819,2,19.9013
ZTF18aaygwqd,60558.2624884,1,19.9522
ZTF18aaygwqd,60561.2648264,1,19.8921
ZTF18aaygwqd,60561.2908449,2,19.8286
ZTF18aaygwqd,60563.2876042,1,17.0156
ZTF18aaygwqd,60566.1766782,2,19.7904
ZTF18aaygwqd,60566.1772222,2,19.9217
ZTF18aaygwqd,60566.2804167,1,19.0398
ZTF18aaygwqd,60568.1771644,2,19.9352
ZTF18aaygwqd,60568.197581,2,19.599
ZTF18aaygwqd,60568.2624074,1,19.3859
ZTF18aaygwqd,60571.1543519,1,19.0388
ZTF18aaygwqd,60571.1879398,2,19.1482
ZTF18aaygwqd,60571.198912,2,19.0859
ZTF18aaygwqd,60571.266956,1,19.0651
ZTF18aaygwqd,60575.1795949,2,19.9666
ZTF18aaygwqd,60575.2005556,2,20.0008
ZTF18aaygwqd,60650.5670255,2,19.4897
ZTF18aaygwqd,60652.5396528,2,20.1441
ZTF18aaygwqd,60661.4929167,1,17.6129
ZTF18aaygwqd,60661.5371296,2,17.5348
ZTF18aaygwqd,60664.5157176,1,19.6358
ZTF18aaygwqd,60666.4701736,1,18.4106
ZTF18aaygwqd,60666.5342824,2,19.786
ZTF18aaygwqd,60675.516169,1,20.0907
ZTF18aaygwqd,60675.5368171,2,20.0111
ZTF18aaygwqd,60676.539375,2,20.1384
ZTF18aaygwqd,60678.5147685,1,17.6642
ZTF18aaygwqd,60678.5157639,1,18.5548
ZTF18aaygwqd,60680.5557407,1,19.8432
ZTF18aaygwqd,60682.4554051,2,19.8137
ZTF18aaygwqd,60684.4278356,1,18.6852
ZTF18aaygwqd,60687.512419,2,19.0354
ZTF18aaygwqd,60687.5138889,2,19.1803
ZTF18aaygwqd,60687.5458218,1,18.654
ZTF18aaygwqd,60687.5463542,1,18.7013
ZTF18aaygwqd,60690.4251736,1,18.4726
ZTF18aaygwqd,60690.4721759,1,18.6708
ZTF18aaygwqd,60690.4923958,2,19.0227
ZTF18aaygwqd,60690.5132407,2,19.1682
ZTF18aaygwqd,60692.4266204,2,19.5585
ZTF18aaygwqd,60692.4726852,1,19.6108
ZTF18aaygwqd,60692.4965972,2,19.8107
ZTF18aaygwqd,60694.4257523,2,19.7536
ZTF18aaygwqd,60694.4691782,1,19.9285
ZTF18aaygwqd,60694.5156713,2,19.9554
ZTF18aaygwqd,60696.4957407,1,19.3151
ZTF18aaygwqd,60698.4944213,2,19.2031
ZTF18aaygwqd,60705.3708102,2,20.1725
ZTF18aaygwqd,60705.534838,1,20.531
ZTF18aaygwqd,60710.3902431,2,20.1489
ZTF18aaygwqd,60710.4257292,2,19.3295
ZTF18aaygwqd,60710.426713,2,19.1485
ZTF18aaygwqd,60710.5102778,2,20.4165
ZTF18aaygwqd,60715.4540278,2,16.2243
ZTF18aaygwqd,60715.4679745,2,17.0334
ZTF18aaygwqd,60715.5613194,1,18.8083
ZTF18aaygwqd,60722.4636227,2,18.6196
ZTF18aaygwqd,60723.4018981,2,19.5858
ZTF18aaygwqd,60723.4521991,1,18.5137
ZTF18aaygwqd,60724.4611806,1,19.7179
ZTF18aaygwqd,60725.4223727,1,19.7653
ZTF18aaygwqd,60725.498912,2,20.1212
ZTF18aaygwqd,60726.4903704,2,20.1522
ZTF18aaygwqd,60726.5365046,1,19.7872
ZTF18aaygwqd,60727.4745139,2,19.7067
ZTF18aaygwqd,60728.4464468,1,19.8842
ZTF18aaygwqd,60728.5080671,2,20.1979
ZTF18aaygwqd,60729.3893981,2,20.131
ZTF18aaygwqd,60730.4101389,2,20.321
ZTF18aaygwqd,60730.4668981,1,20.3599
ZTF18aaygwqd,60731.505162,2,20.179
ZTF18aaygwqd,60732.3918056,1,20.4461
ZTF18aaygwqd,60732.5097801,2,20.3267
ZTF18aaygwqd,60733.3618519,2,19.7186
ZTF18aaygwqd,60739.4717593,2,18.8733
ZTF18aaygwqd,60743.4118866,2,19.279
ZTF18aaygwqd,60743.4217014,1,19.1685
ZTF18aaygwqd,60744.4261227,2,18.0783
ZTF18aaygwqd,60750.4068981,1,19.52
ZTF18aaygwqd,60750.4715509,2,19.7965
ZTF18aaygwqd,60751.3232407,2,19.2588
ZTF18aaygwqd,60753.3004514,1,19.6913
ZTF18aaygwqd,60753.4314236,2,17.8134
ZTF18aaygwqd,60754.4767245,2,20.0099
ZTF18aaygwqd,60755.3232755,1,19.5619
ZTF18aaygwqd,60755.5020139,2,19.7848
ZTF18aaygwqd,60756.3752431,2,19.8695
ZTF18aaygwqd,60758.4436343,1,20.3402
ZTF18aaygwqd,60758.4883796,2,20.0653
ZTF18aaygwqd,60758.488912,2,19.9195
ZTF18aaygwqd,60760.4501736,1,18.5305
ZTF18aaygwqd,60762.4239468,2,18.6228
ZTF18aaygwqd,60764.4697338,2,19.7832
ZTF18aaygwqd,60764.486169,1,20.5112
ZTF18aaygwqd,60771.3265741,1,19.7722
ZTF18aaygwqd,60771.3848264,2,19.9042
ZTF18aaygwqd,60771.4124306,2,20.0709
ZTF18aaygwqd,60773.2623264,1,19.561
ZTF18aaygwqd,60773.3696296,2,19.1866
ZTF18aaygwqd,60773.3715394,2,19.2815
ZTF18aaygwqd,60775.321088,1,19.4621
ZTF18aaygwqd,60775.4286574,2,19.8064
ZTF18aaygwqd,60775.4449306,2,19.794
ZTF18aaygwqd,60780.3808449,2,19.6861
ZTF18aaygwqd,60785.2642477,2,15.7289
ZTF18aaygwqd,60785.3020139,1,19.4687
ZTF18aaygwqd,60786.413206,2,18.8147
ZTF18aaygwqd,60787.3734838,2,20.5157
ZTF18aaygwqd,60787.388831,1,20.6658
ZTF18aaygwqd,60788.3727199,2,20.4389
ZTF18aaygwqd,60789.370625,1,20.6847
ZTF18aaygwqd,60789.3936806,2,20.5318
ZTF18aaygwqd,60794.3959722,2,20.3225
ZTF18aaygwqd,60794.4058449,1,20.2462
ZTF18aaygwqd,60796.3065278,2,20.5095
ZTF18aaygwqd,60796.3639005,1,20.7895
ZTF18aaygwqd,60796.4205556,2,20.5716
ZTF18aaygwqd,60798.4170023,2,20.4516
ZTF18aaygwqd,60803.4319676,1,20.1432
ZTF18aaygwqd,60804.4090162,2,19.8167
ZTF18aaygwqd,60805.3023495,1,19.6979
ZTF18aaygwqd,60805.4039931,2,19.8314
ZTF18aaygwqd,60806.2981134,2,19.01
ZTF18aaygwqd,60806.4028241,1,16.8238
ZTF18aaygwqd,60807.2428356,1,19.3858
ZTF18aaygwqd,60807.3368287,2,19.346
ZTF18aaygwqd,60810.2660185,1,19.6774
ZTF18aaygwqd,60810.3311574,2,19.7244
ZTF18aaygwqd,60811.3278819,2,20.0827
ZTF18aaygwqd,60811.4243403,1,19.8758
ZTF18aaygwqd,60814.2850579,1,19.4624
ZTF18aaygwqd,60814.345081,2,19.63
ZTF18aaygwqd,60816.3458796,1,20.4468
ZTF18aaygwqd,60816.3885995,2,20.3223
ZTF18aaygwqd,60816.3914931,2,20.1552
ZTF18aaygwqd,60816.4518981,1,20.2959
ZTF18aaygwqd,60818.3066204,2,20.3174
ZTF18aaygwqd,60818.3684954,1,20.6376
ZTF18aaygwqd,60818.3779398,2,20.5709
ZTF18aaygwqd,60820.3407639,1,20.5569
ZTF18aaygwqd,60820.4074537,2,20.482
ZTF18aaygwqd,60820.4125926,2,20.2916
ZTF18aaygwqd,60822.3263426,1,20.5998
ZTF18aaygwqd,60822.385787,2,20.5496
ZTF18aaygwqd,60822.3877315,2,20.4523
ZTF18aaygwqd,60824.2810648,1,20.6793
ZTF18aaygwqd,60824.3259838,2,20.5461
ZTF18aaygwqd,60824.3416435,2,20.3976
ZTF18aaygwqd,60828.3095255,1,20.2534
ZTF18aaygwqd,60828.3457176,1,17.7491
ZTF18aaygwqd,60832.2954977,2,19.9003
ZTF18aaygwqd,60832.316331,2,19.5535
ZTF18aaygwqd,60832.3355093,1,19.2999
ZTF18aaygwqd,60834.2486458,2,19.8471
ZTF18aaygwqd,60834.315625,2,20.0498
ZTF18aaygwqd,60834.4123495,1,20.1382
ZTF18aaygwqd,60834.4138079,1,20.1146
ZTF18aaygwqd,60836.2999884,2,19.3208
ZTF18aaygwqd,60836.3153472,2,19.5374
ZTF18aaygwqd,60836.4430208,1,19.2138
ZTF18aaygwqd,60839.3005556,2,19.2604
ZTF18aaygwqd,60841.3253241,2,19.9972
ZTF18aaygwqd,60841.3258565,2,20.0431
ZTF18aaygwqd,60843.2441667,2,20.2334
ZTF18aaygwqd,60843.2778125,1,20.2594
ZTF18aaygwqd,60843.278912,1,20.5439
ZTF18aaygwqd,60843.3261458,2,20.1246
ZTF18aaygwqd,60845.2377431,1,20.3599
ZTF18aaygwqd,60845.2606481,2,20.3358
ZTF18aaygwqd,60847.2438889,1,20.2106
ZTF18aaygwqd,60847.2463773,1,20.2568
ZTF18aaygwqd,60847.2729514,2,20.3177
ZTF18aaygwqd,60847.2997801,2,20.1642
ZTF18aaygwqd,60849.2085532,1,20.3638
ZTF18aaygwqd,60849.2432639,2,20.2778
ZTF18aaygwqd,60849.2572801,2,20.3577
ZTF18aaygwqd,60851.2328819,2,19.4244
ZTF18aaygwqd,60851.2518519,2,19.5956
ZTF18aaygwqd,60851.3208912,2,20.2606
ZTF18aaygwqd,60851.322419,2,20.453
ZTF18aaygwqd,60853.2529167,2,20.2519
ZTF18aaygwqd,60853.253912,2,20.3796
ZTF18aaygwqd,60853.307581,1,20.072
ZTF18aaygwqd,60855.283588,1,20.2732
ZTF18aaygwqd,60855.2989236,2,19.9529
ZTF18aaygwqd,60855.3211921,2,20.0044
ZTF18aaygwqd,60857.2426157,2,20.2848
ZTF18aaygwqd,60857.3196181,1,20.4859
ZTF18aaygwqd,60857.3417014,2,20.4746
ZTF18aaygwqd,60900.2862963,2,19.9231
ZTF18aaygwqd,60900.2896644,2,20.0721
ZTF18aaygwqd,60900.3568056,1,19.7868
ZTF18aaygwqd,60902.2012269,2,20.2337
ZTF18aaygwqd,60902.2017708,2,20.3346
ZTF18aaygwqd,60902.2392477,1,20.2999
ZTF18aaygwqd,60904.2001852,1,20.5347
ZTF18aaygwqd,60904.2410301,2,20.3923
ZTF18aaygwqd,60908.235625,2,20.1519
ZTF18aaygwqd,60908.236169,2,20.1761
ZTF18aaygwqd,60908.305706,1,20.3513
ZTF18aaygwqd,60918.1860764,1,20.3318
ZTF18aaygwqd,60918.1997685,2,20.2609
ZTF18aaygwqd,60920.2082755,2,19.7002
ZTF18aaygwqd,60920.2979398,1,18.6833
ZTF18aaygwqd,60922.1752083,1,19.6869
ZTF18aaygwqd,60922.2036227,2,19.8676
ZTF18aaygwqd,60923.1758796,1,19.6129
ZTF18aaygwqd,60923.200706,2,19.5707
ZTF18aaygwqd,60924.1979514,2,19.7359
ZTF18aaygwqd,60924.2411343,1,19.4003
ZTF18aaygwqd,60926.1598495,1,19.4619
ZTF18aaygwqd,60926.1926157,2,19.6869
ZTF18aaygwqd,60928.1993287,2,19.8747
ZTF18aaygwqd,60928.2861806,1,19.5257
ZTF18aaygwqd,60932.1828241,1,20.3657
ZTF18aaygwqd,60932.205625,2,20.3868
ZTF18aaygwqd,60948.1366898,1,20.2325
ZTF18aaygwqd,60948.1570833,2,19.9923
ZTF18aaygwqd,60948.2004861,2,20.0244
ZTF18aaygwqd,60950.1577315,2,19.8666
ZTF18aaygwqd,60950.2083796,2,19.7505
ZTF18aaygwqd,60950.2164236,1,19.6429
ZTF18aaygwqd,61016.5080324,2,19.1819
ZTF18aaygwqd,61016.533912,1,19.3661
ZTF18aaygwqd,61020.5140856,2,19.8569
ZTF18aaygwqd,61022.5097338,2,19.9745
ZTF18aaygwqd,61025.4876852,2,19.8873
ZTF18aaygwqd,61027.5318056,2,19.738
ZTF18aaygwqd,61030.5182407,2,20.0827
ZTF18aaygwqd,61037.4688657,2,19.2271
ZTF18aaygwqd,61037.4935417,1,18.8827
ZTF18aaygwqd,61049.4916667,2,19.3083
ZTF18aaygwqd,61049.5149653,2,19.0841
ZTF18aaygwqd,61049.5750694,1,17.6793
ZTF18aaygwqd,61052.4546412,2,19.3903
ZTF18aaygwqd,61052.49375,2,19.4073
ZTF18aaygwqd,61054.4094676,2,19.7234
ZTF18aaygwqd,61054.4950463,1,20.0554
ZTF18aaygwqd,61054.5346412,2,19.5679
ZTF18aaygwqd,61056.4527894,2,20.0014
ZTF18aaygwqd,61056.4647569,2,20.0715
ZTF18aaygwqd,61056.5346412,1,19.7352
ZTF18aaygwqd,61058.4728588,2,20.3536
ZTF18aaygwqd,61058.4738542,2,20.1403
ZTF18aaygwqd,61058.5498611,1,20.4483
ZTF18aaygwqd,61060.4715972,2,20.1181
ZTF18aaygwqd,61060.4721296,2,20.3202
ZTF18aaygwqd,61060.5525694,1,20.4469
ZTF18aaygwqd,61065.4583912,2,20.0513
ZTF18aaygwqd,61065.5376389,1,20.002
ZTF18aaygwqd,61068.3798611,2,19.6419
ZTF18aaygwqd,61068.446169,1,19.8121
ZTF18aaygwqd,61070.4776852,2,19.2658
ZTF18aaygwqd,61070.4782292,2,19.2593
ZTF18aaygwqd,61070.5104398,1,19.4784
ZTF18aaygwqd,61072.4458681,1,18.6365
ZTF18aaygwqd,61072.446875,1,18.8418
ZTF18aaygwqd,61072.5300116,2,19.1236
ZTF18aaygwqd,61072.5445949,2,19.477
ZTF18aaygwqd,61074.3941551,2,19.2974
ZTF18aaygwqd,61074.4706019,1,18.9061
ZTF18abskzjm,58352.3959491,1,20.2505
ZTF18abskzjm,58382.353831,2,20.0952
ZTF18abskzjm,58422.3197917,2,19.8408
ZTF18abskzjm,58425.1939583,1,20.3683
ZTF18abskzjm,58425.2314699,2,18.6311
ZTF18abskzjm,58428.2124306,1,20.5557
ZTF18abskzjm,58434.2538079,1,20.0852
ZTF18abskzjm,58437.2340625,1,19.979
ZTF18abskzjm,58471.0937384,1,18.3505
ZTF18abskzjm,58471.1710764,2,18.6825
ZTF18abskzjm,58474.1009375,1,19.4717
ZTF18abskzjm,58474.1614468,2,19.7009
ZTF18abskzjm,58482.153287,1,19.8044
ZTF18abskzjm,58654.4447222,2,19.0821
ZTF18abskzjm,58657.4368403,2,19.3941
ZTF18abskzjm,58662.4443056,1,20.2989
ZTF18abskzjm,58667.4576736,1,20.3734
ZTF18abskzjm,58667.4647454,2,20.1719
ZTF18abskzjm,58670.4421528,1,20.5196
ZTF18abskzjm,58673.4767361,1,20.4191
ZTF18abskzjm,58679.4479514,1,19.6552
ZTF18abskzjm,58682.481169,1,19.4854
ZTF18abskzjm,58685.4791204,1,19.6239
ZTF18abskzjm,58690.4766782,1,20.1834
ZTF18abskzjm,58693.4566204,1,20.6412
ZTF18abskzjm,58696.4319907,1,20.6845
ZTF18abskzjm,58699.456412,1,20.6602
ZTF18abskzjm,58703.5002083,1,20.0844
ZTF18abskzjm,58706.4189699,1,20.0644
ZTF18abskzjm,58709.4635301,1,19.8009
ZTF18abskzjm,58712.4196528,2,19.2835
ZTF18abskzjm,58719.4839352,1,20.137
ZTF18abskzjm,58722.4153588,1,20.6199
ZTF18abskzjm,58725.4183449,1,20.628
ZTF18abskzjm,58730.4703704,1,20.3581
ZTF18abskzjm,58733.4412847,1,20.4718
ZTF18abskzjm,58736.4179861,2,20.3438
ZTF18abskzjm,58747.3163889,1,20.0698
ZTF18abskzjm,58750.3596412,1,20.0215
ZTF18abskzjm,58757.3975579,1,20.2512
ZTF18abskzjm,58760.3749653,1,20.3111
ZTF18abskzjm,58764.3795833,1,20.5253
ZTF18abskzjm,58767.3971875,1,18.6214
ZTF18abskzjm,58771.1921759,1,18.5657
ZTF18abskzjm,58771.272419,2,18.823
ZTF18abskzjm,58781.2152431,1,20.1011
ZTF18abskzjm,58785.3192708,1,20.285
ZTF18abskzjm,58788.1919792,1,20.1292
ZTF18abskzjm,58791.274294,1,20.3678
ZTF18abskzjm,58794.1912037,1,19.4375
ZTF18abskzjm,58798.1690278,1,18.7509
ZTF18abskzjm,58798.2112037,2,18.7681
ZTF18abskzjm,58801.1911227,1,19.3183
ZTF18abskzjm,58801.2716782,2,19.4873
ZTF18abskzjm,58802.2295139,1,19.6936
ZTF18abskzjm,58804.2296065,2,19.6546
ZTF18abskzjm,58811.1897569,1,19.6514
ZTF18abskzjm,58820.1704745,1,19.1126
ZTF18abskzjm,58828.0930787,1,18.914
ZTF18abskzjm,58831.1461343,1,19.6076
ZTF18abskzjm,58835.1276389,1,19.4911
ZTF18abskzjm,58838.1275926,1,19.4062
ZTF18abskzjm,58853.0870139,1,18.9982
ZTF18abskzjm,58853.1441667,2,19.1964
ZTF18abskzjm,58856.106169,1,19.6915
ZTF18abskzjm,58859.1507639,2,19.3611
ZTF18abskzjm,58863.122662,1,20.2925
ZTF18abskzjm,58867.0894676,2,17.2804
ZTF18abskzjm,58867.1287384,1,18.9955
ZTF18abskzjm,58872.1651389,1,19.9214
ZTF18abskzjm,58875.1443519,1,20.1743
ZTF18abskzjm,58881.130162,1,19.469
ZTF18abskzjm,58885.1101852,1,19.1549
ZTF18abskzjm,58885.1311458,2,18.9708
ZTF18abskzjm,58892.124213,1,19.7019
ZTF18abskzjm,59035.4590856,1,19.2381
ZTF18abskzjm,59038.3782986,2,19.0119
ZTF18abskzjm,59038.4835764,1,19.3852
ZTF18abskzjm,59040.3877431,2,19.3959
ZTF18abskzjm,59040.4842245,1,19.5447
ZTF18abskzjm,59045.4604282,1,20.4153
ZTF18abskzjm,59048.4630556,1,20.7488
ZTF18abskzjm,59051.459919,1,20.5277
ZTF18abskzjm,59054.4796181,1,20.7341
ZTF18abskzjm,59057.437419,1,20.7436
ZTF18abskzjm,59060.4640394,1,20.9688
ZTF18abskzjm,59061.383206,2,20.1195
ZTF18abskzjm,59063.439375,1,19.5968
ZTF18abskzjm,59065.4160185,2,19.2164
ZTF18abskzjm,59066.4177199,1,19.3389
ZTF18abskzjm,59073.3989005,1,20.3398
ZTF18abskzjm,59075.4277894,1,20.6032
ZTF18abskzjm,59076.443125,1,20.4727
ZTF18abskzjm,59077.4095255,1,20.7268
ZTF18abskzjm,59078.4076157,1,20.6279
ZTF18abskzjm,59080.4237153,1,20.6179
ZTF18abskzjm,59081.4017014,2,20.3046
ZTF18abskzjm,59082.3753588,1,19.3563
ZTF18abskzjm,59082.417963,1,20.5583
ZTF18abskzjm,59085.3928819,1,20.7738
ZTF18abskzjm,59085.4173495,1,20.7709
ZTF18abskzjm,59088.4728125,1,20.3954
ZTF18abskzjm,59089.3518519,1,20.0882
ZTF18abskzjm,59090.361956,1,19.954
ZTF18abskzjm,59091.3612153,1,19.7335
ZTF18abskzjm,59092.3624653,1,19.414
ZTF18abskzjm,59094.3977083,2,18.9119
ZTF18abskzjm,59094.4693519,1,18.7325
ZTF18abskzjm,59099.3937847,1,19.3367
ZTF18abskzjm,59102.4352315,2,18.4061
ZTF18abskzjm,59104.3957292,2,19.6356
ZTF18abskzjm,59104.4298958,2,19.5626
ZTF18abskzjm,59107.3568056,1,20.4543
ZTF18abskzjm,59107.3866204,1,20.3852
ZTF18abskzjm,59110.3367014,1,20.3945
ZTF18abskzjm,59112.4027662,2,20.7179
ZTF18abskzjm,59113.3581713,1,20.651
ZTF18abskzjm,59117.3026273,1,20.6231
ZTF18abskzjm,59119.3588657,1,19.9403
ZTF18abskzjm,59119.3803125,2,20.3101
ZTF18abskzjm,59120.3043634,1,19.5952
ZTF18abskzjm,59121.3302662,1,19.473
ZTF18abskzjm,59122.2830556,1,18.992
ZTF18abskzjm,59126.2792361,1,19.178
ZTF18abskzjm,59126.3157176,2,19.3878
ZTF18abskzjm,59127.3918866,2,18.8482
ZTF18abskzjm,59128.3217708,1,19.4841
ZTF18abskzjm,59130.2471065,1,20.3866
ZTF18abskzjm,59134.2706944,1,20.536
ZTF18abskzjm,59136.3448958,1,20.769
ZTF18abskzjm,59138.2548495,1,20.3573
ZTF18abskzjm,59138.3026736,2,20.4986
ZTF18abskzjm,59140.2911806,1,20.789
ZTF18abskzjm,59146.3110185,2,17.1606
ZTF18abskzjm,59149.2086227,2,19.0394
ZTF18abskzjm,59149.4091898,1,19.0021
ZTF18abskzjm,59153.2334722,1,19.0823
ZTF18abskzjm,59153.3269444,2,19.0667
ZTF18abskzjm,59155.2688773,1,19.3444
ZTF18abskzjm,59155.3122685,2,19.5429
ZTF18abskzjm,59157.2329861,2,19.7432
ZTF18abskzjm,59157.3054861,1,19.6808
ZTF18abskzjm,59164.2682523,1,20.2483
ZTF18abskzjm,59167.3673843,1,19.2045
ZTF18abskzjm,59169.2455671,1,20.4695
ZTF18abskzjm,59172.2129745,1,20.6934
ZTF18abskzjm,59174.262338,1,19.4588
ZTF18abskzjm,59176.2278935,1,18.6937
ZTF18abskzjm,59181.1196875,2,19.1681
ZTF18abskzjm,59181.1681597,1,18.893
ZTF18abskzjm,59183.1277431,1,18.9064
ZTF18abskzjm,59185.1086458,1,19.8183
ZTF18abskzjm,59185.2134028,2,19.7515
ZTF18abskzjm,59187.1278935,1,20.3843
ZTF18abskzjm,59189.1504977,1,20.316
ZTF18abskzjm,59191.2382986,1,17.2833
ZTF18abskzjm,59193.1816435,1,20.1316
ZTF18abskzjm,59195.1709722,1,20.6383
ZTF18abskzjm,59197.2054051,2,19.0721
ZTF18abskzjm,59199.1693403,1,20.0223
ZTF18abskzjm,59202.1702199,1,20.0394
ZTF18abskzjm,59204.1853935,2,19.9466
ZTF18abskzjm,59204.2372338,1,19.6547
ZTF18abskzjm,59210.1566782,2,19.6297
ZTF18abskzjm,59210.1746528,1,19.3863
ZTF18abskzjm,59215.1409954,1,19.3651
ZTF18abskzjm,59217.1320602,2,18.4957
ZTF18abskzjm,59217.2140278,1,16.8586
ZTF18abskzjm,59219.1232407,1,20.6803
ZTF18abskzjm,59221.1240509,2,18.8888
ZTF18abskzjm,59221.1290046,1,19.2017
ZTF18abskzjm,59223.1525231,1,20.2439
ZTF18abskzjm,59227.1090394,1,20.1238
ZTF18abskzjm,59229.1878935,1,19.1323
ZTF18abskzjm,59231.1339352,1,19.7956
ZTF18abskzjm,59248.1448611,1,19.2168
ZTF18abskzjm,59250.1249537,1,19.6047
ZTF18abskzjm,59252.1314699,1,19.7656
ZTF18abskzjm,59390.4519444,1,19.0037
ZTF18abskzjm,59392.431169,2,18.974
ZTF18abskzjm,59392.4512384,1,18.8239
ZTF18abskzjm,59399.4211343,1,19.9677
ZTF18abskzjm,59401.4169792,1,20.0853
ZTF18abskzjm,59403.4029167,1,20.205
ZTF18abskzjm,59403.4239815,2,20.3946
ZTF18abskzjm,59410.4581019,1,20.1957
ZTF18abskzjm,59414.4368171,1,20.5624
ZTF18abskzjm,59418.4030556,2,19.0189
ZTF18abskzjm,59418.4614236,1,19.1414
ZTF18abskzjm,59422.4358449,2,19.5829
ZTF18abskzjm,59426.474537,1,19.9613
ZTF18abskzjm,59429.4209838,1,20.4601
ZTF18abskzjm,59436.4579861,1,20.7175
ZTF18abskzjm,59439.4212731,1,20.4407
ZTF18abskzjm,59442.4636921,1,20.6678
ZTF18abskzjm,59446.4555324,1,20.3315
ZTF18abskzjm,59449.2606019,1,18.3783
ZTF18abskzjm,59449.3624769,2,19.0112
ZTF18abskzjm,59453.4584144,1,19.6998
ZTF18abskzjm,59453.4665394,2,20.0148
ZTF18abskzjm,59460.4129977,1,20.8145
ZTF18abskzjm,59462.3510417,1,20.6022
ZTF18abskzjm,59464.4275116,1,20.7044
ZTF18abskzjm,59466.4143171,1,20.8283
ZTF18abskzjm,59468.424838,1,20.7501
ZTF18abskzjm,59470.3948611,1,20.6104
ZTF18abskzjm,59472.4153009,1,20.4633
ZTF18abskzjm,59474.3824537,1,20.0144
ZTF18abskzjm,59477.3185185,1,19.1419
ZTF18abskzjm,59483.2902778,1,19.5335
ZTF18abskzjm,59483.3450463,2,19.8373
ZTF18abskzjm,59485.2976389,1,18.7824
ZTF18abskzjm,59485.3636574,2,18.2508
ZTF18abskzjm,59488.2739815,1,20.5633
ZTF18abskzjm,59490.3373032,1,20.6985
ZTF18abskzjm,59501.405463,1,20.4779
ZTF18abskzjm,59503.2162037,1,19.5296
ZTF18abskzjm,59511.2485764,2,19.7569
ZTF18abskzjm,59517.2146875,1,20.8113
ZTF18abskzjm,59520.3129745,1,20.6624
ZTF18abskzjm,59522.2627431,1,20.8482
ZTF18abskzjm,59524.3100347,1,20.8669
ZTF18abskzjm,59526.3179977,1,20.7443
ZTF18abskzjm,59529.2633449,1,20.2856
ZTF18abskzjm,59531.3104977,1,19.5358
ZTF18abskzjm,59536.3032639,1,18.9443
ZTF18abskzjm,59538.1985648,1,19.595
ZTF18abskzjm,59765.4255556,1,20.3474
ZTF18abskzjm,59768.4118981,1,20.4225
ZTF18abskzjm,59768.459537,1,20.6526
ZTF18abskzjm,59771.389838,1,19.3777
ZTF18abskzjm,59771.4598148,1,20.7029
ZTF18abskzjm,59774.4276505,2,19.5404
ZTF18abskzjm,59774.4458681,2,19.6483
ZTF18abskzjm,59781.3832407,1,19.2579
ZTF18abskzjm,59781.4617014,1,16.595
ZTF18abskzjm,59784.4636921,1,20.8031
ZTF18abskzjm,59787.4464005,1,20.6236
ZTF18abskzjm,59790.401412,2,17.6283
ZTF18abskzjm,59795.4361227,1,19.1712
ZTF18abskzjm,59795.4439931,2,19.0854
ZTF18abskzjm,59798.4216551,1,20.5303
ZTF18abskzjm,59801.419456,1,19.7354
ZTF18abskzjm,59803.416956,2,19.5505
ZTF18abskzjm,59803.4573032,1,19.4053
ZTF18abskzjm,59808.4345949,2,19.935
ZTF18abskzjm,59810.3832292,1,20.0356
ZTF18abskzjm,59813.3375231,1,20.466
ZTF18abskzjm,59815.3951736,2,20.6922
ZTF18abskzjm,59815.4212731,1,20.8273
ZTF18abskzjm,59817.4205324,1,20.8125
ZTF18abskzjm,59819.4000926,1,20.8233
ZTF18abskzjm,59822.4005556,1,20.5788
ZTF18abskzjm,59826.3721644,1,20.1606
ZTF18abskzjm,59828.4624884,1,20.5236
ZTF18abskzjm,59839.3095833,1,20.4368
ZTF18abskzjm,59839.4017014,1,20.3989
ZTF18abskzjm,59841.3610532,1,20.7192
ZTF18abskzjm,59843.3588773,1,20.8196
ZTF18abskzjm,59846.3703009,1,20.555
ZTF18abskzjm,59848.3587269,1,20.8044
ZTF18abskzjm,59850.3892361,1,20.7245
ZTF18abskzjm,59852.3497338,1,20.7335
ZTF18abskzjm,59856.2814236,1,20.0618
ZTF18abskzjm,59858.4029745,1,19.967
ZTF18abskzjm,59860.1845602,2,18.8547
ZTF18abskzjm,59863.3369329,1,19.1246
ZTF18abskzjm,59865.2622685,1,19.7406
ZTF18abskzjm,59872.2885532,1,20.3813
ZTF18abskzjm,59874.2126736,1,20.5567
ZTF18abskzjm,59874.2734954,2,20.6152
ZTF18abskzjm,59877.2939931,2,20.4192
ZTF18abskzjm,59879.3299421,1,20.4494
ZTF18abskzjm,59881.2859954,2,20.4299
ZTF18abskzjm,59883.2495023,1,20.4681
ZTF18abskzjm,59883.3100926,2,20.3192
ZTF18abskzjm,59894.2815278,2,19.6172
ZTF18abskzjm,59894.3570833,1,18.9248
ZTF18abskzjm,59898.228912,1,20.5885
ZTF18abskzjm,59900.1952778,1,19.6385
ZTF18abskzjm,59902.2758218,1,19.8882
ZTF18abskzjm,59904.1712153,1,20.2505
ZTF18abskzjm,59906.1898843,1,20.4443
ZTF18abskzjm,59908.23375,1,20.1582
ZTF18abskzjm,59910.2126389,1,20.3796
ZTF18abskzjm,59922.1513542,1,19.5653
ZTF18abskzjm,59922.2012731,2,19.8501
ZTF18abskzjm,59928.1966204,1,20.0525
ZTF18abskzjm,59932.1079514,1,20.5575
ZTF18abskzjm,60127.4532639,1,19.5172
ZTF18abskzjm,60136.4240972,2,20.1816
ZTF18abskzjm,60138.4311111,1,20.1112
ZTF18abskzjm,60138.4629745,2,19.3504
ZTF18abskzjm,60141.4641204,1,20.3599
ZTF18abskzjm,60144.4573611,1,20.6018
ZTF18abskzjm,60147.4143287,1,20.4132
ZTF18abskzjm,60150.4219329,1,20.5387
ZTF18abskzjm,60152.4720833,1,20.6382
ZTF18abskzjm,60155.4434606,1,20.6459
ZTF18abskzjm,60159.3599421,1,18.9679
ZTF18abskzjm,60168.4023611,1,20.7053
ZTF18abskzjm,60170.4020139,2,20.7055
ZTF18abskzjm,60170.4423843,1,20.6731
ZTF18abskzjm,60173.4658565,1,20.6057
ZTF18abskzjm,60182.4009028,1,20.6321
ZTF18abskzjm,60184.4195718,1,20.402
ZTF18abskzjm,60186.3771644,2,19.4697
ZTF18abskzjm,60186.4429282,1,19.2119
ZTF18abskzjm,60191.3992708,1,19.6309
ZTF18abskzjm,60194.4069329,1,20.4634
ZTF18abskzjm,60196.317581,1,20.3936
ZTF18abskzjm,60200.3806481,1,20.7063
ZTF18abskzjm,60202.4074074,1,20.8056
ZTF18abskzjm,60204.4395255,1,21.0947
ZTF18abskzjm,60206.4110532,1,20.5525
ZTF18abskzjm,60209.3011458,2,19.7452
ZTF18abskzjm,60209.3534491,1,19.8987
ZTF18abskzjm,60212.4167361,1,20.7113
ZTF18abskzjm,60214.419919,1,19.1654
ZTF18abskzjm,60220.3360069,2,19.8664
ZTF18abskzjm,60220.3850347,1,19.299
ZTF18abskzjm,60222.4265278,1,19.6479
ZTF18abskzjm,60224.2912963,1,20.5815
ZTF18abskzjm,60224.3824653,2,20.091
ZTF18abskzjm,60227.2464583,1,20.315
ZTF18abskzjm,60230.3853125,1,20.3065
ZTF18abskzjm,60232.2352199,1,20.4527
ZTF18abskzjm,60234.2114236,1,20.6142
ZTF18abskzjm,60236.2422801,1,20.504
ZTF18abskzjm,60238.2697801,1,20.582
ZTF18abskzjm,60242.3594676,1,19.5365
ZTF18abskzjm,60246.3600116,1,18.7213
ZTF18abskzjm,60247.1129977,1,18.2239
ZTF18abskzjm,60247.1365856,2,18.6911
ZTF18abskzjm,60249.2958218,1,19.4914
ZTF18abskzjm,60251.2206944,1,20.3351
ZTF18abskzjm,60253.2176273,1,20.5131
ZTF18abskzjm,60255.2012616,1,20.5839
ZTF18abskzjm,60258.3201968,1,20.0693
ZTF18abskzjm,60260.2413657,1,20.2978
ZTF18abskzjm,60262.2224306,1,20.4902
ZTF18abskzjm,60285.2272801,1,20.4747
ZTF18abskzjm,60288.1907755,2,19.9481
ZTF18abskzjm,60288.2781134,1,19.6058
ZTF18abskzjm,60290.1756134,2,20.0601
ZTF18abskzjm,60290.2134954,1,20.4263
ZTF18abskzjm,60305.178912,1,17.123
ZTF18abskzjm,60494.4408102,1,20.2185
ZTF18abskzjm,60507.4195833,1,20.5605
ZTF18abskzjm,60509.4469792,1,20.4842
ZTF18abskzjm,60513.4046759,1,19.0837
ZTF18abskzjm,60519.4749306,1,20.1857
ZTF18abskzjm,60522.4134375,2,20.4386
ZTF18abskzjm,60522.4364931,1,20.42
ZTF18abskzjm,60526.435706,1,20.7108
ZTF18abskzjm,60528.4180903,1,20.6914
ZTF18abskzjm,60530.337581,2,20.2338
ZTF18abskzjm,60530.4150347,1,20.6347
ZTF18abskzjm,60532.4265509,1,20.9613
ZTF18abskzjm,60533.4251852,1,21.0271
ZTF18abskzjm,60534.4018287,1,20.5674
ZTF18abskzjm,60535.4321759,1,20.7239
ZTF18abskzjm,60543.3545023,1,19.0282
ZTF18abskzjm,60547.359838,1,19.891
ZTF18abskzjm,60549.4641898,1,20.4852
ZTF18abskzjm,60551.3522917,1,20.635
ZTF18abskzjm,60553.3582523,1,20.6734
ZTF18abskzjm,60556.4017593,1,20.4885
ZTF18abskzjm,60558.3996528,1,20.55
ZTF18abskzjm,60560.3956481,1,18.9682
ZTF18abskzjm,60562.3157986,1,20.3251
ZTF18abskzjm,60564.359456,2,20.5678
ZTF18abskzjm,60564.4169907,1,20.5093
ZTF18abskzjm,60566.4033796,1,20.1465
ZTF18abskzjm,60569.3095949,1,19.147
ZTF18abskzjm,60569.330787,2,19.6751
ZTF18abskzjm,60575.2553125,3,19.7941
ZTF18abskzjm,60575.2989815,1,19.8511
ZTF18abskzjm,60576.3337847,3,19.8877
ZTF18abskzjm,60576.3539236,1,19.6934
ZTF18abskzjm,60577.3321644,3,19.7988
ZTF18abskzjm,60577.3682407,1,20.0766
ZTF18abskzjm,60578.3166319,1,20.5459
ZTF18abskzjm,60582.3602662,2,20.6684
ZTF18abskzjm,60582.4041782,1,20.6231
ZTF18abskzjm,60585.2217245,1,21.1941
ZTF18abskzjm,60585.2682755,1,21.3201
ZTF18abskzjm,60585.3148148,1,21.3966
ZTF18abskzjm,60585.3613889,1,21.3283
ZTF18abskzjm,60585.3944676,1,21.0164
ZTF18abskzjm,60585.4413426,1,20.9223
ZTF18abskzjm,60585.4841319,1,20.6573
ZTF18abskzjm,60586.1408449,1,20.5626
ZTF18abskzjm,60586.1969444,1,21.152
ZTF18abskzjm,60586.2434954,1,21.2646
ZTF18abskzjm,60586.2900347,1,21.2997
ZTF18abskzjm,60586.3365741,1,21.2953
ZTF18abskzjm,60586.3832292,1,21.4202
ZTF18abskzjm,60586.4300926,1,21.2812
ZTF18abskzjm,60586.4728125,1,20.9571
ZTF18abskzjm,60586.5025116,1,20.592
ZTF18abskzjm,60592.3625463,1,20.3745
ZTF18abskzjm,60594.3190162,1,20.4693
ZTF18abskzjm,60594.3870949,2,20.3159
ZTF18abskzjm,60596.3029977,1,19.8829
ZTF18abskzjm,60598.2321759,1,19.2176
ZTF18abskzjm,60602.3975579,1,18.5207
ZTF18abskzjm,60604.2579514,1,20.0704
ZTF18abskzjm,60606.2616898,1,20.4358
ZTF18abskzjm,60608.3412731,1,20.5249
ZTF18abskzjm,60610.2030093,2,18.5278
ZTF18abskzjm,60610.2625926,1,19.3866
ZTF18abskzjm,60614.3632176,1,20.1229
ZTF18abskzjm,60616.3356481,2,20.327
ZTF18abskzjm,60616.3751505,1,20.2161
ZTF18abskzjm,60619.1517014,2,20.035
ZTF18abskzjm,60621.1642245,1,19.3394
ZTF18abskzjm,60621.1909028,2,19.7331
ZTF18abskzjm,60622.1914583,1,20.1135
ZTF18abskzjm,60625.2916898,1,19.6189
ZTF18abskzjm,60632.1309144,1,19.7337
ZTF18abskzjm,60634.2492593,1,19.6782
ZTF18abskzjm,60635.1435995,1,20.535
ZTF18abskzjm,60637.2363079,1,20.4214
ZTF18abskzjm,60640.2306597,1,20.3541
ZTF18abskzjm,60644.2859954,1,19.9999
ZTF18abskzjm,60647.2198843,1,20.3859
ZTF18abskzjm,60649.2059722,1,20.5018
ZTF18abskzjm,60651.2120833,1,19.962
ZTF18abskzjm,60656.114213,2,16.3696
ZTF18abskzjm,60656.1506713,1,16.6266
ZTF18abskzjm,60660.225544,1,17.9242
ZTF18abskzjm,60663.2337847,1,19.4852
ZTF18abskzjm,60663.278287,2,19.2912
ZTF18abskzjm,60667.1241782,1,20.2951
ZTF18abskzjm,60667.1719792,2,20.0571
ZTF18abskzjm,60671.1712963,2,17.9824
ZTF18abskzjm,60675.2176389,1,20.0782
ZTF18abskzjm,60677.1300347,2,20.4303
ZTF18abskzjm,60679.1212616,1,20.272
ZTF18abskzjm,60829.4775231,2,19.0632
ZTF18abskzjm,60831.4681829,2,19.6447
ZTF18abskzjm,60831.4720023,2,19.5841
ZTF18abskzjm,60831.4758333,2,19.6041
ZTF18abskzjm,60832.4661806,2,19.719
ZTF18abskzjm,60832.4700231,2,19.6321
ZTF18abskzjm,60832.4738542,2,19.6914
ZTF18abskzjm,60833.4674306,2,19.7819
ZTF18abskzjm,60833.4712847,2,19.7788
ZTF18abskzjm,60833.4751273,2,19.6424
ZTF18abskzjm,60834.4694329,2,19.9956
ZTF18abskzjm,60834.4732755,2,19.8411
ZTF18abskzjm,60853.4773264,1,19.7506
ZTF18abskzjm,60864.4508565,1,20.4904
ZTF18abskzjm,60864.4688657,2,20.5822
ZTF18abskzjm,60865.3817708,3,19.2023
ZTF18abskzjm,60866.4064815,3,19.3166
ZTF18abskzjm,60867.3840394,3,19.0778
ZTF18abskzjm,60867.4640741,2,19.8019
ZTF18abskzjm,60868.4664699,3,19.5021
ZTF18abskzjm,60869.3855671,3,19.0836
ZTF18abskzjm,60870.4023958,3,18.5481
ZTF18abskzjm,60870.4279167,2,18.809
ZTF18abskzjm,60870.4440278,1,18.6719
ZTF18abskzjm,60870.4449769,1,18.6853
ZTF18abskzjm,60871.385081,3,18.4273
ZTF18abskzjm,60871.4706134,2,18.8658
ZTF18abskzjm,60876.3576852,3,19.7016
ZTF18abskzjm,60877.366088,3,19.5015
ZTF18abskzjm,60878.3879282,3,19.6114
ZTF18abskzjm,60878.4029977,2,20.422
ZTF18abskzjm,60879.4059375,3,19.4556
ZTF18abskzjm,60879.4428125,1,20.539
ZTF18abskzjm,60879.44375,1,20.4683
ZTF18abskzjm,60880.4081829,3,20.0239
ZTF18abskzjm,60880.4642477,1,20.5684
ZTF18abskzjm,60880.4661343,1,20.5211
ZTF18abskzjm,60881.3602083,3,19.8265
ZTF18abskzjm,60881.4767593,1,20.5994
ZTF18abskzjm,60881.4786343,1,20.5151
ZTF18abskzjm,60882.4053009,3,19.372
ZTF18abskzjm,60882.4443403,1,20.6897
ZTF18abskzjm,60883.366331,3,20.0168
ZTF18abskzjm,60883.4386921,1,20.7155
ZTF18abskzjm,60883.4575,1,20.7068
ZTF18abskzjm,60885.3644329,3,20.0187
ZTF18abskzjm,60886.3910069,3,20.0544
ZTF18abskzjm,60886.4586458,1,20.5457
ZTF18abskzjm,60887.3843634,3,20.0709
ZTF18abskzjm,60888.4481481,1,20.7811
ZTF18abskzjm,60888.4570949,1,20.8097
ZTF18abskzjm,60889.3448958,3,19.6977
ZTF18abskzjm,60889.4017014,1,20.6046
ZTF18abskzjm,60889.4064583,1,20.6567
ZTF18abskzjm,60890.3479977,3,19.7521
ZTF18abskzjm,60891.3479282,3,19.766
ZTF18abskzjm,60891.3735185,2,20.328
ZTF18abskzjm,60891.4054051,1,20.5243
ZTF18abskzjm,60891.4092361,1,20.5564
ZTF18abskzjm,60892.3253009,3,19.6738
ZTF18abskzjm,60892.4447222,1,20.6826
ZTF18abskzjm,60892.4456597,1,20.6118
ZTF18abskzjm,60894.4072106,3,19.8414
ZTF18abskzjm,60894.4772685,1,20.6089
ZTF18abskzjm,60894.478206,1,20.6095
ZTF18abskzjm,60895.3602894,3,19.139
ZTF18abskzjm,60895.446956,1,19.4534
ZTF18abskzjm,60895.4479051,1,19.4534
ZTF18abskzjm,60896.3845949,2,19.2997
ZTF18abskzjm,60896.4042361,3,19.1282
ZTF18abskzjm,60897.3576273,3,18.8127
ZTF18abskzjm,60897.403044,2,19.125
ZTF18abskzjm,60897.4759954,1,19.1211
ZTF18abskzjm,60897.4783449,1,19.1448
ZTF18abskzjm,60898.3397569,3,18.8666
ZTF18abskzjm,60898.4033102,2,19.3333
ZTF18abskzjm,60902.4559491,1,20.0425
ZTF18abskzjm,60904.4448958,1,20.6529
ZTF18abskzjm,60908.4196644,2,16.3963
ZTF18abskzjm,60908.4427083,1,20.4934
ZTF18abskzjm,60912.4213079,1,20.5952
ZTF18abskzjm,60916.3793981,1,20.5621
ZTF18abskzjm,60918.3172222,1,20.4266
ZTF18abskzjm,60920.4647569,1,20.5906
ZTF18abskzjm,60922.3976505,1,20.3806
ZTF18abskzjm,60924.3606019,1,19.4589
ZTF18abskzjm,60926.2329861,2,18.8093
ZTF18abskzjm,60926.3134491,1,18.9423
ZTF18abskzjm,60929.3191782,1,19.0448
ZTF18abskzjm,60933.2950231,1,20.6881
ZTF18abskzjm,60935.3499421,1,20.5612
ZTF18abskzjm,60939.3545139,1,20.71
ZTF18abskzjm,60942.3567708,1,20.7003
ZTF18abskzjm,60944.3384838,1,20.7146
ZTF18abskzjm,60949.3596296,1,20.4398
ZTF18abskzjm,60951.4346991,1,20.2704
ZTF18abskzjm,60953.303912,1,19.2441
ZTF18abskzjm,60957.2335648,2,19.3655
ZTF18abskzjm,60957.3528472,1,19.3044
ZTF18abskzjm,60960.2558449,1,20.0814
ZTF18abskzjm,60964.3487153,1,19.7142
ZTF18abskzjm,60966.2823148,1,20.4699
ZTF18abskzjm,60968.2748264,1,20.5955
ZTF18abskzjm,60970.2783912,1,20.592
ZTF18abskzjm,60972.2339931,2,20.3261
ZTF18abskzjm,60972.2945718,1,20.3111
ZTF18abskzjm,60974.2996181,1,20.6185
ZTF18abskzjm,60976.3471412,1,20.1118
ZTF18abskzjm,60978.1970833,2,20.2963
ZTF18abskzjm,60978.3165509,1,20.4116
ZTF18abskzjm,60980.1897106,1,19.7739
ZTF18abskzjm,60984.1882755,1,19.0083
ZTF18abskzjm,60984.2592708,1,19.1284
ZTF18abskzjm,60986.22625,1,19.6095
ZTF18abskzjm,60988.2084144,1,20.0765
ZTF18abskzjm,60990.189375,1,20.4143
ZTF18abskzjm,60992.1889931,2,18.9272
ZTF18abskzjm,60992.2607755,1,20.2084
ZTF18abskzjm,61004.2571181,1,20.2263
ZTF18abskzjm,61006.2588773,1,19.4941
ZTF18abskzjm,61008.1064468,2,19.9815
ZTF18abskzjm,61008.2416204,1,19.6707
ZTF18abskzjm,61013.1700463,2,18.5644
ZTF18abskzjm,61013.2140972,1,18.1501
ZTF18abskzjm,61015.2133449,1,19.4569
ZTF18abskzjm,61017.3223495,1,19.1594
ZTF18abskzjm,61021.1281597,1,20.471
ZTF18abskzjm,61021.1732523,2,20.4457
ZTF18abskzjm,61023.1447454,1,19.6101
ZTF18abskzjm,61025.1754861,1,20.2888
ZTF18abskzjm,61027.1747569,1,20.1745
ZTF18abskzjm,61029.1236458,1,20.3606
ZTF18abskzjm,61029.1293981,2,20.3204
ZTF18abskzjm,61031.1237731,1,20.6432
ZTF18abskzjm,61049.1280787,1,19.7267
ZTF18abskzjm,61051.1073843,2,19.0813
ZTF18abskzjm,61053.1212616,1,19.2064
ZTF18abskzjm,61055.1451852,1,19.8229
ZTF18abskzjm,61057.1029282,2,18.9191
ZTF18abskzjm,61057.1499884,1,19.1851
ZTF18abskzjm,61059.104537,1,20.3806
ZTF18abskzjm,61199.4634838,3,19.0758
ZTF18abskzjm,61199.4706481,2,19.4729
ZTF18abskzjm,61200.4697801,2,19.4992
ZTF18abskzjm,61202.4692824,2,19.819
ZTF18abskzjm,61205.4672569,2,20.0743
ZTF18abskzjm,61207.4667245,2,19.5289
ZTF18abskzjm,61213.4555556,3,19.4635
ZTF18abskzjm,61216.4612731,3,19.7253
ZTF18abskzjm,61221.4606829,3,19.0917
ZTF18abskzjm,61222.4460764,3,18.6483
ZTF18abskzjm,61223.4625116,3,19.6028
ZTF18abskzjm,61226.398206,1,19.285
ZTF18abskzjm,61231.4665741,3,20.0905
ZTF18abskzjm,61234.4710995,3,20.0461
ZTF18abskzjm,61235.4352662,1,19.8221
ZTF18abskzjm,61236.4620023,3,20.0786
ZTF18abskzjm,61237.4292361,1,20.5005
ZTF18abskzjm,61240.4454745,1,20.625
ZTF18abskzjm,61240.4695255,3,19.9072
ZTF18abskzjm,61243.4458218,1,20.3505
ZTF18abskzjm,61243.4685069,3,19.9114
ZTF18abskzjm,61244.3837037,3,19.8239
ZTF18abskzjm,61244.4466782,1,20.5309
ZTF18abskzjm,61245.4464931,1,20.6236
ZTF18abskzjm,61245.468588,3,20.1897
ZTF18abskzjm,61246.4672917,1,20.6312
ZTF18abskzjm,61248.4240972,3,19.9184
ZTF18abskzjm,61248.4549537,1,20.5808
ZTF18abskzjm,61250.362581,2,19.6168
ZTF18abskzjm,61250.4055903,3,19.5798
ZTF18abskzjm,61250.4778241,1,19.6494
ZTF18abskzjm,61251.3500579,2,19.3
ZTF18abskzjm,61251.4144907,1,19.3226
ZTF18abskzjm,61251.443044,3,19.5711
ZTF18abskzjm,61257.3821875,3,19.4817
ZTF18abskzjm,61257.4804514,1,19.8391
ZTF18abskzjm,61259.316412,3,19.4571
ZTF18abskzjm,61259.41375,1,19.7579
ZTF18abskzjm,61260.3815162,1,20.3948
ZTF18abskzjm,61260.4603935,3,20.2057
ZTF18abskzjm,61261.3853472,3,19.8871
ZTF18abskzjm,61262.4241782,3,20.1121
ZTF18abskzjm,61262.4616435,1,20.4579
ZTF18abskzjm,61263.4237616,3,20.0295
ZTF18abskzjm,61263.4627315,1,20.4754
ZTF18abskzjm,61264.3990625,2,20.6616
ZTF18abskzjm,61264.4224537,1,20.5892
ZTF18abskzjm,61264.4741204,3,20.16
ZTF18abskzjm,61267.400544,1,20.5724
ZTF18abskzjm,61267.4683796,3,20.0085
ZTF18abskzjm,61268.3904514,3,20.1756
ZTF18abskzjm,61268.4392014,1,20.8509
ZTF18abskzjm,61269.3826505,3,19.882
ZTF18abskzjm,61269.4407755,1,20.3935
ZTF18abskzjm,61270.4340972,3,20.1705
ZTF18abskzjm,61270.4408449,1,20.6512
ZTF18abskzjm,61271.3815509,1,20.6644
ZTF18abskzjm,61271.4278704,3,20.1626
ZTF18abskzjm,61273.37875,1,20.5264
ZTF18abskzjm,61273.4132407,3,20.1016
ZTF18abskzjm,61274.3990278,1,20.6526
ZTF18abskzjm,61274.4660532,3,20.3145
ZTF18abskzjm,61274.5196412,2,19.2432
ZTF18abskzjm,61275.3748148,1,20.4566
ZTF18abskzjm,61275.4657755,3,20.2072
ZTF18abskzjm,61276.3099074,2,19.8612
ZTF18abskzjm,61276.3402199,3,19.7609
ZTF18abskzjm,61277.3573958,3,19.749
ZTF18abskzjm,61277.4187153,1,19.8965
ZTF18abskzjm,61278.4248032,3,19.6689
ZTF18abskzjm,61278.4967824,1,20.2433
ZTF18abskzjm,61280.3149306,1,18.7631
ZTF18abskzjm,61280.379375,2,19.0843
ZTF18abskzjm,61280.4474884,3,19.0567
ZTF18abskzjm,61281.3212847,3,19.1072
ZTF18abskzjm,61281.3796528,1,19.0851
ZTF18abskzjm,61286.3603935,1,19.9879
ZTF18abskzjm,61286.379537,3,17.0007
ZTF18abskzjm,61287.2668634,3,19.7782
ZTF18abskzjm,61287.3594213,1,20.3352
ZTF18abskzjm,61288.3530093,1,20.3994
ZTF18abskzjm,61293.3447106,3,20.0967
ZTF18abskzjm,61294.3317824,1,20.5666
ZTF18abskzjm,61294.34,3,20.1425
ZTF18abskzjm,61295.319537,1,20.5827
ZTF18abskzjm,61295.3667014,3,19.9786
ZTF18abskzjm,61295.3803472,2,20.576
ZTF18abskzjm,61296.3753356,1,20.879
ZTF18abskzjm,61296.4032523,3,20.1401
ZTF18abskzjm,61297.3167593,1,20.5864
ZTF18abskzjm,61297.3438889,3,20.1482
ZTF18abskzjm,61298.3687731,3,20.1466
ZTF18abskzjm,61298.4004398,1,20.6048
ZTF18abskzjm,61299.4173148,1,20.7847
ZTF18abskzjm,61300.2974537,1,20.4334
ZTF18abskzjm,61300.3525579,2,20.6054
ZTF18abskzjm,61300.3677083,3,20.064
ZTF18abskzjm,61301.3157639,1,20.7265
ZTF18abskzjm,61301.345787,3,19.9351
ZTF18abskzjm,61302.303588,3,20.0508
ZTF18abskzjm,61303.2972569,1,20.4498
ZTF18abskzjm,61303.370162,3,20.1673
ZTF18abskzjm,61305.3480787,3,19.8594
ZTF18abskzjm,61305.3985301,1,20.7106
ZTF18abskzjm,61306.363287,3,19.7419
ZTF18abskzjm,61306.424375,1,19.9765
ZTF18abskzjm,61307.2954977,1,19.6072
ZTF18abskzjm,61307.3278472,3,19.5723
ZTF18abskzjm,61307.3886227,2,19.9021
ZTF18abskzjm,61308.3140972,1,19.4123
ZTF18abskzjm,61308.4028819,3,19.1878
ZTF18abskzjm,61312.2796644,2,19.2208
ZTF18abskzjm,61312.2972338,3,19.0473
ZTF18abskzjm,61312.3378819,1,19.0458
ZTF18abskzjm,61313.3156019,1,19.402
ZTF18abskzjm,61313.4496296,3,19.1049
ZTF18abskzjm,61314.2021412,1,19.8152
ZTF18abskzjm,61314.2795139,3,19.7391
ZTF18abskzjm,61315.2809838,2,20.4073
ZTF18abskzjm,61315.3188657,1,20.2379
ZTF18abskzjm,61315.4077546,3,19.6719
ZTF18abvgjgb,58436.3654398,2,16.589
ZTF18abvgjgb,58442.3439236,2,17.1844
ZTF18abvgjgb,58464.3177662,1,20.2568
ZTF18abvgjgb,58467.4210069,1,18.0321
ZTF18abvgjgb,58473.4315046,1,16.7332
ZTF18abvgjgb,58474.5055556,1,18.9211
ZTF18abvgjgb,58480.4738657,1,19.9049
ZTF18abvgjgb,58486.4236458,1,20.2581
ZTF18abvgjgb,58505.422037,1,18.079
ZTF18abvgjgb,58505.5167593,2,17.7855
ZTF18abvgjgb,58526.4025116,1,18.9631
ZTF18abvgjgb,58534.235081,1,19.1901
ZTF18abvgjgb,58534.3161458,2,18.8731
ZTF18abvgjgb,58538.2563657,1,18.8071
ZTF18abvgjgb,58541.2861806,2,17.7135
ZTF18abvgjgb,58556.1912384,2,19.6904
ZTF18abvgjgb,58560.3203009,2,19.023
ZTF18abvgjgb,58575.1525231,2,19.1092
ZTF18abvgjgb,58575.2035185,1,19.2689
ZTF18abvgjgb,58581.1552199,2,19.4586
ZTF18abvgjgb,58588.1712847,1,19.6796
ZTF18abvgjgb,58591.1387384,2,19.7549
ZTF18abvgjgb,58591.1516551,1,19.7633
ZTF18abvgjgb,58594.193912,1,19.7406
ZTF18abvgjgb,58602.1651389,2,16.7966
ZTF18abvgjgb,58736.5119444,2,19.9465
ZTF18abvgjgb,58739.4670833,2,19.0559
ZTF18abvgjgb,58745.4856019,2,19.4914
ZTF18abvgjgb,58745.5181481,1,19.5052
ZTF18abvgjgb,58748.486088,2,19.5898
ZTF18abvgjgb,58756.5164468,2,20.0322
ZTF18abvgjgb,58766.5302199,2,20.2623
ZTF18abvgjgb,58768.45625,1,19.4598
ZTF18abvgjgb,58769.4755556,2,19.7012
ZTF18abvgjgb,58773.5162037,2,19.0531
ZTF18abvgjgb,58785.4981366,2,20.3593
ZTF18abvgjgb,58788.5252431,2,20.2794
ZTF18abvgjgb,58791.483669,2,20.4429
ZTF18abvgjgb,58796.5335532,2,20.2633
ZTF18abvgjgb,58799.378287,2,19.2206
ZTF18abvgjgb,58799.4473727,2,19.6426
ZTF18abvgjgb,58801.4362731,2,17.8919
ZTF18abvgjgb,58806.4871065,2,19.8053
ZTF18abvgjgb,58820.51375,2,15.3922
ZTF18abvgjgb,58820.549375,1,16.1118
ZTF18abvgjgb,58827.3070486,2,19.4103
ZTF18abvgjgb,58827.423831,2,19.5935
ZTF18abvgjgb,58828.3053472,2,19.621
ZTF18abvgjgb,58830.4213194,2,19.5909
ZTF18abvgjgb,58830.5543981,1,19.218
ZTF18abvgjgb,58833.4415625,2,19.2807
ZTF18abvgjgb,58833.4594792,2,19.3658
ZTF18abvgjgb,58836.4613542,2,20.4119
ZTF18abvgjgb,58837.4751968,2,19.6967
ZTF18abvgjgb,58846.4016782,2,20.4913
ZTF18abvgjgb,58850.4479282,2,19.9562
ZTF18abvgjgb,58851.4365046,2,20.0432
ZTF18abvgjgb,58852.4313889,2,20.6131
ZTF18abvgjgb,58853.4266551,2,20.5751
ZTF18abvgjgb,58854.4419329,2,19.6091
ZTF18abvgjgb,58855.3101505,2,19.8369
ZTF18abvgjgb,58855.3186574,2,20.0258
ZTF18abvgjgb,58861.3002662,2,19.2913
ZTF18abvgjgb,58861.3444907,1,19.2603
ZTF18abvgjgb,58862.3006481,2,19.9764
ZTF18abvgjgb,58862.3444676,2,20.057
ZTF18abvgjgb,58862.4264583,1,19.3717
ZTF18abvgjgb,58863.185625,1,16.8927
ZTF18abvgjgb,58864.2338657,2,20.5447
ZTF18abvgjgb,58867.2577894,2,20.2964
ZTF18abvgjgb,58867.3771181,2,20.3927
ZTF18abvgjgb,58871.2593981,2,20.4932
ZTF18abvgjgb,58873.2249653,2,20.5441
ZTF18abvgjgb,58874.2451042,2,20.4654
ZTF18abvgjgb,58877.3351852,2,20.0615
ZTF18abvgjgb,58879.2908218,2,19.7881
ZTF18abvgjgb,58882.1878009,2,19.9719
ZTF18abvgjgb,58883.205706,2,17.9969
ZTF18abvgjgb,58884.1696528,2,19.2793
ZTF18abvgjgb,58891.267037,2,20.2066
ZTF18abvgjgb,58892.2870023,2,20.1346
ZTF18abvgjgb,58898.3012963,2,20.0469
ZTF18abvgjgb,58899.3090972,2,20.5986
ZTF18abvgjgb,58900.185625,2,18.293
ZTF18abvgjgb,58903.1806829,2,20.5418
ZTF18abvgjgb,58903.1923264,2,20.5742
ZTF18abvgjgb,58905.2033449,2,19.9011
ZTF18abvgjgb,58906.1926042,2,20.2682
ZTF18abvgjgb,58909.121956,2,19.2182
ZTF18abvgjgb,58909.1633912,2,19.3433
ZTF18abvgjgb,58917.1601505,2,18.5009
ZTF18abvgjgb,58917.2214468,1,18.1231
ZTF18abvgjgb,58917.2344444,1,16.3773
ZTF18abvgjgb,58938.1718403,2,20.3957
ZTF18abvgjgb,58940.1839352,1,19.8332
ZTF18abvgjgb,58944.1855324,2,19.6173
ZTF18abvgjgb,58955.1959606,2,20.4194
ZTF18abvgjgb,58966.1832639,2,16.9562
ZTF18abvgjgb,58966.2249653,1,19.4021
ZTF18abvgjgb,58971.1512384,2,19.918
ZTF18abvgjgb,58975.1622569,2,19.5768
ZTF18abvgjgb,58975.2165046,1,19.1808
ZTF18abvgjgb,59122.5230093,2,20.201
ZTF18abvgjgb,59124.4234028,2,19.3584
ZTF18abvgjgb,59124.4477083,2,19.6017
ZTF18abvgjgb,59124.5092824,1,19.5708
ZTF18abvgjgb,59126.478206,1,19.6311
ZTF18abvgjgb,59126.5196412,2,19.9378
ZTF18abvgjgb,59128.5045139,2,19.7964
ZTF18abvgjgb,59130.5134375,1,19.7518
ZTF18abvgjgb,59130.5244444,2,19.7604
ZTF18abvgjgb,59135.4947338,2,20.4951
ZTF18abvgjgb,59137.504213,2,20.4184
ZTF18abvgjgb,59139.5160069,2,20.3745
ZTF18abvgjgb,59141.5033218,2,20.6454
ZTF18abvgjgb,59143.4780787,2,20.5786
ZTF18abvgjgb,59143.5108102,1,20.8508
ZTF18abvgjgb,59145.4886574,2,20.6468
ZTF18abvgjgb,59150.4864699,2,20.5145
ZTF18abvgjgb,59152.4642477,2,19.8798
ZTF18abvgjgb,59155.4649884,2,20.0066
ZTF18abvgjgb,59157.478912,2,19.558
ZTF18abvgjgb,59163.5023148,2,20.448
ZTF18abvgjgb,59165.4628009,2,20.6683
ZTF18abvgjgb,59168.4359375,2,20.2936
ZTF18abvgjgb,59170.5058449,2,20.525
ZTF18abvgjgb,59173.4213426,2,18.3615
ZTF18abvgjgb,59175.4665625,2,20.4597
ZTF18abvgjgb,59180.5397454,2,19.4724
ZTF18abvgjgb,59182.474375,2,19.7311
ZTF18abvgjgb,59185.392963,2,19.5776
ZTF18abvgjgb,59189.3592824,2,19.9835
ZTF18abvgjgb,59192.4582755,2,16.5859
ZTF18abvgjgb,59194.3950926,2,20.4572
ZTF18abvgjgb,59196.4655093,2,20.1796
ZTF18abvgjgb,59199.3817824,2,20.3787
ZTF18abvgjgb,59202.4145139,2,20.3113
ZTF18abvgjgb,59204.4000463,2,20.6633
ZTF18abvgjgb,59206.3703819,1,19.0548
ZTF18abvgjgb,59216.3815278,2,19.566
ZTF18abvgjgb,59218.3217245,1,18.8771
ZTF18abvgjgb,59218.3934838,2,20.315
ZTF18abvgjgb,59220.298287,2,20.4212
ZTF18abvgjgb,59222.3521181,2,20.5187
ZTF18abvgjgb,59224.2973032,2,20.1774
ZTF18abvgjgb,59226.4077778,2,20.3664
ZTF18abvgjgb,59228.3422569,2,20.621
ZTF18abvgjgb,59230.2887731,2,20.6054
ZTF18abvgjgb,59232.3288194,2,20.6627
ZTF18abvgjgb,59248.246875,2,20.3183
ZTF18abvgjgb,59250.2294329,2,20.3731
ZTF18abvgjgb,59252.2038542,2,20.6729
ZTF18abvgjgb,59254.1956481,2,20.6582
ZTF18abvgjgb,59256.2140625,2,20.7083
ZTF18abvgjgb,59260.1929861,1,20.3709
ZTF18abvgjgb,59260.2534606,2,20.3368
ZTF18abvgjgb,59263.2348148,2,19.8243
ZTF18abvgjgb,59265.2337153,2,20.4017
ZTF18abvgjgb,59267.1754398,2,19.6852
ZTF18abvgjgb,59267.2771065,1,19.8011
ZTF18abvgjgb,59271.226875,1,19.3245
ZTF18abvgjgb,59271.2364352,2,19.3212
ZTF18abvgjgb,59273.2130903,2,19.393
ZTF18abvgjgb,59275.2787847,2,19.9264
ZTF18abvgjgb,59278.185,2,20.4334
ZTF18abvgjgb,59281.2243171,2,20.6047
ZTF18abvgjgb,59291.2011574,2,20.4796
ZTF18abvgjgb,59293.1721412,2,20.1259
ZTF18abvgjgb,59301.2846644,2,19.1861
ZTF18abvgjgb,59303.2422801,2,19.9324
ZTF18abvgjgb,59306.1938426,2,20.516
ZTF18abvgjgb,59308.1984838,2,20.5162
ZTF18abvgjgb,59310.197662,2,20.5021
ZTF18abvgjgb,59312.1720486,2,20.4595
ZTF18abvgjgb,59314.1843287,2,20.5052
ZTF18abvgjgb,59316.1778356,2,20.6017
ZTF18abvgjgb,59321.2009954,2,20.3707
ZTF18abvgjgb,59328.1639931,2,19.8224
ZTF18abvgjgb,59328.1988079,1,19.4387
ZTF18abvgjgb,59334.256331,2,19.506
ZTF18abvgjgb,59336.2034722,2,20.0029
ZTF18abvgjgb,59336.2176157,1,20.1882
ZTF18abvgjgb,59452.5037731,2,18.0684
ZTF18abvgjgb,59452.5061343,2,18.1007
ZTF18abvgjgb,59452.5085069,2,18.6848
ZTF18abvgjgb,59452.5108681,2,18.3253
ZTF18abvgjgb,59452.5132407,2,18.4083
ZTF18abvgjgb,59453.5031597,2,19.4179
ZTF18abvgjgb,59453.5055324,2,19.3114
ZTF18abvgjgb,59453.5078935,2,19.2873
ZTF18abvgjgb,59453.5102662,2,19.1447
ZTF18abvgjgb,59453.5126273,2,19.0278
ZTF18abvgjgb,59454.5055324,2,19.5345
ZTF18abvgjgb,59454.5079514,2,19.4933
ZTF18abvgjgb,59454.5103704,2,19.3037
ZTF18abvgjgb,59454.5128009,2,19.2729
ZTF18abvgjgb,59454.5152199,2,19.0038
ZTF18abvgjgb,59456.5072338,2,19.4635
ZTF18abvgjgb,59456.5096644,2,19.5549
ZTF18abvgjgb,59456.5121065,2,19.4058
ZTF18abvgjgb,59456.514537,2,19.2947
ZTF18abvgjgb,59456.5169792,2,19.1527
ZTF18abvgjgb,59463.505081,2,19.9909
ZTF18abvgjgb,59463.5075579,2,20.0571
ZTF18abvgjgb,59463.5100347,2,20.0099
ZTF18abvgjgb,59463.5125116,2,19.9631
ZTF18abvgjgb,59464.4974074,2,20.1262
ZTF18abvgjgb,59464.499838,2,19.9961
ZTF18abvgjgb,59464.5022569,2,20.1399
ZTF18abvgjgb,59464.5046875,2,20.1375
ZTF18abvgjgb,59464.5071181,2,20.0192
ZTF18abvgjgb,59465.4978009,2,19.8771
ZTF18abvgjgb,59465.5003241,2,19.8799
ZTF18abvgjgb,59465.5028472,2,19.8513
ZTF18abvgjgb,59465.5053819,2,19.8703
ZTF18abvgjgb,59465.5079167,2,19.8849
ZTF18abvgjgb,59466.5006829,2,20.0399
ZTF18abvgjgb,59466.503206,2,20.0318
ZTF18abvgjgb,59466.5057292,2,20.0017
ZTF18abvgjgb,59466.5082639,2,19.9958
ZTF18abvgjgb,59466.5107986,2,19.8313
ZTF18abvgjgb,59467.4996991,2,20.1165
ZTF18abvgjgb,59467.5022338,2,20.1829
ZTF18abvgjgb,59467.5047685,2,20.1553
ZTF18abvgjgb,59467.5073148,2,20.1797
ZTF18abvgjgb,59467.5098495,2,20.0784
ZTF18abvgjgb,59468.4984028,2,20.2003
ZTF18abvgjgb,59468.5009491,2,20.2393
ZTF18abvgjgb,59468.5034838,2,20.2668
ZTF18abvgjgb,59468.5060185,2,20.223
ZTF18abvgjgb,59468.5085648,2,20.2341
ZTF18abvgjgb,59469.5023495,2,20.2577
ZTF18abvgjgb,59469.504838,2,20.2003
ZTF18abvgjgb,59469.5073148,2,20.2404
ZTF18abvgjgb,59469.5097917,2,20.2458
ZTF18abvgjgb,59469.5122685,2,20.1898
ZTF18abvgjgb,59472.5254977,2,19.2423
ZTF18abvgjgb,59477.4753472,1,19.1057
ZTF18abvgjgb,59479.4416782,2,19.4519
ZTF18abvgjgb,59483.4885648,2,19.5734
ZTF18abvgjgb,59489.4745949,2,20.1084
ZTF18abvgjgb,59496.4744907,2,20.1884
ZTF18abvgjgb,59496.5046991,1,18.1646
ZTF18abvgjgb,59500.5000926,2,20.514
ZTF18abvgjgb,59503.3827083,2,19.3596
ZTF18abvgjgb,59509.4639005,2,19.8972
ZTF18abvgjgb,59511.4019792,2,19.6774
ZTF18abvgjgb,59511.492581,1,18.8163
ZTF18abvgjgb,59518.5072801,2,20.7197
ZTF18abvgjgb,59522.472963,2,20.6435
ZTF18abvgjgb,59524.4645023,2,20.6618
ZTF18abvgjgb,59526.4886458,2,20.6138
ZTF18abvgjgb,59529.4072569,2,20.3386
ZTF18abvgjgb,59531.4443519,2,20.6172
ZTF18abvgjgb,59536.4359838,1,19.4281
ZTF18abvgjgb,59536.4851852,2,20.074
ZTF18abvgjgb,59538.4241204,2,19.7583
ZTF18abvgjgb,59622.3262384,2,19.4805
ZTF18abvgjgb,59627.3120255,1,18.6844
ZTF18abvgjgb,59627.3631713,2,18.9287
ZTF18abvgjgb,59629.327037,2,19.9465
ZTF18abvgjgb,59636.1549884,2,20.5561
ZTF18abvgjgb,59638.2370833,2,18.5317
ZTF18abvgjgb,59638.363206,1,18.0925
ZTF18abvgjgb,59640.2573958,2,20.5577
ZTF18abvgjgb,59672.1833912,2,19.2008
ZTF18abvgjgb,59674.196331,2,20.1098
ZTF18abvgjgb,59676.1723032,2,19.7871
ZTF18abvgjgb,59676.1952431,1,20.1225
ZTF18abvgjgb,59682.1607986,2,19.3828
ZTF18abvgjgb,59684.2500694,2,19.1482
ZTF18abvgjgb,59687.1615046,2,20.0892
ZTF18abvgjgb,59687.2653819,1,16.6021
ZTF18abvgjgb,59689.1860532,2,19.7492
ZTF18abvgjgb,59689.2808218,1,18.6232
ZTF18abvgjgb,59693.1852778,2,19.6763
ZTF18abvgjgb,59695.2251968,2,17.1966
ZTF18abvgjgb,59697.1796644,2,20.0012
ZTF18abvgjgb,59819.5045486,2,19.395
ZTF18abvgjgb,59819.5069676,2,19.4107
ZTF18abvgjgb,59819.5093866,2,19.143
ZTF18abvgjgb,59819.5118056,2,18.9068
ZTF18abvgjgb,59819.5142361,2,18.671
ZTF18abvgjgb,59821.5078588,2,19.5864
ZTF18abvgjgb,59821.5103009,2,19.4966
ZTF18abvgjgb,59821.5127431,2,19.3681
ZTF18abvgjgb,59821.5151736,2,19.141
ZTF18abvgjgb,59822.5067593,2,19.5033
ZTF18abvgjgb,59822.5091898,2,19.5068
ZTF18abvgjgb,59822.5116319,2,19.4475
ZTF18abvgjgb,59822.5140625,2,19.0916
ZTF18abvgjgb,59822.5165046,2,18.9446
ZTF18abvgjgb,59829.4984838,2,19.8245
ZTF18abvgjgb,59829.5009722,2,19.8442
ZTF18abvgjgb,59829.5034375,2,20.0417
ZTF18abvgjgb,59829.5059259,2,19.9878
ZTF18abvgjgb,59829.5084028,2,19.8308
ZTF18abvgjgb,59846.4734375,2,19.807
ZTF18abvgjgb,59853.4542593,2,20.3053
ZTF18abvgjgb,59856.4978125,2,20.3561
ZTF18abvgjgb,59858.5022569,2,20.4461
ZTF18abvgjgb,59860.4557986,2,19.5205
ZTF18abvgjgb,59863.4109722,1,19.2722
ZTF18abvgjgb,59863.4958796,2,19.7467
ZTF18abvgjgb,59866.4932292,2,19.9747
ZTF18abvgjgb,59872.4427199,2,19.9215
ZTF18abvgjgb,59874.5046991,2,20.3211
ZTF18abvgjgb,59878.4844792,2,20.1972
ZTF18abvgjgb,59880.4979514,2,20.0422
ZTF18abvgjgb,59883.4454051,2,20.2698
ZTF18abvgjgb,59888.4437731,1,19.4561
ZTF18abvgjgb,59888.4633102,2,20.0163
ZTF18abvgjgb,59893.456331,1,19.4123
ZTF18abvgjgb,59893.4736574,2,19.5297
ZTF18abvgjgb,59899.4323843,1,19.2241
ZTF18abvgjgb,59901.4227315,1,19.9277
ZTF18abvgjgb,59901.4431019,2,20.4909
ZTF18abvgjgb,59903.4261227,2,20.1826
ZTF18abvgjgb,59905.4377778,2,19.8966
ZTF18abvgjgb,59908.4836574,2,19.4409
ZTF18abvgjgb,59910.4031829,2,20.0818
ZTF18abvgjgb,59914.4030903,2,20.4883
ZTF18abvgjgb,59930.3366435,2,20.3193
ZTF18abvgjgb,59933.351794,1,19.8618
ZTF18abvgjgb,59933.3808102,2,20.3828
ZTF18abvgjgb,59935.3105671,2,20.3413
ZTF18abvgjgb,59937.3395486,2,20.228
ZTF18abvgjgb,59956.3099537,2,20.1331
ZTF18abvgjgb,59967.2347338,2,19.7381
ZTF18abvgjgb,59969.3131481,2,20.2834
ZTF18abvgjgb,59971.3171528,2,20.0616
ZTF18abvgjgb,59981.1183912,1,18.4962
ZTF18abvgjgb,59984.2195023,2,19.9132
ZTF18abvgjgb,59993.2022569,1,18.9588
ZTF18abvgjgb,60013.2058796,2,19.9064
ZTF18abvgjgb,60020.2584375,2,20.5154
ZTF18abvgjgb,60031.1569213,2,20.1088
ZTF18abvgjgb,60036.2148843,2,19.4782
ZTF18abvgjgb,60036.3108565,1,19.0165
ZTF18abvgjgb,60043.191412,2,19.7964
ZTF18abvgjgb,60043.2879282,1,18.6063
ZTF18abvgjgb,60045.2288426,2,20.246
ZTF18abvgjgb,60049.1941782,2,20.382
ZTF18abvgjgb,60051.1736921,2,20.4797
ZTF18abvgjgb,60053.1958681,2,19.8671
ZTF18abvgjgb,60055.1964699,2,20.0958
ZTF18abvgjgb,60057.1813079,2,20.1529
ZTF18abvgjgb,60198.498287,2,19.8674
ZTF18abvgjgb,60198.5008218,2,19.8581
ZTF18abvgjgb,60198.5033681,2,19.7756
ZTF18abvgjgb,60198.5059144,2,19.7732
ZTF18abvgjgb,60198.5084491,2,19.6482
ZTF18abvgjgb,60199.5018519,2,19.9315
ZTF18abvgjgb,60199.5043171,2,19.82
ZTF18abvgjgb,60199.506794,2,19.7964
ZTF18abvgjgb,60199.5092824,2,19.8734
ZTF18abvgjgb,60199.5117593,2,19.8646
ZTF18abvgjgb,60220.4451736,1,19.1656
ZTF18abvgjgb,60220.5073148,2,19.4308
ZTF18abvgjgb,60222.4481019,1,19.2885
ZTF18abvgjgb,60222.5085069,2,19.5122
ZTF18abvgjgb,60232.4974769,2,20.2555
ZTF18abvgjgb,60236.5014352,2,20.3718
ZTF18abvgjgb,60238.5033333,2,20.4857
ZTF18abvgjgb,60241.4300694,2,19.8524
ZTF18abvgjgb,60245.4686574,1,19.4293
ZTF18abvgjgb,60245.5055208,2,19.4208
ZTF18abvgjgb,60248.4914699,2,19.3467
ZTF18abvgjgb,60248.5153935,1,19.4176
ZTF18abvgjgb,60254.5271991,2,20.1604
ZTF18abvgjgb,60258.4436458,2,20.0593
ZTF18abvgjgb,60260.3941667,2,20.1524
ZTF18abvgjgb,60262.4699653,2,20.477
ZTF18abvgjgb,60287.374294,2,19.9281
ZTF18abvgjgb,60289.3160532,2,19.0962
ZTF18abvgjgb,60293.4136806,2,20.2684
ZTF18abvgjgb,60294.5072801,2,19.4369
ZTF18abvgjgb,60295.3175926,2,19.8576
ZTF18abvgjgb,60311.2839468,2,19.6052
ZTF18abvgjgb,60315.3043056,2,20.3033
ZTF18abvgjgb,60323.2749537,2,19.9759
ZTF18abvgjgb,60325.3621644,2,20.1485
ZTF18abvgjgb,60327.3958912,2,19.9851
ZTF18abvgjgb,60336.255463,1,19.1799
ZTF18abvgjgb,60340.3522801,2,19.9867
ZTF18abvgjgb,60352.3393981,2,20.4098
ZTF18abvgjgb,60354.2571181,2,20.5044
ZTF18abvgjgb,60357.3157639,2,20.2454
ZTF18abvgjgb,60369.3024537,2,20.1047
ZTF18abvgjgb,60369.3522222,1,20.16
ZTF18abvgjgb,60378.2133796,2,20.3786
ZTF18abvgjgb,60391.2345602,2,18.9339
ZTF18abvgjgb,60397.2578125,2,19.8743
ZTF18abvgjgb,60419.2207292,2,19.7214
ZTF18abvgjgb,60421.2166088,2,19.4543
ZTF18abvgjgb,60429.1986111,2,19.913
ZTF18abvgjgb,60433.1845023,2,19.9619
ZTF18abvgjgb,60571.4741204,1,19.1093
ZTF18abvgjgb,60574.4717245,2,19.2198
ZTF18abvgjgb,60574.4968981,1,19.4696
ZTF18abvgjgb,60593.455625,2,19.9829
ZTF18abvgjgb,60595.4980671,2,20.1949
ZTF18abvgjgb,60599.4508681,2,19.6237
ZTF18abvgjgb,60602.5053935,2,19.1766
ZTF18abvgjgb,60604.4253819,2,18.7939
ZTF18abvgjgb,60609.4844097,2,19.8496
ZTF18abvgjgb,60611.4431366,2,20.0824
ZTF18abvgjgb,60615.4746991,2,20.3355
ZTF18abvgjgb,60619.4777083,2,20.0732
ZTF18abvgjgb,60621.5203241,2,19.5457
ZTF18abvgjgb,60623.5055671,2,20.2384
ZTF18abvgjgb,60624.5254167,2,20.414
ZTF18abvgjgb,60627.5059028,2,20.1244
ZTF18abvgjgb,60628.3821528,2,19.6531
ZTF18abvgjgb,60628.4304282,1,19.6887
ZTF18abvgjgb,60631.4452199,1,19.4333
ZTF18abvgjgb,60636.4356481,1,20.1658
ZTF18abvgjgb,60636.4840856,2,20.0519
ZTF18abvgjgb,60639.3816319,1,18.3215
ZTF18abvgjgb,60639.4003935,2,18.7596
ZTF18abvgjgb,60643.4013426,2,19.3237
ZTF18abvgjgb,60643.4996181,1,19.2323
ZTF18abvgjgb,60645.4420023,2,18.0986
ZTF18abvgjgb,60647.4217014,2,19.821
ZTF18abvgjgb,60649.378831,2,20.5449
ZTF18abvgjgb,60651.4416898,2,19.0428
ZTF18abvgjgb,60653.2581481,2,19.427
ZTF18abvgjgb,60655.2380671,1,18.9508
ZTF18abvgjgb,60655.3657176,2,19.4379
ZTF18abvgjgb,60659.4239931,2,18.5244
ZTF18abvgjgb,60663.3573264,2,19.803
ZTF18abvgjgb,60665.4869676,2,19.3959
ZTF18abvgjgb,60667.3357523,1,21.2408
ZTF18abvgjgb,60667.4803588,2,19.6433
ZTF18abvgjgb,60671.3782176,2,20.422
ZTF18abvgjgb,60683.3403241,2,18.2665
ZTF18abvgjgb,60686.2765394,1,18.8382
ZTF18abvgjgb,60686.3590162,2,19.6113
ZTF18abvgjgb,60691.2842593,1,19.3345
ZTF18abvgjgb,60691.3827431,2,19.4286
ZTF18abvgjgb,60693.3601042,2,20.206
ZTF18abvgjgb,60698.244919,2,19.8378
ZTF18abvgjgb,60705.2978472,2,20.2832
ZTF18abvgjgb,60710.2540856,2,16.4622
ZTF18abvgjgb,60714.4105671,2,19.271
ZTF18abvgjgb,60724.3050694,2,19.8138
ZTF18abvgjgb,60726.4307176,2,19.7104
ZTF18abvgjgb,60730.197963,2,20.4429
ZTF18abvgjgb,60732.233588,2,20.2871
ZTF18abvgjgb,60734.3222222,2,19.656
ZTF18abvgjgb,60739.2202199,2,20.1292
ZTF18abvgjgb,60751.1876042,1,19.855
ZTF18abvgjgb,60751.2553588,2,19.9707
ZTF18abvgjgb,60754.2491204,2,18.5236
ZTF18abvgjgb,60756.2700926,2,19.9661
ZTF18abvgjgb,60773.1719907,1,19.5311
ZTF18abvgjgb,60773.2083333,2,19.2266
ZTF18abvgjgb,60775.1664005,2,19.3658
ZTF18abvgjgb,60775.2262269,1,19.4152
ZTF18abvgjgb,60780.2870602,2,18.9835
ZTF18abvgjgb,60785.216956,2,19.9192
ZTF18abvgjgb,60918.5196759,2,18.755
ZTF18abvgjgb,60918.5246759,2,18.0407
ZTF18abvgjgb,60919.5190856,2,18.9286
ZTF18abvgjgb,60919.5240741,2,18.3598
ZTF18abvgjgb,60922.5149306,2,19.7384
ZTF18abvgjgb,60922.5210069,2,19.2814
ZTF18abvgjgb,60922.5260648,2,18.6136
ZTF18abvgjgb,60924.5083681,2,19.761
ZTF18abvgjgb,60924.5123495,2,19.568
ZTF18abvgjgb,60924.516331,2,19.2958
ZTF18abvgjgb,60925.5119213,2,19.4265
ZTF18abvgjgb,60926.5062153,2,19.5095
ZTF18abvgjgb,60926.5097338,2,19.5568
ZTF18abvgjgb,60926.5132639,2,19.4325
ZTF18abvgjgb,60927.5065741,2,19.4181
ZTF18abvgjgb,60927.5100926,2,19.3862
ZTF18abvgjgb,60928.5078125,2,19.3261
ZTF18abvgjgb,60928.5117245,2,19.1548
ZTF18abvgjgb,60928.5156366,2,18.9969
ZTF18abvgjgb,60929.5160532,2,19.4187
ZTF18abvgjgb,60931.5092245,2,19.5955
ZTF18abvgjgb,60931.513206,2,19.5309
ZTF18abvgjgb,60931.5171991,2,19.3248
ZTF18abvgjgb,60932.5080208,2,19.8451
ZTF18abvgjgb,60932.5119213,2,19.6924
ZTF18abvgjgb,60932.5158449,2,19.6747
ZTF18abvgjgb,61020.4407523,2,20.2512
ZTF18abvgjgb,61026.4664931,2,19.5482
ZTF18abvgjgb,61029.4058796,2,20.4232
ZTF18abvgjgb,61031.3812616,2,20.5129
ZTF18abvgjgb,61038.3681597,2,20.0597
ZTF18abvgjgb,61051.3873958,2,19.8885
ZTF18abvgjgb,61053.4639815,2,19.7204
ZTF18abvgjgb,61055.3612616,2,20.1339
ZTF18abvgjgb,61057.3355787,2,19.4835
ZTF18abvgjgb,61059.3052315,2,20.2841
ZTF18abvgjgb,61061.2902662,2,20.0358
ZTF18abvgjgb,61066.4246412,2,18.4733
ZTF18abvgjgb,61073.2425,2,19.0768
ZTF18abvgjgb,61073.2968287,1,19.2119
ZTF18abvgjgb,61075.2907986,2,19.5714
ZTF18abvgjgb,61077.319456,2,20.0558
ZTF18abvgjgb,61078.2751852,2,18.0005
ZTF18abvgjgb,61078.2775926,2,18.5632
ZTF18abvgjgb,61079.2963194,2,20.4588
ZTF18abvgjgb,61079.3008565,2,20.3245
ZTF18abvgjgb,61080.2135069,2,20.4326
ZTF18abvgjgb,61080.2225231,2,20.4245
ZTF18abvgjgb,61081.2403588,2,17.7728
ZTF18abvgjgb,61081.4332176,1,16.8603
ZTF18abvgjgb,61085.1349884,3,19.9918
ZTF18abvgjgb,61085.2083796,2,20.3218
ZTF18abvgjgb,61086.2492824,2,20.1819
ZTF18abvgjgb,61086.3220255,3,17.719
ZTF18abvgjgb,61087.2443287,3,19.5882
ZTF18abvgjgb,61093.1971412,3,19.9678
ZTF18abvgjgb,61093.2162847,2,19.0878
ZTF18abvgjgb,61094.2324653,2,20.4496
ZTF18abvgjgb,61094.367338,3,19.9427
ZTF18abvgjgb,61095.205544,2,20.3871
ZTF18abvgjgb,61095.3875347,3,19.9529
ZTF18abvgjgb,61096.1625694,3,19.7083
ZTF18abvgjgb,61096.2247106,2,20.266
ZTF18abvgjgb,61097.1534722,3,19.7628
ZTF18abvgjgb,61097.2455208,2,19.7566
ZTF18abvgjgb,61097.2912269,1,19.4479
ZTF18abvgjgb,61101.1657755,3,19.1629
ZTF18abvgjgb,61101.2145255,2,19.2274
ZTF18abvgjgb,61101.2576273,1,19.3963
ZTF18abvgjgb,61102.1616667,3,19.3814
ZTF18abvgjgb,61102.2118056,2,19.2785
ZTF18abvgjgb,61105.1589352,2,20.0933
ZTF18abvgjgb,61105.2612731,3,19.4855
ZTF18abvgjgb,61106.1595023,2,20.0704
ZTF18abvgjgb,61106.2684491,3,19.307
ZTF18abvgjgb,61107.2155671,2,18.9696
ZTF18abvgjgb,61108.1802894,2,20.1154
ZTF18abvgjgb,61112.1347917,2,20.3058
ZTF18abvgjgb,61112.2756134,3,19.7682
ZTF18abvgjgb,61113.2682639,2,19.9903
ZTF18abvgjgb,61113.282338,3,19.7425
ZTF18abvgjgb,61114.1409144,2,20.3716
ZTF18abvgjgb,61114.2952199,3,19.886
ZTF18abvgjgb,61116.1699537,2,17.809
ZTF18abvgjgb,61116.2333681,3,19.6639
ZTF18abvgjgb,61117.1655093,3,19.7382
ZTF18abvgjgb,61117.170625,2,20.1446
ZTF18abvgjgb,61118.1713194,2,20.3767
ZTF18abvgjgb,61118.3705787,1,19.6053
ZTF18abvgjgb,61119.1397454,3,19.6651
ZTF18abvgjgb,61119.1721875,2,20.2002
ZTF18abvgjgb,61120.1519444,2,17.6899
ZTF18abvgjgb,61120.180787,3,16.9309
ZTF18abvgjgb,61120.3431944,1,17.0854
ZTF18abvgjgb,61121.1522801,2,21.6399
ZTF18abvgjgb,61121.1771991,3,17.877
ZTF18abvgjgb,61122.1571065,3,19.7322
ZTF18abvgjgb,61122.2044213,2,19.8735
ZTF18abvgjgb,61123.1702199,2,20.3099
ZTF18abvgjgb,61123.3260648,3,19.2974
ZTF18abvgjgb,61124.160544,2,20.0509
ZTF18abvgjgb,61128.149213,2,19.016
ZTF18abvgjgb,61128.1875579,3,19.0638
ZTF18abvgjgb,61129.1858912,2,19.3443
ZTF18abvgjgb,61130.161331,3,17.2621
ZTF18abvgjgb,61130.1710764,2,17.5164
ZTF18abvgjgb,61132.1926968,3,19.1204
ZTF18abvgjgb,61132.2636343,2,19.2382
ZTF18abvgjgb,61134.2354977,3,18.6408
ZTF18abvgjgb,61134.2684144,2,18.9104
ZTF18abvgjgb,61135.1618171,2,20.117
ZTF18abvgjgb,61137.1542593,3,19.4819
ZTF18abvgjgb,61137.1871528,2,19.9985
ZTF18abvgjgb,61138.161169,2,20.0153
ZTF18abvgjgb,61139.1538889,3,19.3968
ZTF18abvgjgb,61139.1829282,2,19.9694
ZTF18abvgjgb,61140.1975347,3,19.6505
ZTF18abvgjgb,61145.1564815,3,19.7957
ZTF18abvgjgb,61146.1689352,3,19.7273
ZTF18abvgjgb,61149.1954514,3,19.4048
ZTF18abvgjgb,61155.1653241,3,18.9956
ZTF18abvgjgb,61159.1764236,3,19.4508
ZTF18abvgjgb,61160.1648264,3,19.2806
ZTF18abvgjgb,61275.5105208,2,19.0991
ZTF18abvgjgb,61275.5109954,2,19.1004
ZTF18abvgjgb,61275.5164352,2,18.5141
ZTF18abvgjgb,61277.5081713,2,19.2578
ZTF18abvgjgb,61277.513044,2,18.8787
ZTF18abvgjgb,61277.5179167,2,17.9056
ZTF18abvgjgb,61278.5106944,2,18.9688
ZTF18abvgjgb,61278.5155787,2,18.3583
ZTF18abvgjgb,61278.5204514,2,17.7594
ZTF18abvgjgb,61280.5109144,2,18.7479
ZTF18abvgjgb,61280.5148148,2,18.6593
ZTF18abvgjgb,61280.5206366,2,18.3785
ZTF18abvgjgb,61282.5098611,2,19.1435
ZTF18abvgjgb,61282.5117824,2,19.1787
ZTF18abvgjgb,61282.5175347,2,18.7516
ZTF18abvgjgb,61283.5090046,2,19.2665
ZTF18abvgjgb,61283.5123727,2,19.284
ZTF18abvgjgb,61283.5168287,2,19.0406
ZTF18abvgjgb,61285.5107292,2,19.194
ZTF18abvgjgb,61285.515706,2,18.7834
ZTF18abvgjgb,61285.5206944,2,18.2745
ZTF18abvgjgb,61299.5155671,2,19.9541
ZTF18acbujhw,58397.3706134,1,20.8977
ZTF18acbujhw,58397.3721181,1,20.9272
ZTF18acbujhw,58397.4314005,2,20.8476
ZTF18acbujhw,58450.2870833,1,16.5455
ZTF18acbujhw,58450.3297917,2,17.6391
ZTF18acbujhw,58450.3302431,2,17.5033
ZTF18acbujhw,58471.1196528,1,19.0645
ZTF18acbujhw,58471.1677315,2,18.407
ZTF18acbujhw,58472.2277431,1,19.3378
ZTF18acbujhw,58473.3525,2,15.7927
ZTF18acbujhw,58476.2981944,2,19.6787
ZTF18acbujhw,58480.3040741,2,19.8094
ZTF18acbujhw,58482.20875,2,19.8355
ZTF18acbujhw,58483.0963542,2,20.4817
ZTF18acbujhw,58486.116713,2,20.5321
ZTF18acbujhw,58490.1208333,1,20.4421
ZTF18acbujhw,58490.1565509,2,20.4503
ZTF18acbujhw,58493.1952431,1,20.183
ZTF18acbujhw,58495.2056134,1,18.0724
ZTF18acbujhw,58503.1746412,1,19.2425
ZTF18acbujhw,58507.1626505,1,20.6713
ZTF18acbujhw,58534.1301157,1,19.1845
ZTF18acbujhw,58667.4485532,1,20.3034
ZTF18acbujhw,58670.450162,1,20.5341
ZTF18acbujhw,58673.4697106,1,20.4643
ZTF18acbujhw,58676.4352083,1,20.3072
ZTF18acbujhw,58679.4552083,1,19.4903
ZTF18acbujhw,58682.4644213,1,19.5812
ZTF18acbujhw,58685.4931134,1,19.5623
ZTF18acbujhw,58693.4475463,1,20.7348
ZTF18acbujhw,58696.4494213,1,20.7286
ZTF18acbujhw,58697.4913194,1,20.5896
ZTF18acbujhw,58699.4708681,1,20.7578
ZTF18acbujhw,58703.490706,1,20.6556
ZTF18acbujhw,58706.4684491,1,20.8178
ZTF18acbujhw,58709.4953241,1,20.3023
ZTF18acbujhw,58709.5037731,1,20.23
ZTF18acbujhw,58712.48375,1,19.7416
ZTF18acbujhw,58714.5096412,1,19.7821
ZTF18acbujhw,58718.4408796,1,20.0372
ZTF18acbujhw,58721.423912,1,19.4642
ZTF18acbujhw,58721.4573495,2,19.3782
ZTF18acbujhw,58723.4750463,1,20.8571
ZTF18acbujhw,58724.4411574,1,20.6905
ZTF18acbujhw,58727.4406481,1,20.8207
ZTF18acbujhw,58733.4610069,1,20.7845
ZTF18acbujhw,58736.4779167,1,20.8325
ZTF18acbujhw,58739.5190856,1,19.8771
ZTF18acbujhw,58742.5076157,1,18.4752
ZTF18acbujhw,58746.3908912,1,19.7315
ZTF18acbujhw,58749.3387384,1,20.5858
ZTF18acbujhw,58756.4143519,1,20.7191
ZTF18acbujhw,58759.4010764,1,20.6133
ZTF18acbujhw,58763.4292824,1,20.5917
ZTF18acbujhw,58766.4233449,1,20.1353
ZTF18acbujhw,58769.4862616,1,19.0834
ZTF18acbujhw,58785.3764931,1,19.858
ZTF18acbujhw,58788.3638657,1,20.3409
ZTF18acbujhw,58789.3515162,1,20.2994
ZTF18acbujhw,58790.2800926,1,20.3309
ZTF18acbujhw,58790.2805324,1,20.4067
ZTF18acbujhw,58791.2963426,1,20.6604
ZTF18acbujhw,58792.3510069,1,20.6181
ZTF18acbujhw,58794.2576852,1,19.9678
ZTF18acbujhw,58795.255706,1,19.7129
ZTF18acbujhw,58797.2286921,1,19.3051
ZTF18acbujhw,58801.2284375,1,19.1532
ZTF18acbujhw,58802.1894097,1,19.7164
ZTF18acbujhw,58802.2444792,1,19.0011
ZTF18acbujhw,58803.189919,1,19.2583
ZTF18acbujhw,58803.2685648,2,18.3876
ZTF18acbujhw,58804.2060764,1,19.8543
ZTF18acbujhw,58805.1912731,1,20.4312
ZTF18acbujhw,58806.1972801,1,20.4016
ZTF18acbujhw,58811.2084954,1,20.2646
ZTF18acbujhw,58811.2146412,1,20.3148
ZTF18acbujhw,58812.321713,1,20.4413
ZTF18acbujhw,58813.182037,1,19.8196
ZTF18acbujhw,58813.188831,1,19.6529
ZTF18acbujhw,58819.2283218,1,20.477
ZTF18acbujhw,58820.1651505,1,18.9615
ZTF18acbujhw,58820.2289005,1,19.658
ZTF18acbujhw,58828.1224769,1,18.5298
ZTF18acbujhw,58828.2095833,2,18.5346
ZTF18acbujhw,58828.2867361,2,16.0442
ZTF18acbujhw,58829.1455208,1,16.8791
ZTF18acbujhw,58829.2122801,2,17.5299
ZTF18acbujhw,58830.128206,1,19.4493
ZTF18acbujhw,58830.1871181,1,19.5958
ZTF18acbujhw,58833.1796875,1,20.0033
ZTF18acbujhw,58836.132338,1,20.5539
ZTF18acbujhw,58839.0889931,2,16.1108
ZTF18acbujhw,58846.2168403,1,20.4886
ZTF18acbujhw,58849.100625,1,20.5784
ZTF18acbujhw,58849.1286574,1,20.5522
ZTF18acbujhw,58852.1040625,1,19.9168
ZTF18acbujhw,58852.115706,1,19.6297
ZTF18acbujhw,58855.1696181,1,19.4872
ZTF18acbujhw,58855.2070023,2,19.4206
ZTF18acbujhw,58859.108206,1,19.6294
ZTF18acbujhw,58861.0992708,1,20.3096
ZTF18acbujhw,58864.1402662,1,20.8259
ZTF18acbujhw,58867.1498611,1,17.3871
ZTF18acbujhw,58867.1605556,1,17.6687
ZTF18acbujhw,58871.1852546,1,20.3242
ZTF18acbujhw,58874.1517361,1,20.1509
ZTF18acbujhw,58876.1525694,1,20.631
ZTF18acbujhw,58877.1737847,1,20.1672
ZTF18acbujhw,58880.1067477,1,20.1857
ZTF18acbujhw,58884.1210532,1,19.1149
ZTF18acbujhw,58887.1716204,1,19.5021
ZTF18acbujhw,58890.2206944,1,18.7668
ZTF18acbujhw,58893.1614815,1,20.426
ZTF18acbujhw,58896.1820718,1,20.2289
ZTF18acbujhw,58899.1648843,1,20.2452
ZTF18acbujhw,58904.1456597,1,20.2886
ZTF18acbujhw,59047.4635648,1,20.6083
ZTF18acbujhw,59050.425162,1,20.3142
ZTF18acbujhw,59053.4314583,1,20.6303
ZTF18acbujhw,59056.4504398,1,20.6289
ZTF18acbujhw,59065.4671412,1,19.4775
ZTF18acbujhw,59067.4717708,1,19.6741
ZTF18acbujhw,59068.4622917,1,19.9648
ZTF18acbujhw,59068.4921759,1,19.8958
ZTF18acbujhw,59069.3851852,1,19.6959
ZTF18acbujhw,59075.4463889,1,20.4446
ZTF18acbujhw,59075.4581944,1,20.3552
ZTF18acbujhw,59076.4760185,1,20.6348
ZTF18acbujhw,59079.4474306,2,18.7725
ZTF18acbujhw,59079.4763426,1,20.4294
ZTF18acbujhw,59080.4503356,1,20.5467
ZTF18acbujhw,59082.3831481,1,20.0037
ZTF18acbujhw,59082.4494213,1,20.2072
ZTF18acbujhw,59085.4065162,1,20.6801
ZTF18acbujhw,59085.4502083,1,20.7465
ZTF18acbujhw,59086.5028356,1,20.6326
ZTF18acbujhw,59088.4995949,1,20.4677
ZTF18acbujhw,59089.4085532,1,20.6061
ZTF18acbujhw,59090.3845718,1,20.1308
ZTF18acbujhw,59091.3738542,1,19.8348
ZTF18acbujhw,59092.3510185,1,19.62
ZTF18acbujhw,59093.4435417,1,19.689
ZTF18acbujhw,59096.5022454,1,19.6804
ZTF18acbujhw,59097.4554167,1,19.5437
ZTF18acbujhw,59104.5230324,1,18.8506
ZTF18acbujhw,59106.49375,1,20.393
ZTF18acbujhw,59107.3700579,1,20.5315
ZTF18acbujhw,59107.3769213,1,20.557
ZTF18acbujhw,59110.3454051,1,20.277
ZTF18acbujhw,59111.3740509,1,20.739
ZTF18acbujhw,59112.3652778,2,20.5665
ZTF18acbujhw,59113.3838194,1,20.7886
ZTF18acbujhw,59116.3063194,1,20.7443
ZTF18acbujhw,59117.310162,1,20.6549
ZTF18acbujhw,59118.4715278,1,20.9147
ZTF18acbujhw,59119.3427083,1,20.1795
ZTF18acbujhw,59119.3744907,1,20.2755
ZTF18acbujhw,59120.3071759,1,19.8295
ZTF18acbujhw,59121.3046065,1,19.9125
ZTF18acbujhw,59122.2911111,1,19.3754
ZTF18acbujhw,59128.3170602,1,19.41
ZTF18acbujhw,59130.3686458,1,20.2255
ZTF18acbujhw,59134.3823032,1,20.3325
ZTF18acbujhw,59136.3999306,1,20.8719
ZTF18acbujhw,59140.4089236,1,20.8441
ZTF18acbujhw,59142.4041204,1,20.965
ZTF18acbujhw,59144.3836343,1,21.0006
ZTF18acbujhw,59146.3589005,1,16.3336
ZTF18acbujhw,59146.3810532,2,16.7763
ZTF18acbujhw,59150.3855671,1,19.7976
ZTF18acbujhw,59152.3594329,1,19.4547
ZTF18acbujhw,59156.3956366,1,19.4122
ZTF18acbujhw,59158.2770023,1,19.9101
ZTF18acbujhw,59165.1948148,1,20.6083
ZTF18acbujhw,59167.3596296,1,20.4679
ZTF18acbujhw,59169.3241551,1,20.4659
ZTF18acbujhw,59173.2942245,1,20.7691
ZTF18acbujhw,59175.2984606,1,19.9231
ZTF18acbujhw,59178.1779745,1,20.1099
ZTF18acbujhw,59180.193044,1,19.0045
ZTF18acbujhw,59183.2131019,1,18.9203
ZTF18acbujhw,59185.2030093,1,19.7057
ZTF18acbujhw,59187.1410417,1,20.2716
ZTF18acbujhw,59192.2124769,1,20.0114
ZTF18acbujhw,59194.2271181,1,20.3222
ZTF18acbujhw,59199.278125,1,20.1214
ZTF18acbujhw,59202.2261227,1,20.2115
ZTF18acbujhw,59204.2540972,1,20.0224
ZTF18acbujhw,59206.327963,1,16.1741
ZTF18acbujhw,59210.2128241,1,19.3443
ZTF18acbujhw,59216.1484375,1,20.4273
ZTF18acbujhw,59218.2279977,1,20.4511
ZTF18acbujhw,59220.2031713,1,20.3593
ZTF18acbujhw,59222.1804861,1,18.3598
ZTF18acbujhw,59224.1854745,1,20.0909
ZTF18acbujhw,59227.178206,1,20.0696
ZTF18acbujhw,59229.2057523,1,19.6132
ZTF18acbujhw,59231.1320023,1,20.1447
ZTF18acbujhw,59233.1512269,1,20.404
ZTF18acbujhw,59249.1346181,1,19.4002
ZTF18acbujhw,59253.1840856,1,20.2823
ZTF18acbujhw,59255.166169,1,20.4755
ZTF18acbujhw,59257.1544907,1,20.6075
ZTF18acbujhw,59260.2256019,2,18.0988
ZTF18acbujhw,59265.1553241,1,20.047
ZTF18acbujhw,59267.2206829,1,18.7632
ZTF18acbujhw,59269.1808102,1,19.5655
ZTF18acbujhw,59271.1767708,1,19.2939
ZTF18acbujhw,59274.1716204,1,18.6447
ZTF18acbujhw,59276.1799421,1,19.6498
ZTF18acbujhw,59384.4737269,2,18.9862
ZTF18acbujhw,59384.4785532,2,18.7846
ZTF18acbujhw,59414.434456,1,20.3117
ZTF18acbujhw,59417.4261806,1,19.4763
ZTF18acbujhw,59417.4614005,2,19.0193
ZTF18acbujhw,59422.4649074,1,19.7413
ZTF18acbujhw,59424.4534722,1,19.8702
ZTF18acbujhw,59428.4465625,1,20.2641
ZTF18acbujhw,59435.431956,1,20.6152
ZTF18acbujhw,59438.4537153,1,20.3523
ZTF18acbujhw,59440.4577315,1,20.5966
ZTF18acbujhw,59443.4564699,1,20.5359
ZTF18acbujhw,59449.3895486,2,18.9592
ZTF18acbujhw,59449.4303935,1,18.99
ZTF18acbujhw,59452.420162,2,18.8748
ZTF18acbujhw,59452.4765625,1,19.8006
ZTF18acbujhw,59459.4242014,1,20.8189
ZTF18acbujhw,59461.4277662,1,20.7179
ZTF18acbujhw,59463.4312269,1,20.7268
ZTF18acbujhw,59465.4233565,1,20.7483
ZTF18acbujhw,59467.4537269,1,20.8279
ZTF18acbujhw,59469.4295139,1,20.7227
ZTF18acbujhw,59471.3926157,1,20.2744
ZTF18acbujhw,59474.4046991,1,20.4221
ZTF18acbujhw,59477.3713889,1,19.635
ZTF18acbujhw,59479.2226852,1,18.617
ZTF18acbujhw,59483.2860301,1,19.0362
ZTF18acbujhw,59485.3384028,1,17.9569
ZTF18acbujhw,59485.4151505,2,18.2425
ZTF18acbujhw,59488.3703356,1,20.5634
ZTF18acbujhw,59498.4266088,1,20.3941
ZTF18acbujhw,59503.4464005,1,20.2521
ZTF18acbujhw,59505.2222106,1,19.5091
ZTF18acbujhw,59511.2810069,2,18.0744
ZTF18acbujhw,59517.2587731,1,20.6779
ZTF18acbujhw,59521.2314583,1,20.6837
ZTF18acbujhw,59525.2165972,1,20.6757
ZTF18acbujhw,59527.2274074,1,20.2887
ZTF18acbujhw,59530.3015046,1,20.1174
ZTF18acbujhw,59532.2401157,1,20.1282
ZTF18acbujhw,59538.2184028,1,19.4667
ZTF18acbujhw,59622.1597222,1,19.4777
ZTF18acbujhw,59627.2006134,1,19.0469
ZTF18acbujhw,59629.2204282,1,18.8347
ZTF18acbujhw,59747.4812731,2,18.8249
ZTF18acbujhw,59748.4814931,2,18.6109
ZTF18acbujhw,59755.4677546,2,19.7313
ZTF18acbujhw,59787.4540856,1,20.6175
ZTF18acbujhw,59793.4043287,2,20.1574
ZTF18acbujhw,59795.4282986,1,18.9241
ZTF18acbujhw,59798.4300231,1,20.3458
ZTF18acbujhw,59801.4335764,1,19.9011
ZTF18acbujhw,59807.4493287,1,19.7538
ZTF18acbujhw,59811.4691667,1,20.3336
ZTF18acbujhw,59814.4275579,1,20.7274
ZTF18acbujhw,59816.4505787,1,20.7635
ZTF18acbujhw,59818.4728588,1,20.8385
ZTF18acbujhw,59821.4486227,1,20.7242
ZTF18acbujhw,59824.4329861,1,20.5481
ZTF18acbujhw,59828.4780903,1,20.6599
ZTF18acbujhw,59839.3220139,1,20.1005
ZTF18acbujhw,59839.4099421,1,20.4206
ZTF18acbujhw,59841.3844444,1,20.5103
ZTF18acbujhw,59841.4254861,1,20.6008
ZTF18acbujhw,59843.3905324,1,20.7052
ZTF18acbujhw,59846.3893634,1,20.774
ZTF18acbujhw,59848.4326505,1,20.7356
ZTF18acbujhw,59852.4063773,1,20.879
ZTF18acbujhw,59854.3962731,1,20.9497
ZTF18acbujhw,59856.3284722,1,20.721
ZTF18acbujhw,59862.3997338,1,19.3063
ZTF18acbujhw,59865.4876505,2,19.472
ZTF18acbujhw,59867.2740162,1,19.6921
ZTF18acbujhw,59870.3408333,1,20.4214
ZTF18acbujhw,59872.3382639,1,20.5476
ZTF18acbujhw,59874.3831597,1,20.7846
ZTF18acbujhw,59877.4052083,1,20.5247
ZTF18acbujhw,59879.317662,1,20.5165
ZTF18acbujhw,59881.3782292,1,20.6701
ZTF18acbujhw,59883.2393056,1,20.4355
ZTF18acbujhw,59888.2404514,1,19.0355
ZTF18acbujhw,59893.4046759,1,18.8757
ZTF18acbujhw,59895.2887037,1,19.9841
ZTF18acbujhw,59897.2470023,1,20.164
ZTF18acbujhw,59899.2323264,1,19.2923
ZTF18acbujhw,59903.2153704,1,20.2543
ZTF18acbujhw,59905.200625,1,19.1931
ZTF18acbujhw,59910.2221644,1,20.6948
ZTF18acbujhw,59913.3243056,1,19.678
ZTF18acbujhw,59922.2644213,1,19.4845
ZTF18acbujhw,59922.2887037,2,19.243
ZTF18acbujhw,59928.2711806,1,20.2269
ZTF18acbujhw,59934.1697685,1,20.4849
ZTF18acbujhw,59936.1858565,1,20.1235
ZTF18acbujhw,59953.1411458,1,18.3367
ZTF18acbujhw,59957.1440278,1,19.2698
ZTF18acbujhw,59967.1757986,1,19.7084
ZTF18acbujhw,60108.4701157,2,19.0964
ZTF18acbujhw,60108.4725116,2,18.9611
ZTF18acbujhw,60108.4749074,2,18.8408
ZTF18acbujhw,60108.4773032,2,18.6519
ZTF18acbujhw,60108.4796991,2,18.7074
ZTF18acbujhw,60109.4707755,2,19.46
ZTF18acbujhw,60109.4731713,2,19.359
ZTF18acbujhw,60109.4755671,2,19.2178
ZTF18acbujhw,60109.4779514,2,19.1161
ZTF18acbujhw,60109.4803472,2,18.9107
ZTF18acbujhw,60110.4704745,2,19.4398
ZTF18acbujhw,60110.4728588,2,19.3929
ZTF18acbujhw,60110.4752546,2,19.2987
ZTF18acbujhw,60110.4776505,2,19.2
ZTF18acbujhw,60110.4800579,2,18.9372
ZTF18acbujhw,60111.4697454,2,19.4973
ZTF18acbujhw,60111.4717361,2,19.3893
ZTF18acbujhw,60111.4740972,2,19.4748
ZTF18acbujhw,60111.4764699,2,19.3887
ZTF18acbujhw,60111.4788426,2,19.2422
ZTF18acbujhw,60112.4716898,2,19.4237
ZTF18acbujhw,60112.4740509,2,19.3479
ZTF18acbujhw,60112.4745255,2,19.311
ZTF18acbujhw,60112.4764236,2,19.2532
ZTF18acbujhw,60112.4787847,2,19.1152
ZTF18acbujhw,60112.4811574,2,18.9461
ZTF18acbujhw,60113.4728935,2,19.5489
ZTF18acbujhw,60113.4752662,2,19.4381
ZTF18acbujhw,60113.4776389,2,19.245
ZTF18acbujhw,60113.4800116,2,19.0852
ZTF18acbujhw,60114.4751852,2,19.2328
ZTF18acbujhw,60114.4775463,2,19.1314
ZTF18acbujhw,60114.4799074,2,18.8574
ZTF18acbujhw,60115.470625,2,19.4533
ZTF18acbujhw,60115.4730556,2,19.3773
ZTF18acbujhw,60115.4754861,2,19.4306
ZTF18acbujhw,60115.4779167,2,19.2667
ZTF18acbujhw,60115.4803356,2,19.1886
ZTF18acbujhw,60115.4808102,2,18.9523
ZTF18acbujhw,60116.4698148,2,19.4727
ZTF18acbujhw,60116.4722106,2,19.5847
ZTF18acbujhw,60116.4746065,2,19.4637
ZTF18acbujhw,60116.4770023,2,19.297
ZTF18acbujhw,60116.4793981,2,19.0648
ZTF18acbujhw,60117.4713657,2,19.6401
ZTF18acbujhw,60117.47375,2,19.5121
ZTF18acbujhw,60117.4761574,2,19.5275
ZTF18acbujhw,60117.4785532,2,19.4037
ZTF18acbujhw,60117.4809491,2,19.2778
ZTF18acbujhw,60152.4687037,1,20.4098
ZTF18acbujhw,60155.4482407,1,20.6322
ZTF18acbujhw,60159.4560301,1,19.5413
ZTF18acbujhw,60162.4676042,1,19.9894
ZTF18acbujhw,60168.4225347,1,20.6805
ZTF18acbujhw,60171.3905787,1,20.5954
ZTF18acbujhw,60174.4569444,1,20.6699
ZTF18acbujhw,60181.4045486,1,20.6141
ZTF18acbujhw,60183.4204745,1,20.5416
ZTF18acbujhw,60185.4617708,1,20.3681
ZTF18acbujhw,60193.3928356,1,20.1185
ZTF18acbujhw,60193.3933102,1,20.0503
ZTF18acbujhw,60196.4711458,1,20.5263
ZTF18acbujhw,60200.4824769,1,20.7043
ZTF18acbujhw,60202.4212153,1,20.8484
ZTF18acbujhw,60202.4963079,2,20.7067
ZTF18acbujhw,60205.346088,1,20.9287
ZTF18acbujhw,60207.4364468,1,20.8133
ZTF18acbujhw,60211.4156597,1,20.8609
ZTF18acbujhw,60211.4345255,2,20.721
ZTF18acbujhw,60213.391331,1,20.0156
ZTF18acbujhw,60215.4670255,1,19.7662
ZTF18acbujhw,60217.446875,1,18.9757
ZTF18acbujhw,60217.448287,1,18.7323
ZTF18acbujhw,60222.4409375,1,19.8844
ZTF18acbujhw,60224.2799537,1,20.4505
ZTF18acbujhw,60224.2818403,1,20.5965
ZTF18acbujhw,60230.4413194,1,20.024
ZTF18acbujhw,60232.4055093,1,20.6131
ZTF18acbujhw,60234.3399537,1,20.7072
ZTF18acbujhw,60236.3806134,1,20.7337
ZTF18acbujhw,60238.2603125,1,20.6535
ZTF18acbujhw,60238.3585532,2,20.4461
ZTF18acbujhw,60241.3592593,1,19.9271
ZTF18acbujhw,60241.4042245,2,20.0602
ZTF18acbujhw,60244.3913889,1,19.3511
ZTF18acbujhw,60244.3928356,1,19.3394
ZTF18acbujhw,60248.1679051,2,18.9048
ZTF18acbujhw,60248.2315046,2,18.8217
ZTF18acbujhw,60250.2046412,1,19.8644
ZTF18acbujhw,60250.2051157,1,19.8556
ZTF18acbujhw,60252.2130787,1,20.5016
ZTF18acbujhw,60254.2254167,1,20.517
ZTF18acbujhw,60257.2855787,2,19.5804
ZTF18acbujhw,60257.3584954,1,19.9649
ZTF18acbujhw,60257.383044,1,20.2461
ZTF18acbujhw,60259.2262847,1,20.4892
ZTF18acbujhw,60259.228669,1,20.5777
ZTF18acbujhw,60259.3458218,2,20.3718
ZTF18acbujhw,60261.2697106,2,20.5382
ZTF18acbujhw,60261.3041782,1,20.5538
ZTF18acbujhw,60261.3195139,1,20.6502
ZTF18acbujhw,60268.3437269,1,20.0598
ZTF18acbujhw,60268.3442014,1,20.1504
ZTF18acbujhw,60268.3912153,2,18.488
ZTF18acbujhw,60287.1978356,1,20.2685
ZTF18acbujhw,60288.1951157,2,20.0497
ZTF18acbujhw,60288.3101852,1,20.1473
ZTF18acbujhw,60289.1703356,1,19.3953
ZTF18acbujhw,60290.1986343,2,20.5692
ZTF18acbujhw,60290.2173495,1,20.4108
ZTF18acbujhw,60291.2006944,1,20.6654
ZTF18acbujhw,60292.1109491,2,20.9223
ZTF18acbujhw,60292.1298843,1,20.8744
ZTF18acbujhw,60292.1516667,1,21.0491
ZTF18acbujhw,60292.1540046,1,21.1738
ZTF18acbujhw,60293.1121875,2,20.2851
ZTF18acbujhw,60293.1287847,1,20.3615
ZTF18acbujhw,60293.1725347,1,20.8244
ZTF18acbujhw,60293.2051505,1,20.8458
ZTF18acbujhw,60294.0884491,1,20.3231
ZTF18acbujhw,60294.1075463,1,20.4574
ZTF18acbujhw,60294.130787,1,20.575
ZTF18acbujhw,60294.1343171,1,20.646
ZTF18acbujhw,60294.1722338,1,20.642
ZTF18acbujhw,60294.1944444,1,20.8259
ZTF18acbujhw,60294.2733333,2,20.1723
ZTF18acbujhw,60295.1882407,1,20.3934
ZTF18acbujhw,60295.2744213,2,19.5735
ZTF18acbujhw,60305.1202546,2,18.3919
ZTF18acbujhw,60305.1310417,2,17.9054
ZTF18acbujhw,60305.1727894,1,19.3074
ZTF18acbujhw,60305.1859838,1,17.9511
ZTF18acbujhw,60307.1306597,1,20.0706
ZTF18acbujhw,60307.1382755,1,19.8293
ZTF18acbujhw,60307.1804514,2,19.9439
ZTF18acbujhw,60314.1232755,1,20.3572
ZTF18acbujhw,60314.176088,2,20.2412
ZTF18acbujhw,60314.2230671,1,20.198
ZTF18acbujhw,60322.2404167,2,19.7862
ZTF18acbujhw,60322.285162,1,19.471
ZTF18acbujhw,60322.2856366,1,19.2309
ZTF18acbujhw,60324.1321528,2,18.1663
ZTF18acbujhw,60324.1350694,2,17.8744
ZTF18acbujhw,60324.1897685,1,20.0573
ZTF18acbujhw,60324.2128588,1,20.147
ZTF18acbujhw,60326.2060417,2,20.2168
ZTF18acbujhw,60326.2595833,1,19.9464
ZTF18acbujhw,60326.2739699,1,19.9029
ZTF18acbujhw,60334.1743171,2,19.6465
ZTF18acbujhw,60338.2343056,2,18.019
ZTF18acbujhw,60339.2407407,2,19.819
ZTF18acbujhw,60340.2049537,1,20.043
ZTF18acbujhw,60341.1346528,1,20.1327
ZTF18acbujhw,60341.1537963,2,20.2623
ZTF18acbujhw,60351.1381481,1,20.0011
ZTF18acbujhw,60352.1579167,1,20.1503
ZTF18acbujhw,60353.1736458,1,20.1858
ZTF18acbujhw,60354.1343287,1,20.0758
ZTF18acbujhw,60354.1554745,2,20.2017
ZTF18acbujhw,60357.237963,1,18.5517
ZTF18acbujhw,60357.2384375,1,18.4393
ZTF18acbujhw,60364.1346181,1,18.6981
ZTF18acbujhw,60364.1595486,1,18.4768
ZTF18acbujhw,60364.2069329,2,16.3528
ZTF18acbujhw,60364.2074074,2,16.5803
ZTF18acbujhw,60374.1942477,1,19.5433
ZTF18acbujhw,60378.1448727,1,19.7455
ZTF18acbujhw,60469.4796759,2,18.2927
ZTF18acbujhw,60469.480162,2,18.3229
ZTF18acbujhw,60469.4806366,2,18.2773
ZTF18acbujhw,60470.4752083,2,18.955
ZTF18acbujhw,60470.4756829,2,18.9195
ZTF18acbujhw,60470.4761458,2,18.7599
ZTF18acbujhw,60474.4745833,2,18.7721
ZTF18acbujhw,60474.4750579,2,18.7781
ZTF18acbujhw,60474.4755324,2,18.7761
ZTF18acbujhw,60474.4759954,2,18.8403
ZTF18acbujhw,60474.4764699,2,18.7219
ZTF18acbujhw,60474.4769444,2,18.7075
ZTF18acbujhw,60479.4640741,2,19.1105
ZTF18acbujhw,60479.465081,2,19.2763
ZTF18acbujhw,60479.4675579,2,19.0086
ZTF18acbujhw,60479.4695255,2,18.7869
ZTF18acbujhw,60479.4720255,2,19.0628
ZTF18acbujhw,60481.465081,2,19.6161
ZTF18acbujhw,60482.4651852,2,19.0744
ZTF18acbujhw,60513.4529167,1,19.4577
ZTF18acbujhw,60514.4496528,1,19.368
ZTF18acbujhw,60515.4538657,1,19.4714
ZTF18acbujhw,60516.4148727,2,19.2782
ZTF18acbujhw,60516.4673611,1,19.3015
ZTF18acbujhw,60518.4221991,1,19.6784
ZTF18acbujhw,60524.4156829,2,20.4045
ZTF18acbujhw,60524.4464005,1,20.6298
ZTF18acbujhw,60524.4557176,1,20.523
ZTF18acbujhw,60526.448206,1,20.4962
ZTF18acbujhw,60527.4044444,2,20.4089
ZTF18acbujhw,60527.4532755,1,20.5256
ZTF18acbujhw,60528.4545486,1,20.5294
ZTF18acbujhw,60529.409537,2,20.1998
ZTF18acbujhw,60529.4648264,1,19.2968
ZTF18acbujhw,60530.4507292,2,18.5091
ZTF18acbujhw,60532.3840741,2,20.7255
ZTF18acbujhw,60532.4349884,1,20.8529
ZTF18acbujhw,60532.4358102,1,20.9072
ZTF18acbujhw,60533.3895023,2,20.8587
ZTF18acbujhw,60533.4353125,1,20.9345
ZTF18acbujhw,60533.4648148,1,21.0348
ZTF18acbujhw,60534.42625,1,20.6041
ZTF18acbujhw,60534.4270718,1,20.6305
ZTF18acbujhw,60534.4680903,2,20.6059
ZTF18acbujhw,60537.4510417,1,20.5423
ZTF18acbujhw,60538.4010417,2,20.6236
ZTF18acbujhw,60538.4489931,1,20.5635
ZTF18acbujhw,60540.4229167,1,19.5792
ZTF18acbujhw,60543.3906829,1,19.3851
ZTF18acbujhw,60543.4521759,2,19.8172
ZTF18acbujhw,60544.4488657,1,19.6187
ZTF18acbujhw,60545.3825347,2,19.626
ZTF18acbujhw,60545.4350694,1,19.5845
ZTF18acbujhw,60548.3878819,2,19.7832
ZTF18acbujhw,60548.4333796,1,19.9951
ZTF18acbujhw,60548.4474537,1,19.8946
ZTF18acbujhw,60550.3600579,1,20.3605
ZTF18acbujhw,60550.3605324,1,20.4274
ZTF18acbujhw,60550.4240972,2,20.6038
ZTF18acbujhw,60552.3677199,2,20.5889
ZTF18acbujhw,60552.4115741,1,20.6254
ZTF18acbujhw,60552.4322569,1,20.6008
ZTF18acbujhw,60555.4281134,2,20.6284
ZTF18acbujhw,60555.4794907,1,20.7021
ZTF18acbujhw,60557.4107986,1,20.5107
ZTF18acbujhw,60557.4112731,1,20.7188
ZTF18acbujhw,60557.4280903,2,20.6175
ZTF18acbujhw,60559.3707176,1,20.4627
ZTF18acbujhw,60562.3495718,1,20.3962
ZTF18acbujhw,60562.3500347,1,20.4574
ZTF18acbujhw,60565.4151157,1,20.6275
ZTF18acbujhw,60565.4160532,1,20.831
ZTF18acbujhw,60565.4565972,2,20.7068
ZTF18acbujhw,60568.3669444,2,20.328
ZTF18acbujhw,60568.4307292,1,20.5783
ZTF18acbujhw,60568.4332176,1,20.7019
ZTF18acbujhw,60572.4088889,1,19.4392
ZTF18acbujhw,60572.4103935,1,19.4391
ZTF18acbujhw,60572.4458449,2,19.6274
ZTF18acbujhw,60576.3424769,1,19.915
ZTF18acbujhw,60576.3439236,1,19.8873
ZTF18acbujhw,60576.4235301,2,20.2133
ZTF18acbujhw,60576.4731019,3,19.6753
ZTF18acbujhw,60577.3871296,1,20.1893
ZTF18acbujhw,60577.3885648,1,20.1402
ZTF18acbujhw,60577.4114815,2,20.4463
ZTF18acbujhw,60577.5104282,3,19.6389
ZTF18acbujhw,60579.3176273,1,20.4575
ZTF18acbujhw,60579.3285185,1,20.4512
ZTF18acbujhw,60579.4896644,2,20.5196
ZTF18acbujhw,60581.4626157,2,20.7175
ZTF18acbujhw,60582.4628009,1,20.6335
ZTF18acbujhw,60591.4138426,1,20.7056
ZTF18acbujhw,60591.4695602,2,20.3629
ZTF18acbujhw,60592.3896412,1,20.5675
ZTF18acbujhw,60593.3585764,1,20.5808
ZTF18acbujhw,60593.3973032,2,20.4138
ZTF18acbujhw,60594.4458218,1,20.3937
ZTF18acbujhw,60596.4292014,1,20.719
ZTF18acbujhw,60596.4492361,1,20.6893
ZTF18acbujhw,60598.2576157,1,19.6761
ZTF18acbujhw,60598.2647917,1,19.6835
ZTF18acbujhw,60598.3336343,2,20.0161
ZTF18acbujhw,60600.3374306,1,18.929
ZTF18acbujhw,60600.3450231,1,18.9977
ZTF18acbujhw,60600.4303356,2,19.1605
ZTF18acbujhw,60603.2771412,1,19.3266
ZTF18acbujhw,60603.3139931,1,19.4583
ZTF18acbujhw,60603.3810532,2,19.6061
ZTF18acbujhw,60607.2589931,1,20.4632
ZTF18acbujhw,60607.2604398,1,20.4877
ZTF18acbujhw,60607.2874653,2,20.4678
ZTF18acbujhw,60609.3265972,2,20.535
ZTF18acbujhw,60609.3952894,1,20.4253
ZTF18acbujhw,60611.312581,1,19.9049
ZTF18acbujhw,60611.3265972,2,20.2637
ZTF18acbujhw,60615.3858796,1,20.5297
ZTF18acbujhw,60615.4051389,1,20.2042
ZTF18acbujhw,60618.3058565,2,20.2471
ZTF18acbujhw,60618.3595949,1,20.2319
ZTF18acbujhw,60618.3600579,1,20.2745
ZTF18acbujhw,60620.3249421,2,17.3571
ZTF18acbujhw,60620.3254051,2,17.9775
ZTF18acbujhw,60620.3412847,1,18.4212
ZTF18acbujhw,60622.1995602,1,20.0265
ZTF18acbujhw,60622.2000347,1,20.0082
ZTF18acbujhw,60622.4081713,2,20.0353
ZTF18acbujhw,60624.3305324,2,20.1951
ZTF18acbujhw,60624.3411227,1,18.9556
ZTF18acbujhw,60624.3601852,1,20.4717
ZTF18acbujhw,60626.1783333,2,19.4699
ZTF18acbujhw,60626.2376736,1,19.4971
ZTF18acbujhw,60626.2391782,1,19.6123
ZTF18acbujhw,60628.2145833,1,19.2524
ZTF18acbujhw,60631.2230324,1,19.0133
ZTF18acbujhw,60631.3272454,2,19.2864
ZTF18acbujhw,60634.2574306,1,19.9981
ZTF18acbujhw,60634.298912,2,20.0082
ZTF18acbujhw,60634.3173032,1,19.6756
ZTF18acbujhw,60636.2501273,2,20.4099
ZTF18acbujhw,60636.2538542,1,20.4675
ZTF18acbujhw,60636.2754167,1,20.2595
ZTF18acbujhw,60639.2180208,2,20.2972
ZTF18acbujhw,60639.3435648,1,17.7082
ZTF18acbujhw,60643.2382176,2,19.6852
ZTF18acbujhw,60643.3056481,1,19.1908
ZTF18acbujhw,60643.3065856,1,18.9439
ZTF18acbujhw,60645.3095486,2,19.4494
ZTF18acbujhw,60645.3542593,2,19.014
ZTF18acbujhw,60647.1830787,2,20.2564
ZTF18acbujhw,60647.1840856,2,19.9022
ZTF18acbujhw,60647.2578472,1,20.2301
ZTF18acbujhw,60647.2597569,1,20.5375
ZTF18acbujhw,60649.2581829,1,20.6061
ZTF18acbujhw,60649.3405324,1,20.5266
ZTF18acbujhw,60649.3658102,2,20.3868
ZTF18acbujhw,60651.1854861,2,20.1338
ZTF18acbujhw,60651.2223495,1,20.3212
ZTF18acbujhw,60651.2237731,1,20.072
ZTF18acbujhw,60653.2048727,1,20.2279
ZTF18acbujhw,60653.2069213,1,19.9913
ZTF18acbujhw,60653.2360532,2,20.2229
ZTF18acbujhw,60655.1975,1,19.4231
ZTF18acbujhw,60655.1985764,1,19.0536
ZTF18acbujhw,60655.3179514,2,18.2427
ZTF18acbujhw,60658.1840162,2,19.4676
ZTF18acbujhw,60658.2323727,1,19.2772
ZTF18acbujhw,60658.233831,1,19.332
ZTF18acbujhw,60660.2181366,1,19.367
ZTF18acbujhw,60660.2283681,1,17.3415
ZTF18acbujhw,60660.2812963,2,19.4177
ZTF18acbujhw,60660.3258796,2,19.5328
ZTF18acbujhw,60663.2860069,2,19.9536
ZTF18acbujhw,60663.3012037,2,19.225
ZTF18acbujhw,60663.3853125,1,19.3224
ZTF18acbujhw,60663.385787,1,19.3446
ZTF18acbujhw,60665.1321875,2,20.0672
ZTF18acbujhw,60665.195544,1,20.5395
ZTF18acbujhw,60665.3324421,1,20.0211
ZTF18acbujhw,60667.2454051,1,19.9878
ZTF18acbujhw,60667.2463426,1,19.8223
ZTF18acbujhw,60671.1909028,2,16.1763
ZTF18acbujhw,60671.1937963,2,17.9437
ZTF18acbujhw,60671.2169213,1,16.3025
ZTF18acbujhw,60671.2188079,1,18.4854
ZTF18acbujhw,60673.1862153,2,20.274
ZTF18acbujhw,60673.2610764,1,20.4489
ZTF18acbujhw,60673.2615509,1,20.4192
ZTF18acbujhw,60675.1987037,2,20.5731
ZTF18acbujhw,60677.2209954,1,20.4077
ZTF18acbujhw,60677.2219444,1,20.5702
ZTF18acbujhw,60679.1808796,2,20.5295
ZTF18acbujhw,60679.2163079,1,20.5376
ZTF18acbujhw,60679.2187037,1,20.5071
ZTF18acbujhw,60681.0874306,2,20.346
ZTF18acbujhw,60681.1283102,1,19.9812
ZTF18acbujhw,60681.1749421,1,17.6156
ZTF18acbujhw,60686.1943981,1,19.4389
ZTF18acbujhw,60686.1948611,1,19.5404
ZTF18acbujhw,60686.3053356,2,19.2301
ZTF18acbujhw,60688.1331713,2,19.7288
ZTF18acbujhw,60688.2801968,1,18.6866
ZTF18acbujhw,60688.308044,1,18.5872
ZTF18acbujhw,60690.1296875,1,19.1498
ZTF18acbujhw,60690.1748148,2,19.2997
ZTF18acbujhw,60690.2218056,1,19.0541
ZTF18acbujhw,60692.2076389,2,19.8642
ZTF18acbujhw,60694.1776852,1,20.3849
ZTF18acbujhw,60694.197963,2,20.3863
ZTF18acbujhw,60695.1636574,1,21.8319
ZTF18acbujhw,60697.1394213,1,18.4542
ZTF18acbujhw,60697.1427199,1,18.34
ZTF18acbujhw,60697.1795949,2,17.8675
ZTF18acbujhw,60697.180544,2,17.4607
ZTF18acbujhw,60699.2222106,2,19.4915
ZTF18acbujhw,60706.1127083,1,20.4113
ZTF18acbujhw,60706.1535764,2,20.1306
ZTF18acbujhw,60706.182419,2,19.2879
ZTF18acbujhw,60722.1565741,1,19.6842
ZTF18acbujhw,60722.1570486,1,19.8185
ZTF18acbujhw,60722.2231019,2,18.5926
ZTF18acbujhw,60724.1218056,2,19.0745
ZTF18acbujhw,60727.1418287,1,20.2306
ZTF18acbujhw,60727.1422917,1,20.0958
ZTF18acbujhw,60727.1803704,2,20.0338
ZTF18acbujhw,60729.1570602,2,20.0923
ZTF18acbujhw,60729.2046065,1,19.6184
ZTF18acbujhw,60729.2050694,1,19.6521
ZTF18acbujhw,60731.1529167,1,20.2912
ZTF18acbujhw,60731.1538542,1,20.4099
ZTF18acbujhw,60731.1804514,2,20.1056
ZTF18acbujhw,60733.133669,1,20.0374
ZTF18acbujhw,60733.1450579,1,19.7868
ZTF18acbujhw,60733.164375,2,19.8694
ZTF18acbujhw,60735.1458102,1,20.0967
ZTF18acbujhw,60838.4820255,2,18.2256
ZTF18acbujhw,60838.4824884,2,18.2826
ZTF18acbujhw,60838.486956,2,17.2867
ZTF18acbujhw,60838.487419,2,17.75
ZTF18acbujhw,60840.4813542,2,18.8699
ZTF18acbujhw,60840.4848727,2,18.5898
ZTF18acbujhw,60840.4853472,2,18.4574
ZTF18acbujhw,60840.4893519,2,18.0269
ZTF18acbujhw,60840.4898264,2,17.7893
ZTF18acbujhw,60841.4816551,2,16.2537
ZTF18acbujhw,60841.4846181,2,18.5945
ZTF18acbujhw,60841.4860995,2,19.2239
ZTF18acbujhw,60841.4890625,2,18.1401
ZTF18acbujhw,60845.4805787,2,18.8295
ZTF18acbujhw,60845.4844444,2,18.612
ZTF18acbujhw,60845.484919,2,18.5092
ZTF18acbujhw,60845.4893056,2,18.0493
ZTF18acbujhw,60845.4897801,2,17.969
ZTF18acbujhw,60846.4797338,2,18.7522
ZTF18acbujhw,60846.4836111,2,18.4619
ZTF18acbujhw,60846.4840741,2,18.3756
ZTF18acbujhw,60846.4884606,2,17.8444
ZTF18acbujhw,60848.4780093,2,18.5386
ZTF18acbujhw,60848.4784838,2,18.6035
ZTF18acbujhw,60848.4823264,2,18.0712
ZTF18acbujhw,60848.4828009,2,18.1869
ZTF18acbujhw,60848.4866435,2,17.918
ZTF18acbujhw,60848.4871181,2,17.9139
ZTF18acbujhw,60849.479919,2,19.0957
ZTF18acbujhw,60849.4843634,2,18.8323
ZTF18acbujhw,60849.4888079,2,18.1675
ZTF18acbujhw,60858.4704745,2,19.9928
ZTF18acbujhw,60858.4743403,2,19.9867
ZTF18acbujhw,60858.478206,2,19.8778
ZTF18acbujhw,60859.4705671,2,20.0482
ZTF18acbujhw,60859.4739699,2,20.0355
ZTF18acbujhw,60859.4773611,2,19.7492
ZTF18acbujhw,60900.3839468,1,19.3204
ZTF18acbujhw,60900.4246181,2,19.8641
ZTF18acbujhw,60900.4637731,1,19.6571
ZTF18acbujhw,60904.3800116,2,20.2355
ZTF18acbujhw,60904.4832407,1,20.5082
ZTF18acbujhw,60904.4846759,1,20.464
ZTF18acbujhw,60909.3874306,2,20.5333
ZTF18acbujhw,60909.4070718,1,20.628
ZTF18acbujhw,60911.3863542,1,20.4181
ZTF18acbujhw,60911.4002546,1,20.5781
ZTF18acbujhw,60911.43375,2,20.6502
ZTF18acbujhw,60914.434537,2,20.5733
ZTF18acbujhw,60914.4816088,1,20.5677
ZTF18acbujhw,60914.485463,1,20.5575
ZTF18acbujhw,60917.3867824,2,20.5971
ZTF18acbujhw,60917.4038426,1,20.5318
ZTF18acbujhw,60917.4043171,1,20.4225
ZTF18acbujhw,60919.3610995,2,20.5614
ZTF18acbujhw,60919.4046412,1,20.7172
ZTF18acbujhw,60919.4070255,1,20.5965
ZTF18acbujhw,60923.4736921,1,20.7293
ZTF18acbujhw,60923.5219097,2,20.2382
ZTF18acbujhw,60926.3846644,1,19.3891
ZTF18acbujhw,60926.4403819,1,19.6052
ZTF18acbujhw,60926.4726968,2,19.9818
ZTF18acbujhw,60928.4200116,1,19.5399
ZTF18acbujhw,60928.4265162,1,19.5359
ZTF18acbujhw,60928.492338,2,19.622
ZTF18acbujhw,60932.4009491,1,20.2129
ZTF18acbujhw,60932.4018866,1,20.2013
ZTF18acbujhw,60932.48625,2,20.3726
ZTF18acbujhw,60934.3454977,1,20.2674
ZTF18acbujhw,60934.379456,1,20.5735
ZTF18acbujhw,60934.4885301,2,20.6088
ZTF18acbujhw,60938.4403241,2,20.6828
ZTF18acbujhw,60938.4679398,1,20.7304
ZTF18acbujhw,60938.4693866,1,20.542
ZTF18acbujhw,60941.2483796,2,19.9766
ZTF18acbujhw,60941.4028819,1,20.488
ZTF18acbujhw,60941.4145023,1,20.6875
ZTF18acbujhw,60943.3979167,1,20.7767
ZTF18acbujhw,60943.4196759,1,20.707
ZTF18acbujhw,60943.4909606,2,20.6359
ZTF18acbujhw,60949.3294329,2,20.4951
ZTF18acbujhw,60949.4001042,1,20.7323
ZTF18acbujhw,60949.4059838,1,20.6742
ZTF18acbujhw,60951.4316204,1,20.4948
ZTF18acbujhw,60953.3456134,1,19.6312
ZTF18acbujhw,60953.347963,1,19.7558
ZTF18acbujhw,60953.4341088,2,20.0951
ZTF18acbujhw,60955.2185069,1,18.6924
ZTF18acbujhw,60955.2430556,1,18.8752
ZTF18acbujhw,60955.4021759,2,19.3731
ZTF18acbujhw,60955.4219444,2,19.4789
ZTF18acbujhw,60959.3681366,2,20.1254
ZTF18acbujhw,60959.4105208,1,19.8759
ZTF18acbujhw,60959.4133449,1,19.9173
ZTF18acbujhw,60961.2583912,1,20.3791
ZTF18acbujhw,60961.2593287,1,20.2713
ZTF18acbujhw,60961.3861921,2,20.5413
ZTF18acbujhw,60966.2739236,1,20.3976
ZTF18acbujhw,60966.2743981,1,20.5772
ZTF18acbujhw,60966.3881597,2,20.4754
ZTF18acbujhw,60968.2800347,1,20.5604
ZTF18acbujhw,60968.2814699,1,20.6284
ZTF18acbujhw,60968.3269792,2,20.6722
ZTF18acbujhw,60970.2869444,1,19.4239
ZTF18acbujhw,60970.2926273,1,18.8664
ZTF18acbujhw,60970.404919,2,20.3147
ZTF18acbujhw,60973.2840162,2,20.672
ZTF18acbujhw,60973.3591435,1,20.6826
ZTF18acbujhw,60973.360081,1,20.664
ZTF18acbujhw,60975.2790278,1,20.494
ZTF18acbujhw,60975.3223958,1,20.5294
ZTF18acbujhw,60975.3870486,2,20.346
ZTF18acbujhw,60977.2778472,1,20.3455
ZTF18acbujhw,60977.2797917,1,20.3275
ZTF18acbujhw,60977.3485995,2,20.5378
ZTF18acbujhw,60979.3623264,1,20.6275
ZTF18acbujhw,60979.3628009,1,20.8097
ZTF18acbujhw,60979.4092708,2,20.6985
ZTF18acbujhw,60981.2327894,1,19.8096
ZTF18acbujhw,60981.2594444,1,19.9111
ZTF18acbujhw,60981.3217477,2,20.2222
ZTF18acbujhw,60983.2125347,1,19.3618
ZTF18acbujhw,60983.2694676,2,19.7893
ZTF18acbujhw,60983.2831597,1,19.3573
ZTF18acbujhw,60983.314537,2,19.6204
ZTF18acbujhw,60986.2417477,1,19.3278
ZTF18acbujhw,60986.2455671,1,19.4199
ZTF18acbujhw,60986.3566551,2,19.5819
ZTF18acbujhw,60988.2034954,1,19.8086
ZTF18acbujhw,60988.2039699,1,19.9154
ZTF18acbujhw,60988.3177431,2,20.0838
ZTF18acbujhw,60990.216088,1,20.3288
ZTF18acbujhw,60990.2175116,1,20.4414
ZTF18acbujhw,60990.2623264,2,19.8263
ZTF18acbujhw,60992.2037963,2,16.4423
ZTF18acbujhw,60992.2047454,2,16.2678
ZTF18acbujhw,60992.2499653,1,19.4629
ZTF18acbujhw,60992.2757407,1,18.4624
ZTF18acbujhw,61004.2029977,1,20.3295
ZTF18acbujhw,61004.2303356,2,20.3058
ZTF18acbujhw,61006.1898958,2,20.0012
ZTF18acbujhw,61006.2603704,1,20.217
ZTF18acbujhw,61006.3266319,1,20.1293
ZTF18acbujhw,61008.321713,2,20.1376
ZTF18acbujhw,61010.2434028,1,19.348
ZTF18acbujhw,61010.2799306,2,19.7605
ZTF18acbujhw,61014.2356713,1,18.0027
ZTF18acbujhw,61014.2608796,2,17.9452
ZTF18acbujhw,61016.0945718,1,19.9858
ZTF18acbujhw,61016.0955208,1,20.1186
ZTF18acbujhw,61016.2536343,2,19.3798
ZTF18acbujhw,61020.172419,1,20.4161
ZTF18acbujhw,61020.1733796,1,20.2661
ZTF18acbujhw,61020.2145833,2,20.5635
ZTF18acbujhw,61022.1700926,1,20.4001
ZTF18acbujhw,61022.2281597,1,20.3351
ZTF18acbujhw,61022.2855556,2,19.3541
ZTF18acbujhw,61022.2870023,2,19.5314
ZTF18acbujhw,61024.1627894,2,20.5694
ZTF18acbujhw,61024.1742477,1,20.6944
ZTF18acbujhw,61024.2204051,1,20.4727
ZTF18acbujhw,61026.2055671,1,20.5877
ZTF18acbujhw,61026.2240856,1,20.5676
ZTF18acbujhw,61026.2364352,2,20.6218
ZTF18acbujhw,61028.2179398,1,20.5894
ZTF18acbujhw,61028.2188773,1,20.6199
ZTF18acbujhw,61028.2551736,2,20.4699
ZTF18acbujhw,61030.1787963,2,20.5977
ZTF18acbujhw,61030.2006019,1,20.5529
ZTF18acbujhw,61030.2098958,1,20.696
ZTF18acbujhw,61038.1924306,1,19.1762
ZTF18acbujhw,61038.1929051,1,19.3172
ZTF18acbujhw,61038.2738194,2,19.4305
ZTF18acbujhw,61049.1178472,2,20.0002
ZTF18acbujhw,61049.1865856,1,20.1086
ZTF18acbujhw,61049.1875231,1,19.7398
ZTF18acbujhw,61051.1944676,1,19.821
ZTF18acbujhw,61051.2211227,1,19.5581
ZTF18acbujhw,61051.2646644,2,19.4023
ZTF18acbujhw,61051.2651273,2,19.3096
ZTF18acbujhw,61053.196331,2,20.0405
ZTF18acbujhw,61053.3284954,1,19.1374
ZTF18acbujhw,61053.3289699,1,19.0635
ZTF18acbujhw,61055.1766782,1,20.1472
ZTF18acbujhw,61055.178125,1,20.3639
ZTF18acbujhw,61055.2583912,2,19.7696
ZTF18acbujhw,61057.1117708,2,19.8038
ZTF18acbujhw,61057.1735301,1,19.6509
ZTF18acbujhw,61057.2065625,1,19.8342
ZTF18acbujhw,61059.1503472,2,20.6422
ZTF18acbujhw,61059.2041898,1,20.4747
ZTF18acbujhw,61059.2046528,1,20.4592
ZTF18acbujhw,61061.1636921,2,18.7887
ZTF18acbujhw,61061.199294,1,20.3988
ZTF18acbujhw,61061.2205208,1,20.3635
ZTF18acbujhw,61069.1157639,1,18.0344
ZTF18acbujhw,61069.1418634,1,17.843
ZTF18acbujhw,61069.1542245,2,16.8716
ZTF18acbujhw,61069.155162,2,17.0783
ZTF18acbujhw,61071.114537,1,19.1603
ZTF18acbujhw,61071.1154861,1,19.2644
ZTF18acbujhw,61071.1954745,2,19.4197
ZTF18acbujhw,61073.1204861,1,19.6535
ZTF18acbujhw,61073.1219329,1,19.5035
ZTF18acbujhw,61073.1879167,2,19.6779
ZTF18acbujhw,61075.1336574,1,20.1343
ZTF18acbujhw,61075.1385648,1,20.1638
ZTF18acbujhw,61075.2123611,2,19.5382
ZTF18acbujhw,61199.479375,2,18.549
ZTF18acbujhw,61199.48125,2,18.3717
ZTF18acbujhw,61199.4857639,2,17.9404
ZTF18acbujhw,61200.4775579,2,18.8091
ZTF18acbujhw,61200.4820023,2,18.4217
ZTF18acbujhw,61200.4864352,2,18.0656
ZTF18acbujhw,61208.4748611,2,19.2984
ZTF18acbujhw,61208.4782755,2,19.0085
ZTF18acbujhw,61208.4822106,2,18.6953
ZTF18acbujhw,61209.4759259,2,19.4138
ZTF18acbujhw,61209.4793403,2,19.1291
ZTF18acbujhw,61209.4817593,2,18.956
ZTF18acbujhw,61209.4837153,2,18.6456
ZTF18acbujhw,61211.4759375,2,19.4282
ZTF18acbujhw,61211.4802662,2,19.0735
ZTF18acbujhw,61211.4846296,2,18.646
ZTF18acbujhw,61212.4751968,2,19.4903
ZTF18acbujhw,61212.4790509,2,19.2391
ZTF18acbujhw,61212.4838657,2,18.7228
ZTF18acbujhw,61212.4843287,2,18.7533
ZTF18acbujhw,61213.4751968,2,19.4369
ZTF18acbujhw,61213.4790625,2,19.339
ZTF18acbujhw,61213.4839699,2,18.8878
ZTF18acbujhw,61222.4666782,3,18.7449
ZTF18acbujhw,61224.4658681,3,19.2499
ZTF18acbujhw,61226.4771644,2,20.0487
ZTF18acbujhw,61228.4765741,2,20.0025
ZTF18acbujhw,61229.4767824,2,20.105
ZTF18acbujhw,61230.4775231,2,19.9082
ZTF18acbujhw,61234.4776968,2,20.2766
ZTF18acbujhw,61235.4771296,2,19.8146
ZTF18acbujhw,61240.4671296,3,19.7023
ZTF18acbujhw,61243.4486806,1,20.1966
ZTF18acbujhw,61245.4543403,1,20.4715
ZTF18acbujhw,61246.4757755,1,20.3477
ZTF18acbujhw,61248.4278704,3,19.5197
ZTF18acbujhw,61248.4746644,1,20.5972
ZTF18acbujhw,61250.443669,1,19.5499
ZTF18acbujhw,61251.4705093,3,19.4319
ZTF18acbujhw,61254.4283218,1,19.7667
ZTF18acbujhw,61254.4665509,3,19.4876
ZTF18acbujhw,61255.4074769,1,19.6573
ZTF18acbujhw,61255.5081597,3,18.5371
ZTF18acbujhw,61256.3624306,1,19.1135
ZTF18acppxgo,58443.4784954,2,19.315
ZTF18acppxgo,58449.4850694,2,18.327
ZTF18acppxgo,58450.4846875,1,19.4137
ZTF18acppxgo,58461.4995602,1,19.707
ZTF18acppxgo,58464.5005903,1,19.853
ZTF18acppxgo,58467.4619329,1,17.4119
ZTF18acppxgo,58467.5432986,2,20.0291
ZTF18acppxgo,58472.5438773,2,20.1222
ZTF18acppxgo,58476.4714005,2,19.5935
ZTF18acppxgo,58482.4772338,2,19.9373
ZTF18acppxgo,58482.5222685,1,19.2852
ZTF18acppxgo,58482.5451157,1,20.049
ZTF18acppxgo,58567.2730787,1,20.1749
ZTF18acppxgo,58567.3146528,2,19.9973
ZTF18acppxgo,58572.2562384,1,19.7193
ZTF18acppxgo,58572.2733796,2,19.2843
ZTF18acppxgo,58575.2320023,2,18.4836
ZTF18acppxgo,58580.2733333,2,20.0282
ZTF18acppxgo,58583.2568981,2,20.0552
ZTF18acppxgo,58586.1707176,1,19.8164
ZTF18acppxgo,58586.2112037,2,20.0478
ZTF18acppxgo,58591.209294,1,18.7092
ZTF18acppxgo,58591.3551389,2,18.2844
ZTF18acppxgo,58594.3165278,2,19.0142
ZTF18acppxgo,58597.3335995,2,19.8749
ZTF18acppxgo,58608.2321181,2,20.3084
ZTF18acppxgo,58612.1906713,2,20.3616
ZTF18acppxgo,58634.1688773,2,20.2153
ZTF18acppxgo,58637.1809028,2,20.3383
ZTF18acppxgo,58828.5665741,2,19.8199
ZTF18acppxgo,58831.443206,2,19.093
ZTF18acppxgo,58837.4603356,2,19.0672
ZTF18acppxgo,58837.5017593,1,19.4745
ZTF18acppxgo,58852.4580671,2,20.4347
ZTF18acppxgo,58852.5028241,1,20.4648
ZTF18acppxgo,58855.5409144,2,20.2209
ZTF18acppxgo,58860.3760417,2,18.9398
ZTF18acppxgo,58864.337963,2,19.4857
ZTF18acppxgo,58940.2338657,2,18.7469
ZTF18acppxgo,58940.3540278,1,17.483
ZTF18acppxgo,58954.2562963,2,20.3299
ZTF18acppxgo,59265.3111458,2,19.9062
ZTF18acppxgo,60322.5246759,2,20.3799
ZTF18acppxgo,60325.4691088,2,19.749
ZTF18acppxgo,60335.4213542,1,19.1938
ZTF18acppxgo,60340.3994676,1,19.6977
ZTF18acppxgo,60352.3525347,2,20.3305
ZTF18acppxgo,60354.4000579,2,20.3505
ZTF18acppxgo,60356.356794,2,20.3744
ZTF18acppxgo,60358.3360069,2,19.4983
ZTF18acppxgo,60368.3033912,2,19.3485
ZTF18acppxgo,60368.4335532,1,19.2743
ZTF18acppxgo,60374.3579745,2,19.7046
ZTF18acppxgo,60380.2762616,1,18.2541
ZTF18acppxgo,60389.2326968,1,19.8421
ZTF18acppxgo,60391.2499769,2,18.9233
ZTF18acppxgo,60391.2826852,1,19.3173
ZTF18acppxgo,60396.3393981,1,19.2613
ZTF18acppxgo,60398.3148495,1,19.8317
ZTF18acppxgo,60398.3583333,2,19.6396
ZTF18acppxgo,60403.2706019,2,20.4052
ZTF18acppxgo,60407.2559954,2,20.328
ZTF18acppxgo,60412.307581,2,20.075
ZTF18acppxgo,60787.3099769,2,20.2409
ZTF18acppxgo,60789.2116319,2,20.3289
ZTF18acppxgo,60789.2364699,1,20.538
ZTF18acppxgo,60795.2472801,2,20.3578
ZTF18acppxgo,60797.2281944,2,20.1643
ZTF18acppxgo,60799.1724074,2,19.3066
ZTF18acppxgo,60804.2310995,2,19.3223
ZTF18acppxgo,60806.2128935,1,17.9683
ZTF18acppxgo,60806.2759491,2,18.0669
ZTF18acppxgo,60810.306794,2,19.2933
ZTF18acppxgo,60817.2131713,2,20.1888
ZTF18acppxgo,60972.5430903,2,19.0442
ZTF18acppxgo,60972.5483333,2,18.3935
ZTF18acppxgo,60973.543912,2,18.6742
ZTF18acppxgo,60973.5489583,2,18.035
ZTF18acppxgo,60974.544838,2,18.5993
ZTF18acppxgo,60974.5499074,2,17.9105
ZTF18acppxgo,60975.5427315,2,18.5176
ZTF18acppxgo,60975.5477199,2,18.0298
ZTF18acppxgo,60975.5527315,2,17.6219
ZTF18acppxgo,60977.5353356,2,19.3184
ZTF18acppxgo,60977.5392477,2,19.1841
ZTF18acppxgo,60977.5431713,2,19.0096
ZTF18acppxgo,60978.5357176,2,19.7173
ZTF18acppxgo,60978.5396759,2,19.5612
ZTF18acppxgo,60978.5436343,2,19.1695
ZTF18acppxgo,60978.5445718,2,19.2375
ZTF18acppxgo,60978.5496296,2,18.5295
ZTF18acppxgo,60978.5546991,2,17.8073
ZTF18acppxgo,60979.5351736,2,19.7643
ZTF18acppxgo,60979.5390509,2,19.6219
ZTF18acppxgo,60979.5429398,2,19.3707
ZTF18acppxgo,60981.5418403,2,19.6703
ZTF18acppxgo,60981.5457176,2,19.2623
ZTF18acppxgo,60981.5495949,2,18.7138
ZTF18acppxgo,60982.5370718,2,18.9575
ZTF18acppxgo,60982.5411227,2,18.4476
ZTF18acppxgo,60982.5451736,2,18.952
ZTF18acppxgo,60988.5205787,2,19.2997
ZTF18acppxgo,60989.4861227,2,18.9705
ZTF18acppxgo,60989.5239468,1,19.3579
ZTF18acppxgo,60991.4861343,1,18.0551
ZTF18acppxgo,61094.386088,3,19.7907
ZTF18acppxgo,61094.4022569,2,20.0672
ZTF18acppxgo,61095.3657523,1,20.3399
ZTF18acppxgo,61095.4032176,3,19.4076
ZTF18acppxgo,61096.3730208,3,19.5403
ZTF18acppxgo,61096.3993634,1,20.0544
ZTF18acppxgo,61096.4638194,2,19.7376
ZTF18acppxgo,61098.3353356,2,19.873
ZTF18acppxgo,61099.2882407,3,18.5695
ZTF18acppxgo,61099.4003472,2,19.8732
ZTF18acppxgo,61099.4888542,1,19.5142
ZTF18acppxgo,61100.4502778,2,19.2922
ZTF18acppxgo,61101.2984259,1,19.0075
ZTF18acppxgo,61101.378912,2,19.2129
ZTF18acppxgo,61105.396956,2,19.1199
ZTF18acppxgo,61105.478125,1,19.1128
ZTF18acppxgo,61106.3816551,3,19.2378
ZTF18acppxgo,61106.3947917,1,19.3604
ZTF18acppxgo,61106.4368981,2,19.3114
ZTF18acppxgo,61107.3659028,2,19.5139
ZTF18acppxgo,61107.4727778,3,18.7095
ZTF18acppxgo,61108.2897222,3,19.4839
ZTF18acppxgo,61108.4168403,2,19.7459
ZTF18acppxgo,61110.4529282,3,19.4072
ZTF18acppxgo,61111.3104745,2,20.323
ZTF18acppxgo,61111.3858912,3,19.6033
ZTF18acppxgo,61112.2688079,3,19.6473
ZTF18acppxgo,61112.3154745,2,20.0529
ZTF18acppxgo,61113.2571065,1,19.5908
ZTF18acppxgo,61113.2923611,3,19.307
ZTF18acppxgo,61114.3750347,2,20.308
ZTF18acppxgo,61115.3111458,3,19.4278
ZTF18acppxgo,61115.4004051,2,19.9356
ZTF18acppxgo,61116.2475926,3,19.5629
ZTF18acppxgo,61116.2960648,1,20.0463
ZTF18acppxgo,61117.4724537,2,19.823
ZTF18acppxgo,61118.2894907,3,19.8153
ZTF18acppxgo,61146.1798611,3,19.7459
ZTF18acppxgo,61146.2330787,2,20.154
ZTF18acppxgo,61147.2638079,3,19.7231
ZTF18acppxgo,61147.2752546,2,20.1827
ZTF18acppxgo,61148.3000463,1,20.2693
ZTF18acppxgo,61148.3731713,3,19.4302
ZTF18acppxgo,61149.2737847,1,19.3427
ZTF18acppxgo,61150.1869792,2,20.2301
ZTF18acppxgo,61150.2954167,1,20.3908
ZTF18acppxgo,61150.3419907,3,19.6524
ZTF18acppxgo,61153.2599421,2,19.9497
ZTF18acppxgo,61153.2753125,3,19.3557
ZTF18acppxgo,61154.1745833,2,19.7481
ZTF18acppxgo,61154.3870949,3,19.4341
ZTF18acppxgo,61155.182581,1,19.6458
ZTF18acppxgo,61155.2152894,2,18.94
ZTF18acppxgo,61155.3290741,3,18.8258
ZTF18acppxgo,61159.3297222,1,18.4917
ZTF18acppxgo,61161.2392245,3,18.5713
ZTF18acppxgo,61161.2530903,2,18.9597
ZTF18acppxgo,61161.2965046,1,18.6967
ZTF18acppxgo,61162.2440162,1,19.071
ZTF18acppxgo,61162.2596412,2,19.2021
ZTF18acppxgo,61167.1762269,3,19.423
ZTF18acppxgo,61168.1842708,2,20.144
ZTF18acppxgo,61168.3213079,3,19.4969
ZTF18acppxgo,61169.2850463,2,20.1452
ZTF18acppxgo,61170.1709838,2,20.0468
ZTF18acppxgo,61170.2362269,3,19.7427
ZTF18acppxgo,61171.257037,3,19.5566
ZTF18acppxgo,61171.2844907,2,20.0877
ZTF19aadwtoe,58480.4225579,2,19.9173
ZTF19aadwtoe,58480.4752431,1,19.7771
ZTF19aadwtoe,58481.4242593,2,20.2126
ZTF19aadwtoe,58486.4539236,2,20.0182
ZTF19aadwtoe,58491.2545139,2,19.9905
ZTF19aadwtoe,58491.4261574,1,19.3063
ZTF19aadwtoe,58495.2610995,1,20.4495
ZTF19aadwtoe,58505.4215509,1,18.0653
ZTF19aadwtoe,58505.5172454,2,17.6481
ZTF19aadwtoe,58514.3773495,2,15.1858
ZTF19aadwtoe,58526.2268981,2,20.1507
ZTF19aadwtoe,58526.4006829,1,18.8184
ZTF19aadwtoe,58534.2522569,1,18.9584
ZTF19aadwtoe,58538.2279051,2,15.5852
ZTF19aadwtoe,58538.2549537,1,18.5316
ZTF19aadwtoe,58540.2453241,2,20.3715
ZTF19aadwtoe,58561.2113194,1,19.1806
ZTF19aadwtoe,58572.1719329,1,19.2842
ZTF19aadwtoe,58575.1507292,2,19.2163
ZTF19aadwtoe,58575.1693634,1,20.1439
ZTF19aadwtoe,58581.1899884,1,20.38
ZTF19aadwtoe,58584.2076157,1,19.8556
ZTF19aadwtoe,58588.1699306,1,19.6551
ZTF19aadwtoe,58591.1373843,2,19.6806
ZTF19aadwtoe,58591.1683565,1,19.5036
ZTF19aadwtoe,58594.1698264,1,20.2227
ZTF19aadwtoe,58598.1928241,1,20.5216
ZTF19aadwtoe,58602.1864352,1,17.1811
ZTF19aadwtoe,60545.5112384,2,18.063
ZTF19aadwtoe,60545.511713,2,17.9698
ZTF19aadwtoe,60545.5121759,2,17.8362
ZTF19aadwtoe,60547.5051968,2,18.7566
ZTF19aadwtoe,60547.5056713,2,18.726
ZTF19aadwtoe,60547.5071875,2,18.4432
ZTF19aadwtoe,60548.5022569,2,18.8436
ZTF19aadwtoe,60548.5027199,2,18.8265
ZTF19aadwtoe,60548.5056019,2,18.7966
ZTF19aadwtoe,60551.5006713,2,19.3417
ZTF19aadwtoe,60551.5046065,2,19.3359
ZTF19aadwtoe,60551.5085532,2,19.2134
ZTF19aadwtoe,60551.5141435,2,18.9325
ZTF19aadwtoe,60551.5146065,2,18.7964
ZTF19aadwtoe,60551.515081,2,18.7849
ZTF19aadwtoe,60552.5008796,2,19.5012
ZTF19aadwtoe,60552.5048264,2,19.4072
ZTF19aadwtoe,60552.5087731,2,19.4925
ZTF19aadwtoe,60552.5106944,2,19.4519
ZTF19aadwtoe,60552.511169,2,19.5051
ZTF19aadwtoe,60552.5116435,2,19.4453
ZTF19aadwtoe,60553.5004051,2,19.4009
ZTF19aadwtoe,60553.5032755,2,19.378
ZTF19aadwtoe,60553.5061458,2,19.2745
ZTF19aadwtoe,60553.5080671,2,19.3712
ZTF19aadwtoe,60553.5085417,2,19.385
ZTF19aadwtoe,60553.5090046,2,19.3686
ZTF19aadwtoe,60554.5008912,2,19.5937
ZTF19aadwtoe,60554.503287,2,19.8402
ZTF19aadwtoe,60554.5056829,2,19.6579
ZTF19aadwtoe,60554.5061574,2,19.6963
ZTF19aadwtoe,60554.5066319,2,19.7424
ZTF19aadwtoe,60554.5085532,2,19.5727
ZTF19aadwtoe,60555.506412,2,19.7794
ZTF19aadwtoe,60555.506875,2,19.8584
ZTF19aadwtoe,60555.5112269,2,19.5746
ZTF19aadwtoe,60556.5039583,2,19.6914
ZTF19aadwtoe,60556.5044213,2,19.7705
ZTF19aadwtoe,60556.5078241,2,19.5963
ZTF19aadwtoe,60557.503287,2,19.776
ZTF19aadwtoe,60557.5062731,2,19.7765
ZTF19aadwtoe,60557.5097106,2,19.6374
ZTF19aadwtoe,60558.5039931,2,19.5802
ZTF19aadwtoe,60558.5073727,2,19.5664
ZTF19aadwtoe,60558.5108218,2,19.3953
ZTF19aadwtoe,60560.5041088,2,19.4031
ZTF19aadwtoe,60560.5065278,2,19.8384
ZTF19aadwtoe,60560.5094907,2,19.7959
ZTF19aadwtoe,60561.5043403,2,19.6061
ZTF19aadwtoe,60561.5073032,2,19.6405
ZTF19aadwtoe,60561.5121875,2,19.6702
ZTF19aadwtoe,60911.5159375,2,18.2767
ZTF19aadwtoe,60911.5207986,2,17.3106
ZTF19aadwtoe,60913.5155556,2,18.4457
ZTF19aadwtoe,60913.5204398,2,17.8235
ZTF19aadwtoe,60914.5150694,2,18.4739
ZTF19aadwtoe,60914.5199421,2,17.7381
ZTF19aadwtoe,60916.5149653,2,18.9911
ZTF19aadwtoe,60916.5194676,2,18.4147
ZTF19aadwtoe,60917.5135417,2,19.2573
ZTF19aadwtoe,60917.515463,2,19.0463
ZTF19aadwtoe,60917.5178704,2,18.762
ZTF19aadwtoe,60917.5203472,2,18.3934
ZTF19aadwtoe,60917.5227431,2,18.0406
ZTF19aadwtoe,60918.5142245,2,19.1668
ZTF19aadwtoe,60918.5172801,2,18.8814
ZTF19aadwtoe,60918.5192014,2,18.6288
ZTF19aadwtoe,60918.5222685,2,18.3174
ZTF19aadwtoe,60918.5242014,2,17.9625
ZTF19aadwtoe,60922.5066319,2,19.8921
ZTF19aadwtoe,60922.510544,2,19.7986
ZTF19aadwtoe,60922.514456,2,19.5724
ZTF19aadwtoe,60922.5184954,2,19.4206
ZTF19aadwtoe,60922.5235532,2,18.8534
ZTF19aadwtoe,60924.5173148,2,19.3889
ZTF19aadwtoe,60924.5222454,2,18.8664
ZTF19aadwtoe,60924.5271644,2,18.1864
ZTF19aadwtoe,60925.5074074,2,19.1401
ZTF19aadwtoe,60925.5114468,2,19.058
ZTF19aadwtoe,60925.5155093,2,19.1727
ZTF19aadwtoe,60925.5180208,2,19.2178
ZTF19aadwtoe,60925.5229398,2,18.8095
ZTF19aadwtoe,60925.5278819,2,18.127
ZTF19aadwtoe,60926.5057407,2,19.3115
ZTF19aadwtoe,60926.5082407,2,19.4839
ZTF19aadwtoe,60926.5092708,2,19.4084
ZTF19aadwtoe,60926.5117708,2,19.4566
ZTF19aadwtoe,60926.5128009,2,19.3552
ZTF19aadwtoe,60926.5162731,2,19.3583
ZTF19aadwtoe,60926.5172222,2,19.3615
ZTF19aadwtoe,60926.5221528,2,19.0085
ZTF19aadwtoe,60926.5270833,2,18.4835
ZTF19aadwtoe,60927.5060995,2,19.3063
ZTF19aadwtoe,60927.5085995,2,19.378
ZTF19aadwtoe,60927.5096296,2,19.234
ZTF19aadwtoe,60927.5126273,2,19.3537
ZTF19aadwtoe,60927.5141898,2,19.2312
ZTF19aadwtoe,60927.5167014,2,19.3084
ZTF19aadwtoe,60928.5087963,2,19.4346
ZTF19aadwtoe,60928.5127083,2,19.2957
ZTF19aadwtoe,60928.5166204,2,19.1302
ZTF19aadwtoe,60929.5076042,2,19.4206
ZTF19aadwtoe,60929.5101157,2,19.5759
ZTF19aadwtoe,60929.5115972,2,19.41
ZTF19aadwtoe,60929.5141088,2,19.4579
ZTF19aadwtoe,60929.5155787,2,19.2314
ZTF19aadwtoe,60929.5180903,2,19.3337
ZTF19aadwtoe,60930.5105093,2,19.8673
ZTF19aadwtoe,60930.5144907,2,19.8086
ZTF19aadwtoe,60930.5184838,2,19.6815
ZTF19aadwtoe,60931.5101968,2,19.7148
ZTF19aadwtoe,60931.5141898,2,19.6867
ZTF19aadwtoe,60931.5181713,2,19.6602
ZTF19aadwtoe,60932.5090046,2,19.9458
ZTF19aadwtoe,60932.5129051,2,19.9293
ZTF19aadwtoe,60932.5168287,2,19.8422
ZTF19aadwtoe,60933.5178588,2,19.9158
ZTF19aadwtoe,61274.5147685,2,17.9157
ZTF19aadwtoe,61274.5152431,2,17.861
ZTF19aadwtoe,61274.5167708,2,17.6418
ZTF19aadwtoe,61275.5159606,2,18.0977
ZTF19aadwtoe,61277.5077083,2,19.0414
ZTF19aadwtoe,61277.5125694,2,18.5426
ZTF19aadwtoe,61277.5174537,2,17.9245
ZTF19aadwtoe,61278.5102199,2,18.7521
ZTF19aadwtoe,61278.5199769,2,17.4296
ZTF19aadwtoe,61282.5093866,2,18.9148
ZTF19aadwtoe,61282.5113194,2,18.8268
ZTF19aadwtoe,61282.5122569,2,18.8671
ZTF19aadwtoe,61282.5146644,2,18.8524
ZTF19aadwtoe,61282.5170602,2,18.5604
ZTF19aadwtoe,61282.5201736,2,18.3062
ZTF19aadwtoe,61283.5085301,2,19.1143
ZTF19aadwtoe,61283.5104514,2,19.1681
ZTF19aadwtoe,61283.5118981,2,19.0024
ZTF19aadwtoe,61283.5148727,2,18.9367
ZTF19aadwtoe,61283.5163194,2,18.8916
ZTF19aadwtoe,61283.5194329,2,18.6642
ZTF19aadwtoe,61285.5133102,2,18.9085
ZTF19aadwtoe,61285.518287,2,18.4002
ZTF19aadwtoe,61285.5232755,2,17.6335
ZTF19aadwtoe,61287.5124074,2,19.5887
ZTF19aadwtoe,61287.5153241,2,19.4807
ZTF19aadwtoe,61287.520625,2,18.8964
ZTF19aadwtoe,61301.5119676,2,20.2154
ZTF19aadwtoe,61304.5133218,2,20.1377
ZTF19aceqlxc,58745.4837963,2,19.2615
ZTF19aceqlxc,58745.5274769,1,18.7739
ZTF19aceqlxc,58748.4842824,2,19.0147
ZTF19aceqlxc,58748.5239236,1,19.2396
ZTF19aceqlxc,58751.4820255,1,19.7641
ZTF19aceqlxc,58756.4560417,1,19.8564
ZTF19aceqlxc,58758.5188079,1,20.3377
ZTF19aceqlxc,58759.4756019,1,20.2489
ZTF19aceqlxc,58763.4773264,1,20.3097
ZTF19aceqlxc,58766.463125,1,20.0107
ZTF19aceqlxc,58766.5279514,2,20.0457
ZTF19aceqlxc,58768.4666435,1,19.4602
ZTF19aceqlxc,58838.4367708,2,17.9345
ZTF19aceqlxc,59124.5233333,1,19.535
ZTF19aceqlxc,59128.4655324,1,19.0731
ZTF19aceqlxc,59128.5211574,2,19.1418
ZTF19aceqlxc,59143.4794792,2,20.5904
ZTF19aceqlxc,59143.5066088,1,20.8197
ZTF19aceqlxc,59150.5001273,2,20.4603
ZTF19aceqlxc,59174.4463657,2,20.0078
ZTF19aceqlxc,59178.5349653,2,20.3136
ZTF19aceqlxc,59186.3775,1,18.3325
ZTF19aceqlxc,59190.4462616,2,17.3749
ZTF19aceqlxc,59215.3382292,1,18.397
ZTF19aceqlxc,59215.3983218,2,18.5803
ZTF19aceqlxc,59223.3371296,1,20.2873
ZTF19aceqlxc,59248.2492245,2,20.2071
ZTF19aceqlxc,60924.5078588,2,19.7506
ZTF19aceqlxc,60924.5118403,2,19.7548
ZTF19aceqlxc,60924.5158218,2,19.4777
ZTF19aceqlxc,60928.5073032,2,19.3993
ZTF19aceqlxc,60928.5112037,2,19.3779
ZTF19aceqlxc,60928.5151273,2,19.1753
ZTF19aceqlxc,61285.5172338,2,18.3886
ZTF19aceqlxc,61285.5222222,2,17.5971
ZTF20aamrreb,58861.3145949,2,18.8443
ZTF20aamrreb,58864.3164352,2,19.9462
ZTF20aamrreb,58872.2503935,1,19.9447
ZTF20aamrreb,58876.230787,1,19.8722
ZTF20aamrreb,58879.2096412,1,19.1201
ZTF20aamrreb,58885.1910764,2,17.8673
ZTF20aamrreb,58885.2737269,1,18.4203
ZTF20aamrreb,58888.2515278,1,18.597
ZTF20aamrreb,59150.5227778,2,20.0002
ZTF20aamrreb,59151.5037731,2,19.4402
ZTF20aamrreb,59152.5000926,2,19.2896
ZTF20aamrreb,59152.5048727,1,19.111
ZTF20aamrreb,59153.4988889,2,19.1713
ZTF20aamrreb,59153.506956,1,18.8956
ZTF20aamrreb,59157.4805903,2,18.9976
ZTF20aamrreb,59157.5030324,1,18.9386
ZTF20aamrreb,59158.5207986,2,18.6722
ZTF20aamrreb,59159.5088194,1,19.5752
ZTF20aamrreb,59165.4378009,2,20.1458
ZTF20aamrreb,59165.5037384,1,20.0979
ZTF20aamrreb,59166.4931019,1,20.1171
ZTF20aamrreb,59166.5427894,2,20.0603
ZTF20aamrreb,59168.4224537,2,19.7488
ZTF20aamrreb,59168.4807755,1,20.1377
ZTF20aamrreb,59169.4822338,1,19.931
ZTF20aamrreb,59169.523206,2,19.5276
ZTF20aamrreb,59171.4808681,2,20.1196
ZTF20aamrreb,59171.5073843,1,20.1829
ZTF20aamrreb,59175.4814005,2,18.7999
ZTF20aamrreb,59175.5229282,1,16.9107
ZTF20aamrreb,59176.4854282,1,20.3753
ZTF20aamrreb,59176.5239931,2,19.9224
ZTF20aamrreb,59201.4079745,1,19.9633
ZTF20aamrreb,59201.4422917,2,19.7648
ZTF20aamrreb,59201.4830787,1,19.744
ZTF20aamrreb,59203.3781134,1,19.9111
ZTF20aamrreb,59203.4391435,2,19.5591
ZTF20aamrreb,59205.3764815,1,18.8951
ZTF20aamrreb,59205.4187963,1,17.0262
ZTF20aamrreb,59210.3969792,2,19.5345
ZTF20aamrreb,59216.3778009,2,19.3065
ZTF20aamrreb,59216.4365625,1,18.9084
ZTF20aamrreb,59217.3989583,1,19.3411
ZTF20aamrreb,59218.3445833,1,18.1693
ZTF20aamrreb,59218.3973148,2,19.707
ZTF20aamrreb,59218.4622338,1,19.3388
ZTF20aamrreb,59219.4145139,1,19.3451
ZTF20aamrreb,59219.4609375,2,19.6028
ZTF20aamrreb,59220.3734954,1,18.6062
ZTF20aamrreb,59220.3744329,1,17.9154
ZTF20aamrreb,59220.4759028,2,15.4724
ZTF20aamrreb,59220.4763657,2,15.4175
ZTF20aamrreb,59222.4540509,2,19.7496
ZTF20aamrreb,59222.455,2,19.8296
ZTF20aamrreb,59222.4993519,1,19.7672
ZTF20aamrreb,59224.3529977,1,19.8725
ZTF20aamrreb,59224.4174769,1,19.7708
ZTF20aamrreb,59226.3351505,1,19.8127
ZTF20aamrreb,59226.3778588,1,19.9307
ZTF20aamrreb,59226.4162616,2,19.711
ZTF20aamrreb,59228.3478935,2,20.174
ZTF20aamrreb,59228.349294,2,20.0295
ZTF20aamrreb,59228.358125,1,20.2731
ZTF20aamrreb,59228.3916204,1,20.1235
ZTF20aamrreb,59230.3349306,1,20.0749
ZTF20aamrreb,59230.3553125,1,20.1862
ZTF20aamrreb,59230.4275,2,19.7819
ZTF20aamrreb,59232.3350347,2,20.2275
ZTF20aamrreb,59232.3562269,1,20.2282
ZTF20aamrreb,59248.2719213,1,20.1157
ZTF20aamrreb,59248.3809144,2,19.7941
ZTF20aamrreb,59248.3993866,1,19.4464
ZTF20aamrreb,59249.335081,2,19.1662
ZTF20aamrreb,59249.3958912,2,18.8221
ZTF20aamrreb,59251.3170023,2,20.0588
ZTF20aamrreb,59251.3958681,1,19.5772
ZTF20aamrreb,59253.2517245,1,20.0228
ZTF20aamrreb,59253.2934259,2,20.3113
ZTF20aamrreb,59255.2933102,2,20.1046
ZTF20aamrreb,59262.2111227,2,19.4763
ZTF20aamrreb,59262.2946528,1,20.1244
ZTF20aamrreb,59264.2507292,1,19.8237
ZTF20aamrreb,59264.2512037,1,19.9245
ZTF20aamrreb,59266.2520255,2,19.0236
ZTF20aamrreb,59266.2734722,1,18.9734
ZTF20aamrreb,59267.2552662,1,19.3531
ZTF20aamrreb,59267.2934606,2,19.4645
ZTF20aamrreb,59268.1905324,1,19.3624
ZTF20aamrreb,59268.2726736,2,19.8442
ZTF20aamrreb,59269.2520139,1,19.2285
ZTF20aamrreb,59269.3143056,2,17.5407
ZTF20aamrreb,59270.2311574,1,18.8104
ZTF20aamrreb,59270.3271991,2,18.8935
ZTF20aamrreb,59271.2511921,2,18.8814
ZTF20aamrreb,59272.1685069,1,18.5712
ZTF20aamrreb,59272.2395486,2,18.7817
ZTF20aamrreb,59273.2511574,2,18.6414
ZTF20aamrreb,59273.2941319,1,18.26
ZTF20aamrreb,59274.2420023,1,18.642
ZTF20aamrreb,59274.3353819,2,18.5818
ZTF20aamrreb,59275.2095949,1,19.5655
ZTF20aamrreb,59275.2534491,2,19.3039
ZTF20aamrreb,59276.2929051,2,19.5957
ZTF20aamrreb,59278.2099421,1,19.5095
ZTF20aamrreb,59278.2739583,2,19.5775
ZTF20aamrreb,59280.2047454,1,20.3135
ZTF20aamrreb,59280.2522454,2,20.2922
ZTF20aamrreb,59281.3197685,1,19.5275
ZTF20aamrreb,59290.2096644,1,20.0906
ZTF20aamrreb,59290.2325347,2,19.9864
ZTF20aamrreb,59291.2742014,1,19.6471
ZTF20aamrreb,59292.2383912,2,19.9902
ZTF20aamrreb,59293.2305324,2,19.7388
ZTF20aamrreb,59293.2743519,1,19.7051
ZTF20aamrreb,59294.168206,1,19.6806
ZTF20aamrreb,59294.2096759,2,19.659
ZTF20aamrreb,59296.2108796,2,19.0904
ZTF20aamrreb,59296.2309954,2,18.6978
ZTF20aamrreb,59296.2900579,1,18.3685
ZTF20aamrreb,59298.241713,1,17.4753
ZTF20aamrreb,59298.2908449,2,18.2842
ZTF20aamrreb,59301.1685532,2,18.9504
ZTF20aamrreb,59301.2312616,1,18.4644
ZTF20aamrreb,59302.1490162,1,18.6825
ZTF20aamrreb,59302.1896412,2,19.2573
ZTF20aamrreb,59303.2102894,1,19.0332
ZTF20aamrreb,59303.2342361,2,19.1983
ZTF20aamrreb,59304.148831,2,19.7496
ZTF20aamrreb,59304.2091551,1,19.2857
ZTF20aamrreb,59305.2694097,1,17.4904
ZTF20aamrreb,59306.1861806,1,19.9991
ZTF20aamrreb,59306.2117014,2,19.9745
ZTF20aamrreb,59307.1517477,1,20.1302
ZTF20aamrreb,59307.2102315,2,19.8048
ZTF20aamrreb,59308.1913426,2,19.9936
ZTF20aamrreb,59309.1514815,1,19.5896
ZTF20aamrreb,59310.2181019,1,19.5177
ZTF20aamrreb,59311.1526505,2,18.2186
ZTF20aamrreb,59311.1894907,1,19.7239
ZTF20aamrreb,59312.2111111,1,19.9443
ZTF20aamrreb,59312.2553935,2,19.6303
ZTF20aamrreb,59313.1546759,1,19.7678
ZTF20aamrreb,59313.1896759,2,19.5111
ZTF20aamrreb,59314.2131829,1,19.6184
ZTF20aamrreb,59672.1491088,1,20.1021
ZTF20aamrreb,59672.1495833,1,20.2276
ZTF20aamrreb,59672.1696875,2,20.1952
ZTF20aamrreb,59674.1682755,1,19.9883
ZTF20aamrreb,59674.1687616,1,19.936
ZTF20aamrreb,59674.1900694,2,19.6988
ZTF20aamrreb,59674.2099306,2,19.8565
ZTF20aamrreb,59676.1694213,2,19.6754
ZTF20aamrreb,59676.2104398,1,19.3136
ZTF20aamrreb,59676.2109144,1,19.4284
ZTF20aamrreb,59678.168287,1,19.7437
ZTF20aamrreb,59678.1687731,1,19.7647
ZTF20aamrreb,59678.1920718,2,19.7416
ZTF20aamrreb,59881.4672685,1,19.9696
ZTF20aamrreb,59881.4991551,2,20.1008
ZTF20aamrreb,59883.4520602,2,19.6141
ZTF20aamrreb,59883.5195949,1,20.1884
ZTF20aamrreb,59893.4391667,1,18.361
ZTF20aamrreb,59893.4774769,2,18.832
ZTF20aamrreb,59896.4237384,2,18.9623
ZTF20aamrreb,59897.4234954,2,19.1124
ZTF20aamrreb,59898.4409606,1,19.5708
ZTF20aamrreb,59898.4708681,2,19.8422
ZTF20aamrreb,59900.4814815,1,19.5361
ZTF20aamrreb,59901.5028704,1,19.8714
ZTF20aamrreb,59902.443044,1,19.4216
ZTF20aamrreb,59904.4652778,2,19.572
ZTF20aamrreb,59908.4596991,1,19.1758
ZTF20aamrreb,59909.4803125,1,20.1247
ZTF20aamrreb,59910.4623148,2,19.9941
ZTF20aamrreb,59910.4815741,1,20.0528
ZTF20aamrreb,59910.4977662,1,19.9618
ZTF20aamrreb,59922.4188889,1,18.9767
ZTF20aamrreb,59922.4609259,2,19.499
ZTF20aamrreb,59923.358912,2,19.2435
ZTF20aamrreb,59923.3995949,1,19.1448
ZTF20aamrreb,59923.440081,2,19.4044
ZTF20aamrreb,59923.4605324,1,19.1782
ZTF20aamrreb,59930.4057292,1,19.7576
ZTF20aamrreb,59930.4340046,2,19.7483
ZTF20aamrreb,59930.4399074,1,19.8531
ZTF20aamrreb,59933.3359491,1,15.998
ZTF20aamrreb,59933.3952662,2,18.3775
ZTF20aamrreb,59933.4195949,1,18.8745
ZTF20aamrreb,59933.4615625,2,18.9403
ZTF20aamrreb,59935.3360648,1,19.4208
ZTF20aamrreb,59935.4401042,1,20.1414
ZTF20aamrreb,59937.3991551,1,19.4543
ZTF20aamrreb,59937.3996296,1,19.4217
ZTF20aamrreb,59937.4193056,2,19.3041
ZTF20aamrreb,59951.3194329,2,18.9732
ZTF20aamrreb,59957.3106366,2,19.762
ZTF20aamrreb,59957.3633565,1,19.4676
ZTF20aamrreb,60013.2934144,1,18.3262
ZTF20aamrreb,60016.2106597,2,19.7958
ZTF20aamrreb,60020.1892477,1,20.0829
ZTF20aamrreb,60020.1906713,1,20.0943
ZTF20aamrreb,60020.2314931,2,20.0253
ZTF20aamrreb,60020.2526736,2,20.0908
ZTF20aamrreb,60031.1501852,2,19.69
ZTF20aamrreb,60031.1693287,1,19.6533
ZTF20aamrreb,60031.1898032,1,19.6086
ZTF20aamrreb,60036.1893866,2,19.1949
ZTF20aamrreb,60043.1533565,1,19.9244
ZTF20aamrreb,60043.153831,1,19.822
ZTF20aamrreb,60043.2316088,2,18.8707
ZTF20aamrreb,60043.2590856,2,18.6866
ZTF20aamrreb,60045.1721065,1,20.1005
ZTF20aamrreb,60045.172581,1,20.1004
ZTF20aamrreb,60262.4386343,1,19.8275
ZTF20aamrreb,60262.4804167,2,20.069
ZTF20aamrreb,60287.3566898,2,19.3573
ZTF20aamrreb,60287.4408565,2,19.3269
ZTF20aamrreb,60287.4607639,1,19.4335
ZTF20aamrreb,60288.4566435,1,19.6097
ZTF20aamrreb,60288.4571181,1,19.7758
ZTF20aamrreb,60289.4394097,1,19.1796
ZTF20aamrreb,60290.4191435,2,19.9641
ZTF20aamrreb,60290.4399306,2,19.07
ZTF20aamrreb,60290.4792708,1,20.1609
ZTF20aamrreb,60290.496794,1,20.1006
ZTF20aamrreb,60306.4125231,2,19.4246
ZTF20aamrreb,60306.418831,1,18.8553
ZTF20aamrreb,60307.4490162,2,15.681
ZTF20aamrreb,60308.3519213,1,17.6526
ZTF20aamrreb,60308.397662,2,19.612
ZTF20aamrreb,60314.4126273,1,19.8859
ZTF20aamrreb,60315.3343056,2,19.4794
ZTF20aamrreb,60322.3272801,1,19.6042
ZTF20aamrreb,60322.3948958,2,19.7644
ZTF20aamrreb,60322.4394329,1,19.5149
ZTF20aamrreb,60324.2749769,2,19.9565
ZTF20aamrreb,60324.3553819,1,20.1492
ZTF20aamrreb,60324.3722801,1,20.0203
ZTF20aamrreb,60324.4411111,2,19.929
ZTF20aamrreb,60326.3183796,1,20.0148
ZTF20aamrreb,60326.3650694,1,20.1328
ZTF20aamrreb,60326.3979745,2,20.0304
ZTF20aamrreb,60328.3758912,2,19.9952
ZTF20aamrreb,60328.4395023,1,16.6318
ZTF20aamrreb,60334.2417361,2,18.5607
ZTF20aamrreb,60338.3359954,2,18.0844
ZTF20aamrreb,60339.2937963,2,19.7546
ZTF20aamrreb,60339.3581713,1,19.2085
ZTF20aamrreb,60341.2726042,1,19.8749
ZTF20aamrreb,60341.3148495,2,19.8229
ZTF20aamrreb,60341.4195023,1,18.7238
ZTF20aamrreb,60352.2904977,1,19.95
ZTF20aamrreb,60352.2909722,1,20.0533
ZTF20aamrreb,60352.3147917,2,20.1214
ZTF20aamrreb,60354.3717361,2,19.9498
ZTF20aamrreb,60357.3147222,2,20.0709
ZTF20aamrreb,60357.3572106,1,19.8593
ZTF20aamrreb,60357.3576736,1,19.7876
ZTF20aamrreb,60369.2602431,1,19.8302
ZTF20aamrreb,60378.189838,1,20.0238
ZTF20aamrreb,60378.2310995,2,19.8881
ZTF20aamrreb,60388.2522106,1,19.0634
ZTF20aamrreb,60388.2531481,1,19.2389
ZTF20aamrreb,60390.2108681,1,19.0308
ZTF20aamrreb,60391.1887037,1,19.1203
ZTF20aamrreb,60391.2103588,2,19.371
ZTF20aamrreb,60392.2362037,1,17.4674
ZTF20aamrreb,60397.2109838,1,19.5395
ZTF20aamrreb,60397.2124074,1,19.6539
ZTF20aamrreb,60397.2520949,2,19.4699
ZTF20aamrreb,60397.2525579,2,19.6447
ZTF20aamrreb,60403.1477546,1,19.9602
ZTF20aamrreb,60403.1482292,1,20.0023
ZTF20aamrreb,60676.2746644,2,18.5271
ZTF20aamrreb,60676.3728472,1,19.6753
ZTF20aamrreb,60678.3951505,1,19.0005
ZTF20aamrreb,60679.3482407,2,20.0182
ZTF20aamrreb,60679.3987847,1,19.9215
ZTF20aamrreb,60680.3576042,2,19.608
ZTF20aamrreb,60680.3763542,2,19.3925
ZTF20aamrreb,60680.4194329,1,19.405
ZTF20aamrreb,60681.3352778,2,18.6445
ZTF20aamrreb,60681.3811806,1,19.9877
ZTF20aamrreb,60682.3980671,1,19.482
ZTF20aamrreb,60684.2560764,1,18.6337
ZTF20aamrreb,60687.2954051,1,18.5662
ZTF20aamrreb,60687.3176852,2,18.7509
ZTF20aamrreb,60687.3553704,2,18.2715
ZTF20aamrreb,60688.3608565,2,18.932
ZTF20aamrreb,60688.418206,1,18.58
ZTF20aamrreb,60690.3564352,1,18.1783
ZTF20aamrreb,60690.415625,2,18.4006
ZTF20aamrreb,60691.3766204,2,19.1128
ZTF20aamrreb,60691.379919,2,19.2882
ZTF20aamrreb,60691.4191667,1,18.9184
ZTF20aamrreb,60692.3772801,2,19.4452
ZTF20aamrreb,60693.3765972,2,19.279
ZTF20aamrreb,60694.3546528,1,19.4654
ZTF20aamrreb,60695.3259838,2,19.9631
ZTF20aamrreb,60695.3533912,1,19.5947
ZTF20aamrreb,60698.3312037,2,19.6764
ZTF20aamrreb,60698.3316782,2,19.5163
ZTF20aamrreb,60705.2931134,2,19.8164
ZTF20aamrreb,60714.3516898,2,18.4998
ZTF20aamrreb,60714.3555556,2,17.0786
ZTF20aamrreb,60714.3975231,1,18.7802
ZTF20aamrreb,60714.3979977,1,18.8788
ZTF20aamrreb,60716.378206,1,18.8998
ZTF20aamrreb,60723.1924421,1,16.2203
ZTF20aamrreb,60723.2728588,2,18.2022
ZTF20aamrreb,60723.2956019,2,17.3716
ZTF20aamrreb,60724.315787,2,19.2719
ZTF20aamrreb,60724.3186111,2,19.5969
ZTF20aamrreb,60725.2286227,1,19.4221
ZTF20aamrreb,60725.252037,1,20.056
ZTF20aamrreb,60725.3693634,2,19.3921
ZTF20aamrreb,60726.2936458,2,19.8208
ZTF20aamrreb,60726.3013773,2,19.9576
ZTF20aamrreb,60726.3561343,1,19.6303
ZTF20aamrreb,60726.3566088,1,19.6864
ZTF20aamrreb,60728.2729167,1,18.5655
ZTF20aamrreb,60728.2752778,1,18.1646
ZTF20aamrreb,60728.3360417,2,19.5107
ZTF20aamrreb,60729.2312731,1,19.7601
ZTF20aamrreb,60729.2541898,2,19.8949
ZTF20aamrreb,60729.2546528,2,20.0377
ZTF20aamrreb,60729.2878472,1,19.7593
ZTF20aamrreb,60730.3300347,1,19.6298
ZTF20aamrreb,60730.3314699,1,19.6075
ZTF20aamrreb,60731.2109722,1,20.0281
ZTF20aamrreb,60731.2527315,1,19.9132
ZTF20aamrreb,60732.3161458,1,19.9332
ZTF20aamrreb,60733.251713,2,19.8499
ZTF20aamrreb,60733.2732292,1,19.8121
ZTF20aamrreb,60733.3336458,2,19.0495
ZTF20aamrreb,60739.226331,2,19.8966
ZTF20aamrreb,60739.2831713,1,19.7613
ZTF20aamrreb,60739.2836458,1,19.8828
ZTF20aamrreb,60744.210706,1,19.2353
ZTF20aamrreb,60744.2307176,1,19.1029
ZTF20aamrreb,60744.2969213,2,19.0762
ZTF20aamrreb,60751.2104861,1,18.2267
ZTF20aamrreb,60753.1891088,1,19.8458
ZTF20aamrreb,60755.2346528,1,19.6133
ZTF20aamrreb,60755.2355903,1,19.5674
ZTF20aamrreb,60755.2523495,2,19.1355
ZTF20aamrreb,60755.2738079,2,18.9663
ZTF20aamrreb,60757.2107986,1,20.1487
ZTF20aamrreb,60757.2112616,1,20.025
ZTF20aamrreb,60757.2319097,2,20.036
ZTF20aamrreb,60757.2323843,2,20.0785
ZTF20aamrreb,60759.1899537,2,19.7766
ZTF20aamrreb,60759.2096644,2,19.9279
ZTF20aamrreb,60759.2314352,1,19.9504
ZTF20aamrreb,60761.1688426,1,20.2546
ZTF20aamrreb,60761.1693171,1,20.3801
ZTF20aamrreb,60977.4793866,2,19.7929
ZTF20aamrreb,60979.5006829,1,20.2786
ZTF20aamrreb,60980.4602662,1,20.0971
ZTF20aamrreb,60981.5106944,2,20.2362
ZTF20aamrreb,60982.4718519,1,18.3031
ZTF20aamrreb,60984.5215394,1,18.6743
ZTF20aamrreb,60985.5170139,1,19.1178
ZTF20aamrreb,60986.5161227,2,19.4228
ZTF20aamrreb,60986.5592014,1,18.4449
ZTF20aamrreb,60987.4548843,1,19.3226
ZTF20aamrreb,60987.5575116,2,18.6218
ZTF20aamrreb,60988.4805093,1,19.2363
ZTF20aamrreb,60988.5511227,2,19.1356
ZTF20aamrreb,60990.4638079,1,19.4751
ZTF20aamrreb,60990.5534491,2,16.7091
ZTF20aamrreb,60991.4821412,1,18.8056
ZTF20aamrreb,60991.5536111,2,19.3127
ZTF20aamrreb,61003.4594097,2,19.9905
ZTF20aamrreb,61003.4820949,1,20.1904
ZTF20aamrreb,61004.522963,1,19.8559
ZTF20aamrreb,61005.4165278,1,20.0022
ZTF20aamrreb,61005.4601042,2,19.937
ZTF20aamrreb,61005.5033449,1,19.7886
ZTF20aamrreb,61006.3958218,2,18.9728
ZTF20aamrreb,61007.4103819,1,20.1068
ZTF20aamrreb,61007.5231366,1,20.0804
ZTF20aamrreb,61008.4800231,2,19.8849
ZTF20aamrreb,61008.522581,1,20.0518
ZTF20aamrreb,61009.3953819,2,19.912
ZTF20aamrreb,61010.4372685,1,19.7149
ZTF20aamrreb,61010.4596412,1,20.136
ZTF20aamrreb,61011.4085764,2,19.3716
ZTF20aamrreb,61013.5229051,1,18.2033
ZTF20aamrreb,61014.3751157,2,18.4726
ZTF20aamrreb,61014.4406944,1,18.7082
ZTF20aamrreb,61014.4592477,1,18.6642
ZTF20aamrreb,61014.5284954,2,18.7964
ZTF20aamrreb,61015.3782292,2,18.9881
ZTF20aamrreb,61015.4184954,1,18.9973
ZTF20aamrreb,61015.5010301,1,19.2506
ZTF20aamrreb,61015.5236921,2,19.4504
ZTF20aamrreb,61016.4633449,2,19.0968
ZTF20aamrreb,61016.4638194,2,19.1505
ZTF20aamrreb,61017.4191898,1,19.2531
ZTF20aamrreb,61017.4379745,1,19.1635
ZTF20aamrreb,61017.4810532,2,19.6494
ZTF20aamrreb,61021.3579398,1,19.7717
ZTF20aamrreb,61021.4306597,2,20.0591
ZTF20aamrreb,61021.5230671,1,19.7818
ZTF20aamrreb,61022.4400463,1,19.9947
ZTF20aamrreb,61024.3969792,2,20.2149
ZTF20aamrreb,61024.4747222,1,20.3449
ZTF20aamrreb,61025.4180324,1,19.6586
ZTF20aamrreb,61026.4181366,1,19.9801
ZTF20aamrreb,61026.4803935,2,19.8807
ZTF20aamrreb,61027.5018866,2,19.294
ZTF20aamrreb,61029.3983218,2,20.2313
ZTF20aamrreb,61029.4416088,1,20.3411
ZTF20aamrreb,61030.376169,2,19.9679
ZTF20aamrreb,61030.4247685,1,20.1726
ZTF20aamrreb,61030.4390046,1,19.8642
ZTF20aamrreb,61031.4058681,2,20.2776
ZTF20aamrreb,61031.4410069,1,20.2539
ZTF20aamrreb,61031.4414699,1,20.1682
ZTF20aamrreb,61038.3967014,1,19.651
ZTF20aamrreb,61038.4398495,2,19.4262
ZTF20aamrreb,61049.2988542,1,19.2904
ZTF20aamrreb,61049.4679167,2,18.9977
ZTF20aamrreb,61050.3535648,1,19.1595
ZTF20aamrreb,61050.3549884,1,19.0752
ZTF20aamrreb,61050.45625,2,18.7884
ZTF20aamrreb,61052.3015394,2,19.2346
ZTF20aamrreb,61052.3376852,1,19.5545
ZTF20aamrreb,61052.3549537,1,19.6201
ZTF20aamrreb,61052.4190394,2,19.2016
ZTF20aamrreb,61053.3766204,1,19.6369
ZTF20aamrreb,61053.4624537,2,19.2572
ZTF20aamrreb,61055.3573148,2,19.8302
ZTF20aamrreb,61055.388669,1,19.4341
ZTF20aamrreb,61055.3891319,1,19.5084
ZTF20aamrreb,61056.3866204,1,19.7316
ZTF20aamrreb,61056.4192245,2,19.6456
ZTF20aamrreb,61057.3349884,2,19.0285
ZTF20aamrreb,61057.3447685,2,19.4575
ZTF20aamrreb,61057.3771296,1,19.063
ZTF20aamrreb,61057.4000231,1,18.9551
ZTF20aamrreb,61058.3582176,1,19.864
ZTF20aamrreb,61059.3062731,2,20.0717
ZTF20aamrreb,61059.3491204,1,20.1333
ZTF20aamrreb,61059.3764699,1,20.0435
ZTF20aamrreb,61059.4251852,2,20.0439
ZTF20aamrreb,61060.3718519,1,19.9191
ZTF20aamrreb,61061.2610532,1,19.6928
ZTF20aamrreb,61061.2928009,2,19.7894
ZTF20aamrreb,61061.3549537,2,19.5003
ZTF20aamrreb,61061.412581,1,19.9163
ZTF20aamrreb,61066.3951389,1,17.1173
ZTF20aamrreb,61066.3977894,2,17.6896
ZTF20aamrreb,61066.3982639,2,17.1088
ZTF20aamrreb,61070.2915394,2,19.0175
ZTF20aamrreb,61070.3123611,1,18.8329
ZTF20aamrreb,61070.3128356,1,18.7845
ZTF20aamrreb,61070.3978588,2,18.8876
ZTF20aamrreb,61072.2450463,2,18.5039
ZTF20aamrreb,61072.3133333,2,18.7549
ZTF20aamrreb,61072.3560995,1,18.3595
ZTF20aamrreb,61072.3598611,1,18.4058
ZTF20aamrreb,61073.2445139,2,18.8263
ZTF20aamrreb,61073.2925694,1,18.7743
ZTF20aamrreb,61073.2935185,1,18.7378
ZTF20aamrreb,61074.2846759,2,18.9352
ZTF20aamrreb,61074.2927315,2,18.8094
ZTF20aamrreb,61074.4021991,1,18.5195
ZTF20aamrreb,61074.4026736,1,18.5328
ZTF20aamrreb,61075.2738889,2,19.1627
ZTF20aamrreb,61075.3757639,2,18.7868
ZTF20aamrreb,61075.4225,1,18.5757
ZTF20aamrreb,61077.3031944,2,18.6277
ZTF20aamrreb,61077.3497222,1,19.1704
ZTF20aamrreb,61077.3989931,1,18.3181
ZTF20aamrreb,61079.2517477,1,19.7729
ZTF20aamrreb,61080.3347222,2,19.8875
ZTF20aamrreb,61086.2650116,2,18.1712
ZTF20aamrreb,61086.3089583,1,18.7102
ZTF20aamrreb,61086.3363773,3,16.3276
ZTF20aamrreb,61093.1910069,3,19.2604
ZTF20aamrreb,61094.2233102,2,19.7091
ZTF20aamrreb,61094.252662,1,19.635
ZTF20aamrreb,61094.3616551,3,19.3169
ZTF20aamrreb,61095.2318519,1,19.5283
ZTF20aamrreb,61095.259294,3,19.5742
ZTF20aamrreb,61095.2739236,2,19.8751
ZTF20aamrreb,61095.3142708,1,19.7254
ZTF20aamrreb,61096.1930787,1,19.5379
ZTF20aamrreb,61096.2459144,2,19.2597
ZTF20aamrreb,61097.1724537,3,19.4836
ZTF20aamrreb,61097.2315741,2,19.6423
ZTF20aamrreb,61097.2727546,1,19.3731
ZTF20aamrreb,61097.2732292,1,19.4187
ZTF20aamrreb,61098.1800231,3,19.1761
ZTF20aamrreb,61098.2511806,1,19.3599
ZTF20aamrreb,61098.3210764,2,19.6626
ZTF20aamrreb,61099.1492824,2,19.5056
ZTF20aamrreb,61099.2741898,3,18.5867
ZTF20aamrreb,61100.1884954,2,19.3195
ZTF20acveadu,59158.4751157,1,19.3779
ZTF20acveadu,59158.5398727,2,15.8538
ZTF20acveadu,59165.5056134,1,20.5009
ZTF20acveadu,59168.4570023,2,20.0128
ZTF20acveadu,59168.4840741,1,20.3947
ZTF20acveadu,59170.4637384,1,20.5079
ZTF20acveadu,59170.5188657,2,20.2845
ZTF20acveadu,59173.5057639,2,19.822
ZTF20acveadu,59175.5234375,1,18.045
ZTF20acveadu,59176.5019444,1,20.6808
ZTF20acveadu,59176.5267708,2,20.1152
ZTF20acveadu,59178.5459144,2,20.4818
ZTF20acveadu,59180.5229514,2,19.3861
ZTF20acveadu,59182.4815394,2,19.7517
ZTF20acveadu,59182.5231829,1,19.0792
ZTF20acveadu,59184.4418866,1,19.3904
ZTF20acveadu,59184.498125,2,19.505
ZTF20acveadu,59186.5058912,1,18.6065
ZTF20acveadu,59192.416956,1,17.2541
ZTF20acveadu,59201.4461343,2,20.0999
ZTF20acveadu,59220.3702083,1,18.8254
ZTF20acveadu,59220.4204514,2,16.6613
ZTF20acveadu,59248.2904977,1,20.2977
ZTF20acveadu,59254.2769329,1,20.7756
ZTF20acveadu,59269.2534144,1,19.6011
ZTF20acveadu,59269.3315394,2,14.6975
ZTF20acveadu,59271.2525926,2,19.044
ZTF20acveadu,59271.3658449,1,18.5887
ZTF20acveadu,59273.3029745,1,18.6417
ZTF20acveadu,59275.1896065,1,19.9916
ZTF20acveadu,59281.3211806,1,19.9501
ZTF20acveadu,59293.1503704,1,20.0676
ZTF20acveadu,60572.5221412,2,18.5554
ZTF20acveadu,60574.5206134,2,18.9193
ZTF20acveadu,60941.5174653,2,19.7028
ZTF20acveadu,60941.5214352,2,19.5755
ZTF20acveadu,60941.5254167,2,19.2118
ZTF20acveadu,60949.5223611,2,19.6252
ZTF20acveadu,60949.5263542,2,19.4547
ZTF20acveadu,60949.5303356,2,19.1934
ZTF20acveadu,61056.3304514,2,20.3328
ZTF20acveadu,61056.3557639,1,19.9378
ZTF20acveadu,61058.3605787,1,20.2198
ZTF20acveadu,61060.2938657,2,20.3654
ZTF20acveadu,61060.3533912,1,20.2358
ZTF20acveadu,61065.3127546,1,20.1907
ZTF20acveadu,61065.3300694,2,20.141
ZTF20acveadu,61070.2901273,2,19.2016
ZTF20acveadu,61070.3147338,1,19.0466
ZTF20acveadu,61072.2722338,2,18.6343
ZTF20acveadu,61072.3579861,1,18.6115
ZTF20acveadu,61073.2521528,2,18.7462
ZTF20acveadu,61073.3584259,1,18.818
ZTF20acveadu,61075.1857407,1,18.876
ZTF20acveadu,61075.27625,2,19.2641
ZTF20acveadu,61077.293206,2,19.2321
ZTF20acveadu,61078.2732986,2,18.4161
ZTF20acveadu,61078.4155324,1,17.174
ZTF20acveadu,61079.310787,2,19.8281
ZTF20acveadu,61079.4700579,1,19.0634
ZTF20acveadu,61079.4705208,1,19.0275
ZTF20acveadu,61080.2953125,1,20.2329
ZTF20acveadu,61080.2962616,1,20.3784
ZTF20acveadu,61080.338588,2,20.3963
ZTF20acveadu,61080.3395255,2,20.2967
ZTF20acveadu,61081.4275579,1,17.2671
ZTF20acveadu,61085.3516782,1,20.4936
ZTF20acveadu,61086.2736806,2,19.0023
ZTF20acveadu,61086.3154167,3,17.7613
ZTF20acveadu,61087.2197685,2,19.3817
ZTF20acveadu,61093.2510301,1,19.7113
ZTF20acveadu,61093.2945023,2,19.8187
ZTF20acveadu,61094.221412,2,20.2201
ZTF20acveadu,61095.2886806,2,20.3192
ZTF20acveadu,61095.3410648,1,20.0725
ZTF20acveadu,61096.1973148,1,19.8722
ZTF20acveadu,61096.251794,2,19.6905
ZTF20acveadu,61097.3568634,1,19.6087
ZTF20acveadu,61098.278588,1,19.5905
ZTF20acveadu,61098.3220139,2,19.7274
ZTF20acveadu,61099.150706,2,19.6056
ZTF20acveadu,61099.2814931,3,18.3398
ZTF20acveadu,61100.2251968,2,19.5154
ZTF20acveadu,61100.2536227,1,19.2419
ZTF20acveadu,61101.1711921,3,18.0493
ZTF20acveadu,61101.2731019,1,19.0602
ZTF20acveadu,61101.3913079,2,18.6378
ZTF20acveadu,61102.2453588,2,19.2575
ZTF20acveadu,61102.3066782,1,18.9164
ZTF20acveadu,61105.2664583,3,19.379
ZTF20acveadu,61105.3809838,2,19.0417
ZTF20acveadu,61106.165162,2,19.8922
ZTF20acveadu,61106.2105787,1,19.8414
ZTF20acveadu,61107.2329861,2,19.1951
ZTF20acveadu,61107.2523727,1,19.8278
ZTF20acveadu,61108.1821759,2,19.9939
ZTF20acveadu,61111.2888773,2,20.3451
ZTF20acveadu,61111.3228819,1,19.9649
ZTF20acveadu,61112.2997569,2,20.2079
ZTF20acveadu,61113.1841898,2,19.9197
ZTF20acveadu,61113.221875,1,20.3244
ZTF20acveadu,61113.2884722,3,19.5499
ZTF20acveadu,61114.3428472,2,19.9379
ZTF20acveadu,61116.2131597,2,20.2658
ZTF20acveadu,61116.2693981,1,20.1843
ZTF20acveadu,61119.2071296,2,20.1491
ZTF20acveadu,61119.2528472,1,20.489
ZTF20acveadu,61125.1506481,1,19.9429
ZTF20acveadu,61125.1951157,2,20.1049
ZTF20acveadu,61126.1686227,2,19.9468
ZTF20acveadu,61126.1925694,1,19.8312
ZTF20acveadu,61127.1527199,3,15.8647
ZTF20acveadu,61127.1708218,2,15.664
ZTF20acveadu,61127.2245949,1,16.0199
ZTF20acveadu,61129.1912616,2,19.2875
ZTF20acveadu,61129.2325463,1,19.2237
ZTF20acveadu,61130.1655903,3,16.4712
ZTF20acveadu,61132.2112616,2,19.5512
ZTF20acveadu,61135.1489815,2,20.3128
ZTF20acveadu,61137.1742361,2,20.3313
ZTF20acveadu,61138.1526852,2,20.248
ZTF20acveadu,61139.2169907,1,19.8576
ZTF20acveadu,61140.1622106,2,20.0353
ZTF20acveadu,61140.214213,1,20.3623
ZTF20acveadu,61155.1668056,3,18.6931
ZTF21aabyifm,59193.4641782,1,19.8284
ZTF21aabyifm,59193.5365625,2,20.1389
ZTF21aabyifm,59195.5072222,2,19.8726
ZTF21aabyifm,59195.5289931,1,20.0656
ZTF21aabyifm,59198.4624653,2,19.8901
ZTF21aabyifm,59198.5268287,1,20.2035
ZTF21aabyifm,59200.448912,1,18.9831
ZTF21aabyifm,59200.5259491,2,19.3916
ZTF21aabyifm,59203.5025926,2,19.9406
ZTF21aabyifm,59203.5429514,1,20.3742
ZTF21aabyifm,59215.4791088,2,19.322
ZTF21aabyifm,59217.4105208,2,19.4787
ZTF21aabyifm,59265.3989583,1,20.8232
ZTF21aabyifm,59267.3786111,1,20.0755
ZTF21aabyifm,59267.4186806,2,20.1512
ZTF21aabyifm,59271.3989583,1,18.9722
ZTF21aabyifm,59275.2985532,1,19.1039
ZTF21aabyifm,59303.359375,1,19.1869
ZTF21aabyifm,59305.3207639,1,19.4083
ZTF21aabyifm,59315.2701157,2,18.7248
ZTF21aabyifm,59315.2768056,1,18.5363
ZTF21aabyifm,59321.2753009,2,20.7574
ZTF21aabyifm,59323.3411574,2,20.2374
ZTF21aabyifm,59325.3371296,1,19.6848
ZTF21aabyifm,59334.2707986,2,20.2124
ZTF21aabyifm,60978.5541782,2,17.8116
ZTF21aabyifm,60979.5484491,2,18.6568
ZTF21aabyifm,60979.5534838,2,17.8456
ZTF21aabyifm,60981.5547106,2,17.9327
ZTF21aabyifm,60982.5504051,2,18.4598
ZTF21aabyifm,60982.555463,2,17.4378
ZTF21aabyifm,60992.5577083,2,19.1595
ZTF21aabyifm,60992.5615972,2,18.7744
ZTF21aabyifm,61002.5292593,1,20.1061
ZTF21aabyifm,61004.5059722,2,20.1886
ZTF21aabyifm,61005.55,2,19.8949
ZTF21aabyifm,61006.5486921,2,17.367
ZTF21aabyifm,61007.5499769,2,20.2654
ZTF21aabyifm,61008.5199421,2,20.1378
ZTF21aabyifm,61008.540706,1,20.2386
ZTF21aabyifm,61009.5499884,2,20.1729
ZTF21aabyifm,61010.4938542,1,19.8845
ZTF21aabyifm,61010.5318403,2,20.1252
ZTF21abouxex,59393.365162,1,19.293
ZTF21abouxex,59393.4560648,2,20.0886
ZTF21abouxex,59396.404213,2,20.098
ZTF21abouxex,59396.4486806,1,20.1047
ZTF21abouxex,59400.4126157,1,20.6301
ZTF21abouxex,59400.4497917,2,20.5675
ZTF21abouxex,59402.425625,2,20.5935
ZTF21abouxex,59402.4543866,1,20.8257
ZTF21abouxex,59404.4060301,1,20.5421
ZTF21abouxex,59404.4485069,2,20.4889
ZTF21abouxex,59407.4241204,2,20.535
ZTF21abouxex,59409.4364931,1,20.754
ZTF21abouxex,59409.448044,2,20.8095
ZTF21abouxex,59411.4033912,1,20.5386
ZTF21abouxex,59411.4549653,2,20.7072
ZTF21abouxex,59414.4032755,1,20.8956
ZTF21abouxex,59414.4474653,2,20.8828
ZTF21abouxex,59416.4324537,2,18.7299
ZTF21abouxex,59418.3928125,2,19.5217
ZTF21abouxex,59418.4596528,1,19.4567
ZTF21abouxex,59422.4582292,1,19.8278
ZTF21abouxex,59424.381956,2,20.138
ZTF21abouxex,59430.4095139,1,20.9202
ZTF21abouxex,59435.3625579,2,20.888
ZTF21abouxex,59448.3051736,2,19.4574
ZTF21abouxex,59450.3653472,2,18.7921
ZTF21abouxex,59450.4207523,1,18.9348
ZTF21abouxex,59478.2394213,2,19.4626
ZTF21abouxex,59478.3501389,1,19.1953
ZTF21abouxex,59480.2908681,2,19.826
ZTF21abouxex,59480.3441551,1,19.4411
ZTF21abouxex,59517.24625,2,20.8629
ZTF21abouxex,59537.2144097,1,18.8293
ZTF21abouxex,59537.3073032,2,19.7085
ZTF21abouxex,59540.3012616,1,18.8886
ZTF21abouxex,59550.1083333,2,20.5815
ZTF21abouxex,59690.4970486,2,19.2291
ZTF21abouxex,59690.4994097,2,19.3434
ZTF21abouxex,59690.5017824,2,19.115
ZTF21abouxex,59690.5041435,2,19.1011
ZTF21abouxex,59690.5065046,2,18.9083
ZTF21abouxex,59693.4966088,2,19.1396
ZTF21abouxex,59693.4990509,2,19.0493
ZTF21abouxex,59693.5014815,2,19.0152
ZTF21abouxex,59693.503912,2,18.8394
ZTF21abouxex,59693.5063542,2,18.6502
ZTF21abouxex,59694.4927894,2,18.8177
ZTF21abouxex,59694.4946759,2,18.4765
ZTF21abouxex,59694.497037,2,18.5521
ZTF21abouxex,59694.4993981,2,18.3329
ZTF21abouxex,59694.5017477,2,18.319
ZTF21abouxex,59696.4912384,2,19.6538
ZTF21abouxex,59696.4935995,2,19.431
ZTF21abouxex,59696.4959722,2,19.2783
ZTF21abouxex,59696.4983333,2,19.1938
ZTF21abouxex,59696.500706,2,18.9938
ZTF21abouxex,59697.4931481,2,19.7529
ZTF21abouxex,59697.4955208,2,19.5811
ZTF21abouxex,59697.4978935,2,19.4996
ZTF21abouxex,59697.5002662,2,19.3443
ZTF21abouxex,59697.5026389,2,19.1199
ZTF21abouxex,59698.4931713,2,19.4614
ZTF21abouxex,59698.4980208,2,19.367
ZTF21abouxex,59698.5004514,2,19.1229
ZTF21abouxex,59699.49875,2,19.5729
ZTF21abouxex,59699.5011806,2,19.29
ZTF21abouxex,59700.4952894,2,19.4051
ZTF21abouxex,59700.4977199,2,19.4268
ZTF21abouxex,59700.5001389,2,18.9288
ZTF21abouxex,59701.4875,1,19.7359
ZTF21abouxex,59701.4922338,1,19.581
ZTF21abouxex,59701.4946065,1,19.4253
ZTF21abouxex,59701.4969792,1,19.1982
ZTF21abouxex,59707.4734144,2,19.5216
ZTF21abouxex,59707.4753356,2,19.6923
ZTF21abouxex,59707.4791898,2,19.5868
ZTF21abouxex,59707.4811111,2,19.5907
ZTF21abouxex,59708.4789005,2,19.753
ZTF21abouxex,59708.4808449,2,19.9827
ZTF21abouxex,59709.4719097,2,17.8669
ZTF21abouxex,59709.4738426,2,17.7692
ZTF21abouxex,59709.475787,2,17.8484
ZTF21abouxex,59710.4801968,2,19.9793
ZTF21abouxex,59711.4707755,2,19.9304
ZTF21abouxex,59711.4727894,2,19.8658
ZTF21abouxex,59711.4748032,2,19.8952
ZTF21abouxex,59711.4768171,2,19.7631
ZTF21abouxex,59711.478831,2,19.8407
ZTF21abouxex,59712.4726157,2,20.2462
ZTF21abouxex,59712.4745833,2,20.1408
ZTF21abouxex,59712.4765625,2,20.1067
ZTF21abouxex,59712.4785301,2,19.9713
ZTF21abouxex,59740.4007292,1,20.3001
ZTF21abouxex,59743.4262847,1,19.4241
ZTF21abouxex,59748.4134722,1,19.6851
ZTF21abouxex,59762.4276042,3,20.2477
ZTF21abouxex,59762.4544676,3,20.2278
ZTF21abouxex,59781.4341898,1,19.3389
ZTF21abouxex,59783.3883102,2,19.9187
ZTF21abouxex,59793.3941898,2,19.1712
ZTF21abouxex,59795.3943866,2,20.4408
ZTF21abouxex,59801.4218171,1,20.0504
ZTF21abouxex,59803.381412,2,19.7828
ZTF21abouxex,59803.444838,1,19.4375
ZTF21abouxex,59806.3710648,2,20.0083
ZTF21abouxex,59806.4456134,1,19.6501
ZTF21abouxex,59812.3003125,1,20.7781
ZTF21abouxex,59814.3315856,1,20.815
ZTF21abouxex,59816.3920833,2,20.3616
ZTF21abouxex,59818.3690394,1,20.9557
ZTF21abouxex,59818.4099769,2,20.792
ZTF21abouxex,59824.3722685,2,20.5011
ZTF21abouxex,59829.4043056,1,20.4217
ZTF21abouxex,59848.24375,2,20.8628
ZTF21abouxex,59856.2539699,1,20.2601
ZTF21abouxex,59862.2229167,1,19.3387
ZTF21abouxex,59864.1594907,1,19.779
ZTF21abouxex,59871.1716435,2,20.6353
ZTF21abouxex,59881.2831366,2,20.6434
ZTF21abouxex,59888.2220139,1,18.7136
ZTF21abouxex,59896.2796065,2,19.8204
ZTF21abouxex,59904.2038079,2,20.3727
ZTF21abouxex,59913.1518403,2,20.1997
ZTF21abouxex,59922.1993634,2,19.9361
ZTF21abouxex,59937.260625,1,19.1933
ZTF21abouxex,59953.145544,1,17.2344
ZTF21abouxex,59957.1610417,2,18.566
ZTF21abouxex,59966.1410185,2,19.3334
ZTF21abouxex,59970.1609144,1,18.9634
ZTF21abouxex,60064.5015741,2,19.3196
ZTF21abouxex,60128.4163426,2,19.7172
ZTF21abouxex,60156.3705671,2,19.9677
ZTF21abouxex,60209.2844792,2,20.0686
ZTF21abouxex,60221.195162,1,20.2471
ZTF21abouxex,60316.1380324,1,19.8661
ZTF21abouxex,60414.5148032,2,17.9164
ZTF21abouxex,60414.5152778,2,17.927
ZTF21abouxex,60416.509456,2,18.9512
ZTF21abouxex,60416.5104051,2,18.883
ZTF21abouxex,60419.5053241,2,19.1172
ZTF21abouxex,60423.494294,2,19.1215
ZTF21abouxex,60424.4881019,2,18.8736
ZTF21abouxex,60424.4904977,2,18.8908
ZTF21abouxex,60424.4930208,2,18.8125
ZTF21abouxex,60514.3617477,2,19.6149
ZTF21abouxex,60527.3199074,1,20.5775
ZTF21abouxex,60533.3451157,2,21.1022
ZTF21abouxex,60538.4127662,2,20.6368
ZTF21abouxex,60543.3630671,1,19.5014
ZTF21abouxex,60560.3380787,2,19.5411
ZTF21abouxex,60560.3814005,1,20.5001
ZTF21abouxex,60569.3072338,1,19.2548
ZTF21abouxex,60575.2562731,3,20.0667
ZTF21abouxex,60575.3651389,2,20.2403
ZTF21abouxex,60576.2175116,2,20.6048
ZTF21abouxex,60576.3240278,3,19.9859
ZTF21abouxex,60577.3169907,3,20.0089
ZTF21abouxex,60578.3464005,2,20.6839
ZTF21abouxex,60598.2340741,1,19.574
ZTF21abouxex,60600.2345949,2,19.1907
ZTF21abouxex,60600.2811574,1,18.9657
ZTF21abouxex,60603.2606481,1,19.9435
ZTF21abouxex,60607.2073495,2,20.7399
ZTF21abouxex,60621.1656829,1,19.38
ZTF21abouxex,60621.2085764,2,19.3388
ZTF21abouxex,60627.1991898,1,19.1873
ZTF21abouxex,60629.1932986,1,19.4269
ZTF21abouxex,60636.3008681,1,18.8154
ZTF21abouxex,60645.1429514,2,17.0087
ZTF21abouxex,60647.2231829,1,20.3444
ZTF21abouxex,60655.2825694,2,17.0376
ZTF21abouxex,60658.1509144,2,19.86
ZTF21abouxex,60660.094456,1,19.5969
ZTF21abouxex,60667.1531597,2,20.0961
ZTF21abouxex,60671.1498264,1,16.4664
ZTF21abouxex,60681.1034954,2,19.5993
ZTF21abouxex,60684.1021875,1,18.6248
ZTF21abouxex,60684.1858102,2,18.6375
ZTF21abouxex,60686.1372917,1,18.5666
ZTF21abouxex,60688.203588,1,18.1517
ZTF21abouxex,60690.1772917,2,18.3644
ZTF21abouxex,60694.1668171,1,19.4077
ZTF21abouxex,60697.1141667,1,18.089
ZTF21abouxex,60775.518912,2,18.6168
ZTF21abouxex,60775.5193866,2,18.5364
ZTF21abouxex,60781.5102546,2,18.6285
ZTF21abouxex,60781.5126505,2,18.6432
ZTF21abouxex,60785.4949769,2,19.5028
ZTF21abouxex,60785.4999769,2,19.535
ZTF21abouxex,60785.5054051,2,19.1845
ZTF21abouxex,60786.4935301,2,16.6377
ZTF21abouxex,60786.4979398,2,16.91
ZTF21abouxex,60786.5027778,2,18.2699
ZTF21abouxex,60787.4912847,2,19.5752
ZTF21abouxex,60787.4957292,2,19.5474
ZTF21abouxex,60787.5005903,2,19.1511
ZTF21abouxex,60788.5016898,2,19.6194
ZTF21abouxex,60795.4843056,2,19.9124
ZTF21abouxex,60826.4569907,2,18.4024
ZTF21abouxex,60847.3852662,1,20.2838
ZTF21abouxex,60853.3918519,2,20.5472
ZTF21abouxex,60853.4735532,1,20.4084
ZTF21abouxex,60857.4013773,2,20.6023
ZTF21abouxex,60895.4201042,1,19.6367
ZTF21abouxex,60927.2727315,2,19.7114
ZTF21abouxex,60951.2731597,2,20.3948
ZTF21abouxex,60955.3251389,1,19.1255
ZTF21abouxex,60955.3403935,2,19.3191
ZTF21abouxex,60982.1826273,1,19.3274
ZTF21abouxex,60992.1946991,2,18.3117
ZTF21abouxex,61032.1376389,2,17.274
ZTF21abouxex,61061.1217477,1,17.8268
ZTF21abouxex,61061.1424074,2,17.1975
ZTF21abouxex,61066.153831,2,16.62
ZTF21abouxex,61068.1540394,1,15.7926
ZTF21abouxex,61138.5235185,2,18.0191
ZTF21abouxex,61138.5239931,2,17.9882
ZTF21abouxex,61138.5264236,2,17.6423
ZTF21abouxex,61145.5112963,2,18.8356
ZTF21abouxex,61145.5186806,2,17.5325
ZTF21abouxex,61150.5134259,2,18.3424
ZTF21abouxex,61154.5090394,2,18.716
ZTF21abouxex,61161.4962616,2,18.9556
ZTF23aaritkm,60861.3181366,2,20.2931
ZTF23aaritkm,60861.4060069,1,20.9219
ZTF23aaritkm,60863.2520486,1,19.8561
ZTF23aaritkm,60863.3128819,2,20.126
ZTF23aaritkm,60865.2536227,1,19.7577
ZTF23aaritkm,60865.3215741,2,19.9219
ZTF23aaritkm,60867.2178241,1,19.3232
ZTF23aaritkm,60867.278912,2,19.873
ZTF23aaritkm,60869.1919676,1,20.6385
ZTF23aaritkm,60869.3026042,2,20.1129
ZTF23aaritkm,60871.2383333,1,20.5085
ZTF23aaritkm,60871.2911574,2,20.0139
ZTF23aaritkm,60873.2338426,1,20.5964
ZTF23aaritkm,60873.289456,2,20.3269
ZTF23aaritkm,60876.2190162,1,20.5024
ZTF23aaritkm,60876.2565278,2,20.3745
ZTF23aaritkm,60878.2571412,2,20.7493
ZTF23aaritkm,60878.3481944,1,20.7403
ZTF23aaritkm,60880.2675694,2,20.5125
ZTF23aaritkm,60880.2968866,1,20.9567
ZTF23aaritkm,60882.2121528,1,20.2748
ZTF23aaritkm,60884.1915856,1,20.795
ZTF23aaritkm,60884.2657292,2,20.683
ZTF23aaritkm,60886.217037,2,20.2649
ZTF23aaritkm,60886.2622917,1,20.3137
ZTF23aaritkm,60888.2560648,1,20.8457
ZTF23aaritkm,60910.2478009,1,20.384
ZTF23aaritkm,60944.1867708,1,20.1519
ZTF23aaritkm,60949.1596528,2,20.2598
ZTF23aaritkm,60951.1979977,1,19.8486
ZTF23aaritkm,60955.1452894,2,19.3149
ZTF23aaritkm,60955.1867361,1,18.9794
ZTF23aaritkm,60957.1302662,1,20.0713
ZTF23aaritkm,60960.1150231,1,20.8329
ZTF23aaritkm,60967.1244329,2,19.5534
ZTF23aaritkm,60967.163588,1,19.932
ZTF23abifxlj,60194.3108218,1,20.6622
ZTF23abifxlj,60194.3195023,2,20.6517
ZTF23abifxlj,60196.2750116,1,20.2493
ZTF23abifxlj,60196.3537616,2,20.7177
ZTF23abifxlj,60200.3882523,1,20.7881
ZTF23abifxlj,60200.4283796,2,20.69
ZTF23abifxlj,60202.2235648,1,20.6594
ZTF23abifxlj,60202.2690046,2,20.7384
ZTF23abifxlj,60204.3415856,1,20.9875
ZTF23abifxlj,60204.3809259,2,20.8542
ZTF23abifxlj,60206.2280903,2,20.5695
ZTF23abifxlj,60206.3958796,1,20.7326
ZTF23abifxlj,60209.2835417,2,19.8374
ZTF23abifxlj,60209.3178009,1,20.3939
ZTF23abifxlj,60212.3881713,2,20.7021
ZTF23abifxlj,60212.4029861,1,20.5193
ZTF23abifxlj,60214.2532986,2,19.7949
ZTF23abifxlj,60214.4208681,1,19.3813
ZTF23abifxlj,60216.1741898,2,19.4016
ZTF23abifxlj,60216.3145255,1,19.1961
ZTF23abifxlj,60221.193287,1,20.2701
ZTF23abifxlj,60221.2270718,2,20.3859
ZTF23abifxlj,60949.3074421,2,20.5596
ZTF23abifxlj,60949.3529514,1,20.613
ZTF23abifxlj,60951.2521875,2,20.3183
ZTF23abifxlj,60951.368287,1,20.0492
ZTF23abifxlj,60953.213669,2,19.6479
ZTF23abifxlj,60953.3067477,1,19.3421
ZTF23abifxlj,60955.2141435,1,19.005
ZTF23abifxlj,60955.3079167,2,19.2509
ZTF23abifxlj,60957.2345486,2,19.6485
ZTF23abifxlj,60957.2872569,1,19.5311
ZTF23abifxlj,60960.2235532,1,20.5722
ZTF23abifxlj,60960.3312847,2,20.2418
ZTF23abifxlj,60964.3510764,1,19.8973
ZTF23abifxlj,60966.1697917,2,20.5591
ZTF23abifxlj,60966.2339699,1,20.6199
ZTF23abifxlj,60968.128588,2,20.5293
ZTF23abifxlj,60968.2409491,1,20.6013
ZTF23abifxlj,60970.195,2,20.5989
ZTF23abifxlj,60972.2240856,2,20.436
ZTF23abifxlj,60972.2806134,1,20.3044
ZTF23abifxlj,60974.2489699,2,20.1928
ZTF23abifxlj,60974.3051273,1,20.4627
ZTF23abifxlj,60976.2083565,1,20.4171
ZTF23abifxlj,60976.2583333,2,20.2872
ZTF23abifxlj,60978.326088,1,20.3261
ZTF23abifxlj,61010.1001736,2,16.3567
ZTF23abifxlj,61010.1795602,1,19.1856
ZTF23abifxlj,61014.1387153,1,19.1188
ZTF23abifxlj,61020.165162,1,20.278
ZTF23abifxlj,61022.1456366,1,19.7643
ZTF23abifxlj,61028.1889005,1,20.0643
ZTF24aayqrow,60519.3915972,2,20.3883
ZTF24aayqrow,60519.4188194,1,20.2536
ZTF24aayqrow,60521.4177431,1,20.0227
ZTF24aayqrow,60521.4201736,2,20.1134
ZTF24aayqrow,60525.3111111,2,20.4431
ZTF24aayqrow,60529.3942824,2,19.9185
ZTF24aayqrow,60535.4133102,2,20.5428
ZTF24aayqrow,60544.3315509,2,19.3344
ZTF24aayqrow,60544.3602778,1,19.2045
ZTF24aayqrow,60610.1703588,2,19.7172
ZTF24aayqrow,60610.2530324,1,17.0134
ZTF24aayqrow,60620.2088079,1,18.8029
ZTF24aayqrow,60634.2157176,2,17.0001
ZTF24aayqrow,60639.1060532,1,18.4622
ZTF24aayqrow,60654.1134954,1,19.0033
ZTF24aayqrow,60656.156412,1,16.3239
ZTF24aayqrow,60826.4372801,1,17.1674
ZTF24aayqrow,60834.4067593,1,19.5937
ZTF24aayqrow,60841.3780671,2,19.4113
ZTF24aayqrow,60847.4605208,1,20.2332
ZTF24aayqrow,60863.362581,1,19.7738
ZTF24aayqrow,60865.3622917,1,19.447
ZTF24aayqrow,60865.3735417,1,19.5313
ZTF24aayqrow,60866.3819213,2,19.4809
ZTF24aayqrow,60867.3717014,1,19.0314
ZTF24aayqrow,60867.3726389,1,19.0755
ZTF24aayqrow,60868.4089699,2,19.2631
ZTF24aayqrow,60872.4181829,2,19.3362
ZTF24aayqrow,60873.3026968,2,19.3891
ZTF24aayqrow,60876.3420602,3,19.8742
ZTF24aayqrow,60876.4060764,2,20.5066
ZTF24aayqrow,60879.3802083,2,20.214
ZTF24aayqrow,60882.4213426,2,20.1373
ZTF24aayqrow,60889.3147569,2,20.3203
ZTF24aayqrow,60889.3765046,1,20.6491
ZTF24aayqrow,60889.4211343,1,20.567
ZTF24aayqrow,60889.4216088,1,20.5758
ZTF24aayqrow,60891.2725,1,19.8461
ZTF24aayqrow,60894.37375,2,19.7536
ZTF24aayqrow,60894.3746875,2,19.7492
ZTF24aayqrow,60894.4191435,1,19.5325
ZTF24aayqrow,60894.4214931,1,19.5407
ZTF24aayqrow,60895.3894792,2,19.0693
ZTF24aayqrow,60899.3796412,2,19.0492
ZTF24aayqrow,60899.3986806,1,18.7475
ZTF24aayqrow,60899.3996181,1,18.7957
ZTF24aayqrow,60899.4005556,1,18.7594
ZTF24aayqrow,60899.4305208,2,19.153
ZTF24aayqrow,60900.3635648,1,19.593
ZTF24aayqrow,60900.4034606,2,19.7542
ZTF24aayqrow,60901.2834375,3,19.618
ZTF24aayqrow,60901.3924884,1,19.6273
ZTF24aayqrow,60901.3934259,1,19.6821
ZTF24aayqrow,60905.3663079,1,20.5721
ZTF24aayqrow,60908.3354282,1,19.923
ZTF24aayqrow,60908.3813194,2,19.3556
ZTF24aayqrow,60909.3299306,3,19.0968
ZTF24aayqrow,60910.2757176,2,20.3935
ZTF24aayqrow,60910.3398958,1,20.4246
ZTF24aayqrow,60911.3568981,1,20.3988
ZTF24aayqrow,60916.2985764,3,19.7839
ZTF24aayqrow,60916.3310417,1,20.571
ZTF24aayqrow,60920.3748495,2,19.7973
ZTF24aayqrow,60920.4278125,2,20.0933
ZTF24aayqrow,60921.2851157,1,19.7992
ZTF24aayqrow,60921.2961921,3,19.6748
ZTF24aayqrow,60922.2866435,2,19.3513
ZTF24aayqrow,60922.3576389,1,19.5294
ZTF24aayqrow,60922.4002083,1,19.8444
ZTF24aayqrow,60923.3769676,3,18.7483
ZTF24aayqrow,60923.3832176,2,18.9803
ZTF24aayqrow,60923.3995023,1,18.8388
ZTF24aayqrow,60927.3101505,2,19.6234
ZTF24aayqrow,60927.3455324,1,19.2882
ZTF24aayqrow,60927.3460069,1,19.2872
ZTF24aayqrow,60928.2209491,2,19.8771
ZTF24aayqrow,60928.3003241,1,19.5515
ZTF24aayqrow,60929.2027546,1,19.6002
ZTF24aayqrow,60929.2349884,2,19.7542
ZTF24aayqrow,60929.2359375,2,19.7338
ZTF24aayqrow,60932.2940625,1,20.2163
ZTF24aayqrow,60934.3605903,1,19.9757
ZTF24aayqrow,60935.2513773,2,18.198
ZTF24aayqrow,60941.2397106,2,20.1983
ZTF24aayqrow,60943.3630671,1,19.9832
ZTF24abeywka,60544.4762153,1,19.6829
ZTF24abeywka,60547.45625,2,19.8028
ZTF24abeywka,60555.5185301,1,19.7783
ZTF24abeywka,60558.4881713,1,20.1152
ZTF24abeywka,60600.4004051,1,19.0212
ZTF24abeywka,60615.41,1,21.2939
ZTF24abeywka,60621.4021991,1,19.8541
ZTF24abeywka,60622.4211111,2,19.5118
ZTF24abeywka,60624.3714468,1,20.2945
ZTF24abeywka,60628.2368171,1,19.2251
ZTF24abeywka,60632.3380556,1,19.9775
ZTF24abeywka,60635.3222222,1,17.7967
ZTF24abeywka,60646.27375,1,20.729
ZTF24abeywka,60648.3390741,1,20.739
ZTF24abeywka,60652.2544676,1,20.4191
ZTF24abeywka,60654.2684838,1,19.0412
ZTF24abeywka,60654.2791088,2,18.9546
ZTF24abeywka,60660.339537,1,19.2259
ZTF24abeywka,60663.3810764,1,19.9039
ZTF24abeywka,60665.3101042,1,20.476
ZTF24abeywka,60667.2280208,2,19.0216
ZTF24abeywka,60667.3611111,1,19.589
ZTF24abeywka,60671.2319329,2,18.6633
ZTF24abeywka,60671.253125,1,20.4642
ZTF24abeywka,60673.2151968,1,20.6038
ZTF24abeywka,60675.2330093,1,20.7035
ZTF24abeywka,60677.2143634,1,20.4652
ZTF24abeywka,60679.2291204,1,20.6551
ZTF24abeywka,60680.2027315,2,14.786
ZTF24abeywka,60683.2337847,2,18.1846
ZTF24abeywka,60687.2143171,1,18.7608
ZTF24abeywka,60687.2614352,2,18.9787
ZTF24abeywka,60689.1523958,2,19.2005
ZTF24abeywka,60689.2541435,1,18.7051
ZTF24abeywka,60691.1692361,1,19.8068
ZTF24abeywka,60691.2149074,2,19.7988
ZTF24abeywka,60693.1945602,1,20.4835
ZTF24abeywka,60695.1829398,1,20.7985
ZTF24abeywka,60697.1978819,1,17.7092
ZTF24abeywka,60706.145787,1,20.5158
ZTF24abeywka,60706.1861921,2,18.8829
ZTF24abeywka,60722.2035069,2,19.646
ZTF24abeywka,60722.2645139,1,18.9637
ZTF24abeywka,60724.1634491,2,18.8143
ZTF24abeywka,60727.1660185,1,20.3179
ZTF24abeywka,60878.4814583,2,19.3616
ZTF24abeywka,60878.4853241,2,19.3343
ZTF24abeywka,60878.4891898,2,19.1782
ZTF24abeywka,60879.4809259,2,19.318
ZTF24abeywka,60879.4843171,2,19.2595
ZTF24abeywka,60879.488669,2,19.0853
ZTF24abeywka,60880.4820486,2,19.6512
ZTF24abeywka,60880.4859375,2,19.5366
ZTF24abeywka,60880.4898032,2,19.4501
ZTF24abeywka,60881.4820023,2,19.7846
ZTF24abeywka,60881.4858796,2,19.677
ZTF24abeywka,60881.4897569,2,19.5005
ZTF24abeywka,60882.4840162,2,19.8704
ZTF24abeywka,60882.4879282,2,19.6146
ZTF24abeywka,60882.4918519,2,19.3517
ZTF24abeywka,60883.48375,2,20.0875
ZTF24abeywka,60883.4871412,2,19.88
ZTF24abeywka,60883.4914931,2,19.7387
ZTF24abeywka,60886.4840509,2,19.9944
ZTF24abeywka,60886.4880208,2,19.8422
ZTF24abeywka,60886.4919907,2,19.6292
ZTF24abeywka,60900.4545833,2,19.6929
ZTF24abeywka,60900.483831,1,19.6061
ZTF24abeywka,60902.4852662,1,19.8716
ZTF24abeywka,60908.4872569,1,20.2863
ZTF24abeywka,60912.4934491,1,20.4714
ZTF24abeywka,60916.4265856,2,20.3437
ZTF24abeywka,60916.4960532,1,20.5561
ZTF24abeywka,60918.4949537,1,20.525
ZTF24abeywka,60920.4834954,1,20.5761
ZTF24abeywka,60922.4656829,1,20.6216
ZTF24abeywka,60922.4921528,2,20.524
ZTF24abeywka,60925.4790741,1,19.4921
ZTF24abeywka,60927.4080093,1,19.3654
ZTF24abeywka,60929.4351157,1,19.3552
ZTF24abeywka,60933.43375,1,20.3551
ZTF24abeywka,60935.3914815,1,20.337
ZTF24abeywka,60954.3015741,1,19.205
ZTF24abeywka,60956.4202199,1,19.3442
ZTF24abeywka,60966.3567477,1,20.2411
ZTF24abeywka,60975.3377083,1,20.3247
ZTF24abpxbbk,60637.4829977,1,19.2583
ZTF24abpxbbk,60637.5257292,2,19.8866
ZTF24abpxbbk,60644.5195139,1,20.0584
ZTF24abpxbbk,60644.5230787,2,20.0133
ZTF24abpxbbk,60647.5034144,1,19.1884
ZTF24abpxbbk,60650.4808449,2,20.0132
ZTF24abpxbbk,60651.5247801,1,20.0128
ZTF24abpxbbk,60651.544456,2,20.044
ZTF24abpxbbk,60652.543287,2,20.1054
ZTF24abpxbbk,60653.5200926,1,19.5714
ZTF24abpxbbk,60675.4749306,1,20.2106
ZTF24abpxbbk,60676.5244444,2,20.2903
ZTF24abpxbbk,60678.3985648,1,17.3281
ZTF24abpxbbk,60680.3947222,2,18.5354
ZTF24abpxbbk,60683.4183565,1,19.1576
ZTF24abpxbbk,60686.4600116,2,19.5501
ZTF24abpxbbk,60687.3778935,2,18.0935
ZTF24abpxbbk,60688.4363079,1,18.9286
ZTF24abpxbbk,60689.4722222,1,18.4077
ZTF24abpxbbk,60691.4153819,2,19.2896
ZTF24abpxbbk,60696.4110532,1,19.1691
ZTF24abpxbbk,60705.3771296,2,20.1353
ZTF24abpxbbk,60715.439537,2,16.446
ZTF24abpxbbk,60717.4242361,1,18.5919
ZTF24abpxbbk,60725.3571528,2,19.8476
ZTF24abpxbbk,60725.4052199,1,19.2368
ZTF24abpxbbk,60726.3304514,2,20.1916
ZTF24abpxbbk,60726.3733912,1,20.1071
ZTF24abpxbbk,60728.3450116,2,20.015
ZTF24abpxbbk,60728.3846296,1,19.9911
ZTF24abpxbbk,60729.3266667,1,19.6198
ZTF24abpxbbk,60729.3787269,2,20.2109
ZTF24abpxbbk,60730.3421528,1,20.1901
ZTF24abpxbbk,60730.3788194,2,20.2464
ZTF24abpxbbk,60731.3504167,1,20.415
ZTF24abpxbbk,60733.3103819,1,19.9966
ZTF24abpxbbk,60733.3698032,2,19.9287
ZTF24abpxbbk,60735.4223843,2,16.7598
ZTF24abpxbbk,60743.2581597,1,19.3263
ZTF24abpxbbk,60743.3526389,2,19.6798
ZTF24abpxbbk,60750.2585185,2,19.3006
ZTF24abpxbbk,60750.3130093,1,19.0676
ZTF24abpxbbk,60753.2348843,1,19.8605
ZTF24abpxbbk,60753.3155093,2,19.8506
ZTF24abpxbbk,60772.253669,1,19.5784
ZTF24abpxbbk,60772.3309838,2,19.526
ZTF24abpxbbk,60774.3862963,1,18.7159
ZTF24abpxbbk,60780.2660069,1,19.3867
ZTF24abpxbbk,60780.3140278,2,19.3152
ZTF24abpxbbk,60785.1908681,1,20.1449
ZTF24abpxbbk,60785.2395602,2,20.1929
ZTF24abpxbbk,60787.209456,1,20.2014
ZTF24abpxbbk,60789.2125694,2,20.1273
ZTF24abpxbbk,60789.2351736,1,20.4282
ZTF24abpxbbk,60797.2575,1,19.9689
ZTF24abpxbbk,60797.3014005,2,20.0834
ZTF24abpxbbk,60977.5461574,2,18.2358
ZTF24abpxbbk,60977.5512037,2,17.5598
ZTF24abpxbbk,60981.5532407,2,18.0726
ZTF24abpxbbk,60982.5489352,2,17.7895
ZTF24abpxbbk,60982.5539931,2,17.2369
ZTF24abpxbbk,61002.526088,1,19.9577
ZTF24abpxbbk,61006.5477315,2,17.9602
ZTF24abpxbbk,61007.5255208,1,20.1341
ZTF24abpxbbk,61009.5037616,1,20.093
ZTF24abpxbbk,61010.4998611,1,20.0409
ZTF24abpxbbk,61011.5228125,1,20.0478
ZTF24abpxbbk,61014.4789005,1,18.0315
ZTF24abpxbbk,61014.574375,2,17.8451
ZTF24abpxbbk,61015.5212037,1,19.4718
ZTF24abpxbbk,61016.5203819,2,19.0899
ZTF24abpxbbk,61017.5256366,1,19.5279
ZTF24abpxbbk,61024.4903125,1,20.3141
ZTF24abpxbbk,61027.4802199,1,19.9724
ZTF24abpxbbk,61027.5810648,2,18.3119
ZTF24abpxbbk,61030.4999884,1,20.375
ZTF24abpxbbk,61030.5223495,2,20.1936
ZTF24abpxbbk,61038.5277431,1,19.8751
ZTF24abpxbbk,61050.5380093,2,18.792
ZTF24abpxbbk,61052.3819329,1,19.4713
ZTF24abpxbbk,61052.4628704,2,19.5962
ZTF24abpxbbk,61054.3971875,2,20.1073
ZTF24abpxbbk,61054.4598958,1,20.1208
ZTF24abpxbbk,61056.4032523,1,19.9834
ZTF24abpxbbk,61056.4374769,2,20.1489
ZTF24abpxbbk,61058.3984375,1,20.1303
ZTF24abpxbbk,61058.4627894,2,20.0883
ZTF24abpxbbk,61060.3661458,1,19.9526
ZTF24abpxbbk,61065.3952083,1,19.5582
ZTF24abpxbbk,61071.3815741,2,18.9239
ZTF24abpxbbk,61071.3990394,1,18.9073
ZTF24abpxbbk,61073.3802894,1,18.8742
ZTF24abpxbbk,61073.4629167,2,18.7519
ZTF24abpxbbk,61074.3575,2,19.0032
ZTF24abpxbbk,61074.4544329,1,18.7667
ZTF24abpxbbk,61078.4189815,1,18.27
ZTF24abpxbbk,61078.5027546,2,19.4039
ZTF24abpxbbk,61079.4804861,1,19.4961
ZTF24abpxbbk,61080.4239352,1,19.9651
ZTF24abpxbbk,61081.4414583,1,19.2017
ZTF24abpxbbk,61085.3987384,3,19.9078
ZTF24abpxbbk,61085.4211227,1,20.3102
ZTF24abpxbbk,61085.4618287,2,20.2827
ZTF24abpxbbk,61094.3772917,3,19.789
ZTF24abpxbbk,61094.3984838,2,20.186
ZTF24abpxbbk,61094.4188426,1,19.9609
ZTF24abpxbbk,61095.3648032,1,20.2685
ZTF24abpxbbk,61095.3974884,3,20.0156
ZTF24abpxbbk,61096.3749074,3,19.6956
ZTF24abpxbbk,61097.4194792,2,19.9616
ZTF24abpxbbk,61099.2660301,1,19.0179
ZTF24abpxbbk,61099.3790625,3,19.123
ZTF24abpxbbk,61099.4278935,2,19.7907
ZTF24abpxbbk,61100.3775116,1,19.353
ZTF24abpxbbk,61100.4488657,2,19.4342
ZTF24abpxbbk,61101.2974769,1,18.9139
ZTF24abpxbbk,61101.3770255,2,19.3343
ZTF24abpxbbk,61105.3655556,3,18.7211
ZTF24abpxbbk,61106.2315394,1,18.8732
ZTF24abpxbbk,61106.3835417,3,18.9879
ZTF24abpxbbk,61106.445787,2,19.1042
ZTF24abpxbbk,61107.3526505,2,19.4932
ZTF24abpxbbk,61107.4211921,1,19.1825
ZTF24abpxbbk,61108.4304051,2,19.4852
ZTF24abpxbbk,61110.3749653,3,19.6793
ZTF24abpxbbk,61110.3774769,1,19.9691
ZTF24abpxbbk,61111.3118981,2,20.3056
ZTF24abpxbbk,61111.3354051,1,20.2638
ZTF24abpxbbk,61111.3877778,3,19.8173
ZTF24abpxbbk,61113.2566319,1,20.1874
ZTF24abpxbbk,61114.2901157,1,20.1963
ZTF24abpxbbk,61114.322662,3,19.8833
ZTF24abpxbbk,61115.3126157,3,19.671
ZTF24abpxbbk,61115.3395486,1,19.9149
ZTF24abpxbbk,61115.4221065,2,19.242
ZTF24abpxbbk,61116.2955787,1,19.8038
ZTF24abzxalv,60674.572037,2,18.6632
ZTF24abzxalv,60676.5764005,2,18.9698
ZTF24abzxalv,60676.576875,2,18.9261
ZTF24abzxalv,60676.5773495,2,18.9035
ZTF24abzxalv,60677.5745602,2,19.1634
ZTF24abzxalv,60677.5750347,2,19.1968
ZTF24abzxalv,60677.5754977,2,19.1367
ZTF24abzxalv,60684.5703356,2,16.335
ZTF24abzxalv,60691.5596759,2,18.2742
ZTF24abzxalv,60691.5625231,2,17.5365
ZTF24abzxalv,60691.5653704,2,16.523
ZTF24abzxalv,60739.4648843,2,21.436
ZTF24abzxalv,60744.5186343,1,18.9792
ZTF24abzxalv,60854.2967708,1,20.3951
ZTF24abzxalv,60872.2515394,1,20.4928
ZTF24abzxalv,61037.5741898,2,17.2827
ZTF24abzxalv,61037.5751505,2,17.1397
ZTF24abzxalv,61037.5816782,2,15.9809
ZTF24abzxalv,61113.4459375,1,19.8851
ZTF24abzxalv,61125.5020602,1,19.7183
ZTF24abzxalv,61129.4571065,2,20.3913
ZTF24abzxalv,61130.3775347,1,18.4878
ZTF24abzxalv,61134.3784491,2,18.9895
ZTF24abzxalv,61135.4790278,1,19.7064
ZTF24abzxalv,61135.4957523,3,19.258
ZTF24abzxalv,61138.4873958,3,19.4841
ZTF24abzxalv,61139.4837153,2,16.9969
ZTF24abzxalv,61140.3843866,3,19.5059
ZTF24abzxalv,61159.4569097,1,19.5896
ZTF24abzxalv,61160.3994444,2,19.407
ZTF24abzxalv,61161.4562963,2,19.4465
ZTF24abzxalv,61161.4681481,1,19.2694
ZTF24abzxalv,61162.4326389,1,19.0866
ZTF24abzxalv,61162.4655556,3,18.8791
ZTF24abzxalv,61163.4271528,2,19.401
ZTF24abzxalv,61167.3430093,1,19.8213
ZTF24abzxalv,61168.3453819,3,19.5292
ZTF24abzxalv,61173.4376273,3,19.7411
ZTF24abzxalv,61174.3022685,3,19.4136
ZTF24abzxalv,61174.4002199,1,20.576
ZTF24abzxalv,61183.3383218,1,20.6506
ZTF24abzxalv,61186.3995486,1,20.5395
ZTF24abzxalv,61191.3183681,2,19.1595
ZTF24abzxalv,61191.421794,1,19.1528
ZTF24abzxalv,61192.318588,2,19.2824
ZTF24abzxalv,61192.3928819,1,19.4197
ZTF24abzxalv,61193.3937384,1,19.6499
ZTF24abzxalv,61194.2973958,3,19.0844
ZTF24abzxalv,61195.4030903,1,19.7654
ZTF24abzxalv,61196.3787963,1,20.0138
ZTF24abzxalv,61197.2678588,1,20.5215
ZTF24abzxalv,61197.3696644,2,19.7703
ZTF24abzxalv,61201.3159606,1,20.4571
ZTF24abzxalv,61202.2843171,1,20.5698
ZTF24abzxalv,61203.2760764,1,20.4811
ZTF24abzxalv,61204.3710301,1,20.6428
ZTF24abzxalv,61205.3653125,1,20.5284
ZTF24abzxalv,61205.3786227,2,20.5054
ZTF24abzxalv,61207.3566551,1,20.5017
ZTF24abzxalv,61208.2879398,1,20.6339
ZTF24abzxalv,61211.3609375,2,20.512
ZTF24abzxalv,61211.4382755,1,20.2573
ZTF24abzxalv,61212.2155787,2,20.2256
ZTF24abzxalv,61213.2138657,1,20.2577
ZTF24abzxalv,61214.2704514,1,20.1029
ZTF24abzxalv,61216.3390856,1,20.1067
ZTF24abzxalv,61217.3233218,3,19.4342
ZTF24abzxalv,61217.3511574,2,19.85
ZTF24abzxalv,61217.3953588,1,20.0074
ZTF24abzxalv,61218.2740625,2,19.6181
ZTF24abzxalv,61218.3808102,1,19.4075
ZTF24abzxalv,61219.2452315,1,19.333
ZTF24abzxalv,61219.2972222,2,19.339
ZTF24abzxalv,61221.2996875,2,19.4105
ZTF24abzxalv,61221.3791551,1,18.9208
ZTF24abzxalv,61222.3389815,1,19.4079
ZTF24abzxalv,61222.4324769,3,18.4725
ZTF24abzxalv,61223.3066319,2,19.8881
ZTF24abzxalv,61224.3398727,1,19.8366
ZTF24abzxalv,61225.2259259,2,20.3148
ZTF24abzxalv,61225.3123843,1,20.1161
ZTF24abzxalv,61226.2500231,1,20.5389
ZTF24abzxalv,61226.3940394,2,20.0199
ZTF24abzxalv,61227.2496759,1,20.6595
ZTF24abzxalv,61227.3270949,2,20.3587
ZTF24abzxalv,61228.3187037,2,20.3919
ZTF24abzxalv,61229.2702546,2,20.5362
ZTF24abzxalv,61229.3171991,1,20.5657
ZTF24abzxalv,61231.3314583,1,20.576
ZTF24abzxalv,61232.2343866,1,20.5922
ZTF24abzxalv,61232.2746412,2,20.4267
ZTF24abzxalv,61233.2295023,1,20.3605
ZTF24abzxalv,61233.2569329,2,20.4736
ZTF24abzxalv,61235.2329051,1,20.6212
ZTF24abzxalv,61235.2893866,2,20.6622
ZTF24abzxalv,61236.2749074,2,20.5426
ZTF24abzxalv,61236.3424074,1,20.3158
ZTF24abzxalv,61237.2495139,1,20.6869
ZTF24abzxalv,61237.325787,2,20.4415
ZTF24abzxalv,61238.2154051,1,20.5117
ZTF24abzxalv,61238.2746644,2,20.5019
ZTF24abzxalv,61240.2323611,1,20.5734
ZTF24abzxalv,61240.3954167,2,19.79
ZTF24abzxalv,61243.2311227,2,20.1964
ZTF24abzxalv,61244.2103588,1,20.1723
ZTF24abzxalv,61244.2918403,2,20.1485
ZTF24abzxalv,61245.2562269,2,19.933
ZTF24abzxalv,61245.3154977,1,19.9174
ZTF24abzxalv,61246.2792245,2,19.8839
ZTF24abzxalv,61246.3388542,1,19.5933
ZTF24abzxalv,61247.2326505,2,19.8482
ZTF24abzxalv,61248.2242361,1,19.6801
ZTF24abzxalv,61248.2522222,2,19.8073
ZTF24abzxalv,61249.2464468,1,19.6249
ZTF24abzxalv,61249.2808796,2,19.6898
ZTF24abzxalv,61250.2493171,2,19.5194
ZTF24abzxalv,61250.291713,1,19.3227
ZTF24abzxalv,61251.2340278,2,19.4055
ZTF24abzxalv,61251.2772801,1,19.4172
ZTF24abzxalv,61254.1724074,2,20.4378
ZTF24abzxalv,61254.2369097,1,20.0872
ZTF24abzxalv,61255.2157755,1,20.2954
ZTF24abzxalv,61255.231956,2,20.1277
ZTF24abzxalv,61256.2497106,2,20.2717
ZTF24abzxalv,61256.3075116,1,19.8646
ZTF24abzxalv,61257.1875579,2,20.607
ZTF24abzxalv,61257.1919907,1,20.6358
ZTF24abzxalv,61258.1958681,2,19.9544
ZTF24abzxalv,61258.2236806,1,19.9441
ZTF24abzxalv,61260.1933912,1,20.4437
ZTF24abzxalv,61260.2133218,2,20.5403
ZTF24abzxalv,61261.2315278,2,20.1516
ZTF24abzxalv,61262.3124769,1,19.5306
ZTF24abzxalv,61263.2237153,2,20.2224
ZTF24abzxalv,61263.2492708,1,20.3252
ZTF24abzxalv,61264.168831,1,20.5493
ZTF24abzxalv,61264.2158102,2,20.4403
ZTF24abzxalv,61267.1703704,1,20.6941
ZTF24abzxalv,61267.2135764,2,20.5494
ZTF24abzxalv,61269.186794,2,20.51
ZTF24abzxalv,61269.2170023,1,20.488
ZTF24abzxalv,61270.1712616,2,20.4657
ZTF24abzxalv,61270.2709954,1,20.3393
ZTF24abzxalv,61271.1726505,2,20.3983
ZTF24abzxalv,61271.1913889,1,20.4161
ZTF24abzxalv,61275.1741088,1,19.967
ZTF24abzxalv,61275.190081,2,19.9747
ZTF24abzxalv,61276.2040394,1,19.7299
ZTF24abzxalv,61276.2279861,2,19.6231
ZTF24abzxalv,61277.1960185,1,19.6127
ZTF24abzxalv,61277.2356134,2,19.5736
ZTF24abzxalv,61278.2133681,1,19.4519
ZTF24abzxalv,61278.2639931,2,19.2875
ZTF24abzxalv,61281.1746759,1,19.642
ZTF24abzxalv,61281.2066088,2,19.7622
ZTF24abzxalv,61283.1738079,1,20.1911
ZTF24abzxalv,61283.2080208,2,20.0821
ZTF24abzxalv,61284.1735069,1,20.3855
ZTF24abzxalv,61284.2179977,2,19.9942
ZTF24abzxalv,61285.1644444,1,20.5485
ZTF24abzxalv,61285.2183449,2,19.9888
ZTF24abzxalv,61286.15375,2,20.3773
ZTF24abzxalv,61287.1714815,1,20.5215
ZTF24abzxalv,61287.2064468,2,20.3851
ZTF24abzxalv,61288.2077778,2,20.3198
ZTF24abzxalv,61293.1281713,2,20.2158
ZTF24abzxalv,61293.149375,1,20.3904
ZTF24abzxalv,61296.1340394,1,20.5864
ZTF24abzxalv,61297.1312153,1,20.5235
ZTF24abzxalv,61297.1722106,2,20.0459
ZTF24abzxalv,61298.1296644,1,20.4219
ZTF24abzxalv,61298.1728588,2,20.4558
ZTF24abzxalv,61305.1276389,2,19.9554
ZTF24abzxalv,61305.1732407,1,19.6341
ZTF24abzxalv,61306.1923495,1,19.2713
ZTF24abzxalv,61307.1541667,2,19.5468
ZTF24abzxalv,61307.1992014,1,18.911
ZTF25aaabnwi,60647.2545255,1,19.3
ZTF25aaabnwi,60649.3692708,2,20.5268
ZTF25aaabnwi,60651.1845023,2,20.2561
ZTF25aaabnwi,60651.221875,1,20.3947
ZTF25aaabnwi,60653.200706,1,20.1556
ZTF25aaabnwi,60653.2148264,2,20.1876
ZTF25aaabnwi,60655.1947569,1,19.4935
ZTF25aaabnwi,60655.2767361,2,19.073
ZTF25aaabnwi,60658.1799421,2,19.6921
ZTF25aaabnwi,60658.2418403,1,19.3792
ZTF25aaabnwi,60660.2147917,1,19.385
ZTF25aaabnwi,60660.3099306,2,19.6166
ZTF25aaabnwi,60663.287963,2,20.0816
ZTF25aaabnwi,60663.4055556,1,19.4961
ZTF25aaabnwi,60665.1335995,2,20.5176
ZTF25aaabnwi,60665.1773264,1,19.8318
ZTF25aaabnwi,60667.1992245,2,20.1526
ZTF25aaabnwi,60667.2435069,1,20.2091
ZTF25aaabnwi,60671.202581,2,19.2212
ZTF25aaabnwi,60673.1769213,2,20.1452
ZTF25aaabnwi,60673.220787,1,20.3737
ZTF25aaabnwi,60675.1528704,2,20.2313
ZTF25aaabnwi,60681.162581,1,19.1894
ZTF25aaabnwi,60685.1754282,2,18.0156
ZTF25aaabnwi,60687.2630324,2,18.0344
ZTF25aaabnwi,60689.1966088,1,18.3111
ZTF25aaabnwi,60697.257419,2,17.383
ZTF25aaabnwi,60724.1228241,2,17.008
ZTF25aaabnwi,60745.1933796,1,16.1708
ZTF25aaabnwi,60831.4827083,2,18.8427
ZTF25aaabnwi,60831.4871296,2,18.3187
ZTF25aaabnwi,61039.2842593,2,17.3149
ZTF25aaabnwi,61068.1185069,2,15.333
ZTF25aaabnwi,61070.1418287,1,19.0361
ZTF25aabaanf,60677.5664468,2,19.615
ZTF25aabaanf,60683.5652662,2,18.7245
ZTF25aabaanf,60684.5673032,2,19.1449
ZTF25aabaanf,60684.5723148,2,20.0383
ZTF25aabaanf,60698.5242477,2,18.8965
ZTF25aabaanf,60714.504838,1,18.8866
ZTF25aabaanf,60723.511088,1,17.448
ZTF25aabaanf,60733.5023148,1,19.7367
ZTF25aabaanf,60733.5259606,2,19.5744
ZTF25aabaanf,60739.4644097,2,21.4048
ZTF25aabaanf,60739.5060764,1,19.8966
ZTF25aabaanf,60744.5195718,1,19.0094
ZTF25aabaanf,60751.4223148,1,17.2439
ZTF25aabaanf,60751.4848148,2,16.2967
ZTF25aabaanf,60761.4402546,2,16.6303
ZTF25aabaanf,60761.4838889,1,19.8869
ZTF25aabaanf,60773.3332176,1,19.2102
ZTF25aabaanf,60790.3822801,1,20.6958
ZTF25aabaanf,60796.3779282,1,20.8817
ZTF25aabaanf,60798.3852778,1,20.8151
ZTF25aabaanf,60806.3577431,2,15.6925
ZTF25aabaanf,60806.397963,1,17.5094
ZTF25aabaanf,60810.454919,1,19.3792
ZTF25aabaanf,60822.4190278,1,20.8773
ZTF25aabaanf,60824.4077315,1,20.7524
ZTF25aabaanf,60852.3744444,1,20.1968
ZTF25aabaanf,60856.3198148,1,20.3862
ZTF25aabaanf,60866.2153704,1,19.4121
ZTF25aabaanf,60866.2564815,2,19.5242
ZTF25aabaanf,60887.1955903,1,20.4893
ZTF25aabaanf,60900.1893403,1,20.5875
ZTF25aabaanf,60900.278287,2,19.9398
ZTF25aabaanf,60904.1910532,1,20.3797
ZTF25aabaanf,60904.2711458,2,20.1507
ZTF25aabaanf,60908.1731019,1,20.4217
ZTF25aabaanf,60908.2077083,2,20.3978
ZTF25aabaanf,60910.2075347,1,18.1543
ZTF25aabaanf,60913.1579282,1,15.9807
ZTF25aabaanf,60915.1956829,2,16.4273
ZTF25aabaanf,60917.1570255,1,20.1292
ZTF25aabaanf,60919.1553935,1,19.9694
ZTF25aabaanf,60921.1812963,1,19.4158
ZTF25aabaanf,60923.1271644,1,19.3455
ZTF25aabaanf,60923.2104514,2,19.262
ZTF25aabaanf,60925.2363773,1,18.8547
ZTF25aabaanf,60927.1807986,1,19.3987
ZTF25aabaanf,60929.1940394,1,19.4328
ZTF25aabaanf,60929.215544,2,19.4529
ZTF25aabaanf,60932.152338,1,20.4523
ZTF25aabaanf,60941.1328009,1,19.0516
ZTF25aadhpuz,60677.1488542,2,20.2878
ZTF25aadhpuz,60679.1250463,1,20.1307
ZTF25aadhpuz,60679.149213,2,19.8586
ZTF25aadhpuz,60680.1295602,2,19.0075
ZTF25aadhpuz,60680.2290162,1,16.8373
ZTF25aadhpuz,60683.2152894,2,16.8379
ZTF25aadhpuz,60687.1733449,1,18.8321
ZTF25aadhpuz,60689.1379514,2,19.1448
ZTF25aadhpuz,60689.2239352,1,17.9849
ZTF25aadhpuz,60691.12625,1,18.9929
ZTF25aadhpuz,60691.1915394,2,19.297
ZTF25aadhpuz,60694.1060648,2,19.9746
ZTF25aadhpuz,60694.1506944,1,19.8123
ZTF25aadhpuz,60699.1268056,2,18.0599
ZTF25aadhpuz,60699.1692361,1,19.0877
ZTF25aadhpuz,60706.1708796,2,19.8686
ZTF25aadhpuz,60711.1485764,2,19.4682
ZTF25aadhpuz,60924.4648495,1,19.4987
ZTF25aadhpuz,60926.3870255,1,19.059
ZTF25aadhpuz,60928.4279745,1,19.3089
ZTF25aadhpuz,61015.209537,1,19.4253
ZTF25aadhpuz,61017.255463,1,19.7085
ZTF25aadhpuz,61038.1824884,1,19.0748
ZTF25aadhpuz,61038.2237616,2,18.8789
ZTF25aadhpuz,61051.1778935,1,19.4265
ZTF25aadhpuz,61053.1925463,2,19.4419
ZTF25aadhpuz,61055.1926852,1,19.2653
ZTF25aadhpuz,61057.1060185,2,18.1606
ZTF25aafuzcr,60697.2392477,2,18.5128
ZTF25aafuzcr,60697.3578588,1,17.5432
ZTF25aafuzcr,60699.2347222,2,19.6343
ZTF25aafuzcr,60699.3677315,1,20.2599
ZTF25aafuzcr,60710.202581,2,20.5076
ZTF25aafuzcr,60710.2913542,2,18.6985
ZTF25aafuzcr,60714.3900463,1,18.1647
ZTF25aafuzcr,60714.433125,2,18.7739
ZTF25aafuzcr,60717.350706,2,20.021
ZTF25aafuzcr,60717.3727199,1,18.5887
ZTF25aafuzcr,60723.1720602,1,19.9031
ZTF25aafuzcr,60723.2585532,2,19.3438
ZTF25aafuzcr,60772.2799537,2,19.0438
ZTF25aafuzcr,60776.2681829,1,19.0317
ZTF25aafuzcr,60781.2531597,2,18.7956
ZTF25aafuzcr,60790.1666435,2,18.0385
ZTF25aafuzcr,60905.5099653,2,18.4353
ZTF25aafuzcr,60905.5148148,2,17.9098
ZTF25aafuzcr,60908.5116435,2,18.6259
ZTF25aafuzcr,60908.5162037,2,18.1464
ZTF25aafuzcr,60911.5183449,2,18.2916
ZTF25aafuzcr,60913.5175,2,18.6943
ZTF25aafuzcr,60913.5223843,2,18.0373
ZTF25aafuzcr,60914.5121296,2,19.0674
ZTF25aafuzcr,60914.5170139,2,18.5669
ZTF25aafuzcr,60914.5218866,2,17.9036
ZTF25aafuzcr,60942.4707986,1,20.4289
ZTF25aafuzcr,60957.4624537,1,19.4298
ZTF25aafuzcr,60964.4746528,1,20.1966
ZTF25aafuzcr,60966.3658218,1,19.2796
ZTF25aafuzcr,60983.4232292,1,19.6825
ZTF25aafuzcr,60985.4430671,1,19.6542
ZTF25aafuzcr,60985.5440509,1,19.6477
ZTF25aafuzcr,60990.456169,1,19.9588
ZTF25aafuzcr,61006.3929282,2,18.7806
ZTF25aafuzcr,61006.4574537,1,20.3271
ZTF25aafuzcr,61008.4168056,1,20.5822
ZTF25aafuzcr,61014.4198958,1,19.1768
ZTF25aafuzcr,61020.3813194,1,20.0015
ZTF25aafuzcr,61022.3975463,1,20.5978
ZTF25aafuzcr,61024.4407523,1,20.7433
ZTF25aafuzcr,61029.4472801,1,20.6715
ZTF25aafuzcr,61031.3729861,1,20.7726
ZTF25aafuzcr,61049.237037,2,19.6546
ZTF25aafuzcr,61050.449213,1,19.5297
ZTF25aafuzcr,61052.3205903,1,20.0019
ZTF25aafuzcr,61054.2550579,1,20.2428
ZTF25aafuzcr,61056.3541435,1,20.231
ZTF25aafuzcr,61058.2310995,1,20.1957
ZTF25aafuzcr,61060.3370602,1,20.5261
ZTF25aafuzcr,61065.2519676,1,20.191
ZTF25aafuzcr,61068.226331,1,19.5829
ZTF25aafuzcr,61068.3536806,2,20.1025
ZTF25aafuzcr,61073.243044,2,19.3264
ZTF25aafuzcr,61073.3048958,1,19.1535
ZTF25aafuzcr,61075.1525694,1,19.8993
ZTF25aafuzcr,61075.288912,2,19.704
ZTF25aagbrpb,60695.5296181,1,19.6157
ZTF25aagbrpb,60705.5480671,1,20.6948
ZTF25aagbrpb,60714.4910417,1,18.9121
ZTF25aagbrpb,60714.5401852,2,18.7221
ZTF25aagbrpb,60723.4100579,2,19.4996
ZTF25aagbrpb,60723.5091898,1,18.4499
ZTF25aagbrpb,60760.4571412,1,16.7442
ZTF25aagbrpb,60807.3583796,2,19.3863
ZTF25aagbrpb,60807.4326157,1,19.0887
ZTF25aagbrpb,60811.4263773,1,19.965
ZTF25aagbrpb,60816.3947106,2,20.6087
ZTF25aagbrpb,60818.371088,1,20.8989
ZTF25aagbrpb,60902.2230903,1,20.3578
ZTF25aagbrpb,60904.2156829,2,20.5178
ZTF25aagbrpb,60910.1615509,2,20.4214
ZTF25aagbrpb,60910.1961806,1,20.2564
ZTF25aagbrpb,61037.5558796,2,18.8191
ZTF25aagbrpb,61049.5671412,1,18.7888
ZTF25aagbrpb,61052.546088,1,19.8529
ZTF25aagbrpb,61054.5072338,1,20.1055
ZTF25aagbrpb,61056.5452083,1,20.0429
ZTF25aagtjfn,60699.3525926,1,20.2796
ZTF25aagtjfn,60705.3367708,2,20.0464
ZTF25aagtjfn,60706.3602199,2,20.2932
ZTF25aagtjfn,60710.1978356,2,20.217
ZTF25aagtjfn,60714.4045718,2,19.4152
ZTF25aagtjfn,60714.480625,1,19.1697
ZTF25aagtjfn,60715.3906019,2,18.1535
ZTF25aagtjfn,60716.4080903,1,19.2343
ZTF25aagtjfn,60722.2749769,1,19.4787
ZTF25aagtjfn,60723.2282755,1,19.3859
ZTF25aagtjfn,60724.3919792,2,19.2323
ZTF25aagtjfn,60725.2562963,1,19.8349
ZTF25aagtjfn,60725.3404514,2,20.0531
ZTF25aagtjfn,60726.394919,1,20.4193
ZTF25aagtjfn,60726.437338,2,20.3768
ZTF25aagtjfn,60727.2658565,1,20.0864
ZTF25aagtjfn,60727.3171759,2,20.4637
ZTF25aagtjfn,60728.3941898,1,19.5759
ZTF25aagtjfn,60743.323669,2,19.109
ZTF25aagtjfn,60743.3241435,2,18.7427
ZTF25aagtjfn,60755.3321991,1,18.882
ZTF25aagtjfn,60787.308044,2,20.3039
ZTF25aagtjfn,60816.2367477,2,20.1409
ZTF25aagtjfn,60930.5298611,2,19.7421
ZTF25aagtjfn,60931.5300579,2,17.6922
ZTF25aagtjfn,60932.5291898,2,17.8543
ZTF25aagtjfn,60933.531331,2,17.5446
ZTF25aagtjfn,60934.5293634,2,18.0983
ZTF25aagtjfn,60935.5263079,2,16.8968
ZTF25aagtjfn,60938.5314352,2,18.038
ZTF25aagtjfn,60941.5363657,2,13.7553
ZTF25aagtjfn,60943.5372917,2,17.8807
ZTF25aagtjfn,60986.4825116,1,19.7076
ZTF25aagtjfn,61015.442419,1,19.4514
ZTF25aagtjfn,61060.3509954,1,20.5863
ZTF25aagtjfn,61070.298206,1,19.1183
ZTF25aagtjfn,61070.2986806,1,19.229
ZTF25aagtjfn,61072.3218634,2,18.653
ZTF25aagtjfn,61074.4801157,1,18.6157
ZTF25aagtjfn,61074.529213,2,18.5095
ZTF25aagtjfn,61078.390625,2,18.5138
ZTF25aagtjfn,61078.4112963,1,17.4813
ZTF25aagtjfn,61078.4117708,1,17.0979
ZTF25aagtjfn,61078.4127083,1,17.834
ZTF25aagtjfn,61079.2863079,1,20.418
ZTF25aagtjfn,61085.3844792,3,19.9589
ZTF25aagtjfn,61086.3262616,3,18.6111
ZTF25aagtjfn,61086.3402894,3,18.0913
ZTF25aagtjfn,61096.3602778,3,19.6657
ZTF25aagtjfn,61097.1980556,3,19.5862
ZTF25aagtjfn,61097.1985301,3,19.6765
ZTF25aagtjfn,61097.4149769,1,19.7364
ZTF25aagtjfn,61097.4159259,1,19.7699
ZTF25aagtjfn,61099.2461343,1,19.4928
ZTF25aagtjfn,61099.2636574,1,19.1639
ZTF25aagtjfn,61099.2843171,3,18.7656
ZTF25aagtjfn,61099.2862269,3,18.9131
ZTF25aagtjfn,61102.1724769,3,18.8806
ZTF25aagtjfn,61102.2344676,2,19.2483
ZTF25aagtjfn,61102.2951968,1,19.0254
ZTF25aagtjfn,61105.2707292,3,19.6906
ZTF25aagtjfn,61105.3584838,3,19.3379
ZTF25aagtjfn,61106.3801736,3,19.4067
ZTF25aagtjfn,61107.2455324,2,19.38
ZTF25aagtjfn,61107.3298843,3,19.257
ZTF25aagtjfn,61107.3303472,3,19.3683
ZTF25aagtjfn,61107.4492824,1,19.0218
ZTF25aagtjfn,61108.2784028,3,19.6297
ZTF25aagtjfn,61108.2840625,3,19.5898
ZTF25aagtjfn,61111.3830208,3,19.7181
ZTF25aagtjfn,61111.3834838,3,19.7744
ZTF25aagtjfn,61112.2659954,3,19.8833
ZTF25aagtjfn,61113.28375,3,19.6291
ZTF25aagtjfn,61113.2957755,3,19.0605
ZTF25aagtjfn,61113.3477662,2,18.5523
ZTF25aagtjfn,61114.2946875,3,19.935
ZTF25aagtjfn,61114.3279398,3,19.9721
ZTF25aagtjfn,61115.3017014,3,19.7509
ZTF25aagtjfn,61115.3021759,3,19.6571
ZTF25aagtjfn,61116.2212037,2,20.5958
ZTF25aagtjfn,61116.2395833,3,19.9035
ZTF25aagtjfn,61116.2452315,3,19.9965
ZTF25aagtjfn,61118.27625,3,19.963
ZTF25aagtjfn,61119.2818981,1,20.6639
ZTF25aagtjfn,61119.3002546,3,19.9143
ZTF25aagtjfn,61119.3007292,3,19.9661
ZTF25aagtjfn,61120.2757986,3,19.8766
ZTF25aagtjfn,61120.2773727,3,19.8869
ZTF25aagtjfn,61121.2764352,3,19.9981
ZTF25aagtjfn,61121.2774074,3,20.0462
ZTF25aagtjfn,61121.3039352,2,19.4547
ZTF25aagtjfn,61121.3312037,1,19.1639
ZTF25aagtjfn,61123.3289005,3,19.9646
ZTF25aagtjfn,61123.329375,3,19.9311
ZTF25aagtjfn,61124.3682523,3,19.8876
ZTF25aagtjfn,61125.2471991,2,20.0301
ZTF25aagtjfn,61125.2729398,3,19.5899
ZTF25aagtjfn,61125.2949537,3,19.563
ZTF25aagtjfn,61126.2410417,3,19.7338
ZTF25aagtjfn,61126.2429167,3,19.7463
ZTF25aagtjfn,61129.234919,1,19.4209
ZTF25aagtjfn,61130.1442361,3,15.4267
ZTF25aagtjfn,61132.1960069,3,19.4219
ZTF25aagtjfn,61132.2016667,3,19.4545
ZTF25aagtjfn,61132.3231366,1,19.0454
ZTF25aagtjfn,61134.1702778,1,20.275
ZTF25aagtjfn,61134.2383796,3,18.7741
ZTF25aagtjfn,61134.2707986,2,19.397
ZTF25aagtjfn,61135.347419,3,19.5933
ZTF25aagtjfn,61135.3748148,1,19.3867
ZTF25aagtjfn,61137.1646644,3,19.7318
ZTF25aagtjfn,61137.1651273,3,19.717
ZTF25aagtjfn,61137.172338,2,20.5569
ZTF25aagtjfn,61138.2425231,3,19.801
ZTF25aagtjfn,61139.1642824,3,19.6737
ZTF25aagtjfn,61139.1656944,3,19.7471
ZTF25aagtjfn,61140.1999074,3,19.9096
ZTF25aagtjfn,61140.2046181,3,19.8898
ZTF25aagtjfn,61145.1664005,3,19.9578
ZTF25aagtjfn,61146.1713079,3,19.8194
ZTF25aagtjfn,61146.173669,3,19.8388
ZTF25aagtjfn,61146.2551042,1,20.3846
ZTF25aagtjfn,61147.2604861,3,19.6907
ZTF25aagtjfn,61147.2860995,2,20.0878
ZTF25aagtjfn,61150.3467014,3,19.6096
ZTF25aagtjfn,61150.3471759,3,19.5699
ZTF25aagtjfn,61153.2785995,3,19.4962
ZTF25aagtjfn,61153.3030324,1,19.648
ZTF25aagtjfn,61153.3035069,1,19.5655
ZTF25aagtjfn,61154.1630903,3,19.6103
ZTF25aagtjfn,61159.1916204,3,19.501
ZTF25aagtjfn,61159.1920949,3,19.4828
ZTF25aagtjfn,61159.236088,2,19.6317
ZTF25aagtjfn,61159.2789815,1,19.4094
ZTF25aagtjfn,61159.2799306,1,19.2689
ZTF25aagtjfn,61160.1825926,3,19.3974
ZTF25aagtjfn,61160.2058218,3,18.5344
ZTF25aagtjfn,61160.2230787,1,19.512
ZTF25aagtjfn,61160.2289583,1,19.5289
ZTF25aagtjfn,61161.259213,2,19.2207
ZTF25aagtjfn,61161.2611921,2,19.1171
ZTF25aagtjfn,61161.3026273,1,18.7019
ZTF25aagtjfn,61161.3064583,1,18.5906
ZTF25aagtjfn,61162.1673495,1,19.7854
ZTF25aagtjfn,61162.1678241,1,19.7558
ZTF25aagtjfn,61162.2638889,2,19.3782
ZTF25aagtjfn,61162.2643634,2,19.31
ZTF25aagtjfn,61167.1714699,3,19.5259
ZTF25aagtjfn,61167.1719444,3,19.692
ZTF25aagtjfn,61167.2284606,2,20.1925
ZTF25aagtjfn,61167.2744329,1,19.8916
ZTF25aagtjfn,61169.2892824,2,19.8162
ZTF25aagtjfn,61169.3242361,3,19.1407
ZTF25aagtjfn,61170.2385764,3,19.8988
ZTF25aagtjfn,61175.1739931,3,19.693
ZTF25aagtjfn,61175.174456,3,19.7221
ZTF25aagtjfn,61176.1784259,3,19.7444
ZTF25aagtjfn,61176.1789005,3,19.7865
ZTF25aairhqk,60710.4666782,2,19.5347
ZTF25aairhqk,60715.4606481,2,16.3237
ZTF25aairhqk,60715.5253241,1,18.3056
ZTF25aairhqk,60721.4921296,2,19.1308
ZTF25aairhqk,60725.4422685,1,19.3874
ZTF25aairhqk,60725.4752662,2,19.9188
ZTF25aairhqk,60726.4847454,2,20.0355
ZTF25aairhqk,60728.4411574,1,20.0278
ZTF25aairhqk,60728.4630556,2,20.2551
ZTF25aairhqk,60730.4736806,1,20.2959
ZTF25aairhqk,60730.5390162,2,20.3221
ZTF25aairhqk,60732.3844444,1,20.2744
ZTF25aairhqk,60732.5057639,2,20.1174
ZTF25aairhqk,60771.3351042,1,18.911
ZTF25aairhqk,60796.2987384,2,20.7114
ZTF25aairhqk,60811.2556366,2,20.3259
ZTF25aairhqk,60818.2955324,2,20.4975
ZTF25aairhqk,60824.2954167,2,20.4189
ZTF25aairhqk,61003.5631829,2,17.9305
ZTF25aairhqk,61003.568206,2,17.1754
ZTF25aairhqk,61004.5629282,2,18.0342
ZTF25aairhqk,61004.5679051,2,17.7281
ZTF25aairhqk,61006.5565046,2,17.2787
ZTF25aairhqk,61007.5638657,2,18.8349
ZTF25aairhqk,61008.5691435,2,17.981
ZTF25aairhqk,61016.5710532,2,18.0632
ZTF25aairhqk,61037.524919,1,18.9235
ZTF25aairhqk,61049.5036227,2,18.9799
ZTF25aairhqk,61061.5210185,1,16.3145
ZTF25aairhqk,61066.4638657,2,16.2181
ZTF25aairhqk,61073.5392708,1,18.6757
ZTF25aairhqk,61086.4153241,1,17.658
ZTF25aairhqk,61094.5434722,3,19.708
ZTF25aairhqk,61099.3856597,3,19.1072
ZTF25aairhqk,61101.3663426,3,19.0839
ZTF25aairhqk,61107.4930093,1,18.9784
ZTF25aairhqk,61108.3887847,3,19.2277
ZTF25aairhqk,61108.5121759,1,16.0001
ZTF25aairhqk,61111.4026968,3,19.8999
ZTF25aairhqk,61113.4182292,1,18.4899
ZTF25aairhqk,61113.4831713,2,18.6411
ZTF25aairhqk,61114.4666204,3,19.678
ZTF25aairhqk,61116.4059144,3,16.6915
ZTF25aairhqk,61116.4610417,1,19.0515
ZTF25aairhqk,61117.4432523,3,19.924
ZTF25aairhqk,61121.3794097,1,19.1933
ZTF25aairhqk,61121.4859259,3,19.3211
ZTF25aairhqk,61123.3499769,3,19.8705
ZTF25aairhqk,61125.4625463,3,19.4739
ZTF25aairhqk,61126.346412,3,19.9607
ZTF25aairhqk,61129.3808449,3,19.3281
ZTF25aairhqk,61129.4624421,1,19.3758
ZTF25aairhqk,61130.3571296,1,18.5285
ZTF25aairhqk,61140.3683218,3,19.9903
ZTF25aairhqk,61145.3843403,3,19.9399
ZTF25aairhqk,61147.3410764,3,19.9871
ZTF25aairhqk,61148.3536111,1,20.2949
ZTF25aairhqk,61150.3149884,1,20.3776
ZTF25aairhqk,61150.3596759,3,19.957
ZTF25aairhqk,61153.3159838,1,20.026
ZTF25aairhqk,61155.2866782,3,19.4266
ZTF25aairhqk,61159.2126157,3,18.972
ZTF25aairhqk,61162.2880324,2,18.8185
ZTF25aairhqk,61167.3722801,1,19.8452
ZTF25aairhqk,61168.3316667,3,19.8138
ZTF25aairhqk,61168.3706134,2,20.1074
ZTF25aairhqk,61169.3322917,3,19.8383
ZTF25aairhqk,61169.4152431,1,19.8704
ZTF25aairhqk,61170.247581,3,20.0355
ZTF25aairhqk,61170.2955093,1,20.5221
ZTF25aairhqk,61171.4043634,3,19.7132
ZTF25aairhqk,61171.4128935,1,19.8502
ZTF25aairhqk,61173.2536343,1,20.4604
ZTF25aairhqk,61174.2710185,1,20.2435
ZTF25aairhqk,61174.2890394,3,19.8149
ZTF25aairhqk,61176.3372801,3,19.8646
ZTF25aairhqk,61180.2746759,3,19.7626
ZTF25aairhqk,61180.3542014,1,19.9026
ZTF25aairhqk,61181.3165509,3,19.8807
ZTF25aairhqk,61183.3149653,1,20.2102
ZTF25aairhqk,61183.3610417,3,19.8053
ZTF25aairhqk,61185.2559606,3,19.7716
ZTF25aairhqk,61185.2944213,1,19.8967
ZTF25aairhqk,61191.2344329,3,19.2216
ZTF25aairhqk,61191.3485532,1,18.8663
ZTF25aairhqk,61192.1908796,1,19.5512
ZTF25aairhqk,61193.2086458,1,19.8306
ZTF25aairhqk,61193.2430556,3,19.6554
ZTF25aairhqk,61194.2853241,3,19.6899
ZTF25aairhqk,61194.3097338,1,19.5863
ZTF25aairhqk,61195.283912,3,19.7395
ZTF25aairhqk,61195.298206,1,19.684
ZTF25aairhqk,61196.2856713,1,20.1136
ZTF25aairhqk,61196.3403125,3,19.4402
ZTF25aairhqk,61198.2790278,3,19.9059
ZTF25aairhqk,61199.2802546,3,19.9131
ZTF25aairhqk,61199.3121181,1,20.1781
ZTF25aairhqk,61200.2624537,1,20.2114
ZTF25aairhqk,61200.321412,3,19.6401
ZTF25aairhqk,61201.3120486,1,20.1299
ZTF25aairhqk,61202.2663889,1,20.2915
ZTF25aairhqk,61204.1931713,1,20.406
ZTF25aairhqk,61205.1838889,3,19.8789
ZTF25aairhqk,61205.1925463,1,20.4143
ZTF25aairhqk,61207.2707407,1,20.2233
ZTF25aairhqk,61207.2764931,3,19.9423
ZTF25aairhqk,61210.1851505,3,19.5143
ZTF25aairhqk,61210.2671181,1,20.2988
ZTF25aairhqk,61212.2627894,1,20.0179
ZTF25aairhqk,61214.2003819,3,19.7245
ZTF25aairhqk,61224.2326273,1,19.9083
ZTF25aairhqk,61224.2688773,2,19.9217
ZTF25aajuqtp,60726.322662,2,20.2714
ZTF25aajuqtp,60728.2406944,1,20.1459
ZTF25aajuqtp,60730.2025231,2,20.4511
ZTF25aajuqtp,60730.3203356,1,19.9872
ZTF25aajuqtp,60732.183669,1,20.3228
ZTF25aajuqtp,60732.2156366,2,20.3577
ZTF25aajuqtp,60734.2815046,1,20.0155
ZTF25aajuqtp,60739.1555324,1,16.9432
ZTF25aajuqtp,60739.2079167,2,18.6901
ZTF25aajuqtp,60744.1340162,1,19.3475
ZTF25aajuqtp,60744.2986343,2,19.1017
ZTF25aajuqtp,60751.1999306,1,20.2508
ZTF25aajuqtp,60751.2621759,2,19.9947
ZTF25aajuqtp,60754.269213,2,20.0518
ZTF25aajuqtp,60781.1656366,1,20.3003
ZTF25aajuqtp,60786.1665162,1,19.3517
ZTF25aajuqtp,60790.2646991,2,20.0038
ZTF25aajuqtp,60948.4458681,1,20.3474
ZTF25aajuqtp,60948.4909722,2,20.4626
ZTF25aajuqtp,60950.3823611,1,20.2581
ZTF25aajuqtp,60950.407963,2,20.3205
ZTF25aajuqtp,60952.3616782,2,19.4516
ZTF25aajuqtp,60952.4684838,1,20.2097
ZTF25aajuqtp,60954.4536806,2,19.7245
ZTF25aajuqtp,60954.5098727,1,19.7204
ZTF25aajuqtp,60956.4224769,1,19.2324
ZTF25aajuqtp,60956.4938657,2,19.6199
ZTF25aajuqtp,60959.3600926,2,19.4384
ZTF25aajuqtp,60959.4083565,1,19.462
ZTF25aajuqtp,60961.3397917,1,19.5945
ZTF25aajuqtp,60961.4289931,2,20.202
ZTF25aajuqtp,60966.3429745,1,19.9869
ZTF25aajuqtp,60966.4057986,2,20.0723
ZTF25aajuqtp,60968.3893981,1,20.3406
ZTF25aajuqtp,60968.4550347,2,20.3316
ZTF25aajuqtp,60987.3896181,2,19.6741
ZTF25aajuqtp,60987.4671991,1,19.734
ZTF25aajuqtp,60989.365081,1,19.7779
ZTF25aajuqtp,60989.4726968,2,19.8764
ZTF25aajuqtp,60991.3249306,2,18.6482
ZTF25aajuqtp,60999.4232755,2,20.2766
ZTF25aajuqtp,61004.3425463,2,20.0266
ZTF25aajuqtp,61004.4342245,1,20.4274
ZTF25aajuqtp,61006.4122106,2,19.9995
ZTF25aajuqtp,61006.4528472,1,16.9654
ZTF25aajuqtp,61008.4077431,1,20.4717
ZTF25aajuqtp,61010.3892824,2,19.5021
ZTF25aajuqtp,61010.4287269,1,19.9545
ZTF25aajuqtp,61014.2795255,2,19.0389
ZTF25aajuqtp,61014.4474769,1,18.8825
ZTF25aajuqtp,61016.3035648,2,19.0997
ZTF25aajygin,60727.4768866,2,20.2417
ZTF25aajygin,60727.5001157,2,20.1269
ZTF25aajygin,60728.4471065,1,20.4224
ZTF25aajygin,60728.4934375,2,20.4868
ZTF25aajygin,60729.4125463,1,20.6693
ZTF25aajygin,60729.4838426,2,20.6287
ZTF25aajygin,60730.4090278,2,20.6164
ZTF25aajygin,60730.5014005,1,20.7304
ZTF25aajygin,60731.4103125,2,20.7812
ZTF25aajygin,60731.4518519,1,20.7578
ZTF25aajygin,60732.3665972,1,20.6653
ZTF25aajygin,60732.4239815,2,20.6824
ZTF25aajygin,60733.3419444,1,20.1739
ZTF25aajygin,60733.3954051,2,20.2062
ZTF25aajygin,60734.3733796,2,20.0792
ZTF25aajygin,60734.3892245,1,20.3712
ZTF25aajygin,60735.3946065,1,20.5058
ZTF25aajygin,60735.4272801,2,18.9741
ZTF25aajygin,60739.4250579,1,20.7775
ZTF25aajygin,60739.4536921,2,20.2898
ZTF25aajygin,60743.381713,2,20.0263
ZTF25aajygin,60744.3936343,1,19.9166
ZTF25aajygin,60744.4241898,2,19.6405
ZTF25aajygin,60750.3201505,1,19.6779
ZTF25aajygin,60751.3212847,2,19.3804
ZTF25aajygin,60751.4095833,1,19.0459
ZTF25aajygin,60753.3588657,2,20.3081
ZTF25aajygin,60753.4350347,1,20.067
ZTF25aajygin,60754.3073032,1,20.28
ZTF25aajygin,60754.4738079,2,20.3772
ZTF25aajygin,60755.3405787,1,20.306
ZTF25aajygin,60755.4887963,2,20.1414
ZTF25aajygin,60756.3066435,2,20.5922
ZTF25aajygin,60758.3864352,2,20.6108
ZTF25aajygin,60758.388831,2,20.5753
ZTF25aajygin,60760.3455787,2,20.6642
ZTF25aajygin,60760.3460532,2,20.642
ZTF25aajygin,60760.3581944,1,20.9462
ZTF25aajygin,60770.4046528,1,20.3667
ZTF25aajygin,60770.4253819,2,20.0594
ZTF25aajygin,60771.4065856,2,20.2576
ZTF25aajygin,60772.486331,2,20.1601
ZTF25aajygin,60773.3739583,2,19.7667
ZTF25aajygin,60774.3278009,2,19.885
ZTF25aajygin,60776.39875,2,19.7845
ZTF25aajygin,60780.3015741,2,19.8668
ZTF25aajygin,60785.2681597,2,20.7072
ZTF25aajygin,60785.2888773,1,20.7365
ZTF25aajygin,60786.2896644,2,19.3437
ZTF25aajygin,60787.3025116,2,20.6404
ZTF25aajygin,60788.3057755,1,20.9891
ZTF25aajygin,60788.3706944,2,20.7665
ZTF25aajygin,60789.3897106,2,20.7925
ZTF25aajygin,60794.2610995,1,20.7605
ZTF25aajygin,60794.3294676,2,20.3619
ZTF25aajygin,60794.3304282,2,20.4088
ZTF25aajygin,60796.2631944,2,20.8479
ZTF25aajygin,60796.2757407,2,20.9303
ZTF25aajygin,60796.3227778,1,20.8307
ZTF25aajygin,60798.2829977,2,20.5949
ZTF25aajygin,60798.3021528,2,20.5821
ZTF25aajygin,60798.3440162,1,20.8576
ZTF25aajygin,60804.2395833,2,20.0248
ZTF25aajygin,60804.2803125,2,20.0712
ZTF25aajygin,60806.3306597,2,16.2826
ZTF25aajygin,60806.4072685,1,16.7869
ZTF25aajygin,60810.3234722,2,19.8307
ZTF25aajygin,60810.3239468,2,20.0456
ZTF25aajygin,60814.3431481,2,20.1418
ZTF25aajygin,60814.3641435,2,20.0281
ZTF25aajygin,60816.2569792,2,20.5817
ZTF25aajygin,60817.2403125,2,20.7114
ZTF25aajygin,60818.3020602,2,20.7905
ZTF25aajygin,60818.3459491,1,20.7784
ZTF25aajygin,60820.3276273,1,20.6934
ZTF25aajygin,60821.2362731,2,20.6931
ZTF25aajygin,60822.3228819,1,20.723
ZTF25aajygin,60822.3515856,2,20.6111
ZTF25aajygin,60823.2408218,2,20.7304
ZTF25aajygin,60824.2769792,1,20.8785
ZTF25aajygin,60824.2992245,2,20.8433
ZTF25aajygin,60826.3229977,1,18.8783
ZTF25aajygin,60826.3511806,2,19.3682
ZTF25aajygin,60829.2639583,2,20.1014
ZTF25aajygin,60831.257037,2,20.221
ZTF25aajygin,60831.2812731,2,20.1514
ZTF25aajygin,60833.2473727,2,20.1114
ZTF25aajygin,60835.2448958,2,19.8928
ZTF25aajygin,60835.2610648,2,19.8802
ZTF25aajygin,60837.2393981,2,19.8074
ZTF25aajygin,60837.2599884,2,19.9471
ZTF25aajygin,61002.536331,1,20.1459
ZTF25aajygin,61005.4744676,2,19.6424
ZTF25aajygin,61005.5322685,1,19.809
ZTF25aajygin,61007.4887731,2,20.1658
ZTF25aajygin,61007.531713,1,20.5689
ZTF25aajygin,61009.5132407,1,20.1552
ZTF25aajygin,61011.4506366,2,19.2931
ZTF25aajygin,61011.5299074,1,20.285
ZTF25aajygin,61014.4760185,1,18.5385
ZTF25aajygin,61014.5498495,2,19.1793
ZTF25aajygin,61015.5117245,1,19.4547
ZTF25aajygin,61016.4523843,1,18.6112
ZTF25aajygin,61016.5074421,2,19.2617
ZTF25aajygin,61017.5356134,1,19.76
ZTF25aajygin,61020.5383565,1,20.172
ZTF25aajygin,61021.5162153,2,20.4047
ZTF25aajygin,61021.5393519,1,20.3033
ZTF25aajygin,61022.518287,2,20.4539
ZTF25aajygin,61022.5345833,1,20.341
ZTF25aajygin,61025.4910995,2,20.193
ZTF25aajygin,61025.5350463,1,20.4753
ZTF25aajygin,61027.4701852,1,20.0363
ZTF25aajygin,61027.4716088,1,20.0311
ZTF25aajygin,61027.5445255,2,20.3994
ZTF25aajygin,61027.5459491,2,20.3423
ZTF25aajygin,61030.4453009,1,20.299
ZTF25aajygin,61030.4690278,1,20.6071
ZTF25aaoxrmn,60772.4720949,1,18.5322
ZTF25aaoxrmn,60772.4915046,2,20.6435
ZTF25aaoxrmn,60774.4768519,1,20.4034
ZTF25aaoxrmn,60774.5192708,2,20.3215
ZTF25aaoxrmn,60776.4240162,2,20.1976
ZTF25aaoxrmn,60776.5038657,1,20.1368
ZTF25aaoxrmn,60785.345625,1,20.1287
ZTF25aaoxrmn,60785.4076968,2,20.0314
ZTF25aaoxrmn,60787.4024653,1,20.9032
ZTF25aaoxrmn,60787.4728356,2,20.693
ZTF25aaoxrmn,60789.4235417,2,20.6573
ZTF25aaoxrmn,60789.456088,1,20.8984
ZTF25aaoxrmn,60806.3644329,2,16.304
ZTF25aaoxrmn,60806.4414005,1,17.132
ZTF25aaoxrmn,60826.3277315,1,17.9341
ZTF25aaoxrmn,60826.3846991,2,18.0184
ZTF25aaoxrmn,60832.3808449,1,20.426
ZTF25aaoxrmn,60836.4312153,1,19.755
ZTF25aaoxrmn,60845.2469676,1,20.8115
ZTF25aaoxrmn,60845.2981944,2,17.6239
ZTF25aaoxrmn,60847.3235648,2,20.6874
ZTF25aaoxrmn,60847.3768403,1,20.6253
ZTF25aaoxrmn,60857.333669,1,20.8008
ZTF25aaoxrmn,60857.3439468,2,20.5762
ZTF25aaoxrmn,60910.2099074,1,16.2983
ZTF25aaoxrmn,60923.2490394,2,17.3721
ZTF25aaoxrmn,60948.2199653,2,20.2788
ZTF25aaoxrmn,60976.1659375,1,19.371
ZTF25aaoxrmn,60980.166412,1,19.3368
ZTF25aaoxrmn,60982.1423148,1,16.4275
ZTF25aaoxrmn,60984.1490625,1,18.9604
ZTF25aaoxrmn,60986.0903935,1,19.9091
ZTF25aaoxrmn,60988.0714815,2,19.7493
ZTF25aaoxrmn,60988.1770833,1,19.1672
ZTF25aaoxrmn,61075.5109144,1,18.9174
ZTF25aaoxrmn,61077.5151389,1,19.4568
ZTF25aapplfd,60781.4868866,2,19.8857
ZTF25aapplfd,60786.3162847,1,19.8938
ZTF25aapplfd,60789.3715856,1,20.4063
ZTF25aapplfd,60789.4374653,2,19.9824
ZTF25aapplfd,60795.2849074,2,20.2021
ZTF25aapplfd,60795.3159491,1,20.2716
ZTF25aapplfd,60797.3415972,1,20.4663
ZTF25aapplfd,60803.4348032,1,20.2265
ZTF25aapplfd,60807.3854282,2,19.5202
ZTF25aapplfd,60839.36625,2,20.0401
ZTF25aapplfd,60847.4055903,2,20.4309
ZTF25aapplfd,60856.3286111,1,20.2494
ZTF25aapplfd,60856.3749769,2,20.1259
ZTF25aapplfd,60864.4078704,1,19.9759
ZTF25aapplfd,60872.2330324,1,20.3206
ZTF25aapplfd,60879.1932176,1,20.5899
ZTF25aapplfd,60881.1930671,1,20.4815
ZTF25aapplfd,60901.3790162,1,19.6885
ZTF25aapplfd,60910.2449769,1,19.9893
ZTF25aapplfd,60910.2684259,2,20.246
ZTF25aapplfd,60917.2702894,1,20.2795
ZTF25aapplfd,60919.1723958,1,20.2083
ZTF25aapplfd,60921.276412,1,19.7135
ZTF25aapplfd,60923.1357407,1,19.6736
ZTF25aapplfd,60923.264375,2,19.3374
ZTF25aapplfd,60925.2177894,2,19.6121
ZTF25aapplfd,60925.258287,1,19.3472
ZTF25aapplfd,60927.198912,2,19.8057
ZTF25aapplfd,60927.3209259,1,19.3144
ZTF25aapplfd,60929.199456,1,19.8479
ZTF25aapplfd,60932.1833102,1,20.2994
ZTF25aapplfd,60934.3048148,1,19.983
ZTF25aapplfd,60938.1745139,2,20.2977
ZTF25aapplfd,60938.2530903,1,20.3159
ZTF25aapplfd,60941.2606829,2,18.8171
ZTF25aapplfd,60943.1848727,1,20.2256
ZTF25aapplfd,60948.252338,1,19.8751
ZTF25aapplfd,60950.2069213,2,20.0119
ZTF25aapplfd,60950.2522454,1,19.7816
ZTF25aapplfd,60953.1564583,2,19.6356
ZTF25aapplfd,60953.2338079,1,19.2266
ZTF25aapplfd,60955.1350926,2,19.5295
ZTF25aapplfd,60955.2002083,1,18.9888
ZTF25aapplfd,60957.124456,1,19.7048
ZTF25aapplfd,60957.2153009,2,19.3431
ZTF25aapplfd,60960.2428125,1,19.8825
ZTF25aapplfd,60965.2150116,1,19.8843
ZTF25aapsisw,60805.4842824,2,19.4271
ZTF25aapsisw,60805.488669,2,19.2022
ZTF25aapsisw,60815.4760417,2,19.5715
ZTF25aapsisw,60823.4747917,2,20.2117
ZTF25aapsisw,60824.4691551,2,20.2094
ZTF25aapsisw,60824.4729514,2,20.1968
ZTF25aapsisw,60825.4702546,2,19.9828
ZTF25aapsisw,60826.4684375,2,19.0073
ZTF25aapsisw,60826.4722685,2,17.2429
ZTF25aapsisw,60826.4760648,2,18.4022
ZTF25aapsisw,60853.4754398,1,20.1026
ZTF25aapsisw,60928.4912616,2,19.1355
ZTF25aapsisw,60980.2539583,1,19.8346
ZTF25aapsisw,61051.0988889,2,19.1545
ZTF25aapsisw,61061.1304745,2,17.09
ZTF25aapsisw,61066.1524074,2,17.59
ZTF25aapsisw,61072.1157755,1,18.8727
ZTF25aapsisw,61167.4900347,2,18.8713
ZTF25aapsisw,61167.4997801,2,18.1833
ZTF25aapsisw,61170.4867361,2,19.338
ZTF25aapsisw,61191.4736806,2,19.5885
ZTF25aapsisw,61193.489456,2,18.7652
ZTF25aaqqjud,60788.4971065,2,19.6667
ZTF25aaqqjud,60789.4993634,2,19.3547
ZTF25aaqqjud,60794.4848843,2,19.5318
ZTF25aaqqjud,60794.4929745,2,19.377
ZTF25aaqqjud,60795.495081,2,19.3507
ZTF25aaqqjud,60797.4905093,2,19.5065
ZTF25aaqqjud,60798.4863194,2,19.6933
ZTF25aaqqjud,60798.4911574,2,19.5432
ZTF25aaqqjud,60803.4848611,2,19.7889
ZTF25aaqqjud,60803.4892361,2,19.6926
ZTF25aaqqjud,60803.4946065,2,19.2759
ZTF25aaqqjud,60805.4823727,2,19.8968
ZTF25aaqqjud,60805.4867708,2,19.7314
ZTF25aaqqjud,60805.4911574,2,19.1232
ZTF25aaqqjud,60807.4830324,2,18.1308
ZTF25aaqqjud,60807.4868981,2,18.6323
ZTF25aaqqjud,60807.4912847,2,18.3045
ZTF25aaqqjud,60811.4907755,2,18.9853
ZTF25aaqqjud,60811.4952199,2,18.5279
ZTF25aaqqjud,60853.4668403,1,20.2806
ZTF25aaqqjud,60955.2289468,1,19.2159
ZTF25aaqqjud,60957.3424653,1,19.5216
ZTF25aaqqjud,60970.1987847,2,19.8029
ZTF25aaqqjud,60974.2611458,2,20.4029
ZTF25aaqqjud,60978.2224769,2,20.3883
ZTF25aaqqjud,60980.2334144,1,19.923
ZTF25aaqqjud,60982.2467477,1,18.3016
ZTF25aaqqjud,60982.4148727,2,18.8428
ZTF25aaqqjud,60986.2161921,1,19.799
ZTF25aaqqjud,60990.2538426,2,20.2115
ZTF25aaqqjud,60992.1825926,2,18.4477
ZTF25aaqqjud,60992.2286574,1,17.7464
ZTF25aaqqjud,61006.1103009,1,20.0755
ZTF25aaqqjud,61008.0929282,2,20.3201
ZTF25aaqqjud,61008.1714583,1,20.0599
ZTF25aaqqjud,61010.2206944,1,18.8802
ZTF25aaqqjud,61014.1357755,1,19.2045
ZTF25aaqqjud,61014.1785417,2,18.8324
ZTF25aaqqjud,61016.0981597,1,19.9652
ZTF25aaqqjud,61016.1652315,2,19.3036
ZTF25aaqqjud,61020.094919,2,20.3331
ZTF25aaqqjud,61028.1626736,1,20.2243
ZTF25aatclux,60817.4338542,2,20.0179
ZTF25aatclux,60817.459456,1,19.9514
ZTF25aatclux,60819.4459838,1,17.6402
ZTF25aatclux,60821.4636111,1,20.2295
ZTF25aatclux,60834.4053356,1,19.6226
ZTF25aatclux,60834.461088,2,20.4515
ZTF25aatclux,60836.4008218,2,15.2498
ZTF25aatclux,60836.4578588,1,17.8787
ZTF25aatclux,60848.4345602,1,20.0949
ZTF25aatclux,60864.4617708,2,20.4034
ZTF25aatclux,60866.4102546,3,19.041
ZTF25aatclux,60866.4592593,1,19.2172
ZTF25aatclux,60868.4212153,1,18.9456
ZTF25aatclux,60868.4608218,3,18.6285
ZTF25aatclux,60871.3631134,1,18.3027
ZTF25aatclux,60873.3012847,2,19.3766
ZTF25aatclux,60873.3852083,1,19.418
ZTF25aatclux,60889.4220833,1,20.2939
ZTF25aatclux,60891.3441551,3,19.4596
ZTF25aatclux,60891.3614005,2,20.1054
ZTF25aatclux,60891.3807523,1,20.212
ZTF25aatclux,60891.3816898,1,20.1743
ZTF25aatclux,60908.3799074,2,15.8704
ZTF25aatclux,60908.3808449,2,16.8917
ZTF25aatclux,60910.3153356,1,18.9924
ZTF25aatclux,60921.2855903,1,19.5653
ZTF25aatclux,60921.2957176,3,19.2227
ZTF25aatclux,60933.2349769,3,19.3584
ZTF25aatclux,60934.214537,3,19.4524
ZTF25aatclux,60935.1735995,3,19.1571
ZTF25aatclux,60938.2145602,3,19.4243
ZTF25aatclux,60938.3110069,1,20.0931
ZTF25aatclux,60939.1940394,3,19.5468
ZTF25aatclux,60943.2318981,2,20.202
ZTF25aatclux,60969.2533796,2,19.8963
ZTF25aatclux,60972.2565972,1,19.6891
ZTF25aatclux,60981.1483681,1,19.3627
ZTF25aatclux,60983.1357176,1,19.3727
ZTF25aatclux,60985.1037153,1,19.2362
ZTF25aatclux,60985.1436921,1,19.1466
ZTF25aatclux,60987.126875,1,19.788
ZTF25aatclux,61005.1623032,2,19.4772
ZTF25aatclux,61005.2074074,1,19.2037
ZTF25aatclux,61009.1460764,1,19.4996
ZTF25aatclux,61011.0851157,2,18.8239
ZTF25aatclux,61011.1270949,1,19.1288
ZTF25aatclux,61013.0925231,1,18.7429
ZTF25aatclux,61013.1274769,2,18.7416
ZTF25aatclux,61016.1538426,2,18.8548
ZTF25aatclux,61020.1281829,1,19.5179
ZTF25aatclux,61022.0851736,2,19.8844
ZTF25aatclux,61022.1275694,1,17.487
ZTF25aatclux,61024.1069907,1,19.923
ZTF25aaufltl,60826.4852546,2,15.8732
ZTF25aaufltl,60829.4809491,2,18.6866
ZTF25aaufltl,60829.4853472,2,18.28
ZTF25aaufltl,60829.4902546,2,17.7738
ZTF25aaufltl,60834.4679745,2,19.8931
ZTF25aaufltl,60834.4722801,2,19.7837
ZTF25aaufltl,60834.4761227,2,19.6604
ZTF25aaufltl,60864.4669444,2,20.4485
ZTF25aaufltl,60866.4046065,3,19.2064
ZTF25aaufltl,60868.4683565,3,19.6147
ZTF25aaufltl,60870.4548032,1,18.9002
ZTF25aaufltl,60870.4557407,1,18.8976
ZTF25aaufltl,60871.4673264,2,19.2013
ZTF25aaufltl,60880.454213,1,20.4265
ZTF25aaufltl,60882.4034144,3,19.4828
ZTF25aaufltl,60882.445787,1,20.5074
ZTF25aaufltl,60883.4712616,1,20.6495
ZTF25aaufltl,60883.4722106,1,20.6754
ZTF25aaufltl,60884.4644444,1,20.7913
ZTF25aaufltl,60903.4824074,1,20.3142
ZTF25aaufltl,60909.4051505,1,20.5911
ZTF25aaufltl,60917.3306829,1,20.493
ZTF25aaufltl,60925.370787,1,19.3171
ZTF25aaufltl,60927.3605208,1,19.2315
ZTF25aaufltl,60927.4208449,2,19.5474
ZTF25aaufltl,60930.3938426,1,19.7021
ZTF25aaufltl,60933.3069676,1,20.5557
ZTF25aaufltl,60935.3624653,1,20.6746
ZTF25aaufltl,60949.3620023,1,20.5264
ZTF25aaufltl,61015.1917824,1,19.5815
ZTF25aaufltl,61017.1291551,1,19.8918
ZTF25aaufltl,61020.1753472,1,20.3962
ZTF25aaufltl,61026.2045949,1,20.5463
ZTF25aaufltl,61026.2198148,2,20.5877
ZTF25aaufltl,61028.176331,1,20.2621
ZTF25aaufltl,61030.2044792,1,20.5268
ZTF25aaufltl,61049.1453356,1,19.9981
ZTF25aaufltl,61049.2176273,2,19.773
ZTF25aaufltl,61051.1253009,2,19.3516
ZTF25aaufltl,61053.1867361,2,19.8352
ZTF25aavcvel,60841.4792245,2,20.6092
ZTF25aavcvel,60841.4831829,2,24.4897
ZTF25aavcvel,60841.4876157,2,22.2563
ZTF25aavcvel,60900.3887037,1,19.6317
ZTF25aavcvel,60902.4496644,1,19.9068
ZTF25aavcvel,60904.4521759,1,20.4205
ZTF25aavcvel,60904.4546412,1,20.4989
ZTF25aavcvel,60908.4508565,1,20.5535
ZTF25aavcvel,60911.3480787,2,20.3852
ZTF25aavcvel,60911.3920949,1,20.5404
ZTF25aavcvel,60911.392581,1,20.427
ZTF25aavcvel,60914.4525116,1,20.4638
ZTF25aavcvel,60914.4760532,1,20.5526
ZTF25aavcvel,60917.3263889,1,20.1464
ZTF25aavcvel,60917.3705556,2,20.482
ZTF25aavcvel,60917.4071991,1,20.5393
ZTF25aavcvel,60923.3660532,2,19.8805
ZTF25aavcvel,60923.4518519,1,20.4154
ZTF25aavcvel,60924.4567824,2,20.0549
ZTF25aavcvel,60924.4750579,1,19.8906
ZTF25aavcvel,60925.3415394,1,19.2906
ZTF25aavcvel,60927.3821875,1,19.522
ZTF25aavcvel,60927.4308912,2,19.9649
ZTF25aavcvel,60929.3516204,1,19.4567
ZTF25aavcvel,60929.3817014,2,19.6481
ZTF25aavcvel,60930.3648032,1,19.9473
ZTF25aavcvel,60933.2876157,1,20.3715
ZTF25aavcvel,60933.3500231,1,20.414
ZTF25aavcvel,60935.3696759,1,20.4988
ZTF25aavcvel,60935.3717824,1,20.666
ZTF25aawdpdu,60821.4631366,1,20.1294
ZTF25aawdpdu,60824.4203819,1,19.9737
ZTF25aawdpdu,60824.4636343,2,20.3538
ZTF25aawdpdu,60829.4629977,1,20.142
ZTF25aawdpdu,60832.3989236,1,19.6001
ZTF25aawdpdu,60832.460162,2,20.341
ZTF25aawdpdu,60834.4048727,1,19.4492
ZTF25aawdpdu,60834.460625,2,20.4967
ZTF25aawdpdu,60836.4003588,2,18.8888
ZTF25aawdpdu,60836.4583218,1,19.2361
ZTF25aawdpdu,60839.3817361,2,18.1161
ZTF25aawdpdu,60839.4394907,1,18.96
ZTF25aawdpdu,60844.4000116,2,19.6903
ZTF25aawdpdu,60865.33875,1,19.1251
ZTF25aawdpdu,60867.3281019,2,19.0345
ZTF25aawdpdu,60867.3290509,2,19.135
ZTF25aawdpdu,60871.3561343,1,18.1356
ZTF25aawdpdu,60871.3566088,1,18.1754
ZTF25aawdpdu,60871.363588,1,18.23
ZTF25aawdpdu,60871.3811343,3,18.6802
ZTF25aawdpdu,60872.3594329,3,19.2031
ZTF25aawdpdu,60872.4314236,2,19.3832
ZTF25aawdpdu,60882.4100116,3,19.6996
ZTF25aawdpdu,60889.3524537,3,19.9107
ZTF25aawdpdu,60895.2418634,2,18.3839
ZTF25aawdpdu,60895.2922685,3,18.4057
ZTF25aawdpdu,60898.3761111,2,18.8588
ZTF25aawdpdu,60898.4320139,1,18.5164
ZTF25aawdpdu,60899.3559491,3,19.0506
ZTF25aawdpdu,60899.4314583,2,19.0715
ZTF25aawdpdu,60900.3109722,2,19.8622
ZTF25aawdpdu,60903.2370949,1,20.4326
ZTF25aawdpdu,60909.2955903,1,20.1635
ZTF25aawdpdu,60910.3058333,2,18.4666
ZTF25aawdpdu,60910.3139236,1,18.9856
ZTF25aawdpdu,60917.2728009,1,20.1572
ZTF25aawdpdu,60919.2962269,1,20.2244
ZTF25aawdpdu,60920.2167708,3,18.416
ZTF25aawdpdu,60920.2739583,1,19.6941
ZTF25aawdpdu,60921.2731597,1,19.4331
ZTF25aawdpdu,60921.2952431,3,19.4437
ZTF25aawdpdu,60922.3143403,2,18.9858
ZTF25aawdpdu,60922.3353125,3,18.8676
ZTF25aawdpdu,60922.3585764,1,19.2032
ZTF25aawdpdu,60922.3655324,1,19.1523
ZTF25aawdpdu,60926.3095486,1,18.8807
ZTF25aawdpdu,60926.3109606,1,18.8831
ZTF25aawdpdu,60927.1724306,3,19.4409
ZTF25aawdpdu,60927.3469444,1,19.0927
ZTF25aawdpdu,60928.3022106,1,19.4137
ZTF25aawdpdu,60929.2761111,3,19.4607
ZTF25aawdpdu,60938.2702662,1,20.2885
ZTF25aawdpdu,60938.2712037,1,20.2373
ZTF25aawdpdu,60941.2731713,1,20.015
ZTF25aawdpdu,60941.2741088,1,20.0377
ZTF25aawdpdu,60943.2745602,3,19.7392
ZTF25aawdpdu,60953.2098727,2,19.1038
ZTF25aawdpdu,60953.2778125,1,18.6401
ZTF25aawdpdu,60955.1683102,1,18.8266
ZTF25aawdpdu,60957.2978241,1,18.8069
ZTF25aawdpdu,60960.1870255,2,20.158
ZTF25aawdpdu,60960.2332755,1,19.8466
ZTF25aawdpdu,60965.230544,1,19.7733
ZTF25aawdpdu,60967.2097685,1,19.968
ZTF25aawdpdu,60969.2108565,1,20.1377
ZTF25aawdpdu,60972.2561227,1,19.4471
ZTF25aawdpdu,60974.27125,2,19.2217
ZTF25aawdpdu,60976.2059028,1,19.6416
ZTF25aawdpdu,60981.1478935,1,19.3588
ZTF25aawdzpn,60831.4623032,1,20.3644
ZTF25aawdzpn,60835.4202546,1,19.0777
ZTF25aawdzpn,60838.4165394,2,18.9711
ZTF25aawdzpn,60838.4612731,1,19.3377
ZTF25aawdzpn,60840.4388889,1,19.4486
ZTF25aawdzpn,60857.3990162,2,20.0916
ZTF25aawdzpn,60857.4198843,1,20.4304
ZTF25aawdzpn,60864.4569792,1,20.6234
ZTF25aawdzpn,60866.4088426,3,19.3592
ZTF25aawdzpn,60867.3673148,1,19.1697
ZTF25aawdzpn,60869.3667593,1,19.0886
ZTF25aawdzpn,60869.3817824,3,19.104
ZTF25aawdzpn,60873.3606366,3,18.9535
ZTF25aawdzpn,60882.407662,3,19.6944
ZTF25aawdzpn,60894.4416782,1,19.9399
ZTF25aawdzpn,60895.335544,3,18.7766
ZTF25aawdzpn,60895.4191204,1,19.1032
ZTF25aawdzpn,60895.4664931,1,19.2812
ZTF25aawdzpn,60895.4674306,1,19.253
ZTF25aawdzpn,60896.4,3,18.8441
ZTF25aawdzpn,60900.2999537,3,19.3021
ZTF25aawdzpn,60900.4085417,1,19.5115
ZTF25aawdzpn,60901.284375,3,19.2722
ZTF25aawdzpn,60901.3915509,1,19.5629
ZTF25aawdzpn,60908.2581019,3,19.661
ZTF25aawdzpn,60909.3308681,3,18.7119
ZTF25aawdzpn,60910.2992245,3,18.9824
ZTF25aawdzpn,60911.3578472,1,20.3149
ZTF25aawdzpn,60919.2797222,3,19.5392
ZTF25aawdzpn,60919.3151968,1,20.5442
ZTF25aawdzpn,60920.2157407,3,18.9017
ZTF25aawdzpn,60920.3349884,1,19.69
ZTF25aawdzpn,60922.3382407,3,19.2736
ZTF25aawdzpn,60923.3779051,3,19.0249
ZTF25aawdzpn,60923.4209606,1,19.3809
ZTF25aawdzpn,60923.4218981,1,19.3004
ZTF25aawdzpn,60924.1929977,3,18.6899
ZTF25aawdzpn,60924.2790625,1,19.2595
ZTF25aawdzpn,60924.4257292,2,18.9575
ZTF25aawdzpn,60927.3350694,1,19.1907
ZTF25aawdzpn,60927.336956,1,19.2586
ZTF25aawdzpn,60928.2575347,3,19.3718
ZTF25aawdzpn,60928.3152778,1,19.5851
ZTF25aawdzpn,60929.236875,2,19.4283
ZTF25aawdzpn,60929.2387616,2,19.4396
ZTF25aawdzpn,60929.2779861,3,19.1846
ZTF25aawdzpn,60929.3010532,1,19.4949
ZTF25aawdzpn,60929.3038889,1,19.5435
ZTF25aawdzpn,60932.2468981,2,20.2457
ZTF25aawdzpn,60932.2954745,1,20.2301
ZTF25aawdzpn,60934.2785764,2,20.0921
ZTF25aawdzpn,60934.2901852,2,20.1991
ZTF25aawdzpn,60934.3313542,1,20.0534
ZTF25aawdzpn,60935.1750116,3,19.3079
ZTF25aawdzpn,60935.2959838,1,16.1999
ZTF25aawdzpn,60941.2565625,3,19.3745
ZTF25aawdzpn,60941.2954977,1,20.3841
ZTF25aawdzpn,60941.2964352,1,20.4365
ZTF25aawdzpn,60942.2425926,3,19.5497
ZTF25aawdzpn,60942.2542361,1,20.4588
ZTF25aawdzpn,60943.2764468,3,19.7176
ZTF25aawdzpn,60943.2934375,1,20.3893
ZTF25aawdzpn,60943.317037,1,20.4016
ZTF25aawdzpn,60944.3331944,1,20.3427
ZTF25aawkwoy,60818.3622569,1,20.5424
ZTF25aawkwoy,60818.3999306,2,20.4933
ZTF25aawkwoy,60820.3914815,1,20.745
ZTF25aawkwoy,60820.4240278,2,20.5573
ZTF25aawkwoy,60822.3809375,2,20.6094
ZTF25aawkwoy,60822.4242593,1,20.8187
ZTF25aawkwoy,60824.4131019,1,20.7635
ZTF25aawkwoy,60824.4449653,2,20.6783
ZTF25aawkwoy,60829.3192708,2,20.3747
ZTF25aawkwoy,60829.3814005,1,20.6792
ZTF25aawkwoy,60832.3907986,1,20.3198
ZTF25aawkwoy,60832.4255671,2,20.4573
ZTF25aawkwoy,60834.3854745,1,20.1363
ZTF25aawkwoy,60834.4488542,2,20.6609
ZTF25aawkwoy,60836.3597338,2,19.8271
ZTF25aawkwoy,60836.4297917,1,19.6886
ZTF25aawkwoy,60838.3575926,2,19.8285
ZTF25aawkwoy,60838.4230093,1,19.6562
ZTF25aawkwoy,60840.241331,1,20.1605
ZTF25aawkwoy,60840.3418519,2,20.2457
ZTF25aawkwoy,60843.2641088,2,20.439
ZTF25aawkwoy,60843.304537,1,20.5249
ZTF25aawkwoy,60845.2455556,1,20.3428
ZTF25aawkwoy,60845.3005556,2,20.6265
ZTF25aawkwoy,60847.3333333,2,20.619
ZTF25aawkwoy,60855.2883333,1,20.1008
ZTF25aawkwoy,60855.3526736,2,20.1583
ZTF25aawkwoy,60857.3186227,1,20.5997
ZTF25aawkwoy,60857.3391898,2,20.7247
ZTF25aawkwoy,60871.2479282,1,20.197
ZTF25aawkwoy,60882.2214815,1,20.5588
ZTF25aawkwoy,60882.2609259,2,20.5661
ZTF25aawkwoy,60923.2624074,2,18.8025
ZTF25aawkwoy,60934.1605671,1,20.515
ZTF25aawkwoy,60934.2049421,2,20.4123
ZTF25aawkwoy,60941.3083449,1,19.7946
ZTF25aawkwoy,60943.1818634,1,20.5158
ZTF25aawkwoy,60943.2062037,2,20.3775
ZTF25aawkwoy,60948.1958796,2,20.2658
ZTF25aawkwoy,60948.2384838,1,20.184
ZTF25aawkwoy,60950.142662,1,20.0325
ZTF25aawkwoy,60950.1846065,2,20.1645
ZTF25aawkwoy,60953.1420255,1,19.8168
ZTF25aawkwoy,60955.1656366,1,19.3203
ZTF25aawkwoy,60955.2620949,2,19.2073
ZTF25aawkwoy,60957.1350231,1,19.8943
ZTF25aawkwoy,60960.1616088,2,20.3436
ZTF25aawmdtp,60817.4258218,2,20.4273
ZTF25aawmdtp,60817.4647106,1,20.3819
ZTF25aawmdtp,60826.4311574,1,19.6848
ZTF25aawmdtp,60826.4555208,2,17.8839
ZTF25aawmdtp,60839.378831,2,19.9059
ZTF25aawmdtp,60839.457662,1,19.7222
ZTF25aawmdtp,60842.3630208,2,19.8985
ZTF25aawmdtp,60842.4485417,1,19.9789
ZTF25aawmdtp,60845.3293287,2,20.0992
ZTF25aawmdtp,60845.3879977,1,20.143
ZTF25aawmdtp,60847.3828819,1,20.3295
ZTF25aawmdtp,60857.4115162,2,20.7255
ZTF25aawmdtp,60891.2793287,1,20.0097
ZTF25aawmdtp,60903.3608333,2,20.7501
ZTF25aawmdtp,60903.3789583,1,20.4974
ZTF25aawmdtp,60905.3283681,1,20.6576
ZTF25aawmdtp,60909.3445602,1,20.5053
ZTF25aawmdtp,60909.3717593,2,20.7718
ZTF25aawmdtp,60911.3657176,1,20.6177
ZTF25aawmdtp,60914.2990741,1,20.4275
ZTF25aawmdtp,60917.2804745,1,20.6552
ZTF25aawmdtp,60919.3075116,1,20.6394
ZTF25aawmdtp,60923.3699537,2,20.17
ZTF25aawmdtp,60923.4668981,1,20.4119
ZTF25aawmdtp,60925.3590509,1,19.3781
ZTF25aawmdtp,60925.3882523,2,19.6643
ZTF25aawmdtp,60927.3006713,2,19.9393
ZTF25aawmdtp,60927.3419444,1,19.515
ZTF25aawmdtp,60932.3090278,1,20.434
ZTF25aawmdtp,60934.3192014,1,20.5342
ZTF25aawngni,60818.4220023,2,20.6997
ZTF25aawngni,60818.4549074,1,20.5062
ZTF25aawngni,60821.3723148,2,20.702
ZTF25aawngni,60821.3921644,1,20.5292
ZTF25aawngni,60823.3633218,2,20.7376
ZTF25aawngni,60823.3835301,1,20.6796
ZTF25aawngni,60826.4192824,1,20.0842
ZTF25aawngni,60826.4449884,2,17.6085
ZTF25aawngni,60830.4368171,1,15.8165
ZTF25aawngni,60833.3929282,2,20.526
ZTF25aawngni,60833.4199884,1,20.7354
ZTF25aawngni,60835.3896412,2,19.8667
ZTF25aawngni,60835.4403241,1,20.2067
ZTF25aawngni,60838.4017477,2,19.6719
ZTF25aawngni,60838.4463657,1,19.1382
ZTF25aawngni,60840.3771759,2,19.9896
ZTF25aawngni,60840.4089583,1,19.7937
ZTF25aawngni,60843.2857523,1,20.2262
ZTF25aawngni,60843.4236921,2,20.401
ZTF25aawngni,60845.3254745,2,20.6375
ZTF25aawngni,60845.3812153,1,20.4512
ZTF25aawngni,60847.3385764,2,20.6902
ZTF25aawngni,60847.3918634,1,20.4675
ZTF25aawngni,60877.3065162,2,20.8424
ZTF25aawngni,60920.3477662,1,20.4949
ZTF25aawngni,60924.2524769,1,19.514
ZTF25aawngni,60926.3048148,1,19.3001
ZTF25aawngni,60934.299294,1,20.4771
ZTF25aawngni,61015.1162731,1,19.2211
ZTF25aawngni,61015.1670139,2,19.1804
ZTF25aawngni,61017.1010069,1,19.858
ZTF25aawngni,61020.133831,1,19.7221
ZTF25aaxjzzz,60841.3975116,2,19.6995
ZTF25aaxjzzz,60841.4373727,1,19.6653
ZTF25aaxjzzz,60846.4262616,2,20.1422
ZTF25aaxjzzz,60846.459838,1,20.2119
ZTF25aaxjzzz,60848.4303241,1,20.3519
ZTF25aaxjzzz,60848.4567824,2,19.852
ZTF25aaxjzzz,60864.4707407,2,20.5963
ZTF25aaxjzzz,60873.3610995,3,19.0531
ZTF25aaxjzzz,60882.406713,3,19.6323
ZTF25aaxjzzz,60883.3635069,3,20.0092
ZTF25aaxjzzz,60894.4421412,1,20.0887
ZTF25aaxjzzz,60895.4394907,1,19.3501
ZTF25aaxjzzz,60895.4417593,1,19.3596
ZTF25aaxjzzz,60896.4447685,1,19.0862
ZTF25aaxjzzz,60896.445706,1,19.063
ZTF25aaxjzzz,60901.4010648,1,19.3214
ZTF25aaxjzzz,60909.3388079,1,20.5322
ZTF25aaxjzzz,60923.4233218,1,19.6461
ZTF25aaxjzzz,60928.3356019,1,19.2747
ZTF25aaxjzzz,60933.2535764,1,20.5278
ZTF25aaxjzzz,60944.3327199,1,20.7544
ZTF25aaxsmkl,60852.4746875,2,19.2457
ZTF25aaxsmkl,60852.4785532,2,19.0138
ZTF25aaxsmkl,60854.4796875,2,19.0844
ZTF25aaxsmkl,60855.4789931,2,19.1231
ZTF25aaxsmkl,60856.4718981,2,19.5255
ZTF25aaxsmkl,60856.4757639,2,19.277
ZTF25aaxsmkl,60856.4796181,2,19.1824
ZTF25aaxsmkl,60900.4757176,1,19.4991
ZTF25aaxsmkl,60904.4813542,1,20.4369
ZTF25aaxsmkl,60909.3930787,2,20.4787
ZTF25aaxsmkl,60909.4221875,1,20.5451
ZTF25aaxsmkl,60911.4136458,1,20.4723
ZTF25aaxsmkl,60914.464375,1,20.6141
ZTF25aaxsmkl,60917.4235185,1,20.5701
ZTF25aaxsmkl,60923.4558102,1,20.2752
ZTF25aaxsmkl,60923.5238079,2,19.9265
ZTF25aaxsmkl,60925.4390856,2,19.6423
ZTF25aaxsmkl,60925.465162,1,19.4491
ZTF25aaxsmkl,60927.3752546,1,19.3748
ZTF25aaxsmkl,60931.4199306,1,19.6817
ZTF25aaxsmkl,60934.4193981,1,20.3479
ZTF25aaxsmkl,60934.4923264,2,20.5644
ZTF25aazkont,60856.4714352,2,19.6193
ZTF25aazkont,60856.4747685,2,19.4509
ZTF25aazkont,60856.4786227,2,19.247
ZTF25aazkont,60952.3304282,1,19.4698
ZTF25aazkont,60954.2578819,1,19.0718
ZTF25aazkont,60959.3814931,1,19.5791
ZTF25aazkont,60961.2945949,1,20.2247
ZTF25aazkont,60966.3201736,1,20.4186
ZTF25aazkont,60966.381088,2,20.2887
ZTF25aazkont,60968.3304051,2,20.5274
ZTF25aazkont,60968.3607176,1,20.3935
ZTF25aazkont,60973.2850463,2,20.5647
ZTF25aazkont,60973.3380208,1,20.6805
ZTF25aazkont,60975.3195255,1,20.3847
ZTF25aazufyf,60832.3837269,1,19.5607
ZTF25aazufyf,60832.459213,2,20.4124
ZTF25aazufyf,60834.4039236,1,19.769
ZTF25aazufyf,60838.4346875,2,18.5818
ZTF25aazufyf,60838.4397454,1,18.956
ZTF25aazufyf,60843.4407755,1,19.6449
ZTF25aazufyf,60847.3998958,1,20.1836
ZTF25aazufyf,60849.3926968,1,20.5685
ZTF25aazufyf,60851.3548032,2,20.2864
ZTF25aazufyf,60851.3998727,2,20.2906
ZTF25aazufyf,60853.315706,1,19.9414
ZTF25aazufyf,60853.387963,2,20.1385
ZTF25aazufyf,60855.3357755,2,19.9777
ZTF25aazufyf,60855.4401157,1,20.1027
ZTF25aazufyf,60858.3767361,1,20.4589
ZTF25aazufyf,60858.4554514,2,20.5018
ZTF25aazufyf,60865.3775347,3,19.452
ZTF25aazufyf,60866.4111921,3,19.02
ZTF25aazufyf,60866.4217014,1,18.9489
ZTF25aazufyf,60872.3589583,3,19.3792
ZTF25aazufyf,60876.3855787,2,20.2361
ZTF25aazufyf,60876.3888773,2,20.2749
ZTF25aazufyf,60878.3813542,3,19.645
ZTF25aazufyf,60883.3597454,3,19.8837
ZTF25aazufyf,60886.3801968,3,19.9138
ZTF25aazufyf,60888.3206366,3,19.972
ZTF25aazufyf,60890.3423148,3,19.8007
ZTF25aazufyf,60894.4006134,3,18.984
ZTF25aazufyf,60898.277338,3,18.895
ZTF25aazufyf,60898.4310764,1,18.4798
ZTF25aazufyf,60900.2971296,3,19.7084
ZTF25aazufyf,60900.3166898,1,19.7318
ZTF25aazufyf,60902.3175694,3,19.4962
ZTF25aazufyf,60904.2554282,3,19.9015
ZTF25aazufyf,60904.3114815,1,20.2838
ZTF25aazufyf,60905.3004745,1,20.385
ZTF25aazufyf,60909.2912269,3,19.7431
ZTF25aazufyf,60910.2733565,2,20.2549
ZTF25aazufyf,60910.2963889,3,19.5862
ZTF25aazufyf,60910.3162731,1,19.0738
ZTF25aazufyf,60911.2752662,3,19.7795
ZTF25aazufyf,60913.2752778,3,19.8418
ZTF25aazufyf,60913.29375,1,20.3606
ZTF25aazufyf,60913.2946875,1,20.3374
ZTF25aazufyf,60916.2966898,3,19.7234
ZTF25aazufyf,60916.3141204,1,20.2846
ZTF25aazufyf,60917.2332176,3,19.4571
ZTF25aazufyf,60917.2536806,1,20.2878
ZTF25aazufyf,60918.2351273,2,20.2211
ZTF25aazufyf,60918.2535532,3,19.7418
ZTF25aazufyf,60919.2768981,3,19.6828
ZTF25aazufyf,60919.2976273,1,20.1303
ZTF25aazufyf,60920.2133796,3,18.5055
ZTF25aazufyf,60920.2734838,1,19.7091
ZTF25aazufyf,60920.2744213,1,19.7625
ZTF25aazufyf,60921.2740972,1,19.4826
ZTF25aazufyf,60921.2943056,3,19.2727
ZTF25aazufyf,60922.1875579,1,18.91
ZTF25aazufyf,60922.2205324,2,19.2074
ZTF25aazufyf,60925.1892824,2,18.8138
ZTF25aazufyf,60925.2131829,3,18.7167
ZTF25aazufyf,60925.2944444,1,18.7892
ZTF25aazufyf,60925.2953819,1,18.7065
ZTF25aazufyf,60926.2008449,2,19.2614
ZTF25aazufyf,60926.2545139,3,19.2277
ZTF25aazufyf,60926.3171296,1,18.8144
ZTF25aazufyf,60927.171956,3,19.5717
ZTF25aazufyf,60927.2210532,2,19.7064
ZTF25aazufyf,60927.2229398,2,19.7702
ZTF25aazufyf,60927.3145023,1,19.1757
ZTF25aazufyf,60927.3154398,1,19.1088
ZTF25aazufyf,60928.2223727,2,19.9301
ZTF25aazufyf,60928.2547106,3,19.543
ZTF25aazufyf,60928.2671528,1,19.6439
ZTF25aazufyf,60929.2070023,1,19.7211
ZTF25aazufyf,60929.2079398,1,19.7136
ZTF25aazufyf,60929.2307523,2,19.7916
ZTF25aazufyf,60929.2316898,2,19.7577
ZTF25aazufyf,60929.275162,3,19.4795
ZTF25abakxkw,60834.3888194,1,20.1435
ZTF25abakxkw,60834.3897685,1,20.2549
ZTF25abakxkw,60834.4507407,2,20.64
ZTF25abakxkw,60834.4516782,2,20.6831
ZTF25abakxkw,60836.3360417,2,19.8385
ZTF25abakxkw,60836.3365278,2,19.7336
ZTF25abakxkw,60836.4273958,1,19.6826
ZTF25abakxkw,60836.4278935,1,19.6139
ZTF25abakxkw,60838.3424769,2,19.7274
ZTF25abakxkw,60838.3799074,2,19.6655
ZTF25abakxkw,60838.4244213,1,19.6099
ZTF25abakxkw,60838.4253819,1,19.4485
ZTF25abakxkw,60840.2376852,1,20.2523
ZTF25abakxkw,60840.2386227,1,20.402
ZTF25abakxkw,60840.2852199,2,20.2667
ZTF25abakxkw,60840.322338,2,20.3178
ZTF25abakxkw,60842.2841204,1,20.6146
ZTF25abakxkw,60842.3068866,2,20.316
ZTF25abakxkw,60843.2659954,2,20.6284
ZTF25abakxkw,60843.3064236,1,20.5177
ZTF25abakxkw,60844.3560532,2,20.4259
ZTF25abakxkw,60844.4295718,1,20.0636
ZTF25abakxkw,60845.2441435,1,20.5992
ZTF25abakxkw,60845.3024421,2,20.7151
ZTF25abakxkw,60846.3587963,2,20.6778
ZTF25abakxkw,60846.4437153,1,20.2577
ZTF25abakxkw,60847.2398611,1,20.2809
ZTF25abakxkw,60847.4045949,2,20.5437
ZTF25abakxkw,60848.2972801,2,20.6739
ZTF25abakxkw,60848.3553588,1,20.4544
ZTF25abakxkw,60850.3413079,2,20.7103
ZTF25abakxkw,60850.3427778,2,20.6845
ZTF25abakxkw,60850.3692361,2,20.6908
ZTF25abakxkw,60850.3813773,2,20.7354
ZTF25abakxkw,60852.3422917,2,20.5461
ZTF25abakxkw,60852.3437384,2,20.5587
ZTF25abakxkw,60852.3686574,1,20.738
ZTF25abakxkw,60852.3691551,1,20.5599
ZTF25abakxkw,60854.3048843,1,20.6036
ZTF25abakxkw,60854.3058218,1,20.7794
ZTF25abakxkw,60854.3557986,2,20.6023
ZTF25abakxkw,60854.3567361,2,20.6554
ZTF25abakxkw,60856.3642593,2,20.3088
ZTF25abakxkw,60856.403912,1,20.4996
ZTF25abakxkw,60856.4043981,1,20.3937
ZTF25abakxkw,60858.305706,2,20.6715
ZTF25abakxkw,60858.3638426,1,20.7595
ZTF25abakxkw,60858.3647917,1,20.7724
ZTF25abakxkw,60858.4242477,2,20.6828
ZTF25abakxkw,60860.3474884,2,20.7781
ZTF25abakxkw,60860.3484259,2,20.7041
ZTF25abakxkw,60860.4106366,1,20.7138
ZTF25abakxkw,60860.4111343,1,20.7009
ZTF25abakxkw,60862.3418866,2,20.5083
ZTF25abakxkw,60862.3615162,2,20.4387
ZTF25abakxkw,60862.4074537,1,20.7098
ZTF25abakxkw,60862.4083912,1,20.5331
ZTF25abakxkw,60927.3218981,1,19.4259
ZTF25abakxkw,60934.3053472,1,20.1065
ZTF25abakxkw,60953.2870949,1,19.1536
ZTF25abakxkw,60955.2006829,1,19.1421
ZTF25abaqwxu,60835.4696759,2,19.7846
ZTF25abaqwxu,60835.4739699,2,19.7132
ZTF25abaqwxu,60835.4778009,2,19.5894
ZTF25abaqwxu,60838.4694329,2,19.3662
ZTF25abaqwxu,60838.4732639,2,19.2323
ZTF25abaqwxu,60838.4770833,2,18.81
ZTF25abaqwxu,60839.4688079,2,18.7906
ZTF25abaqwxu,60839.4726273,2,18.4852
ZTF25abaqwxu,60839.4764468,2,18.4695
ZTF25abaqwxu,60840.4682639,2,19.6998
ZTF25abaqwxu,60840.4720718,2,19.6569
ZTF25abaqwxu,60840.4758912,2,19.6748
ZTF25abaqwxu,60841.468669,2,19.8072
ZTF25abaqwxu,60841.4724884,2,19.7324
ZTF25abaqwxu,60841.4763079,2,19.5909
ZTF25abaqwxu,60842.4679282,2,19.6674
ZTF25abaqwxu,60842.4722569,2,19.6164
ZTF25abaqwxu,60842.476088,2,19.5081
ZTF25abaqwxu,60843.4681597,2,19.7477
ZTF25abaqwxu,60843.4719907,2,19.7745
ZTF25abaqwxu,60843.4758218,2,19.7215
ZTF25abaqwxu,60844.4679745,2,19.5275
ZTF25abaqwxu,60844.4713542,2,19.374
ZTF25abaqwxu,60844.4747222,2,19.5579
ZTF25abaqwxu,60845.468044,2,19.9538
ZTF25abaqwxu,60845.471412,2,19.9601
ZTF25abaqwxu,60845.4757292,2,19.7979
ZTF25abaqwxu,60846.4671528,2,19.5981
ZTF25abaqwxu,60846.4710301,2,19.5261
ZTF25abaqwxu,60846.4748958,2,19.5642
ZTF25abaqwxu,60847.4678588,2,19.622
ZTF25abaqwxu,60847.4717245,2,19.7837
ZTF25abaqwxu,60847.4756019,2,19.4794
ZTF25abaqwxu,60862.4681713,2,20.4837
ZTF25abaqwxu,60864.4669444,2,20.4734
ZTF25abaqwxu,60866.3894676,2,19.1214
ZTF25abaqwxu,60866.4046065,3,19.0995
ZTF25abaqwxu,60871.3841435,3,18.4627
ZTF25abaqwxu,60882.4034144,3,19.435
ZTF25abaqwxu,60895.3621644,3,19.0805
ZTF25abaqwxu,60896.4061227,3,19.128
ZTF25abaqwxu,60897.3595139,3,18.7517
ZTF25abaqwxu,60897.4082523,2,19.3701
ZTF25abaqwxu,60898.3383449,3,19.0041
ZTF25abaqwxu,60898.4772685,1,19.3863
ZTF25abaqwxu,60925.370787,1,19.2694
ZTF25abaqwxu,60925.4152778,2,19.2071
ZTF25abaqwxu,60927.3605208,1,19.3659
ZTF25abaqwxu,60927.4208449,2,19.4629
ZTF25abaqwxu,60930.3938426,1,19.7267
ZTF25abaqwxu,60930.4398958,2,19.7345
ZTF25abawltx,60838.3571065,2,19.7231
ZTF25abawltx,60838.4554977,1,19.7154
ZTF25abawltx,60840.2367245,1,20.1694
ZTF25abawltx,60840.342338,2,20.3145
ZTF25abawltx,60843.3026389,1,20.303
ZTF25abawltx,60843.4018634,2,20.5467
ZTF25abawltx,60845.3417245,1,20.7319
ZTF25abawltx,60845.4062269,2,20.4311
ZTF25abawltx,60847.3323843,2,20.7468
ZTF25abawltx,60847.3648843,1,20.6686
ZTF25abawltx,60849.2815394,2,20.5855
ZTF25abawltx,60849.3253472,1,20.8042
ZTF25abawltx,60851.3085995,2,20.7384
ZTF25abawltx,60851.348206,2,20.7987
ZTF25abawltx,60853.3324537,1,20.7305
ZTF25abawltx,60853.3464699,2,20.7218
ZTF25abawltx,60855.3507176,2,20.2824
ZTF25abawltx,60855.3848032,1,20.2795
ZTF25abawltx,60857.3031829,1,20.8575
ZTF25abawltx,60857.3621528,2,20.7595
ZTF25abawltx,60859.3307986,2,20.7267
ZTF25abawltx,60859.3508681,1,20.8676
ZTF25abawltx,60861.3633681,2,20.7984
ZTF25abawltx,60861.4140856,1,20.9016
ZTF25abawltx,60863.214537,1,20.0323
ZTF25abawltx,60863.3032639,2,20.2862
ZTF25abawltx,60865.2579745,1,19.857
ZTF25abawltx,60865.2785648,2,20.1633
ZTF25abawltx,60888.2595833,1,20.4292
ZTF25abawltx,60888.3019907,2,20.7811
ZTF25abawltx,60892.3702662,1,20.4421
ZTF25abawltx,60954.1395255,2,19.9907
ZTF25abawltx,60954.1719444,1,19.5863
ZTF25abawltx,60956.2179282,1,19.4103
ZTF25abawltx,60960.2446991,1,20.0208
ZTF25abawltx,60965.214456,1,20.2179
ZTF25abawltx,60967.1802315,1,20.292
ZTF25abawltx,60969.240787,1,20.2035
ZTF25abawltx,60972.1383796,1,20.3631
ZTF25abawltx,60974.1595833,1,20.2346
ZTF25abawltx,60976.1635764,1,19.8013
ZTF25abawltx,60978.2422685,1,19.7726
ZTF25abawltx,60980.154537,1,19.7865
ZTF25abawltx,60982.1108449,2,18.0854
ZTF25abawltx,60982.1581366,1,17.0831
ZTF25abawltx,60984.1986343,1,19.1042
ZTF25abawltx,60986.1110185,1,19.9031
ZTF25abbpvih,60858.4852315,2,17.9954
ZTF25abbpvih,60858.4903009,2,18.01
ZTF25abbpvih,60859.4851968,2,18.598
ZTF25abbpvih,60859.4896296,2,18.2083
ZTF25abbpvih,60860.4860648,2,18.5151
ZTF25abbpvih,60860.489919,2,18.0303
ZTF25abbpvih,60860.4938542,2,17.5925
ZTF25abbpvih,60861.4862616,2,18.6883
ZTF25abbpvih,60861.4901852,2,18.1909
ZTF25abbpvih,60862.4851736,2,18.7548
ZTF25abbpvih,60862.4891088,2,18.4058
ZTF25abbpvih,60862.4940278,2,17.7183
ZTF25abbpvih,60863.4860532,2,18.9299
ZTF25abbpvih,60863.4905903,2,18.3353
ZTF25abbpvih,60865.4858449,2,19.2615
ZTF25abbpvih,60865.4909606,2,18.668
ZTF25abbpvih,60865.4960648,2,18.0374
ZTF25abbpvih,60866.4880556,2,18.8392
ZTF25abbpvih,60866.4930208,2,18.4005
ZTF25abbpvih,60867.4855324,2,19.1288
ZTF25abbpvih,60867.4899653,2,18.816
ZTF25abbpvih,60867.4944097,2,18.3533
ZTF25abbpvih,60868.4866204,2,18.93
ZTF25abbpvih,60868.4905324,2,18.8636
ZTF25abbpvih,60868.4949421,2,18.4419
ZTF25abbpvih,60869.4861227,2,19.1488
ZTF25abbpvih,60869.4901505,2,19.0352
ZTF25abbpvih,60869.4947569,2,18.6784
ZTF25abbpvih,60870.4784722,2,19.215
ZTF25abbpvih,60870.4823611,2,19.1456
ZTF25abbpvih,60870.48625,2,19.0547
ZTF25abbpvih,60871.481088,2,18.8783
ZTF25abbpvih,60871.4849653,2,18.7964
ZTF25abbpvih,60880.488831,2,19.9313
ZTF25abbpvih,60926.4531481,1,19.5159
ZTF25abbpvih,60929.3486921,1,18.9646
ZTF25abbpvih,60935.3886574,1,20.566
ZTF25abbzfjz,60851.4593981,2,20.0952
ZTF25abbzfjz,60853.4607292,1,20.0945
ZTF25abbzfjz,60856.4347917,1,19.9733
ZTF25abbzfjz,60858.4396759,2,20.3757
ZTF25abbzfjz,60859.4596875,2,20.2007
ZTF25abbzfjz,60860.4362616,1,20.3218
ZTF25abbzfjz,60861.4174537,1,20.3296
ZTF25abbzfjz,60861.4183912,1,20.3958
ZTF25abbzfjz,60864.4598727,2,20.1699
ZTF25abbzfjz,60865.4607639,2,19.7154
ZTF25abbzfjz,60866.4160532,2,19.0942
ZTF25abbzfjz,60867.4598264,2,19.0146
ZTF25abbzfjz,60867.4603009,2,19.1127
ZTF25abbzfjz,60871.4600347,2,18.4534
ZTF25abbzfjz,60871.4637963,2,18.4063
ZTF25abbzfjz,60871.4647338,2,18.4678
ZTF25abbzfjz,60872.4172454,2,19.008
ZTF25abbzfjz,60875.3929051,1,20.0415
ZTF25abbzfjz,60880.356331,2,20.3062
ZTF25abbzfjz,60882.3554282,1,20.2384
ZTF25abbzfjz,60891.3769676,1,20.0298
ZTF25abbzfjz,60891.4239815,2,20.1146
ZTF25abbzfjz,60891.4244444,2,20.0228
ZTF25abbzfjz,60894.4167361,2,19.251
ZTF25abbzfjz,60898.3770602,2,18.7596
ZTF25abbzfjz,60898.3775231,2,18.7457
ZTF25abbzfjz,60898.3779977,2,18.7147
ZTF25abbzfjz,60898.4315509,1,18.3588
ZTF25abbzfjz,60898.4324884,1,18.3526
ZTF25abbzfjz,60926.3123727,1,18.7761
ZTF25abbzfjz,60927.2515162,2,19.5131
ZTF25abbzfjz,60935.2508912,2,17.1315
ZTF25abbzfjz,60953.2773495,1,18.4677
ZTF25abbzfjz,60954.1894097,1,18.9388
ZTF25abbzfjz,60955.1678356,1,18.7155
ZTF25abbzfjz,60956.1896412,2,19.1442
ZTF25abbzfjz,60957.2525116,1,18.8579
ZTF25abbzfjz,60960.2328009,1,19.8421
ZTF25abbzfjz,60961.1784028,2,20.0567
ZTF25abbzfjz,60967.2102431,1,19.7105
ZTF25abbzfjz,60976.1675926,1,19.0667
ZTF25abbzfjz,60976.1680671,1,19.3224
ZTF25abbzfjz,60980.1675694,1,19.1112
ZTF25abbzfjz,60981.1063426,2,19.4724
ZTF25abbzfjz,60981.146956,1,19.1581
ZTF25abbzfjz,60981.147419,1,19.184
ZTF25abbzfjz,60982.1989468,1,17.0575
ZTF25abbzfjz,60982.2021528,2,16.787
ZTF25abbzfjz,60983.1193981,1,19.2235
ZTF25abbzfjz,60983.1472106,1,19.2536
ZTF25abbzfjz,60983.161956,2,19.4307
ZTF25abbzfjz,60984.1677315,1,18.9511
ZTF25abbzfjz,60985.1446412,1,18.7782
ZTF25abbzfjz,60985.1451042,1,18.8089
ZTF25abbzfjz,60985.1868981,1,18.8069
ZTF25abbzfjz,60985.1873727,1,18.8499
ZTF25abbzfjz,61207.4588426,3,19.5959
ZTF25abbzfjz,61230.3967593,2,20.1978
ZTF25abbzfjz,61230.4197917,1,20.2107
ZTF25abbzfjz,61232.3958681,3,19.6984
ZTF25abbzfjz,61234.4391088,2,20.0262
ZTF25abbzfjz,61234.4395833,2,20.0789
ZTF25abbzfjz,61240.4184144,1,20.1904
ZTF25abbzfjz,61242.3773843,2,19.9225
ZTF25abbzfjz,61242.4185301,1,19.6846
ZTF25abbzfjz,61243.3550347,1,19.9354
ZTF25abbzfjz,61243.3966319,2,19.8987
ZTF25abbzfjz,61243.439213,1,19.848
ZTF25abbzfjz,61245.3968056,2,20.1859
ZTF25abbzfjz,61245.3986921,2,20.2232
ZTF25abbzfjz,61245.4393866,1,20.1115
ZTF25abbzfjz,61246.3546759,1,19.768
ZTF25abbzfjz,61246.3755208,1,20.1018
ZTF25abbzfjz,61246.4182292,2,20.0808
ZTF25abbzfjz,61248.3977778,3,19.4319
ZTF25abbzfjz,61254.3548958,2,19.499
ZTF25abbzfjz,61254.3857755,2,19.3752
ZTF25abbzfjz,61254.4199653,1,19.2571
ZTF25abbzfjz,61254.4204398,1,19.1512
ZTF25abbzfjz,61255.330706,3,19.5448
ZTF25abbzfjz,61255.3864236,1,19.5788
ZTF25abbzfjz,61255.3873958,1,19.4129
ZTF25abbzfjz,61255.4185185,2,19.6995
ZTF25abbzfjz,61255.4575926,2,19.5494
ZTF25abbzfjz,61256.354838,1,19.4356
ZTF25abbzfjz,61256.3866435,1,19.719
ZTF25abbzfjz,61256.397963,2,19.7208
ZTF25abbzfjz,61256.4746528,2,19.4242
ZTF25abbzfjz,61257.3365509,1,19.6756
ZTF25abbzfjz,61257.3666435,1,19.6889
ZTF25abbzfjz,61257.3768403,3,19.5981
ZTF25abbzfjz,61257.4371991,2,19.6027
ZTF25abbzfjz,61257.4376736,2,19.437
ZTF25abbzfjz,61258.3512384,2,19.9926
ZTF25abclliu,60847.3773495,1,20.4377
ZTF25abclliu,60849.3220139,1,21.0302
ZTF25abclliu,60851.3030903,2,20.3385
ZTF25abclliu,60853.3027662,1,20.3667
ZTF25abclliu,60855.3833449,1,20.1548
ZTF25abclliu,60855.426875,2,20.1878
ZTF25abclliu,60858.3706366,1,20.9192
ZTF25abclliu,60860.4067361,1,20.9616
ZTF25abclliu,60862.3640394,2,20.69
ZTF25abclliu,60862.4119444,1,20.8134
ZTF25abclliu,60864.3371759,2,20.3382
ZTF25abclliu,60864.4296181,1,20.659
ZTF25abclliu,60866.2365972,1,19.751
ZTF25abclliu,60866.3627199,2,20.1633
ZTF25abclliu,60868.2406597,1,19.7512
ZTF25abclliu,60868.3152894,2,19.9435
ZTF25abclliu,60870.1990509,1,20.758
ZTF25abclliu,60870.2810532,2,20.0774
ZTF25abclliu,60872.2549653,1,20.7955
ZTF25abclliu,60872.2787384,2,20.4785
ZTF25abclliu,60875.3288773,1,20.5656
ZTF25abclliu,60877.2824884,1,21.0362
ZTF25abclliu,60883.1919676,1,19.4828
ZTF25abclliu,60913.31,1,20.7462
ZTF25abclliu,60922.1786343,1,20.1251
ZTF25abclliu,60943.1799421,1,20.9465
ZTF25abclliu,60948.2792014,1,20.7552
ZTF25abclliu,60972.1123032,1,20.4197
ZTF25abclliu,60974.1614699,1,20.4027
ZTF25abclliu,60976.1125926,2,20.4251
ZTF25abclliu,60976.1649884,1,19.6623
ZTF25abclliu,60978.1240509,1,19.9783
ZTF25abclliu,60980.1516319,1,19.595
ZTF25abclliu,60982.0985648,2,18.1377
ZTF25abclliu,60982.1514699,1,17.9996
ZTF25abclliu,60984.1431366,1,19.4786
ZTF25abclliu,60986.0740278,1,19.641
ZTF25abclliu,60986.1427199,2,20.2151
ZTF25abclliu,60990.1342708,1,20.3701
ZTF25abclliu,61003.0954282,1,20.6196
ZTF25abclliu,61005.1146759,2,19.6515
ZTF25abclliu,61007.0988426,2,17.1513
ZTF25abclliu,61007.1439699,1,19.6856
ZTF25abclliu,61009.1360185,1,19.8128
ZTF25abclliu,61011.1010532,2,19.2062
ZTF25abclliu,61011.1337384,1,18.9409
ZTF25abclliu,61013.1037847,1,18.6615
ZTF25abclliu,61013.132662,2,18.2915
ZTF25abclliu,61015.0994213,1,19.1796
ZTF25abclliu,61015.1415972,2,18.7729
ZTF25abclliu,61017.0958218,1,19.3704
ZTF25abcznka,60849.3402315,1,20.4473
ZTF25abcznka,60851.3581019,2,20.4996
ZTF25abcznka,60851.4613194,2,20.6097
ZTF25abcznka,60854.4166667,2,20.6738
ZTF25abcznka,60854.4448148,1,20.6542
ZTF25abcznka,60856.3780671,2,20.2823
ZTF25abcznka,60856.4363079,1,20.677
ZTF25abcznka,60858.401412,1,20.7646
ZTF25abcznka,60858.4425,2,20.7365
ZTF25abcznka,60860.3929745,2,20.6446
ZTF25abcznka,60860.4206713,1,20.7386
ZTF25abcznka,60868.4099306,2,19.6808
ZTF25abcznka,60868.4221759,1,19.469
ZTF25abcznka,60873.3420718,2,19.659
ZTF25abcznka,60873.3866667,1,19.6575
ZTF25abcznka,60876.3293171,1,20.641
ZTF25abcznka,60876.3841551,2,20.674
ZTF25abcznka,60894.3909606,2,20.0252
ZTF25abcznka,60898.4346296,2,19.2492
ZTF25abcznka,60898.4432292,1,19.1068
ZTF25abcznka,60955.1688542,1,19.0239
ZTF25abcznka,60957.2703935,1,19.4257
ZTF25abcznka,60982.1652894,1,16.2705
ZTF25abcznka,60984.16875,1,19.3928
ZTF25abcznka,60986.256713,1,19.3817
ZTF25abcznka,61006.0884144,1,20.0101
ZTF25abcznka,61012.0918171,2,19.7489
ZTF25abcznka,61016.1427315,1,19.1644
ZTF25abcznka,61016.1571412,2,19.4109
ZTF25abcznka,61020.2030671,2,19.7316
ZTF25abcznka,61022.1109606,2,20.2264
ZTF25abcznka,61022.1432755,1,19.4683
ZTF25abcznka,61024.1346065,2,20.3544
ZTF25abecvml,60854.422662,2,20.5325
ZTF25abecvml,60854.4524306,1,20.731
ZTF25abecvml,60857.3994792,2,20.3322
ZTF25abecvml,60859.3211921,2,19.6952
ZTF25abecvml,60859.3793981,1,20.2146
ZTF25abecvml,60882.4227662,2,20.0223
ZTF25abecvml,60920.3148958,1,18.915
ZTF25abecvml,60924.3176042,1,19.2136
ZTF25abecvml,60927.3331134,1,19.3155
ZTF25abecvml,60929.3043634,1,19.5987
ZTF25abecvml,60932.2968866,1,20.2067
ZTF25abecvml,60934.3351505,1,20.2801
ZTF25abedagz,60855.3729167,2,19.9087
ZTF25abedagz,60857.4115162,2,20.3806
ZTF25abedagz,60859.3059028,2,19.7736
ZTF25abedagz,60859.3897801,1,20.4172
ZTF25abedagz,60909.3445602,1,20.1873
ZTF25abedagz,60923.4668981,1,20.3332
ZTF25abedagz,60925.3590509,1,19.4714
ZTF25abedagz,60927.3419444,1,19.4506
ZTF25abedagz,60929.2969444,1,19.5897
ZTF25abedagz,60932.3090278,1,20.4034
ZTF25abedagz,60934.3192014,1,20.3867
ZTF25abedagz,60938.2803588,1,20.5795
ZTF25abedagz,60941.3046065,1,20.4959
ZTF25abedagz,60943.3282755,1,20.6494
ZTF25abedagz,60949.3427431,1,20.4448
ZTF25abedagz,60951.3449306,1,20.0824
ZTF25abeefof,60862.4695949,2,20.3578
ZTF25abeefof,60863.4652894,2,20.4378
ZTF25abeefof,60864.4660069,2,20.5297
ZTF25abeefof,60865.4706597,2,20.1625
ZTF25abeefof,60866.4036458,3,19.0826
ZTF25abeefof,60866.4683681,1,19.4996
ZTF25abeefof,60867.4687731,2,19.6872
ZTF25abeefof,60868.4047222,2,19.3577
ZTF25abeefof,60868.4711806,3,19.4322
ZTF25abeefof,60869.4699884,2,19.7404
ZTF25abeefof,60870.3986343,3,18.212
ZTF25abeefof,60870.4293287,2,18.812
ZTF25abeefof,60870.4726736,1,18.8837
ZTF25abeefof,60870.4736227,1,18.9221
ZTF25abeefof,60871.3831944,3,18.164
ZTF25abeefof,60871.4701389,2,18.7581
ZTF25abeefof,60876.4004282,2,20.2511
ZTF25abeefof,60878.4067708,2,20.3545
ZTF25abeefof,60879.3882407,2,20.064
ZTF25abeefof,60879.4096991,3,19.325
ZTF25abeefof,60879.4634028,1,20.4514
ZTF25abeefof,60879.474838,1,20.4828
ZTF25abeefof,60880.3864005,2,20.23
ZTF25abeefof,60880.4077083,3,19.9312
ZTF25abeefof,60880.4670833,1,20.4251
ZTF25abeefof,60880.4699074,1,20.4442
ZTF25abeefof,60881.363044,3,19.6017
ZTF25abeefof,60881.4053356,2,20.3449
ZTF25abeefof,60881.4753472,1,20.556
ZTF25abeefof,60881.4762847,1,20.509
ZTF25abeefof,60882.4020023,3,19.3426
ZTF25abeefof,60882.4360648,2,20.4191
ZTF25abeefof,60885.3677315,3,19.7856
ZTF25abeefof,60887.3890741,3,19.8888
ZTF25abeefof,60892.3354282,3,19.5129
ZTF25abeefof,60894.4119213,3,19.6075
ZTF25abeefof,60895.3649884,3,18.9926
ZTF25abeefof,60895.4493171,1,19.4324
ZTF25abeefof,60896.4089468,3,19.0937
ZTF25abeefof,60897.362338,3,18.5456
ZTF25abeefof,60898.3364583,3,18.8088
ZTF25abeefof,60899.3594097,3,18.5652
ZTF25abeefof,60899.3863542,2,18.9602
ZTF25abeefof,60920.4974769,1,17.9838
ZTF25abeefof,60925.3731481,1,19.1049
ZTF25abeefof,60929.4191204,1,19.2434
ZTF25abeefof,60951.4042477,1,20.3054
ZTF25abeefof,60953.3010417,1,19.3555
ZTF25abeefof,60953.3694676,2,19.4974
ZTF25abeefof,60957.3537963,1,19.1787
ZTF25abeefof,60957.4852778,2,17.5262
ZTF25abeefof,60967.3339352,1,20.4579
ZTF25abeefof,60981.2533102,1,19.6043
ZTF25abeefof,60984.2545602,1,18.9892
ZTF25abeefof,60984.4199653,1,18.3267
ZTF25abeefof,60986.2243634,1,19.5968
ZTF25abeefof,60986.3437847,2,19.5876
ZTF25abeefof,60988.2160069,1,20.0593
ZTF25abghevu,60870.216956,1,20.5995
ZTF25abghevu,60870.2655903,2,20.0192
ZTF25abghevu,60870.2746181,2,20.0867
ZTF25abghevu,60870.3171875,1,19.5948
ZTF25abghevu,60872.2162384,1,20.5684
ZTF25abghevu,60872.257037,1,20.5298
ZTF25abghevu,60872.2827083,2,20.4188
ZTF25abghevu,60872.2831829,2,20.4521
ZTF25abghevu,60875.257963,2,20.5274
ZTF25abghevu,60875.2584375,2,20.7753
ZTF25abghevu,60875.2858681,1,20.7123
ZTF25abghevu,60875.2863426,1,20.747
ZTF25abghevu,60877.2172801,2,20.782
ZTF25abghevu,60877.2625231,1,20.8095
ZTF25abghevu,60879.2389815,2,20.623
ZTF25abghevu,60879.2785995,1,20.8273
ZTF25abghevu,60881.2179167,1,20.7769
ZTF25abghevu,60881.2620718,2,20.7777
ZTF25abghevu,60883.1925,1,19.44
ZTF25abghevu,60883.270463,2,20.6679
ZTF25abghevu,60885.1945602,1,20.5312
ZTF25abghevu,60885.2133449,2,20.622
ZTF25abghevu,60887.2174074,2,20.7059
ZTF25abghevu,60887.2447685,2,20.7422
ZTF25abghevu,60887.2796296,1,20.7324
ZTF25abghevu,60887.2801042,1,20.7061
ZTF25abghevu,60925.2162731,2,19.8962
ZTF25abghevu,60927.1599884,1,20.0488
ZTF25abghevu,60934.1838773,2,20.6326
ZTF25abghevu,60941.1929167,2,20.2061
ZTF25abghevu,60948.1338542,1,20.3816
ZTF25abhtpmw,60928.3970255,1,19.1454
ZTF25abhtpmw,60933.3102894,1,20.3809
ZTF25abhtpmw,60933.3930324,2,20.3649
ZTF25abhtpmw,60935.3347801,2,20.2918
ZTF25abhtpmw,60951.3354977,1,19.6542
ZTF25abhtpmw,60953.2937269,1,19.0552
ZTF25abhtpmw,60956.2960648,2,19.3342
ZTF25abhtpmw,60956.365162,1,18.9598
ZTF25abhtpmw,60959.447662,1,19.2809
ZTF25abhtpmw,60967.3164352,1,20.1542
ZTF25abhtpmw,60969.2737384,2,20.3952
ZTF25abhtpmw,60969.3156481,1,20.2771
ZTF25abhtpmw,60972.2739931,1,20.1333
ZTF25abibtdm,60898.5118519,2,17.4331
ZTF25abibtdm,60899.5085301,2,18.1236
ZTF25abibtdm,60899.5129861,2,17.4988
ZTF25abibtdm,60901.5079745,2,18.2004
ZTF25abibtdm,60902.5143519,2,17.958
ZTF25abibtdm,60904.5089005,2,18.8296
ZTF25abibtdm,60904.5137384,2,18.1501
ZTF25abibtdm,60912.5055093,2,18.7631
ZTF25abibtdm,60918.5127662,2,19.7809
ZTF25abibtdm,60919.5087616,2,20.0165
ZTF25abibtdm,60919.5126852,2,19.9237
ZTF25abibtdm,60949.4329051,1,20.3457
ZTF25abibtdm,60949.4561921,2,20.2802
ZTF25abibtdm,60956.4418056,1,19.46
ZTF25abibtdm,60959.4042708,1,19.34
ZTF25abibtdm,60964.4737037,1,20.4263
ZTF25abibtdm,60964.49,2,20.4121
ZTF25abibtdm,60966.3653472,1,19.6596
ZTF25abibtdm,60982.4214468,2,19.5918
ZTF25abibtdm,60984.553287,1,19.1017
ZTF25abibtdm,60985.4440162,1,19.5597
ZTF25abibtdm,60987.5181713,2,19.6861
ZTF25abibtdm,61005.4026273,1,20.5595
ZTF25abibtdm,61005.4540394,2,20.4091
ZTF25abibtdm,61006.419213,2,20.1758
ZTF25abibtdm,61007.3480324,2,20.5775
ZTF25abibtdm,61007.4079514,1,20.7367
ZTF25abibtdm,61009.4803125,1,20.59
ZTF25abibtdm,61011.3188194,1,19.7949
ZTF25abibtdm,61011.3905671,2,19.8652
ZTF25abibtdm,61014.3395023,2,19.008
ZTF25abibtdm,61014.4362963,1,19.0253
ZTF25abibtdm,61017.4823843,2,19.6313
ZTF25abibtdm,61020.3822685,1,20.2769
ZTF25abibtdm,61020.4616088,2,20.2867
ZTF25abibtdm,61021.266088,2,20.2202
ZTF25abibtdm,61022.3980093,1,20.6706
ZTF25abibtdm,61022.456713,2,20.3958
ZTF25abibtdm,61024.3781366,2,20.1798
ZTF25abibtdm,61025.3594329,2,20.5517
ZTF25abibtdm,61025.3983565,1,20.5255
ZTF25abibtdm,61026.425706,1,20.5253
ZTF25abibtdm,61026.4815046,2,20.1922
ZTF25abibtdm,61027.3021875,1,20.2841
ZTF25abibtdm,61027.3789931,2,20.1748
ZTF25abibtdm,61029.269375,1,20.5552
ZTF25abibtdm,61029.2873264,1,20.5389
ZTF25abibtdm,61031.3725231,1,20.8301
ZTF25abibtdm,61031.3744444,1,20.7832
ZTF25abibtdm,61031.3784375,2,20.706
ZTF25abigyri,60871.2634028,1,20.028
ZTF25abigyri,60871.2818403,2,20.088
ZTF25abigyri,60887.1971644,1,20.6225
ZTF25abigyri,60887.2452431,2,20.7233
ZTF25abigyri,60900.225081,2,20.5116
ZTF25abigyri,60910.20375,1,17.851
ZTF25abigyri,60913.1602894,1,17.1596
ZTF25abigyri,60923.150544,1,19.848
ZTF25abigyri,60929.2613889,1,19.1241
ZTF25abigyri,60938.1396412,1,20.5387
ZTF25abigyri,60938.2276157,2,20.0716
ZTF25abigyri,60941.1362037,1,20.4335
ZTF25abiiuxz,60910.2454745,1,20.0392
ZTF25abiiuxz,60920.2979398,1,18.6112
ZTF25abiiuxz,60928.2861806,1,19.5836
ZTF25abiiuxz,60953.1367708,1,19.6447
ZTF25abiiuxz,60955.1947106,1,18.7858
ZTF25abiiuxz,60957.142419,1,19.5817
ZTF25abiiuxz,60960.206794,1,20.0503
ZTF25abiiuxz,60967.1340162,2,19.8932
ZTF25abiiuxz,60974.1585301,1,19.7867
ZTF25abiiuxz,60976.1580324,1,19.315
ZTF25abimmqu,60871.2359722,1,20.3873
ZTF25abimmqu,60871.2790046,2,19.637
ZTF25abimmqu,60873.2234144,1,20.4589
ZTF25abimmqu,60873.2782986,2,20.3573
ZTF25abimmqu,60876.22,1,20.691
ZTF25abimmqu,60876.2575463,2,20.697
ZTF25abimmqu,60878.2198032,1,20.5357
ZTF25abimmqu,60878.2552546,2,20.8224
ZTF25abimmqu,60880.189375,1,20.6985
ZTF25abimmqu,60880.2336111,2,20.3225
ZTF25abimmqu,60882.2126157,1,20.3229
ZTF25abimmqu,60882.2663657,2,20.511
ZTF25abimmqu,60884.1906366,1,20.8586
ZTF25abimmqu,60884.2577083,2,20.6937
ZTF25abimmqu,60886.2160648,2,20.3782
ZTF25abimmqu,60886.2552315,1,20.2422
ZTF25abimmqu,60898.1902315,1,20.0502
ZTF25abimmqu,60898.2180324,2,19.9604
ZTF25abimmqu,60910.2473264,1,18.5399
ZTF25abimmqu,60921.1641782,2,20.1401
ZTF25abimmqu,60923.2499769,2,16.1138
ZTF25abimmqu,60925.1483912,2,19.7285
ZTF25abimmqu,60925.249294,1,19.3587
ZTF25abimmqu,60927.1784259,1,20.0515
ZTF25abimmqu,60927.225463,2,20.0783
ZTF25abimmqu,60929.2255324,2,19.9892
ZTF25abimmqu,60929.2681134,1,19.2326
ZTF25abimmqu,60939.2028704,1,20.43
ZTF25abimmqu,60942.1456713,1,20.3426
ZTF25abimmqu,60944.1307407,2,19.9973
ZTF25abimmqu,60944.1627431,1,20.083
ZTF25abimmqu,60949.1310764,1,20.2378
ZTF25abimmqu,60951.1305903,1,19.9708
ZTF25abimrij,60871.2921412,2,19.2581
ZTF25abimrij,60871.2959144,2,19.3548
ZTF25abimrij,60872.2677315,1,19.9396
ZTF25abimrij,60872.2691667,1,19.9174
ZTF25abimrij,60872.2776505,2,20.0685
ZTF25abimrij,60873.2478241,1,19.5392
ZTF25abimrij,60873.2487616,1,19.8067
ZTF25abimrij,60873.2497106,1,19.8668
ZTF25abimrij,60873.2913426,2,19.9046
ZTF25abimrij,60873.316169,2,19.8673
ZTF25abimrij,60875.2796759,1,20.3595
ZTF25abimrij,60875.2806134,1,20.3824
ZTF25abimrij,60875.3714931,2,20.2653
ZTF25abimrij,60876.2738426,2,20.2012
ZTF25abimrij,60876.2881481,2,20.452
ZTF25abimrij,60876.2947917,1,20.2944
ZTF25abimrij,60876.3094329,1,20.2506
ZTF25abimrij,60876.3103704,1,20.2446
ZTF25abimrij,60877.2720718,1,20.4385
ZTF25abimrij,60877.2953356,2,20.4421
ZTF25abimrij,60877.3224421,1,20.4598
ZTF25abimrij,60878.2737384,2,20.734
ZTF25abimrij,60878.2746875,2,20.8043
ZTF25abimrij,60878.3361921,1,20.5436
ZTF25abimrij,60879.3015394,1,20.4584
ZTF25abimrij,60879.3025,1,20.3799
ZTF25abimrij,60879.3653935,2,19.8125
ZTF25abimrij,60880.2533912,2,20.1737
ZTF25abimrij,60880.2552662,2,20.1818
ZTF25abimrij,60880.3074421,1,20.1923
ZTF25abimrij,60881.2773148,2,20.6046
ZTF25abimrij,60882.2273843,1,20.0961
ZTF25abimrij,60882.2835764,2,20.3738
ZTF25abimrij,60883.294919,1,20.2896
ZTF25abimrij,60883.3094907,1,20.3772
ZTF25abimrij,60884.2185995,1,20.2942
ZTF25abimrij,60884.2958218,1,20.5006
ZTF25abimrij,60884.2967593,1,20.5153
ZTF25abimrij,60884.3917361,2,20.3956
ZTF25abimrij,60884.3921991,2,20.4052
ZTF25abimrij,60885.2745718,1,20.5586
ZTF25abimrij,60885.2755093,1,20.4796
ZTF25abimrij,60886.2703819,1,20.2825
ZTF25abimrij,60886.2870255,1,20.0608
ZTF25abimrij,60886.2875,1,20.0824
ZTF25abimrij,60886.2944676,2,20.0247
ZTF25abimrij,60886.3211227,2,20.1738
ZTF25abimrij,60887.235706,2,20.5485
ZTF25abimrij,60887.2877315,1,20.4195
ZTF25abimrij,60887.2905556,1,20.4229
ZTF25abimrij,60888.3163889,3,20.0127
ZTF25abimrij,60888.3246412,2,20.5316
ZTF25abimrij,60888.3251157,2,20.5453
ZTF25abimrij,60888.3484954,1,20.2763
ZTF25abimrij,60890.3390162,3,19.5735
ZTF25abimrij,60890.362037,2,19.8506
ZTF25abimrij,60890.3629861,2,19.9408
ZTF25abimrij,60891.3065972,2,19.7568
ZTF25abimrij,60891.3389699,3,19.4149
ZTF25abimrij,60892.2766088,2,19.986
ZTF25abimrij,60892.2775463,2,19.9255
ZTF25abimrij,60896.1704051,1,18.374
ZTF25abimrij,60896.1953588,3,18.3944
ZTF25abimrij,60896.2709259,2,18.8284
ZTF25abimrij,60896.3024884,2,18.8276
ZTF25abimrij,60897.1914815,1,18.8553
ZTF25abimrij,60897.1924306,1,18.8256
ZTF25abimrij,60897.2493981,2,19.1331
ZTF25abimrij,60897.272419,3,18.8491
ZTF25abimrij,60898.2114352,2,19.5205
ZTF25abimrij,60898.2123843,2,19.4091
ZTF25abimrij,60898.2557407,1,19.1141
ZTF25abimrij,60898.2562153,1,19.2093
ZTF25abimrij,60898.2566898,1,19.1498
ZTF25abimrij,60898.2718403,3,19.2485
ZTF25abimrij,60899.2015625,1,19.4541
ZTF25abimrij,60899.2025,1,19.3989
ZTF25abimrij,60899.2803704,2,19.3482
ZTF25abimrij,60899.3167014,3,18.9775
ZTF25abimrij,60900.2943056,3,19.6126
ZTF25abimrij,60900.3094792,2,20.0345
ZTF25abimrij,60900.3195139,1,19.6215
ZTF25abimrij,60901.2499769,1,19.7767
ZTF25abimrij,60901.2787269,3,19.6685
ZTF25abimrij,60902.3156829,3,19.1631
ZTF25abimrij,60904.2526042,3,19.9373
ZTF25abimrij,60909.2888773,3,19.3839
ZTF25abimrij,60910.2354167,1,19.4597
ZTF25abimrij,60910.3089236,1,17.7855
ZTF25abimrij,60914.2522569,3,19.7014
ZTF25abimrij,60916.2948032,3,19.2252
ZTF25abimrij,60917.2303819,3,19.5961
ZTF25abimrij,60918.2512037,3,19.4183
ZTF25abimrij,60919.2750116,3,19.2747
ZTF25abimrij,60920.2110301,3,18.1893
ZTF25abimrij,60923.1825463,1,18.8845
ZTF25abimrij,60923.2786806,2,18.2929
ZTF25abimrij,60923.2791435,2,18.2288
ZTF25abimrij,60924.1899884,3,18.9789
ZTF25abimrij,60924.2249306,1,18.9591
ZTF25abimrij,60925.2103588,3,18.7914
ZTF25abimrij,60925.2220833,2,19.4245
ZTF25abimrij,60925.2330671,1,18.9016
ZTF25abimrij,60925.2610185,1,18.7663
ZTF25abimrij,60926.2053935,1,19.2652
ZTF25abimrij,60926.2526273,3,19.1393
ZTF25abimrij,60927.1445718,1,19.3888
ZTF25abimrij,60927.1480903,1,19.4666
ZTF25abimrij,60927.1691319,3,19.7354
ZTF25abimrij,60927.2094329,2,19.7232
ZTF25abimrij,60928.1767361,1,19.5429
ZTF25abimrij,60928.2528241,3,19.2243
ZTF25abimrij,60929.2103472,2,19.7072
ZTF25abimrij,60929.2500926,2,19.5874
ZTF25abimrij,60929.273287,3,18.906
ZTF25abimrij,60932.148044,1,20.4378
ZTF25abimrij,60932.2522222,3,19.3253
ZTF25abimrij,60933.1887384,2,20.2735
ZTF25abimrij,60933.2316898,3,19.6147
ZTF25abimrij,60934.1482755,1,20.4129
ZTF25abimrij,60934.2107639,3,19.4347
ZTF25abimrij,60935.1639236,1,20.2701
ZTF25abimrij,60935.169375,3,19.7051
ZTF25abimrij,60938.1329745,1,20.2827
ZTF25abimrij,60938.2107986,3,19.5505
ZTF25abimrij,60938.2214699,2,19.8101
ZTF25abimrij,60938.2343981,1,19.9393
ZTF25abimrij,60939.1999306,1,20.1073
ZTF25abippmj,60900.2179745,2,20.1195
ZTF25abippmj,60908.1967824,2,20.2797
ZTF25abippmj,60923.1442708,1,19.6006
ZTF25abippmj,60923.1940278,2,19.3803
ZTF25abippmj,60948.124456,1,20.0152
ZTF25abippmj,60948.1499653,2,19.8501
ZTF25abippmj,60950.1312037,1,19.4361
ZTF25abitcpd,60900.4799884,1,19.3068
ZTF25abitcpd,60911.4155324,1,17.9246
ZTF25abitcpd,60955.4820139,1,18.8031
ZTF25abitcpd,60957.4824537,2,16.3908
ZTF25abitcpd,60966.3135648,1,20.2268
ZTF25abitcpd,60981.2698727,1,19.5104
ZTF25abitcpd,60988.3585301,1,19.2199
ZTF25abitcpd,60990.3635764,1,18.9595
ZTF25abitcpd,61013.2077778,2,17.5202
ZTF25abitcpd,61013.2536921,1,18.5825
ZTF25abitcpd,61016.1269676,1,19.1325
ZTF25abitcpd,61031.2167824,1,20.2095
ZTF25abitcpd,61038.2100579,1,18.8069
ZTF25abitcpd,61050.1621296,2,19.3888
ZTF25abitcpd,61052.186956,1,19.4141
ZTF25abitcpd,61054.1451042,1,19.7796
ZTF25abitcpd,61056.1413773,1,20.1756
ZTF25abjecux,60898.5073727,2,17.7921
ZTF25abjecux,60898.5123264,2,17.0399
ZTF25abjecux,60899.5090046,2,17.8177
ZTF25abjecux,60899.5134491,2,17.4863
ZTF25abjecux,60900.5081713,2,18.1894
ZTF25abjecux,60900.5126273,2,17.6292
ZTF25abjecux,60901.5134144,2,17.4778
ZTF25abjecux,60902.5148148,2,17.6769
ZTF25abjecux,60903.5152315,2,17.9637
ZTF25abjecux,60905.5162269,2,17.566
ZTF25abjecux,60908.5156944,2,18.3652
ZTF25abjecux,60911.5178356,2,18.6123
ZTF25abjecux,60911.5202894,2,18.0272
ZTF25abjecux,60913.5199306,2,18.334
ZTF25abjecux,60917.5222338,2,18.1549
ZTF25abjecux,60984.4582407,1,19.3523
ZTF25abjecux,60991.4230324,1,18.3345
ZTF25abjecux,61009.4638657,1,20.6697
ZTF25abjecux,61011.3318519,1,19.6549
ZTF25abjecux,61014.3492477,2,19.3081
ZTF25abjecux,61014.4450231,1,18.9783
ZTF25abjecux,61020.3737384,1,20.2554
ZTF25abjecux,61021.3264699,1,20.5943
ZTF25abjecux,61021.4223148,2,20.3677
ZTF25abjecux,61024.3952662,2,20.5404
ZTF25abjecux,61024.4422106,1,20.7716
ZTF25abjecux,61026.4575579,1,20.6585
ZTF25abjecux,61026.4674421,2,19.6839
ZTF25abjecux,61029.2868519,1,20.4083
ZTF25abjecux,61031.3524537,1,20.7824
ZTF25abjecux,61031.3817245,2,20.6351
ZTF25abjeuls,60910.2467708,1,18.5745
ZTF25abjeuls,60948.1451968,1,19.8952
ZTF25abjjlgl,60887.327338,1,20.2537
ZTF25abjjlgl,60887.3604514,2,20.2593
ZTF25abjjlgl,60895.4161227,2,19.3968
ZTF25abjjlgl,60897.4002083,2,19.0327
ZTF25abjjlgl,60897.4220255,1,18.8097
ZTF25abjjlgl,60901.4034491,1,18.944
ZTF25abjjlgl,60920.3406597,1,19.8235
ZTF25abjjlgl,60924.3591782,1,19.4388
ZTF25abkqros,60886.3657176,2,20.7509
ZTF25abkqros,60886.4306713,1,20.6949
ZTF25abkqros,60894.3879861,2,20.213
ZTF25abkqros,60894.4328588,1,20.2387
ZTF25abkqros,60896.3653356,2,19.7009
ZTF25abkqros,60896.4535069,1,19.4424
ZTF25abkqros,60898.3645949,2,19.682
ZTF25abkqros,60898.4210764,1,19.4257
ZTF25abkqros,60901.374537,2,20.0756
ZTF25abkqros,60901.4845255,1,19.284
ZTF25abkqros,60904.2876042,1,20.6619
ZTF25abkqros,60904.3408449,2,20.6464
ZTF25abkqros,60909.3829051,2,20.6626
ZTF25abkqros,60953.2836574,1,19.5778
ZTF25abkqros,60955.2294097,1,19.1863
ZTF25abkqros,60957.2797338,1,19.5347
ZTF25abkqros,60965.3635532,1,20.3128
ZTF25abkqros,60967.2362847,1,20.6184
ZTF25ablgkgi,60880.4670833,1,20.4959
ZTF25ablgkgi,60880.4699074,1,20.4848
ZTF25ablgkgi,60881.363044,3,19.5936
ZTF25ablgkgi,60881.4053356,2,20.351
ZTF25ablgkgi,60881.4753472,1,20.6515
ZTF25ablgkgi,60881.4762847,1,20.5677
ZTF25ablgkgi,60882.4020023,3,19.135
ZTF25ablgkgi,60882.4360648,2,20.186
ZTF25ablgkgi,60883.3658565,3,19.626
ZTF25ablgkgi,60883.4148032,2,20.4236
ZTF25ablgkgi,60883.4646528,1,20.6112
ZTF25ablgkgi,60883.4656019,1,20.5919
ZTF25ablgkgi,60884.4117477,2,20.5755
ZTF25ablgkgi,60884.4292593,3,19.9296
ZTF25ablgkgi,60885.3677315,3,19.747
ZTF25ablgkgi,60886.3692361,2,20.1427
ZTF25ablgkgi,60886.3905324,3,19.7164
ZTF25ablgkgi,60886.4667708,1,20.4363
ZTF25ablgkgi,60886.4677083,1,20.4833
ZTF25ablgkgi,60887.368669,2,20.3239
ZTF25ablgkgi,60887.3890741,3,19.8758
ZTF25ablgkgi,60888.4054514,2,20.616
ZTF25ablgkgi,60888.4300694,3,19.9556
ZTF25ablgkgi,60888.4486227,1,20.6727
ZTF25ablgkgi,60888.4566204,1,20.6804
ZTF25ablgkgi,60889.3477431,3,19.3589
ZTF25ablgkgi,60891.3507755,3,19.4863
ZTF25ablgkgi,60891.3720949,2,20.0993
ZTF25ablgkgi,60891.4058796,1,20.45
ZTF25ablgkgi,60891.4078125,1,20.4182
ZTF25ablgkgi,60892.3354282,3,19.3363
ZTF25ablgkgi,60892.4339236,2,20.5647
ZTF25ablgkgi,60892.4756366,1,20.6094
ZTF25ablgkgi,60892.4770486,1,20.6288
ZTF25ablgkgi,60894.381794,2,19.7951
ZTF25ablgkgi,60894.4119213,3,19.5866
ZTF25ablgkgi,60895.3649884,3,18.9749
ZTF25ablgkgi,60895.4137616,2,19.4879
ZTF25ablgkgi,60895.4493171,1,19.4483
ZTF25ablgkgi,60895.4502546,1,19.4516
ZTF25ablgkgi,60896.3836458,2,19.1493
ZTF25ablgkgi,60896.4089468,3,19.1284
ZTF25ablgkgi,60896.4784259,1,19.3284
ZTF25ablgkgi,60896.4793634,1,19.2356
ZTF25ablgkgi,60897.362338,3,18.6981
ZTF25ablgkgi,60897.4039931,2,19.1647
ZTF25ablgkgi,60897.479294,1,19.2949
ZTF25ablgkgi,60898.3364583,3,18.6562
ZTF25ablgkgi,60898.4051968,2,19.2846
ZTF25ablgkgi,60899.3594097,3,18.677
ZTF25ablgkgi,60899.3863542,2,18.9896
ZTF25ablgkgi,60899.4415046,1,19.1202
ZTF25ablgkgi,60899.4424421,1,19.1341
ZTF25ablgkgi,60902.4204167,2,20.0972
ZTF25ablgkgi,60902.4718634,1,19.9771
ZTF25ablgkgi,60904.4214352,2,20.6141
ZTF25ablgkgi,60904.4472454,1,20.5439
ZTF25ablgkgi,60908.3996065,2,19.0402
ZTF25ablgkgi,60908.4417708,1,20.4298
ZTF25ablgkgi,60929.4191204,1,19.2545
ZTF25ablgkgi,60951.4042477,1,20.4024
ZTF25ablgkgi,60953.3010417,1,19.4054
ZTF25ablgkgi,60957.4852778,2,16.1212
ZTF25ablgkgi,60961.2550694,1,20.4798
ZTF25ablgkgi,60967.3339352,1,20.5046
ZTF25ablgkgi,60969.3302431,1,20.5145
ZTF25ablgkgi,60973.2279745,1,20.6498
ZTF25ablgkgi,60975.2123495,1,20.4057
ZTF25ablgkgi,60977.2518171,1,20.458
ZTF25ablgkgi,60977.3186343,2,20.3965
ZTF25ablgkgi,60979.3300463,1,20.3688
ZTF25ablgkgi,60981.2533102,1,19.6547
ZTF25ablgkgi,60984.2545602,1,19.0296
ZTF25ablgkgi,60984.4199653,1,18.3409
ZTF25ablgkgi,60986.2243634,1,19.5255
ZTF25ablgkgi,60988.2160069,1,19.9861
ZTF25ablulax,60897.40875,2,19.4981
ZTF25ablulax,60897.4754861,1,19.4025
ZTF25ablulax,60901.4835532,1,19.129
ZTF25ablulax,60904.2981829,1,20.3916
ZTF25ablulax,60904.3861574,2,20.6429
ZTF25ablulax,60904.3866204,2,20.5783
ZTF25ablulax,60904.4496296,1,20.6786
ZTF25ablulax,60908.3633449,1,20.515
ZTF25ablulax,60908.4211458,2,20.3135
ZTF25ablulax,60910.4287037,1,20.7595
ZTF25ablulax,60910.4423264,2,20.5173
ZTF25ablulax,60911.3418981,2,20.6158
ZTF25ablulax,60911.3699537,1,20.6966
ZTF25ablulax,60914.4083681,2,20.5619
ZTF25ablulax,60916.4041435,2,20.6999
ZTF25ablulax,60916.4533449,1,20.7369
ZTF25ablulax,60917.3311574,1,20.6281
ZTF25ablulax,60918.328287,1,20.5841
ZTF25ablulax,60922.325081,2,20.0255
ZTF25ablulax,60925.3488079,1,19.3216
ZTF25ablulax,60925.3987731,2,19.5877
ZTF25ablulax,60926.3686458,1,19.3097
ZTF25ablulax,60927.339456,1,19.4867
ZTF25ablulax,60929.3415972,1,19.3485
ZTF25ablulax,60959.2971296,2,17.2259
ZTF25ablulax,60972.2979167,1,20.364
ZTF25ablulax,60978.3231597,1,20.5117
ZTF25ablulax,60980.2549306,1,19.8962
ZTF25ablulax,60980.3114352,2,19.9228
ZTF25ablulax,60982.1898032,1,18.5488
ZTF25ablulax,60984.2125926,1,19.1946
ZTF25ablulax,60984.2635648,1,19.2073
ZTF25ablulax,60986.1942014,1,19.7015
ZTF25ablulax,60988.1851736,1,20.2922
ZTF25ablulax,60990.1917477,1,20.4489
ZTF25ablulax,60992.1923032,2,18.2292
ZTF25ablulax,60992.2353241,1,19.0299
ZTF25ablulax,61004.1695139,1,20.5462
ZTF25ablulax,61006.2809375,1,19.0176
ZTF25ablulax,61008.2011111,1,19.9012
ZTF25ablulax,61011.1093981,2,19.3811
ZTF25ablulax,61011.1918634,1,19.2048
ZTF25ablulax,61013.1743287,2,19.2243
ZTF25ablulax,61013.2225231,1,19.0018
ZTF25ablulax,61015.1936806,1,19.5853
ZTF25ablulax,61015.1955671,1,19.5968
ZTF25ablulax,61017.1128241,1,20.1805
ZTF25ablulax,61017.1286921,1,20.055
ZTF25ablulax,61021.1641782,1,20.5034
ZTF25ablulax,61021.1651157,1,20.7114
ZTF25ablulax,61023.1295718,1,20.2276
ZTF25ablulax,61025.1773958,1,20.3914
ZTF25ablulax,61027.1771528,1,20.2958
ZTF25ablulax,61027.1979861,1,20.326
ZTF25ablulax,61029.1106481,1,20.6091
ZTF25ablulax,61029.1226852,1,20.5235
ZTF25ablulax,61029.1308218,2,20.5639
ZTF25ablulax,61031.1251852,1,20.7681
ZTF25ablulax,61039.2785069,2,18.4557
ZTF25ablulax,61049.1767477,1,20.0299
ZTF25ablulax,61049.2190394,2,19.5041
ZTF25ablulax,61051.1243287,2,19.1861
ZTF25ablulax,61051.2579051,2,18.7327
ZTF25ablulax,61053.1188657,1,19.8302
ZTF25ablulax,61053.1367708,2,19.7735
ZTF25ablulax,61053.1372454,2,19.7639
ZTF25abmhchv,60900.1960764,1,20.5746
ZTF25abmhchv,60900.2848843,2,19.8763
ZTF25abmhchv,60902.1790046,2,20.6321
ZTF25abmhchv,60902.2373148,1,20.451
ZTF25abmhchv,60904.2022222,1,20.4174
ZTF25abmhchv,60904.2185069,2,20.484
ZTF25abmhchv,60908.1802083,1,20.4558
ZTF25abmhchv,60908.2180093,2,20.3229
ZTF25abmhchv,60910.1834838,2,20.2163
ZTF25abmhchv,60910.2027778,1,17.4057
ZTF25abmhchv,60914.1990741,2,20.3611
ZTF25abmhchv,60923.2408796,2,18.8534
ZTF25abmhftu,60884.1935069,1,20.8943
ZTF25abmhftu,60884.2581944,2,20.9108
ZTF25abmhftu,60886.2618171,1,20.5985
ZTF25abmhftu,60886.3103241,2,20.7828
ZTF25abmhftu,60888.2565509,1,20.6852
ZTF25abmhftu,60888.3050347,2,20.8932
ZTF25abmhftu,60890.1800694,2,20.2904
ZTF25abmhftu,60890.3038194,1,20.1939
ZTF25abmhftu,60892.2240856,2,20.3938
ZTF25abmhftu,60903.1750116,2,20.9121
ZTF25abmhftu,60903.2179051,1,20.8401
ZTF25abmhftu,60905.395162,1,19.8993
ZTF25abmhftu,60910.2099074,1,17.2869
ZTF25abmhftu,60910.265787,2,20.6397
ZTF25abmhftu,60919.1798958,1,20.4133
ZTF25abmhftu,60923.1737847,1,19.792
ZTF25abmhftu,60923.2490394,2,16.4983
ZTF25abmhftu,60925.2474074,1,19.4701
ZTF25abmhftu,60927.167037,1,20.0986
ZTF25abmhftu,60929.2474769,2,20.0024
ZTF25abmhftu,60929.2901852,1,19.4505
ZTF25abmhxft,60884.2591551,2,20.9507
ZTF25abmhxft,60886.2608565,1,20.5654
ZTF25abmhxft,60886.3098495,2,20.8926
ZTF25abmhxft,60888.2575694,1,20.8301
ZTF25abmhxft,60888.3040741,2,20.8364
ZTF25abmhxft,60890.3268634,1,20.6128
ZTF25abmhxft,60890.3667593,2,20.5221
ZTF25abmhxft,60892.2254977,2,20.4682
ZTF25abmhxft,60892.3726389,1,20.4682
ZTF25abmhxft,60903.2188542,1,20.9649
ZTF25abmhxft,60903.3121991,2,20.8136
ZTF25abmhxft,60905.3752662,1,20.4239
ZTF25abmhxft,60910.2122685,1,20.5569
ZTF25abmhxft,60910.3050231,2,20.2581
ZTF25abmhxft,60923.2480903,2,19.2937
ZTF25abmlhkf,60884.4093981,2,20.5943
ZTF25abmlhkf,60884.4098727,2,20.6026
ZTF25abmlhkf,60884.4278472,3,20.0638
ZTF25abmlhkf,60884.4635069,1,20.7872
ZTF25abmlhkf,60884.4644444,1,20.7941
ZTF25abmlhkf,60885.3436227,2,19.959
ZTF25abmlhkf,60885.3667824,3,19.9356
ZTF25abmlhkf,60886.3668866,2,20.4062
ZTF25abmlhkf,60886.3673495,2,20.2928
ZTF25abmlhkf,60886.3886458,3,19.8152
ZTF25abmlhkf,60886.4543634,1,20.5428
ZTF25abmlhkf,60886.4553125,1,20.5199
ZTF25abmlhkf,60886.4691551,1,20.5667
ZTF25abmlhkf,60886.4701042,1,20.5704
ZTF25abmlhkf,60887.3663194,2,20.3743
ZTF25abmlhkf,60887.3672569,2,20.2984
ZTF25abmlhkf,60887.3871875,3,20.0415
ZTF25abmlhkf,60888.407338,2,20.6448
ZTF25abmlhkf,60888.4078125,2,20.6048
ZTF25abmlhkf,60888.4281829,3,20.1163
ZTF25abmlhkf,60888.4705903,1,20.8018
ZTF25abmlhkf,60888.4715394,1,20.8184
ZTF25abmlhkf,60889.3241667,2,19.9701
ZTF25abmlhkf,60889.3472569,3,19.6313
ZTF25abmlhkf,60891.3502778,3,19.6215
ZTF25abmlhkf,60891.3697454,2,20.2126
ZTF25abmlhkf,60891.3706829,2,20.1517
ZTF25abmlhkf,60892.3344907,3,19.5787
ZTF25abmlhkf,60892.4306134,2,20.684
ZTF25abmlhkf,60892.4325116,2,20.5513
ZTF25abmlhkf,60892.4693403,1,20.7001
ZTF25abmlhkf,60892.4712269,1,20.714
ZTF25abmlhkf,60892.4716898,1,20.731
ZTF25abmlhkf,60892.4726389,1,20.7364
ZTF25abmlhkf,60894.383206,2,19.6086
ZTF25abmlhkf,60894.480625,1,20.6391
ZTF25abmlhkf,60894.4815625,1,20.6601
ZTF25abmlhkf,60895.4095139,2,19.6004
ZTF25abmlhkf,60895.451713,1,19.5784
ZTF25abmlhkf,60895.4526505,1,19.5952
ZTF25abmlhkf,60896.3803588,2,19.3006
ZTF25abmlhkf,60896.4755787,1,19.4938
ZTF25abmlhkf,60897.4082523,2,19.3979
ZTF25abmlhkf,60897.460787,1,19.3279
ZTF25abmlhkf,60897.4617245,1,19.3119
ZTF25abmlhkf,60898.409456,2,19.4849
ZTF25abmlhkf,60898.476331,1,19.4735
ZTF25abmlhkf,60898.4772685,1,19.4154
ZTF25abmlhkf,60899.3849306,2,19.2288
ZTF25abmlhkf,60899.4240162,1,19.226
ZTF25abmlhkf,60899.4250231,1,19.1629
ZTF25abmlhkf,60903.3632986,2,20.248
ZTF25abmlhkf,60903.3637731,2,20.264
ZTF25abmlhkf,60903.4824074,1,20.1635
ZTF25abmlhkf,60903.4866551,1,20.4345
ZTF25abmlhkf,60909.366331,2,20.4006
ZTF25abmlhkf,60909.3800347,2,20.5634
ZTF25abmlhkf,60909.4051505,1,20.5722
ZTF25abmlhkf,60909.436169,1,20.6561
ZTF25abmlhkf,60911.3414352,2,20.3868
ZTF25abmlhkf,60911.3820255,1,20.54
ZTF25abmlhkf,60911.3988079,1,20.5694
ZTF25abmlhkf,60911.4361111,2,20.673
ZTF25abmlhkf,60914.3847454,2,20.4682
ZTF25abmlhkf,60917.3306829,1,20.4728
ZTF25abmlhkf,60917.3796759,2,20.5051
ZTF25abmlhkf,60919.3770139,2,20.5486
ZTF25abmlhkf,60923.3626852,2,19.9326
ZTF25abmlhkf,60925.370787,1,19.3355
ZTF25abmlhkf,60925.4152778,2,19.3646
ZTF25abmlhkf,60927.3605208,1,19.364
ZTF25abmlhkf,60927.3865394,1,19.47
ZTF25abmlhkf,60927.4208449,2,19.5963
ZTF25abmlhkf,60930.3938426,1,19.7284
ZTF25abmlhkf,60930.4398958,2,19.8069
ZTF25abmlhkf,60933.3069676,1,20.4457
ZTF25abmlhkf,60933.3648032,2,20.3231
ZTF25abmlhkf,60935.3624653,1,20.6374
ZTF25abmlhkf,60935.4015394,2,20.5403
ZTF25abmlhkf,60939.3487616,1,20.6687
ZTF25abmlhkf,60939.3819213,2,20.7839
ZTF25abmlhkf,60942.3162963,2,20.3949
ZTF25abmlhkf,60942.3811806,1,20.6978
ZTF25abmlhkf,60944.3509722,2,20.5811
ZTF25abmlhkf,60949.2974884,2,20.1837
ZTF25abmlhkf,60949.3620023,1,20.5251
ZTF25abmlhkf,60951.3296875,2,20.2921
ZTF25abmlhkf,60951.4337616,1,20.4953
ZTF25abmlhkf,60985.387581,1,18.9951
ZTF25abmlhkf,60987.1953356,1,19.6915
ZTF25abmlhkf,60987.2809954,2,20.0038
ZTF25abmlhkf,60989.1628125,2,20.1272
ZTF25abmlhkf,60989.2257523,1,20.1776
ZTF25abmlhkf,60991.20375,2,18.0755
ZTF25abmlhkf,60991.2142593,1,19.0683
ZTF25abmlhkf,61003.3387963,2,20.2565
ZTF25abmlhkf,61004.2068287,1,20.2857
ZTF25abmlhkf,61004.2114583,2,20.31
ZTF25abmlhkf,61006.1760185,2,19.9864
ZTF25abmlhkf,61006.2583912,1,20.2118
ZTF25abmlhkf,61008.2347685,1,19.9187
ZTF25abmlhkf,61008.3222222,2,19.8623
ZTF25abmlhkf,61013.1854514,2,19.2368
ZTF25abmlhkf,61013.2239352,1,18.9522
ZTF25abmlhkf,61015.1843866,2,19.7907
ZTF25abmlhkf,61015.1917824,1,19.5905
ZTF25abmlhkf,61015.2128356,1,19.574
ZTF25abmlhkf,61017.1291551,1,20.3464
ZTF25abmlhkf,61017.1306597,1,20.2013
ZTF25abmpngy,60904.3804861,2,20.3459
ZTF25abmpngy,60904.486088,1,20.5877
ZTF25abmpngy,60909.386956,2,20.6001
ZTF25abmpngy,60909.4314005,1,20.5742
ZTF25abmpngy,60911.3854051,1,20.504
ZTF25abmpngy,60911.4332755,2,20.6457
ZTF25abmpngy,60914.4014352,2,20.5412
ZTF25abmpngy,60917.3686343,2,20.5578
ZTF25abmpngy,60919.3615741,2,20.6148
ZTF25abmpngy,60927.3841898,1,19.4467
ZTF25abmpngy,60927.4279977,2,19.9241
ZTF25abmpngy,60929.3212963,1,18.9814
ZTF25abmtjsr,60887.3162963,1,20.3799
ZTF25abmtjsr,60887.3738657,2,20.6294
ZTF25abmtjsr,60889.3185185,2,20.4025
ZTF25abmtjsr,60889.3960532,1,20.7135
ZTF25abmtjsr,60892.3615741,1,20.3347
ZTF25abmtjsr,60892.4238657,2,20.725
ZTF25abmtjsr,60895.3999537,2,19.4358
ZTF25abmtjsr,60895.4219907,1,19.2319
ZTF25abmtjsr,60897.3826273,2,18.8958
ZTF25abmtjsr,60897.4253241,1,18.7335
ZTF25abmtjsr,60901.3593634,2,20.0978
ZTF25abmtjsr,60901.394838,1,19.6357
ZTF25abmtjsr,60903.3690278,2,20.5684
ZTF25abmtjsr,60903.3925926,1,20.4402
ZTF25abmtjsr,60905.3145486,1,20.6419
ZTF25abmtjsr,60905.3538657,2,20.6798
ZTF25abmtjsr,60909.3267014,1,20.5349
ZTF25abmtjsr,60909.3615509,2,20.4357
ZTF25abmtjsr,60911.264838,1,20.2833
ZTF25abmtjsr,60911.3213657,2,20.3904
ZTF25abmtjsr,60913.2565856,2,20.2515
ZTF25abmtjsr,60913.3264236,1,20.4854
ZTF25abmtjsr,60916.4022106,2,20.3611
ZTF25abmtjsr,60920.3148958,1,19.9274
ZTF25abmtjsr,60924.3176042,1,19.2794
ZTF25abmtjsr,60924.4261921,2,18.9966
ZTF25abmtjsr,60929.3043634,1,19.4659
ZTF25abmtjsr,60934.3351505,1,20.2953
ZTF25abmtjsr,60943.3335995,1,20.5553
ZTF25abmtjsr,60955.2127199,1,18.9553
ZTF25abmtjsr,60957.2939931,1,19.4799
ZTF25abmtjsr,60982.1691782,1,17.9729
ZTF25abmtjsr,60984.186169,1,19.2486
ZTF25abmtjsr,60984.262581,1,19.0217
ZTF25abmtjsr,60992.2144329,1,18.7409
ZTF25abmtjsr,61013.2577431,1,17.2978
ZTF25abmtjsr,61015.1100694,1,19.4435
ZTF25abmtjsr,61021.1224537,1,20.3025
ZTF25abmtjsr,61023.1655903,2,18.7346
ZTF25abmtjsr,61026.1496296,1,20.2138
ZTF25abnzksi,60891.2566898,1,19.9811
ZTF25abnzksi,60891.3188542,2,20.1344
ZTF25abnzksi,60894.2948495,2,19.633
ZTF25abnzksi,60894.4253125,1,19.3878
ZTF25abnzksi,60898.3728125,2,19.1953
ZTF25abnzksi,60898.4291898,1,18.6159
ZTF25abnzksi,60901.3009606,2,20.1931
ZTF25abnzksi,60901.3781366,1,19.7756
ZTF25abnzksi,60903.238044,1,20.613
ZTF25abnzksi,60903.2764931,2,20.7549
ZTF25abnzksi,60905.3359838,2,20.6147
ZTF25abnzksi,60905.3917477,1,20.4223
ZTF25abnzksi,60909.3087616,1,20.4646
ZTF25abnzksi,60911.2540046,1,20.4619
ZTF25abnzksi,60911.317581,2,20.4882
ZTF25abnzksi,60913.2532639,2,20.5239
ZTF25abnzksi,60913.295625,1,20.4247
ZTF25abnzksi,60916.2360185,2,20.4242
ZTF25abnzksi,60916.3164815,1,20.4732
ZTF25abnzksi,60918.2341898,2,20.4471
ZTF25abnzksi,60918.2946296,1,20.3901
ZTF25abnzksi,60925.3157639,1,18.7608
ZTF25abnzksi,60927.3177894,1,19.302
ZTF25abnzksi,60938.2683912,1,20.3541
ZTF25abogvjf,60900.3834838,1,19.6438
ZTF25abogvjf,60900.3990278,2,19.8265
ZTF25abogvjf,60903.3618866,2,20.2309
ZTF25abogvjf,60903.4131829,1,20.222
ZTF25abogvjf,60908.4015162,2,20.4051
ZTF25abogvjf,60908.447037,1,20.6957
ZTF25abogvjf,60911.3523727,2,20.3681
ZTF25abogvjf,60911.4007176,1,20.725
ZTF25abogvjf,60914.4069329,2,20.4545
ZTF25abogvjf,60914.4800694,1,20.6748
ZTF25abogvjf,60917.3292708,1,20.5687
ZTF25abogvjf,60917.3872569,2,20.5431
ZTF25abogvjf,60919.3803009,2,20.7092
ZTF25abogvjf,60919.4065509,1,20.755
ZTF25abogvjf,60959.3505903,2,18.4199
ZTF25abogvjf,60970.2874074,1,18.6922
ZTF25abogvjf,60981.2332639,1,19.8088
ZTF25abogvjf,60981.3054398,2,19.8727
ZTF25abogvjf,60983.2171296,1,19.3827
ZTF25abogvjf,60985.3609722,1,19.2703
ZTF25abogvjf,60985.5026505,1,18.427
ZTF25abogvjf,60987.1943866,1,19.6005
ZTF25aboqinw,60892.4289468,2,20.7549
ZTF25aboqinw,60897.4316204,1,14.6332
ZTF25aboqinw,60903.3262847,1,19.8638
ZTF25aboqinw,60904.2861111,1,20.4335
ZTF25aboqinw,60904.3204167,2,20.199
ZTF25aboqinw,60905.3086921,1,19.8859
ZTF25aboqinw,60909.3464699,1,20.4044
ZTF25aboqinw,60910.2831713,2,20.9373
ZTF25aboqinw,60911.2143981,1,20.1744
ZTF25aboqinw,60913.3433796,2,20.4093
ZTF25aboqinw,60913.3603356,1,20.5032
ZTF25aboqinw,60916.2403241,2,18.5324
ZTF25aboqinw,60916.3426968,1,20.5006
ZTF25aboqinw,60916.4079167,2,20.2653
ZTF25aboqinw,60918.3256134,1,20.3543
ZTF25aboqinw,60918.3611227,2,20.6298
ZTF25aboqinw,60918.362662,2,20.102
ZTF25aboqinw,60920.4101736,2,19.9559
ZTF25aboqinw,60922.3229861,2,19.6013
ZTF25aboqinw,60922.4535301,1,20.3482
ZTF25aboqinw,60924.2337963,1,19.4791
ZTF25aboqinw,60926.4119676,1,19.4701
ZTF25aboqinw,60928.4222454,1,19.3768
ZTF25aboqinw,60930.4427662,2,19.6591
ZTF25aboqinw,60935.2591319,2,20.9528
ZTF25aboqxdx,60904.4223958,2,20.417
ZTF25aboqxdx,60909.4174884,1,20.2398
ZTF25aboqxdx,60909.468206,2,20.3949
ZTF25aboqxdx,60912.4608796,1,20.3931
ZTF25aboqxdx,60916.4213773,2,20.3491
ZTF25aboqxdx,60916.4403935,1,20.2683
ZTF25aboqxdx,60918.3590972,2,20.2085
ZTF25aboqxdx,60918.4805208,1,20.3309
ZTF25aboqxdx,60920.4419907,2,20.3436
ZTF25aboqxdx,60924.4648495,1,19.4174
ZTF25aboqxdx,60926.3870255,1,18.9916
ZTF25aboqxdx,60926.4610301,2,19.5237
ZTF25aboqxdx,61015.209537,1,19.3117
ZTF25aboyxea,60930.4501852,2,19.5809
ZTF25aboyxea,60935.4209144,2,18.7197
ZTF25aboyxea,60948.4593056,1,20.3125
ZTF25aboyxea,60949.442963,2,20.1778
ZTF25aboyxea,60951.4580556,2,20.1522
ZTF25aboyxea,60951.4589931,2,20.0646
ZTF25aboyxea,60954.4826852,1,19.2774
ZTF25aboyxea,60954.4831481,1,19.1281
ZTF25aboyxea,60956.4090046,1,19.0341
ZTF25aboyxea,60956.4384028,1,19.0654
ZTF25aboyxea,60956.4835069,2,19.284
ZTF25aboyxea,60957.4518287,1,18.9119
ZTF25aboyxea,60959.3981481,1,19.5347
ZTF25aboyxea,60960.4886458,1,19.7025
ZTF25aboyxea,60961.3709954,1,19.5671
ZTF25aboyxea,60961.4358565,2,20.1415
ZTF25aboyxot,60900.4468634,2,19.8332
ZTF25aboyxot,60900.4843056,1,19.6867
ZTF25aboyxot,60902.4328356,2,19.7833
ZTF25aboyxot,60902.4439005,1,19.5084
ZTF25aboyxot,60908.434294,2,20.3515
ZTF25aboyxot,60908.4891435,1,20.3806
ZTF25aboyxot,60911.4080093,1,20.3886
ZTF25aboyxot,60911.4266088,2,20.4329
ZTF25aboyxot,60914.4259606,2,20.4196
ZTF25aboyxot,60914.4844907,1,20.5579
ZTF25aboyxot,60917.3958912,2,20.3565
ZTF25aboyxot,60917.4120949,1,20.5096
ZTF25aboyxot,60919.3903241,2,20.4002
ZTF25aboyxot,60919.4147801,1,20.59
ZTF25aboyxot,60948.4107292,2,18.3038
ZTF25aboyxot,60954.3001505,1,19.2281
ZTF25aboyxot,60956.4335648,1,19.4465
ZTF25aboyxot,60989.2537037,1,20.0566
ZTF25aboyxot,61023.2749074,1,20.7798
ZTF25aboyxot,61025.2190509,1,20.5233
ZTF25aboyxot,61037.372963,1,19.6359
ZTF25aboyxot,61049.1906713,1,20.0463
ZTF25aboyxot,61051.2197106,1,19.626
ZTF25aboyxot,61051.2674884,2,19.6296
ZTF25aboyxot,61053.3206944,1,19.4873
ZTF25aboyxot,61055.1714468,1,20.26
ZTF25aboyxot,61057.1328125,2,19.6953
ZTF25aboyxot,61057.1715278,1,19.7282
ZTF25abpawqx,60895.1949769,1,19.689
ZTF25abpawqx,60895.2345833,2,19.7771
ZTF25abpawqx,60897.1983102,1,19.8001
ZTF25abpawqx,60897.238125,2,19.8485
ZTF25abpawqx,60899.1817824,1,20.1545
ZTF25abpawqx,60899.2214352,2,19.9902
ZTF25abpawqx,60901.1776157,2,20.6665
ZTF25abpawqx,60901.2212616,1,20.621
ZTF25abpawqx,60903.1830208,2,20.7087
ZTF25abpawqx,60903.2029167,1,20.9094
ZTF25abpawqx,60908.2266088,2,20.4631
ZTF25abpawqx,60908.2847801,1,20.5779
ZTF25abpawqx,60910.2198727,1,20.4415
ZTF25abpawqx,60910.2708912,2,20.3092
ZTF25abpawqx,60913.3081134,1,20.591
ZTF25abpawqx,60916.1807292,1,20.5743
ZTF25abpawqx,60916.2278588,2,20.5815
ZTF25abpawqx,60918.2017014,2,20.4784
ZTF25abpawqx,60918.2827662,1,20.6302
ZTF25abpawqx,60920.2063426,2,20.2394
ZTF25abpawqx,60920.2989931,1,19.8399
ZTF25abpawqx,60922.2363542,2,20.0357
ZTF25abpawqx,60924.1955208,2,20.0143
ZTF25abpawqx,60926.1791667,2,19.9537
ZTF25abqicvg,60904.1978241,1,20.5492
ZTF25abqicvg,60904.2223611,2,20.5775
ZTF25abqicvg,60910.1863773,2,20.4785
ZTF25abqicvg,60910.2232292,1,20.2126
ZTF25abqicvg,60916.1912037,1,20.5085
ZTF25abqicvg,60916.2239236,2,20.4773
ZTF25abqicvg,60918.1827662,1,20.5478
ZTF25abqicvg,60918.1978588,2,20.4563
ZTF25abqicvg,60920.1629977,2,20.326
ZTF25abqicvg,60920.2428009,1,19.948
ZTF25abqicvg,60922.1658912,1,19.8807
ZTF25abqicvg,60922.213125,2,20.0066
ZTF25abqicvg,60924.1507986,2,20.0194
ZTF25abqicvg,60924.215787,1,19.6102
ZTF25abqicvg,60926.1816551,2,19.9406
ZTF25abqicvg,60926.2250579,1,19.489
ZTF25abqicvg,60928.1969213,2,20.1218
ZTF25abqicvg,60928.2644329,1,19.552
ZTF25abqicvg,60932.1589468,1,20.6742
ZTF25abqsbxy,60903.2342708,1,20.4464
ZTF25abqsbxy,60903.2352083,1,20.4566
ZTF25abqsbxy,60903.2590162,3,20.0411
ZTF25abqsbxy,60903.3156944,2,20.4571
ZTF25abqsbxy,60903.3161574,2,20.4699
ZTF25abqsbxy,60904.2554282,3,19.9132
ZTF25abqsbxy,60904.3114815,1,20.1245
ZTF25abqsbxy,60904.3148843,2,20.312
ZTF25abqsbxy,60905.3004745,1,20.2985
ZTF25abqsbxy,60905.3350347,2,20.2212
ZTF25abqsbxy,60905.3373958,2,20.3596
ZTF25abqsbxy,60905.3931597,1,20.1467
ZTF25abqsbxy,60908.2436343,2,20.2043
ZTF25abqsbxy,60908.2552778,3,19.8463
ZTF25abqsbxy,60908.2931134,1,20.2695
ZTF25abqsbxy,60909.2912269,3,19.7048
ZTF25abqsbxy,60909.2951157,1,20.1781
ZTF25abqsbxy,60909.2960648,1,20.2118
ZTF25abqsbxy,60910.2733565,2,20.2551
ZTF25abqsbxy,60910.2963889,3,19.6091
ZTF25abqsbxy,60910.3162731,1,18.6893
ZTF25abqsbxy,60911.2530556,1,20.168
ZTF25abqsbxy,60911.2752662,3,19.7777
ZTF25abqsbxy,60911.2811921,1,20.1904
ZTF25abqsbxy,60911.295162,2,20.2886
ZTF25abqsbxy,60911.2970486,2,20.2639
ZTF25abqsbxy,60913.2752778,3,19.8135
ZTF25abqsbxy,60913.2913194,2,20.3394
ZTF25abqsbxy,60913.291794,2,20.3065
ZTF25abqsbxy,60913.29375,1,20.2772
ZTF25abqsbxy,60913.2946875,1,20.2275
ZTF25abqsbxy,60914.2341204,2,20.267
ZTF25abqsbxy,60914.255081,3,19.6799
ZTF25abqsbxy,60914.273912,1,20.2615
ZTF25abqsbxy,60916.2308449,2,20.2636
ZTF25abqsbxy,60916.2518287,2,20.2483
ZTF25abqsbxy,60916.2966898,3,19.7547
ZTF25abqsbxy,60916.3141204,1,20.1708
ZTF25abqsbxy,60916.3150694,1,20.2044
ZTF25abqsbxy,60917.2212269,2,20.1459
ZTF25abqsbxy,60917.2332176,3,19.4598
ZTF25abqsbxy,60917.2536806,1,20.1826
ZTF25abqsbxy,60918.2351273,2,20.1947
ZTF25abqsbxy,60918.2360648,2,20.1636
ZTF25abqsbxy,60918.2535532,3,19.7727
ZTF25abqsbxy,60918.2955671,1,19.9985
ZTF25abqsbxy,60919.255,2,19.8919
ZTF25abqsbxy,60919.2768981,3,19.7366
ZTF25abqsbxy,60919.2976273,1,20.0766
ZTF25abqsbxy,60920.2133796,3,18.4669
ZTF25abqsbxy,60920.2734838,1,19.6389
ZTF25abqsbxy,60920.2744213,1,19.7046
ZTF25abqsbxy,60920.3573148,2,19.9599
ZTF25abqsbxy,60921.2740972,1,19.3802
ZTF25abqsbxy,60921.2943056,3,19.3121
ZTF25abqsbxy,60922.1875579,1,18.8676
ZTF25abqsbxy,60922.2205324,2,19.2524
ZTF25abqsbxy,60925.1892824,2,18.8372
ZTF25abqsbxy,60925.2131829,3,18.8446
ZTF25abqsbxy,60925.2944444,1,18.7388
ZTF25abqsbxy,60925.2953819,1,18.7433
ZTF25abqsbxy,60926.2008449,2,19.3008
ZTF25abqsbxy,60926.2545139,3,19.2405
ZTF25abqsbxy,60926.3171296,1,18.7684
ZTF25abqsbxy,60927.171956,3,19.6629
ZTF25abqsbxy,60927.2210532,2,19.6971
ZTF25abqsbxy,60927.2229398,2,19.7554
ZTF25abqsbxy,60927.3145023,1,19.1102
ZTF25abqsbxy,60928.2223727,2,19.8962
ZTF25abqsbxy,60928.2547106,3,19.5708
ZTF25abqsbxy,60929.2070023,1,19.5885
ZTF25abqsbxy,60929.2079398,1,19.6024
ZTF25abqsbxy,60929.2307523,2,19.7584
ZTF25abqsbxy,60929.2316898,2,19.7214
ZTF25abqsbxy,60929.275162,3,19.4858
ZTF25abqsbxy,60932.2228009,2,20.3791
ZTF25abqsbxy,60932.2303588,2,20.326
ZTF25abqsbxy,60932.352419,1,19.4179
ZTF25abqsbxy,60934.265625,2,20.2571
ZTF25abqsbxy,60935.149375,1,20.0268
ZTF25abqsbxy,60935.1721875,3,19.7198
ZTF25abqsbxy,60938.2693287,1,20.2014
ZTF25abqsbxy,60939.1971065,1,20.0592
ZTF25abqsbxy,60939.2378241,2,20.1933
ZTF25abqsbxy,60942.2467708,2,20.0269
ZTF25abqsbxy,60957.1268519,1,19.459
ZTF25abqsbxy,60961.1263657,1,20.2216
ZTF25abqsbxy,60965.2314815,1,19.548
ZTF25abqsbxy,60969.2122685,1,20.0058
ZTF25abqsbxy,60974.1677199,1,20.0436
ZTF25abqsbxy,60976.1685301,1,19.2503
ZTF25abqvssg,60904.3885069,2,20.5268
ZTF25abqvssg,60904.4430093,1,20.6555
ZTF25abqvssg,60910.4101042,1,20.2829
ZTF25abqvssg,60910.4438079,2,20.3206
ZTF25abqvssg,60912.4223264,1,19.3337
ZTF25abqvssg,60912.4455208,2,20.2679
ZTF25abqvssg,60916.3387731,1,20.6864
ZTF25abqvssg,60916.4036227,2,20.542
ZTF25abqvssg,60918.3167593,1,20.5028
ZTF25abqvssg,60918.3681944,2,20.3235
ZTF25abqvssg,60920.3401852,1,20.1053
ZTF25abqvssg,60920.4210185,2,20.1991
ZTF25abqvssg,60922.3265394,2,19.5964
ZTF25abqvssg,60922.4376042,1,20.5515
ZTF25abqvssg,60924.3596528,1,19.5152
ZTF25abqvssg,60924.3788773,2,19.6406
ZTF25abqvssg,60929.3168287,1,19.4816
ZTF25abqvssg,60929.368588,2,19.4576
ZTF25abqxnbr,60909.3902546,2,20.5176
ZTF25abqxnbr,60909.43375,1,20.6697
ZTF25abqxnbr,60911.3868287,1,20.4493
ZTF25abqxnbr,60911.4342245,2,20.5841
ZTF25abqxnbr,60914.4004977,2,20.4852
ZTF25abqxnbr,60914.482581,1,20.6517
ZTF25abqxnbr,60917.3853704,2,20.519
ZTF25abqxnbr,60917.4254051,1,20.6089
ZTF25abqxnbr,60919.360625,2,20.3679
ZTF25abqxnbr,60919.4210069,1,20.6997
ZTF25abqxnbr,60924.4462847,2,20.0557
ZTF25abqxnbr,60924.4840278,1,20.0202
ZTF25abqxnbr,60927.4241667,2,19.8444
ZTF25abqxnbr,60932.401412,1,20.2086
ZTF25abqxnbr,60983.2025116,1,19.274
ZTF25abqxnbr,60986.4053125,1,19.3175
ZTF25abqxnbr,60988.3843171,1,19.6087
ZTF25abqxnbr,61004.2039352,1,20.3597
ZTF25abqxnbr,61006.2896296,1,20.2943
ZTF25abqxnbr,61008.3526273,2,20.3691
ZTF25abqxnbr,61010.2017014,1,19.3816
ZTF25abqxnbr,61014.248044,1,17.7486
ZTF25abqxnbr,61014.2771528,2,19.3565
ZTF25abqxnbr,61016.1141667,1,19.4274
ZTF25abqxnbr,61016.2522106,2,19.2854
ZTF25abqxnbr,61020.1931366,1,20.4731
ZTF25absbohn,60910.1759144,2,20.4089
ZTF25absbohn,60910.2046991,1,17.5675
ZTF25absbohn,60914.1757523,1,20.5713
ZTF25absbohn,60914.1938194,2,20.5955
ZTF25absbohn,60916.1852315,1,20.5918
ZTF25absbohn,60916.2149306,2,20.6092
ZTF25absbohn,60918.1815856,1,20.2879
ZTF25absbohn,60918.1939468,2,20.3997
ZTF25absbohn,60920.2237731,2,19.6664
ZTF25absbohn,60920.2471875,1,19.6287
ZTF25absbohn,60922.1937269,2,19.8789
ZTF25absbohn,60922.2459838,1,19.486
ZTF25absbohn,60924.1995718,2,19.8269
ZTF25absbohn,60924.2138657,1,19.4229
ZTF25absbohn,60926.1831481,2,19.8621
ZTF25absbohn,60926.2265625,1,19.4248
ZTF25absbohn,60928.1456597,1,20.1663
ZTF25absbohn,60928.1926273,2,20.0731
ZTF25absbohn,60932.153287,1,20.64
ZTF25absbohn,60934.1715741,2,20.537
ZTF25absbohn,60955.129838,2,19.3298
ZTF25absbohn,60955.1540046,1,18.8401
ZTF25absbohn,60957.1642245,2,19.4716
ZTF25absbohn,60967.1220718,2,19.6278
ZTF25absbohn,60967.1536458,1,19.5975
ZTF25abseeos,60909.3248032,1,20.7
ZTF25abseeos,60911.2620139,1,20.6552
ZTF25abseeos,60911.3381019,2,20.6725
ZTF25abseeos,60914.3035648,1,20.7208
ZTF25abseeos,60914.3516667,2,20.7322
ZTF25abseeos,60917.276169,1,20.5972
ZTF25abseeos,60917.3375,2,20.4346
ZTF25abseeos,60919.3166782,1,20.7883
ZTF25abseeos,60919.3481019,2,20.654
ZTF25abseeos,60921.2562037,1,20.083
ZTF25abseeos,60923.2671991,2,19.3547
ZTF25abseeos,60923.4256944,1,19.7674
ZTF25abseeos,60925.3152199,1,19.0599
ZTF25abseeos,60925.3784144,2,19.3081
ZTF25abseeos,60927.3073148,2,19.7729
ZTF25abseeos,60927.3281134,1,19.447
ZTF25abseeos,60929.2401852,2,19.6451
ZTF25abseeos,60929.3286458,1,19.8078
ZTF25abseeos,60932.2360995,2,20.3893
ZTF25abseeos,60932.2792245,1,20.5155
ZTF25abseeos,60934.2757523,2,20.4626
ZTF25abseeos,60934.3394792,1,20.4594
ZTF25abseeos,60967.2420023,1,20.5446
ZTF25abseeos,60969.2465625,1,20.6937
ZTF25abseeos,60972.2598958,1,20.2537
ZTF25abseeos,60974.2265625,1,20.3794
ZTF25abseeos,60976.2379167,1,20.3075
ZTF25abshxur,60910.2821181,2,20.5565
ZTF25abshxur,60910.3240625,1,20.1193
ZTF25abshxur,60913.2608218,2,20.7479
ZTF25abshxur,60913.3154167,1,20.8291
ZTF25abshxur,60916.3032176,2,20.8465
ZTF25abshxur,60916.3459028,1,20.7939
ZTF25abshxur,60918.2857986,1,20.5962
ZTF25abshxur,60918.3523727,2,20.7033
ZTF25abshxur,60920.3283912,1,20.5632
ZTF25abshxur,60920.3648727,2,20.7795
ZTF25abshxur,60922.3202778,2,20.085
ZTF25abshxur,60922.4101273,1,20.4753
ZTF25abshxur,60924.1801852,2,19.8345
ZTF25abshxur,60924.2566898,1,19.7337
ZTF25abshxur,60926.2353819,2,19.8703
ZTF25abshxur,60926.3441898,1,19.5059
ZTF25abshxur,60928.2183796,2,20.1044
ZTF25abshxur,60928.2887384,1,19.8219
ZTF25abshxur,60930.4056134,1,19.9904
ZTF25abshxur,60933.2187963,2,20.7012
ZTF25abshxur,60933.2638773,1,20.768
ZTF25abshxur,60935.2132755,2,20.5688
ZTF25abshxur,60974.2222569,1,20.5123
ZTF25absindv,60923.4328009,1,19.5837
ZTF25absindv,60923.5151157,2,20.3633
ZTF25absindv,60932.4054398,1,19.9396
ZTF25absindv,60932.5031366,2,20.32
ZTF25absindv,60983.3862731,1,19.4392
ZTF25absindv,60985.3455093,1,19.2431
ZTF25absindv,60989.3640162,1,19.9581
ZTF25absindv,60991.3541667,1,18.3464
ZTF25absindv,60991.3636921,2,17.0613
ZTF25absindv,61004.1965856,1,19.8295
ZTF25absindv,61006.3216782,1,19.9096
ZTF25absindv,61011.3273843,1,19.5899
ZTF25absindv,61011.3861343,2,19.858
ZTF25absindv,61020.3455671,1,20.2877
ZTF25absindv,61022.3936227,1,20.4854
ZTF25absindv,61026.43,1,19.6738
ZTF25absindv,61029.2664931,1,20.4734
ZTF25absindv,61031.3036574,1,20.6176
ZTF25absindv,61037.3609838,1,19.9895
ZTF25absindv,61037.4226736,2,19.3896
ZTF25absindv,61039.2411111,1,19.0154
ZTF25absindv,61051.2435417,1,19.6905
ZTF25absindv,61051.283044,2,19.9059
ZTF25absindv,61053.2912963,1,19.7973
ZTF25absindv,61053.3443519,2,19.8478
ZTF25absindv,61055.2419329,1,20.1234
ZTF25absindv,61055.2822685,2,19.9487
ZTF25absindv,61057.3277546,2,19.1472
ZTF25absindv,61057.3838194,1,19.6904
ZTF25abtieic,60920.4859259,1,18.5999
ZTF25abtieic,60923.4337616,1,19.5591
ZTF25abtieic,60923.5141782,2,20.3808
ZTF25abtieic,60926.4056713,1,19.1986
ZTF25abtieic,60926.4897338,2,19.8684
ZTF25abtieic,60929.4050463,2,19.5659
ZTF25abtieic,60929.4294213,1,19.4148
ZTF25abtieic,60933.3790046,2,19.6397
ZTF25abtieic,60933.5064468,1,20.1948
ZTF25abtieic,60938.4455903,2,20.4405
ZTF25abtieic,60938.5100231,1,20.4757
ZTF25abtieic,60970.3656829,1,20.4572
ZTF25abtieic,60970.4124884,2,20.5414
ZTF25abtieic,60985.3201389,1,19.2333
ZTF25abtieic,60987.314294,2,19.6765
ZTF25abtieic,60991.3626968,2,17.5583
ZTF25abtieic,61006.4499653,1,16.9895
ZTF25abtieic,61011.3096412,1,19.6777
ZTF25abtieic,61014.4031597,1,18.868
ZTF25abtieic,61049.2626042,1,19.7648
ZTF25abtieic,61051.2444907,1,19.7593
ZTF25abtieic,61053.2894097,1,19.9656
ZTF25abtieic,61055.2428704,1,20.2712
ZTF25abtieic,61057.2244676,1,20.0333
ZTF25abtieic,61061.2641667,1,19.9591
ZTF25abudaqa,60919.3615741,2,20.5542
ZTF25abudaqa,60919.4075,1,20.4633
ZTF25abudaqa,60923.4684838,1,20.5749
ZTF25abudaqa,60923.5214468,2,20.2344
ZTF25abudaqa,60925.4261921,2,19.8364
ZTF25abudaqa,60925.4702431,1,19.493
ZTF25abudaqa,60927.3841898,1,19.4907
ZTF25abudaqa,60927.4279977,2,19.8979
ZTF25abudaqa,60929.3212963,1,19.1529
ZTF25abudaqa,60929.365463,2,19.5669
ZTF25abudaqa,60933.3050926,1,20.5754
ZTF25abudaqa,60933.4043056,2,20.4726
ZTF25abudaqa,60935.3667477,1,20.5624
ZTF25abudaqa,60935.4095486,2,20.5723
ZTF25abudaqa,60939.3655093,1,20.7097
ZTF25abudaqa,60939.384456,2,20.6993
ZTF25abudaqa,60942.3422106,2,20.7154
ZTF25abudaqa,60942.4310995,1,20.7712
ZTF25abudaqa,60948.4002546,2,18.0772
ZTF25abudaqa,60950.401169,2,20.7244
ZTF25abudaqa,60952.3265509,1,19.6762
ZTF25abudaqa,60959.3510995,2,17.6479
ZTF25abudaqa,60961.3867245,2,20.5829
ZTF25abudaqa,60968.3260301,2,20.7541
ZTF25abudaqa,60970.2864699,1,19.8736
ZTF25abudaqa,60970.3843981,2,20.289
ZTF25abudaqa,60977.3260301,2,20.4505
ZTF25abudaqa,60979.3647454,1,20.4115
ZTF25abudaqa,60981.259919,1,19.948
ZTF25abudaqa,60981.3084375,2,20.062
ZTF25abudaqa,60983.2166551,1,19.3789
ZTF25abudaqa,60985.2558218,1,19.2173
ZTF25abudaqa,60985.3909144,1,19.0853
ZTF25abudaqa,60987.1907755,1,19.724
ZTF25abudaqa,60987.2870833,2,20.0129
ZTF25abudaqa,60989.1989005,1,20.4265
ZTF25abudaqa,60991.1979398,2,19.3982
ZTF25abudaqa,60991.240463,1,16.4172
ZTF25abudaqa,61005.2365162,1,20.3679
ZTF25abudaqa,61005.2640856,2,20.3618
ZTF25abudaqa,61007.3643634,1,20.5186
ZTF25abudaqa,61009.2637384,1,19.9867
ZTF25abudaqa,61011.3025579,1,19.4005
ZTF25abudaqa,61013.195081,2,17.4846
ZTF25abudaqa,61013.2427315,1,18.7754
ZTF25abudaqa,61015.2035301,1,19.607
ZTF25abudaqa,61015.2972222,2,19.663
ZTF25abudaqa,61021.1960532,2,20.3615
ZTF25abudaqa,61021.279456,1,20.529
ZTF25abudaqa,61023.2365856,1,20.6881
ZTF25abudaqa,61025.2387037,2,20.1194
ZTF25abudaqa,61027.1627083,2,20.4224
ZTF25abudaqa,61027.1947569,1,20.2595
ZTF25abuojsb,60970.4987963,1,20.7492
ZTF25abuojsb,60978.4291435,1,20.5487
ZTF25abuojsb,60978.4721181,2,20.5386
ZTF25abuojsb,61004.3666782,2,20.4465
ZTF25abuojsb,61006.4372106,2,19.2239
ZTF25abuojsb,61006.479537,1,17.3558
ZTF25abuojsb,61008.4092245,1,20.6032
ZTF25abuojsb,61010.3945949,2,19.8022
ZTF25abuojsb,61010.4491782,1,20.7923
ZTF25abuojsb,61014.3579282,2,19.2946
ZTF25abuojsb,61014.4091667,1,19.1578
ZTF25abuojsb,61016.3079167,2,18.9519
ZTF25abuojsb,61016.3666204,1,18.8965
ZTF25abuojsb,61020.3673727,1,20.2317
ZTF25abuojsb,61020.4623148,2,20.2247
ZTF25abuojsb,61022.3440856,2,19.7549
ZTF25abuojsb,61022.405162,1,20.5978
ZTF25abuojsb,61024.4089236,2,20.4721
ZTF25abuojsb,61024.4450463,1,20.6698
ZTF25abuojsb,61026.4309722,1,19.8746
ZTF25abuojsb,61026.4712963,2,20.3429
ZTF25abupdae,61009.4812269,1,20.7103
ZTF25abupdae,61014.4077315,1,19.0215
ZTF25abupdae,61024.4466088,1,20.6871
ZTF25abupdae,61029.4825694,1,20.6621
ZTF25abupdae,61052.4309722,2,18.9771
ZTF25abupdae,61056.5831597,1,18.5411
ZTF25abuqccu,60942.5295602,2,18.6017
ZTF25abuqccu,60942.5345718,2,17.7946
ZTF25abuqccu,60948.5398032,2,17.2003
ZTF25abuqccu,60953.5370486,2,18.7763
ZTF25abuqccu,60958.5238889,2,18.2104
ZTF25abvbjre,60923.3641088,2,19.8323
ZTF25abvbjre,60923.3645833,2,20.1122
ZTF25abvbjre,60923.4398611,1,20.246
ZTF25abvbjre,60923.4639583,1,20.6685
ZTF25abvbjre,60925.3660648,1,19.4183
ZTF25abvbjre,60925.3665394,1,19.3533
ZTF25abvbjre,60925.4131366,2,19.5655
ZTF25abvbjre,60925.4242014,2,19.8146
ZTF25abvbjre,60927.2943981,2,19.6976
ZTF25abvbjre,60927.2948727,2,19.3914
ZTF25abvbjre,60927.3624769,1,19.358
ZTF25abvbjre,60927.3638889,1,19.5377
ZTF25abvbjre,60930.4414352,2,19.6234
ZTF25abvbjre,60930.4943287,1,19.6852
ZTF25abvbjre,60932.3482639,1,20.1779
ZTF25abvbjre,60932.485787,2,20.3664
ZTF25abvbjre,60933.2852431,1,20.5123
ZTF25abvbjre,60933.4038079,2,20.3204
ZTF25abvbjre,60934.3459606,1,20.3814
ZTF25abvbjre,60934.4880556,2,20.5766
ZTF25abvbjre,60935.3639352,1,20.5214
ZTF25abvbjre,60935.4046759,2,20.3909
ZTF25abvbjre,60938.4407986,2,20.7334
ZTF25abvbjre,60938.4703588,1,20.7099
ZTF25abvbjre,60939.3111806,2,20.534
ZTF25abvbjre,60939.344456,1,20.7265
ZTF25abvbjre,60941.3596296,1,20.7022
ZTF25abvbjre,60941.4369907,2,20.5494
ZTF25abvbjre,60942.2987847,2,20.4876
ZTF25abvbjre,60942.3963889,1,20.6506
ZTF25abvbjre,60943.3761227,1,20.8043
ZTF25abvbjre,60943.4914352,2,20.6087
ZTF25abvbjre,60944.3053241,2,20.3102
ZTF25abvbjre,60944.3794097,1,20.6588
ZTF25abvbjre,60949.2989005,2,20.364
ZTF25abvbjre,60949.3193403,2,20.4814
ZTF25abvbjre,60949.3635069,1,20.6865
ZTF25abvbjre,60949.3847685,1,20.6601
ZTF25abvbjre,60955.2208565,1,18.7871
ZTF25abvbjre,60957.4871644,2,17.6016
ZTF25abvbjre,60959.3505903,2,18.6771
ZTF25abvbjre,60970.2874074,1,18.79
ZTF25abvbjre,60973.2211921,1,20.6217
ZTF25abvbjre,60975.2187153,1,20.4606
ZTF25abvbjre,60977.2783449,1,20.415
ZTF25abvbjre,60977.2788194,1,20.3689
ZTF25abvbjre,60979.3070023,2,20.1259
ZTF25abvbjre,60979.3642477,1,20.7109
ZTF25abvbjre,60981.2332639,1,19.8367
ZTF25abvbjre,60981.2337384,1,19.6351
ZTF25abvcnay,60924.5193287,2,18.881
ZTF25abvcnay,60924.5242593,2,18.2125
ZTF25abvcnay,60925.5200347,2,18.731
ZTF25abvcnay,60925.5249653,2,18.2251
ZTF25abvcnay,60926.5192361,2,18.892
ZTF25abvcnay,60926.5241667,2,18.5327
ZTF25abvcnay,60926.5290972,2,17.6511
ZTF25abvcnay,60927.5192361,2,18.8166
ZTF25abvcnay,60927.5236806,2,18.4225
ZTF25abvcnay,60928.5185532,2,18.7957
ZTF25abvcnay,60928.5229282,2,18.6937
ZTF25abvcnay,60928.5279167,2,17.9849
ZTF25abvcnay,60929.5200926,2,18.8944
ZTF25abvcnay,60929.525081,2,18.3795
ZTF25abvcnay,60929.5300694,2,17.6263
ZTF25abvcnay,60931.5116667,2,19.4059
ZTF25abvcnay,60931.5156481,2,19.4774
ZTF25abvcnay,60931.5196412,2,19.3485
ZTF25abvcnay,60932.510463,2,19.6444
ZTF25abvcnay,60932.514375,2,19.6835
ZTF25abvcnay,60932.518287,2,19.6429
ZTF25abvcnay,60935.5143056,2,15.6925
ZTF25abvcnay,60935.5183796,2,16.5197
ZTF25abvcnay,60935.5224421,2,18.1411
ZTF25abvcnay,60938.5146875,2,19.9129
ZTF25abvcnay,60938.518669,2,19.8885
ZTF25abvcnay,60938.522662,2,19.8464
ZTF25abvcnay,60942.5140856,2,20.2684
ZTF25abvcnay,60942.5180556,2,20.2689
ZTF25abvcnay,60942.522037,2,20.1644
ZTF25abvcnay,60943.5133565,2,19.8794
ZTF25abvcnay,60943.5173727,2,20.0441
ZTF25abvcnay,60943.5214005,2,19.9309
ZTF25abvcnay,60948.4722569,1,20.0588
ZTF25abvcnay,60948.5145718,2,20.1597
ZTF25abvcnay,60975.4779745,1,20.6697
ZTF25abvcnay,60980.4828588,1,20.6709
ZTF25abvqjxe,60943.5279051,2,18.4135
ZTF25abvqjxe,60943.5328472,2,17.7869
ZTF25abvqjxe,60948.527662,2,19.1415
ZTF25abvqjxe,60948.5320602,2,18.4642
ZTF25abvqjxe,60948.5371528,2,17.5656
ZTF25abvqjxe,60949.5343634,2,18.2858
ZTF25abvqjxe,60949.5392708,2,17.5736
ZTF25abvqjxe,60950.5211343,2,19.7382
ZTF25abvqjxe,60950.5251273,2,19.5493
ZTF25abvqjxe,60950.5291088,2,19.2129
ZTF25abvqjxe,60950.5300463,2,19.1546
ZTF25abvqjxe,60950.5349537,2,18.5243
ZTF25abvqjxe,60950.5398611,2,17.8241
ZTF25abvqjxe,60951.5215741,2,19.7369
ZTF25abvqjxe,60951.525544,2,19.5519
ZTF25abvqjxe,60951.5295023,2,19.4225
ZTF25abvqjxe,60955.5259491,2,19.2553
ZTF25abvqjxe,60955.5298958,2,19.0682
ZTF25abvqjxe,60958.5303819,2,18.3262
ZTF25abvqjxe,61065.3118056,1,20.1534
ZTF25abvqjxe,61068.2961343,1,19.7856
ZTF25abvqjxe,61070.3170949,1,19.1225
ZTF25abvqjxe,61072.2731713,2,18.9979
ZTF25abvqjxe,61072.3799306,1,18.6426
ZTF25abvqjxe,61075.4234606,1,19.1844
ZTF25abvqjxe,61077.310463,1,19.7964
ZTF25abvqjxe,61078.3877431,2,18.209
ZTF25abvqjxe,61078.3886806,2,18.095
ZTF25abvqjxe,61078.4164815,1,18.124
ZTF25abvqjxe,61078.4326389,1,19.5826
ZTF25abvqjxe,61079.2754514,1,20.1648
ZTF25abvqjxe,61079.2764005,1,20.1746
ZTF25abvqjxe,61080.3009954,1,20.3583
ZTF25abvqjxe,61080.3019444,1,20.2981
ZTF25abvqjxe,61086.3388773,3,17.7616
ZTF25abvqjxe,61086.37,1,18.6432
ZTF25abvqjxe,61087.2221296,2,19.4234
ZTF25abvqjxe,61093.1943056,3,19.3477
ZTF25abvqjxe,61093.2286458,2,17.2957
ZTF25abvqjxe,61094.2677199,1,20.0785
ZTF25abvqjxe,61095.2943634,2,20.3309
ZTF25abvqjxe,61095.393206,3,20.0019
ZTF25abvqjxe,61096.3640509,3,19.584
ZTF25abvqjxe,61096.3908102,1,19.9266
ZTF25abvqjxe,61097.1719213,3,19.616
ZTF25abvqjxe,61097.3596296,1,19.9162
ZTF25abvqjxe,61098.2678588,1,19.7655
ZTF25abvqjxe,61099.2829051,3,18.4305
ZTF25abvqjxe,61099.4065278,2,19.5696
ZTF25abvqjxe,61105.2066551,1,19.6624
ZTF25abvqjxe,61106.1933565,1,19.9991
ZTF25abvqjxe,61106.4225,2,19.1206
ZTF25abvqjxe,61107.2483565,2,19.341
ZTF25abvqjxe,61107.2787963,1,19.8147
ZTF25abvqjxe,61107.3289236,3,19.1576
ZTF25abvqjxe,61108.2826505,3,19.6275
ZTF25abvqjxe,61111.3200579,1,20.4202
ZTF25abvqjxe,61112.2988079,2,20.3951
ZTF25abvqjxe,61113.2912963,3,19.2896
ZTF25abvqjxe,61113.3491898,2,17.7899
ZTF25abvqjxe,61114.2580671,1,20.3998
ZTF25abvqjxe,61115.3045255,3,19.751
ZTF25abvqjxe,61115.3208796,1,20.0651
ZTF25abvqjxe,61116.2880556,1,19.9206
ZTF25abvqjxe,61117.3313657,3,20.0012
ZTF25abvqjxe,61117.3409491,1,20.2234
ZTF25abvqjxe,61118.2786343,3,19.9727
ZTF25abvqjxe,61118.3531366,1,20.2948
ZTF25abvqjxe,61119.2978935,3,19.9106
ZTF25abvqjxe,61120.3384838,1,20.2507
ZTF25abvqjxe,61121.3171991,1,19.9751
ZTF25abvqjxe,61123.1615509,1,20.3795
ZTF25abvqjxe,61123.3204051,3,19.9153
ZTF25abvqjxe,61124.2988194,1,20.4321
ZTF25abvqjxe,61125.3231829,1,19.5084
ZTF25abvqjxe,61126.2274769,1,20.0347
ZTF25abvqjxe,61126.2327315,3,19.7569
ZTF25abvqjxe,61127.1531944,3,16.1611
ZTF25abvqjxe,61130.1666088,3,16.8132
ZTF25abvqjxe,61132.2511227,3,19.0609
ZTF25abvqjxe,61132.3203009,1,18.7534
ZTF25abvqjxe,61134.1683796,1,20.2281
ZTF25abvqjxe,61134.2397801,3,19.0786
ZTF25abvqjxe,61134.33375,2,18.9362
ZTF25abvqjxe,61135.1689236,2,20.4479
ZTF25abvqjxe,61135.3426968,3,19.3275
ZTF25abvqjxe,61137.1623032,3,19.7304
ZTF25abvqjxe,61138.2158218,1,20.4974
ZTF25abvqjxe,61138.2354514,3,19.8802
ZTF25abvqjxe,61139.1628704,3,19.7179
ZTF25abvqjxe,61139.2141551,1,20.1654
ZTF25abvqjxe,61140.2031944,3,19.9337
ZTF25abvqjxe,61140.2410532,1,20.4043
ZTF25abvqjxe,61146.1846065,3,19.9203
ZTF25abvuktq,60941.5304398,2,18.2973
ZTF25abvuktq,60941.5354282,2,17.6274
ZTF25abvuktq,60942.5290856,2,18.5749
ZTF25abvuktq,60942.5340972,2,17.8223
ZTF25abvuktq,60943.5293287,2,18.3925
ZTF25abvuktq,60943.5342708,2,17.8068
ZTF25abvuktq,60948.5291435,2,18.9258
ZTF25abvuktq,60948.5342361,2,18.1239
ZTF25abvuktq,60948.5393287,2,17.4759
ZTF25abvuktq,60949.5363657,2,18.1845
ZTF25abvuktq,60950.5320486,2,19.0736
ZTF25abvuktq,60950.536956,2,18.2898
ZTF25abvuktq,60951.5310069,2,19.1984
ZTF25abvuktq,60951.531956,2,18.9757
ZTF25abvuktq,60951.5360417,2,18.5832
ZTF25abvuktq,60951.5369907,2,18.3745
ZTF25abvuktq,60951.5410532,2,17.7242
ZTF25abvuktq,60952.5322801,2,18.9742
ZTF25abvuktq,60952.5372801,2,18.327
ZTF25abvuktq,60953.536088,2,18.8055
ZTF25abvuktq,60953.5410417,2,18.3704
ZTF25abvuktq,60955.5308449,2,19.1931
ZTF25abvuktq,60958.5273611,2,17.7736
ZTF25abvuktq,60958.5313194,2,16.6937
ZTF25abvuktq,60970.4637731,2,19.0269
ZTF25abvuktq,60970.5260648,1,19.3635
ZTF25abvuktq,60982.5251042,1,18.1431
ZTF25abvuktq,60984.5285764,1,19.3873
ZTF25abvuktq,60989.5563657,1,19.3711
ZTF25abvuktq,61011.5204745,1,20.504
ZTF25abvuktq,61014.3945718,2,19.1151
ZTF25abvuktq,61014.481713,1,18.9494
ZTF25abvuktq,61016.441412,1,19.1476
ZTF25abvuktq,61016.4423495,1,19.3298
ZTF25abvuktq,61016.4812963,2,19.4021
ZTF25abvuktq,61021.4086921,1,20.2812
ZTF25abvuktq,61026.4431366,1,20.2244
ZTF25abvuktq,61028.5240625,1,20.6066
ZTF25abvuktq,61028.5245255,1,20.5829
ZTF25abvuktq,61030.4427894,1,20.1379
ZTF25abweqoj,60943.5273958,2,18.9717
ZTF25abweqoj,60943.532338,2,18.2155
ZTF25abweqoj,60943.5372917,2,17.5643
ZTF25abweqoj,60948.5188773,2,19.7068
ZTF25abweqoj,60948.5227662,2,19.623
ZTF25abweqoj,60948.5266551,2,19.4635
ZTF25abweqoj,60948.5271296,2,19.4942
ZTF25abweqoj,60948.5315162,2,18.9014
ZTF25abweqoj,60948.5366088,2,18.0205
ZTF25abweqoj,60949.5253704,2,19.5954
ZTF25abweqoj,60949.5293519,2,19.2822
ZTF25abweqoj,60949.5333449,2,18.8628
ZTF25abweqoj,60950.5201273,2,20.0465
ZTF25abweqoj,60950.5241088,2,20.0435
ZTF25abweqoj,60950.5280903,2,19.7297
ZTF25abweqoj,60951.5210301,2,19.7866
ZTF25abweqoj,60951.525,2,19.7502
ZTF25abweqoj,60951.5289583,2,19.4915
ZTF25abweqoj,60954.5212269,2,19.5684
ZTF25abweqoj,60954.5251736,2,19.6825
ZTF25abweqoj,60954.5291319,2,19.6127
ZTF25abweqoj,60956.5241898,2,19.3714
ZTF25abweqoj,60970.5255903,1,20.5037
ZTF25abweqoj,60973.5181944,1,20.404
ZTF25abweqoj,60975.4654514,1,20.1672
ZTF25abwjtwc,60930.4007407,2,19.9424
ZTF25abwjtwc,60930.4968287,1,19.5715
ZTF25abwjtwc,60933.3974421,2,20.3804
ZTF25abwjtwc,60933.4197801,1,20.337
ZTF25abwjtwc,60938.4257639,2,20.6197
ZTF25abwjtwc,60938.4636574,1,20.5363
ZTF25abwjtwc,60940.499375,2,19.8655
ZTF25abwjtwc,60943.4004051,1,20.4796
ZTF25abwjtwc,60943.4829167,2,20.4204
ZTF25abwjtwc,60949.3313773,2,20.2819
ZTF25abwjtwc,60949.3766319,1,20.4505
ZTF25abwjtwc,60951.3302315,2,20.1724
ZTF25abwjtwc,60951.4370833,1,20.3531
ZTF25abwjtwc,60953.3158449,1,19.2789
ZTF25abwjtwc,60953.3811806,2,19.6803
ZTF25abwjtwc,60955.2477894,1,18.462
ZTF25abwjtwc,60955.3355671,2,18.9751
ZTF25abwjtwc,60957.3612384,1,19.1373
ZTF25abwjtwc,61010.2343634,1,18.1493
ZTF25abwjtwc,61017.255463,1,19.7563
ZTF25abwjtwc,61055.1926852,1,19.5033
ZTF25abwjtwc,61068.1073495,2,17.1982
ZTF25abwjtwc,61070.1646065,2,18.8943
ZTF25abwjtwc,61072.1937153,1,18.4309
ZTF25abwkieo,60930.4511343,2,19.6995
ZTF25abwkieo,60933.416794,2,20.1949
ZTF25abwkieo,60933.4365741,1,20.0811
ZTF25abwkieo,60935.3961921,1,20.0104
ZTF25abwkieo,60935.4195023,2,20.261
ZTF25abwkieo,60939.3970718,2,20.2979
ZTF25abwkieo,60942.4598495,1,20.5422
ZTF25abwkieo,60942.5004282,2,20.4007
ZTF25abwkieo,60948.4140509,2,18.4196
ZTF25abwkieo,60948.4389931,1,20.679
ZTF25abwkieo,60950.3353241,1,19.758
ZTF25abwkieo,60953.4189931,2,19.7112
ZTF25abwkieo,60955.4276852,2,19.463
ZTF25abwkieo,60991.33,2,17.6204
ZTF25abwkieo,61016.342963,1,18.9392
ZTF25abwkieo,61037.3263889,1,19.3404
ZTF25abwkieo,61049.189213,1,19.7407
ZTF25abwkieo,61051.1897454,1,19.5552
ZTF25abwkieo,61051.2728241,2,19.065
ZTF25abwkieo,61053.2739583,1,19.5106
ZTF25abwkieo,61055.1468171,1,19.8109
ZTF25abwkieo,61057.1964236,1,19.3806
ZTF25abwkieo,61059.2484028,1,20.1418
ZTF25abwkieo,61061.1926273,1,20.2435
ZTF25abwkieo,61061.3007176,2,18.983
ZTF25abwkieo,61066.2557986,1,16.6621
ZTF25abwkieo,61069.1462153,1,17.1636
ZTF25abwkieo,61069.1929167,2,16.5762
ZTF25abwkieo,61071.1440509,1,19.102
ZTF25abwkieo,61073.1440856,1,19.3468
ZTF25abwkieo,61073.2251852,2,19.3562
ZTF25abwkieo,61075.1138079,1,19.6753
ZTF25abwkieo,61079.1149537,1,19.8785
ZTF25abwkieo,61085.1172917,3,19.7288
ZTF25abwkieo,61093.1519907,3,19.3138
ZTF25abwnnkt,60932.1570602,1,20.6448
ZTF25abwnnkt,60932.2679282,2,20.0025
ZTF25abwnnkt,60934.1776968,2,20.4047
ZTF25abwnnkt,60938.1410648,1,20.5335
ZTF25abwnnkt,60938.1765278,2,20.3741
ZTF25abwnnkt,60941.1371412,1,20.1346
ZTF25abwnnkt,60941.1929167,2,20.144
ZTF25abwnnkt,60943.1395023,1,20.5001
ZTF25abwnnkt,60943.2004398,2,20.336
ZTF25abwnnkt,60948.1333796,1,20.3815
ZTF25abwnnkt,60948.1609028,2,20.2217
ZTF25abwnnkt,60950.1735764,2,20.0076
ZTF25abwnnkt,60950.2293981,1,19.4377
ZTF25abwnnkt,60953.1396181,1,19.7185
ZTF25abwnnkt,60953.153125,2,19.8626
ZTF25abwnnkt,60955.1410417,2,19.5096
ZTF25abwnnkt,60955.1801042,1,18.8216
ZTF25abwnnkt,60957.1369097,1,19.6428
ZTF25abwnnkt,60957.1609259,2,19.6109
ZTF25abwnnkt,60960.1419329,2,20.3237
ZTF25abwnnkt,60982.1187731,2,18.3729
ZTF25abwnnkt,60982.1356366,1,16.8385
ZTF25abwnnkt,60985.1368171,1,18.501
ZTF25abwnnkt,60987.0669676,2,18.6192
ZTF25abwnsol,60932.185706,1,20.6476
ZTF25abwnsol,60932.2618981,2,20.4987
ZTF25abwnsol,60934.2029398,2,20.6581
ZTF25abwnsol,60934.3042708,1,20.1873
ZTF25abwnsol,60938.2006944,2,20.5768
ZTF25abwnsol,60938.255463,1,20.5996
ZTF25abwnsol,60941.2284259,2,20.3786
ZTF25abwnsol,60941.3069213,1,20.2188
ZTF25abwnsol,60943.1838657,1,20.6571
ZTF25abwnsol,60943.2243403,2,20.6561
ZTF25abwnsol,60948.2019676,2,20.4745
ZTF25abwnsol,60948.2801736,1,20.6702
ZTF25abwnsol,60950.1407639,1,20.1385
ZTF25abwnsol,60950.1666319,2,20.3874
ZTF25abwnsol,60952.1871412,2,19.6244
ZTF25abwnsol,60954.1395255,2,19.9771
ZTF25abwnsol,60954.1719444,1,19.6275
ZTF25abwnsol,60956.1736111,2,19.6759
ZTF25abwnsol,60956.2179282,1,19.3994
ZTF25abwnsol,60974.1356019,2,20.0222
ZTF25abwnsol,60976.1635764,1,19.7405
ZTF25abwnsol,60982.1108449,2,17.9739
ZTF25abwnsol,60982.1581366,1,17.198
ZTF25abwnsol,60984.1986343,1,19.1123
ZTF25abwnsol,60986.1110185,1,19.8527
ZTF25abwnsol,60988.1958218,1,19.5678
ZTF25abwnsol,61013.1138426,1,18.6975
ZTF25abwnsol,61013.1515509,2,18.2881
ZTF25abwnsol,61015.0980093,1,19.4326
ZTF25abwnsol,61017.0943981,1,19.8069
ZTF25abwnsol,61020.1390278,1,19.5623
ZTF25abwnsol,61022.1370023,1,18.8097
ZTF25abwophe,60932.2171181,2,20.7689
ZTF25abwophe,60932.288287,1,20.5265
ZTF25abwophe,60934.2589931,2,20.5885
ZTF25abwophe,60934.3256713,1,20.3269
ZTF25abwophe,60938.2039815,2,20.6781
ZTF25abwophe,60938.2768981,1,20.6935
ZTF25abwophe,60941.2587847,2,20.1876
ZTF25abwophe,60941.2793056,1,20.6207
ZTF25abwophe,60943.2403819,2,20.6208
ZTF25abwophe,60943.3227778,1,20.5834
ZTF25abwophe,60949.2784722,2,20.5068
ZTF25abwophe,60949.3477778,1,20.2559
ZTF25abwophe,60951.1443287,1,18.0079
ZTF25abwophe,60951.1877662,2,20.3386
ZTF25abwophe,60953.1904167,2,19.8117
ZTF25abwophe,60953.291956,1,19.3569
ZTF25abwophe,60955.1741782,1,19.2106
ZTF25abwophe,60955.2918634,2,19.5674
ZTF25abwophe,60957.2466551,2,19.8637
ZTF25abwophe,60957.2558796,1,19.4943
ZTF25abwophe,60965.2603935,2,20.1476
ZTF25abwophe,60974.1995486,1,20.4718
ZTF25abwophe,60976.1964699,1,20.0778
ZTF25abwophe,60982.1749421,1,19.1288
ZTF25abwophe,60984.1638426,1,19.54
ZTF25abwophe,60986.0893056,1,20.0628
ZTF25abwophe,60988.1566088,1,20.4413
ZTF25abwophe,60992.2825,2,19.8257
ZTF25abwophe,61005.1975231,1,19.9078
ZTF25abwophe,61007.1245139,2,19.7498
ZTF25abwophe,61007.154456,1,16.1062
ZTF25abwophe,61009.1720949,1,19.9273
ZTF25abwophe,61011.1408449,1,19.4821
ZTF25abwophe,61013.0997222,1,19.1644
ZTF25abwophe,61013.1422106,2,19.0257
ZTF25abwophe,61015.0936458,1,19.7294
ZTF25abwophe,61017.090081,1,19.8868
ZTF25abwophe,61017.2067014,2,19.8846
ZTF25abwophe,61021.1115741,1,20.5192
ZTF25abwophe,61023.0949306,1,19.9374
ZTF25abwophe,61023.1589583,2,18.2571
ZTF25abwophe,61026.1010185,2,20.4129
ZTF25abwophe,61026.1629167,1,20.0675
ZTF25abwophe,61028.0974653,2,20.4269
ZTF25abwophe,61028.1452778,1,19.8958
ZTF25abwophe,61030.0937153,1,20.5384
ZTF25abwwabv,60935.2667824,2,19.0267
ZTF25abwwabv,60935.3490046,1,20.7298
ZTF25abwwabv,60939.3121991,2,20.7394
ZTF25abwwabv,60939.3530903,1,20.7867
ZTF25abwwabv,60942.3148611,2,20.577
ZTF25abwwabv,60942.3802083,1,20.7212
ZTF25abwwabv,60944.3389583,1,20.8102
ZTF25abwwabv,60949.2955787,2,20.5307
ZTF25abwwabv,60949.3833218,1,20.6355
ZTF25abwwabv,60951.2751736,2,20.2668
ZTF25abwwabv,60953.3277083,1,19.4945
ZTF25abwwabv,60953.3666319,2,19.686
ZTF25abwwabv,60957.2355208,2,19.3978
ZTF25abwwabv,60957.3592708,1,19.3837
ZTF25abwwabv,60960.3336343,2,20.1647
ZTF25abwwabv,60970.2788657,1,20.7914
ZTF25abwwabv,60992.1918403,2,18.3814
ZTF25abwwabv,61008.1073843,2,20.2074
ZTF25abwwabv,61013.2155093,1,18.8573
ZTF25abwwabv,61015.1941551,1,19.6489
ZTF25abwwabv,61017.2819792,1,19.756
ZTF25abwwabv,61023.1737269,2,19.8731
ZTF25abwwabv,61025.1607755,1,20.4778
ZTF25abwwabv,61027.1445139,2,20.146
ZTF25abxcfzb,60931.5236343,2,18.7825
ZTF25abxcfzb,60931.528588,2,18.1402
ZTF25abxcfzb,60932.5232639,2,18.9281
ZTF25abxcfzb,60932.5282407,2,18.2681
ZTF25abxcfzb,60933.5258333,2,18.7051
ZTF25abxcfzb,60933.5308565,2,17.9245
ZTF25abxcfzb,60934.5245139,2,19.1099
ZTF25abxcfzb,60934.5288889,2,18.4232
ZTF25abxcfzb,60935.5258333,2,17.969
ZTF25abxcfzb,60949.5233796,2,20.0909
ZTF25abxcfzb,60949.5273611,2,19.8387
ZTF25abxcfzb,60949.5313542,2,19.4418
ZTF25abxcfzb,60950.5181366,2,20.3828
ZTF25abxcfzb,60950.5221181,2,20.3442
ZTF25abxcfzb,60950.5260995,2,20.2115
ZTF25abxcfzb,60955.4630093,2,18.9596
ZTF25abxcfzb,60955.494294,1,19.0669
ZTF25abxcfzb,60957.4691204,1,19.06
ZTF25abxcfzb,60957.5128356,2,19.7107
ZTF25abxcfzb,60968.4742708,2,20.1813
ZTF25abxcfzb,60970.5251273,1,20.6402
ZTF25abxcfzb,60973.442419,2,20.3399
ZTF25abxcfzb,60977.4851968,2,20.1285
ZTF25abxcfzb,60979.4557176,2,20.4972
ZTF25abxcfzb,60984.4845602,1,19.3638
ZTF25abxcfzb,60984.5352199,1,19.3486
ZTF25abxcfzb,60986.4642824,1,19.7049
ZTF25abxcfzb,60988.4661343,1,19.6558
ZTF25abxcfzb,60992.5258565,2,20.3165
ZTF25abxcfzb,61004.475625,1,20.7498
ZTF25abxcfzb,61006.4142477,2,20.3102
ZTF25abxcfzb,61008.4653125,2,20.6543
ZTF25abxcfzb,61010.5152662,2,20.6637
ZTF25abxcfzb,61013.4744213,2,19.5596
ZTF25abxcfzb,61015.3932292,2,19.6105
ZTF25abxcfzb,61015.4428935,1,19.6015
ZTF25abxcfzb,61017.4428241,1,19.6972
ZTF25abxcfzb,61024.3856597,2,20.5932
ZTF25abxcfzb,61026.4354282,1,20.5116
ZTF25abxcfzb,61026.5006134,2,20.0635
ZTF25abxcfzb,61029.4275231,2,20.7866
ZTF25abxcfzb,61038.4168056,1,20.303
ZTF25abxcfzb,61050.3493866,1,19.7055
ZTF25abxcfzb,61052.3638542,1,20.4007
ZTF25abxcfzb,61052.4262037,2,19.7256
ZTF25abxcfzb,61054.3454051,2,20.4859
ZTF25abxcfzb,61054.4425347,1,20.4055
ZTF25abxdhkl,60938.4276389,2,20.5205
ZTF25abxdhkl,60938.4622454,1,20.6102
ZTF25abxdhkl,60941.3980556,1,20.429
ZTF25abxdhkl,60943.4177315,1,20.5511
ZTF25abxdhkl,60943.4847917,2,20.3911
ZTF25abxdhkl,60949.3151042,2,20.1685
ZTF25abxdhkl,60949.3761574,1,20.3599
ZTF25abxdhkl,60951.4183333,1,20.4645
ZTF25abxdhkl,60951.4404514,2,20.2462
ZTF25abxdhkl,60953.3172569,1,19.2302
ZTF25abxdhkl,60953.3797685,2,19.6924
ZTF25abxdhkl,60955.3569097,2,18.9527
ZTF25abxdhkl,60955.4834259,1,18.7153
ZTF25abxdhkl,60957.3631366,1,19.2027
ZTF25abxdhkl,60957.4829282,2,16.4797
ZTF25abxdhkl,60960.3118981,1,19.9449
ZTF25abxdhkl,60960.4017245,2,20.1624
ZTF25abxdhkl,60970.3150116,1,19.3752
ZTF25abxdhkl,60970.394456,2,17.7501
ZTF25abxdhkl,60990.3621528,1,18.3793
ZTF25abxdhkl,61005.249919,1,20.2286
ZTF25abxdhkl,61009.3323958,1,19.551
ZTF25abxdhkl,61010.2315394,1,18.1848
ZTF25abxdhkl,61010.2736343,2,19.2958
ZTF25abxdhkl,61013.1830324,2,18.8584
ZTF25abxdhkl,61013.2295833,1,18.7077
ZTF25abxdhkl,61015.2109491,1,19.3087
ZTF25abxkwsn,60939.2137269,2,20.6046
ZTF25abxkwsn,60939.3247222,1,20.7195
ZTF25abxkwsn,60942.2002083,2,20.4799
ZTF25abxkwsn,60942.2590625,1,20.1003
ZTF25abxkwsn,60944.1761458,1,20.3766
ZTF25abxkwsn,60944.1766204,1,20.283
ZTF25abxkwsn,60949.2794097,2,20.5744
ZTF25abxkwsn,60949.3063542,2,20.6095
ZTF25abxkwsn,60949.3473032,1,20.5207
ZTF25abxkwsn,60949.3688542,1,20.3994
ZTF25abxkwsn,60951.1433912,1,19.4435
ZTF25abxkwsn,60951.1955208,2,20.3647
ZTF25abxkwsn,60951.2801505,2,20.1972
ZTF25abxkwsn,60951.3393634,1,19.8895
ZTF25abxkwsn,60953.1770949,2,19.8957
ZTF25abxkwsn,60953.2817245,1,19.4724
ZTF25abxkwsn,60955.2035995,1,19.1068
ZTF25abxkwsn,60955.3160764,2,19.4468
ZTF25abxkwsn,60957.2457176,2,19.6378
ZTF25abxkwsn,60957.2820023,1,19.4351
ZTF25abxkwsn,60960.1787153,2,20.6118
ZTF25abxkwsn,60960.2163657,1,20.2556
ZTF25abxkwsn,60967.2386458,1,20.4141
ZTF25abxkwsn,60976.1969444,1,20.1534
ZTF25abxkwsn,60978.2393287,1,15.8762
ZTF25abxkwsn,60980.1455787,2,20.0577
ZTF25abxkwsn,60980.2010764,1,19.3655
ZTF25abxkwsn,60984.1618634,1,19.475
ZTF25abxkwsn,60990.1132292,2,20.129
ZTF25abxkwsn,60992.2206134,1,17.2704
ZTF25abxqslz,60948.4670023,1,19.9793
ZTF25abxqslz,60950.4401736,2,20.0324
ZTF25abxqslz,60950.5024074,1,20.2634
ZTF25abxqslz,60952.5166319,1,19.9225
ZTF25abxqslz,60954.4772917,2,19.7128
ZTF25abxqslz,60954.506875,1,19.5404
ZTF25abxqslz,60956.4776736,1,19.1399
ZTF25abxqslz,60958.4927315,1,19.3104
ZTF25abxqslz,60961.443125,2,19.9649
ZTF25abxqslz,60961.5033218,1,19.8291
ZTF25abxqslz,60970.4569792,2,20.3825
ZTF25abxqslz,60991.4206134,1,17.2292
ZTF25abxqslz,61021.4213194,2,20.3315
ZTF25abxqslz,61029.289213,1,20.189
ZTF25abxqslz,61030.3603009,2,20.3685
ZTF25abxqxhs,60941.514919,2,20.1649
ZTF25abxqxhs,60941.5188889,2,20.1414
ZTF25abxqxhs,60941.5228588,2,19.8897
ZTF25abxqxhs,60948.4727315,1,20.0763
ZTF25abxqxhs,60948.5053241,2,20.2535
ZTF25abxqxhs,60950.4688542,2,20.2115
ZTF25abxqxhs,60950.5047685,1,20.4469
ZTF25abxqxhs,60952.5056481,1,20.1854
ZTF25abxqxhs,60954.470706,2,19.4436
ZTF25abxqxhs,60954.4898843,1,19.3693
ZTF25abxqxhs,60956.4565046,1,19.0999
ZTF25abxqxhs,60956.5164583,2,19.5069
ZTF25abxqxhs,60958.503125,1,19.5662
ZTF25abxqxhs,60961.4468866,2,19.806
ZTF25abxqxhs,60961.5080208,1,20.0574
ZTF25abxqxhs,60970.4536574,2,20.2538
ZTF25abxqxhs,60970.5178356,1,20.4681
ZTF25abxqxhs,60975.4998958,2,20.4302
ZTF25abxqxhs,60988.5432639,2,19.5985
ZTF25abxqxhs,60992.5425231,2,20.174
ZTF25abxxkod,60950.4990972,1,20.3923
ZTF25abxxkod,60952.494213,1,20.0548
ZTF25abxxkod,60954.4666898,2,19.6027
ZTF25abxxkod,60954.4926968,1,19.4901
ZTF25abxxkod,60956.4687384,1,19.0611
ZTF25abxxkod,60956.5131597,2,19.4925
ZTF25abxxkod,60958.5083102,1,16.5708
ZTF25abxxkod,60961.450706,2,20.0459
ZTF25abxxkod,60961.5174884,1,19.9594
ZTF25abxxkod,60966.4501042,2,20.0345
ZTF25abxxkod,60966.512662,1,20.2137
ZTF25abxxkod,60991.4317708,1,17.3164
ZTF25abxxkod,61014.4541782,1,19.098
ZTF25abxxkod,61016.3656134,1,18.8023
ZTF25abxxkod,61050.4171065,1,19.8267
ZTF25abxxkod,61052.3703472,1,20.204
ZTF25abxxkod,61052.429537,2,19.2492
ZTF25abxxkod,61060.3879514,1,20.6609
ZTF25abxxkod,61065.3085648,1,20.2877
ZTF25abxxkod,61068.3048148,1,19.9406
ZTF25abxxkod,61070.3232523,1,19.2029
ZTF25abxxkod,61072.2761227,2,19.2164
ZTF25abxxkod,61072.433044,1,18.9527
ZTF25abxxkod,61074.42125,1,19.4575
ZTF25abxxkod,61076.1840278,1,19.9108
ZTF25abyevmr,60948.4458681,1,20.4052
ZTF25abyevmr,60948.4909722,2,20.4247
ZTF25abyevmr,60950.3823611,1,20.2654
ZTF25abyevmr,60950.407963,2,20.3245
ZTF25abyevmr,60952.3616782,2,19.5001
ZTF25abyevmr,60952.4684838,1,20.2135
ZTF25abyevmr,60954.4536806,2,19.8174
ZTF25abyevmr,60954.5098727,1,19.7898
ZTF25abyevmr,60956.4224769,1,19.3348
ZTF25abyevmr,60956.4938657,2,19.6532
ZTF25abyevmr,60959.3600926,2,19.5624
ZTF25abyevmr,60959.4083565,1,19.7227
ZTF25abyevmr,60961.3397917,1,19.6447
ZTF25abyevmr,60961.4289931,2,20.2131
ZTF25abyevmr,60966.3429745,1,19.9907
ZTF25abyevmr,60966.4057986,2,20.1006
ZTF25abyevmr,60970.432963,2,17.5332
ZTF25abyevmr,60975.3458449,1,19.9986
ZTF25abyevmr,61006.4528472,1,16.8355
ZTF25abyevmr,61071.1626389,1,18.9201
ZTF25abyojpd,60942.3167708,2,20.3824
ZTF25abyojpd,60942.3581829,1,20.7554
ZTF25abyojpd,60944.3043866,2,20.6191
ZTF25abyojpd,60944.3048495,2,20.5734
ZTF25abyojpd,60949.297963,2,20.5352
ZTF25abyojpd,60949.2984259,2,20.5823
ZTF25abyojpd,60949.3615278,1,20.5988
ZTF25abyojpd,60949.3837963,1,20.6986
ZTF25abyojpd,60951.2766204,2,20.2422
ZTF25abyojpd,60951.4056713,1,20.4587
ZTF25abyojpd,60951.4061343,1,20.5639
ZTF25abyojpd,60951.4498958,2,20.5442
ZTF25abyojpd,60953.2977199,1,19.5397
ZTF25abyojpd,60953.3608796,2,19.8171
ZTF25abyojpd,60957.3562963,1,19.3298
ZTF25abyojpd,60957.4866898,2,15.7528
ZTF25abyojpd,60961.1924537,2,20.3636
ZTF25abyojpd,60961.238912,1,20.6622
ZTF25abyojpd,60965.300625,2,20.5112
ZTF25abyojpd,60965.3662616,1,20.4058
ZTF25abyojpd,60967.2346875,1,20.5937
ZTF25abyojpd,60967.2992361,2,20.5413
ZTF25abyojpd,60969.2766088,2,20.525
ZTF25abyojpd,60982.2137616,1,18.9582
ZTF25abyojpd,60984.394456,1,18.7666
ZTF25abyojpd,60984.4209144,1,18.6267
ZTF25abyojpd,61008.2410995,1,19.997
ZTF25abyojpd,61013.1733912,2,18.7763
ZTF25abyojpd,61013.2229977,1,18.9996
ZTF25abyojpd,61015.1922569,1,19.5817
ZTF25abyojpd,61015.1936806,1,19.5633
ZTF25abyojpd,61015.2957986,2,19.7605
ZTF25abyojpd,61017.1286921,1,20.2357
ZTF25abyojpd,61017.1311343,1,20.2291
ZTF25abyqaky,60942.3177315,2,20.4552
ZTF25abyqaky,60942.4315741,1,20.7082
ZTF25abyqaky,60944.3125463,2,20.4509
ZTF25abyqaky,60944.3823727,1,20.8339
ZTF25abyqaky,60949.3198148,2,20.356
ZTF25abyqaky,60949.4274653,1,20.5474
ZTF25abyqaky,60951.430625,1,20.6012
ZTF25abyqaky,60951.4508333,2,20.5222
ZTF25abyqaky,60953.3417477,1,19.765
ZTF25abyqaky,60953.3635185,2,19.9777
ZTF25abyqaky,60955.2416551,1,19.0908
ZTF25abyqaky,60955.3439352,2,19.4503
ZTF25abyqaky,60957.3580093,1,19.3517
ZTF25abyqaky,60957.4967477,2,19.1046
ZTF25abyqaky,60961.2290972,2,20.5026
ZTF25abyqaky,60961.2598032,1,20.4888
ZTF25abyqaky,60965.3217593,2,20.2994
ZTF25abyqaky,60965.3778241,1,20.2699
ZTF25abyqaky,60967.3058681,2,20.5697
ZTF25abyqaky,60967.4019329,1,20.5225
ZTF25abyqaky,60969.3249074,1,20.5462
ZTF25abyqaky,60991.2384028,1,16.4739
ZTF25abyqaky,61013.1979051,2,17.2261
ZTF25abyqaky,61013.243206,1,18.8587
ZTF25abyqaky,61038.1753009,1,19.2684
ZTF25abzklfa,60968.5415509,2,18.0753
ZTF25abzklfa,60968.5465972,2,17.3198
ZTF25abzklfa,60969.5403935,2,18.6118
ZTF25abzklfa,60969.5452894,2,17.8747
ZTF25abzklfa,60975.5532755,2,17.5114
ZTF25abzklfa,61013.548287,1,18.7861
ZTF25abzklfa,61024.4999653,1,20.4231
ZTF25abzklfa,61066.4643981,2,17.6969
ZTF25abzklfa,61071.4181366,1,19.0147
ZTF25abzklfa,61071.4560764,1,19.487
ZTF25abzklfa,61073.4098958,1,18.9789
ZTF25abzklfa,61073.4671528,2,18.4639
ZTF25abzklfa,61073.4676273,2,18.5487
ZTF25abzklfa,61075.4350231,1,19.2261
ZTF25abzooqy,60943.1356713,1,20.4855
ZTF25abzooqy,60943.2195833,2,20.3867
ZTF25abzooqy,60948.1580787,2,20.4641
ZTF25abzooqy,60948.2403704,1,19.9278
ZTF25abzooqy,60950.1387963,1,20.1067
ZTF25abzooqy,60950.1606134,2,20.4032
ZTF25abzooqy,60953.1574074,2,19.6077
ZTF25abzooqy,60955.1237384,2,19.6788
ZTF25abzooqy,60955.1810417,1,19.015
ZTF25abzooqy,60957.1254051,1,19.7857
ZTF25abzooqy,60957.2134259,2,19.2696
ZTF25abzooqy,60960.1385648,2,20.4179
ZTF25abzooqy,60960.2133796,1,19.8168
ZTF25abzooqy,60965.1143403,2,20.4512
ZTF25abzooqy,60965.2077199,1,19.4804
ZTF25abzooqy,60967.1178125,2,20.0073
ZTF25abzooqy,60967.1759722,1,19.6866
ZTF25abzooqy,60969.1176736,2,20.379
ZTF25abzooqy,60969.1621644,1,20.074
ZTF25abzswyh,60948.4131134,2,19.2959
ZTF25abzswyh,60948.4353241,1,20.5809
ZTF25abzswyh,60950.3769097,1,20.4854
ZTF25abzswyh,60952.3177431,1,19.3401
ZTF25abzswyh,60952.3423264,2,19.7493
ZTF25abzswyh,60954.2905903,1,19.0896
ZTF25abzswyh,60954.3717593,2,19.6737
ZTF25abzswyh,60956.3676736,2,19.3755
ZTF25abzswyh,60956.41,1,19.227
ZTF25abzswyh,60959.3701157,2,19.9626
ZTF25abzswyh,60959.4446296,1,19.8537
ZTF25abzswyh,60961.3438657,1,20.1326
ZTF25abzswyh,60961.4196991,2,20.3735
ZTF25abzswyh,60966.3524537,1,20.1465
ZTF25abzswyh,60966.417037,2,20.266
ZTF25abzswyh,60968.3293634,2,20.5565
ZTF25abzswyh,60971.3332407,1,20.3925
ZTF25abzswyh,61013.1935417,2,18.0659
ZTF25abzswyh,61013.231956,1,18.5794
ZTF25abzswyh,61021.3178588,1,20.3392
ZTF25abzswyh,61023.1995833,2,19.2494
ZTF25abzswyh,61037.3259144,1,19.3932
ZTF25abzswyh,61051.1925694,1,19.8806
ZTF25abzswyh,61053.3235532,1,19.0625
ZTF25abzswyh,61057.2162037,1,19.511
ZTF25abzswyh,61059.2146296,1,20.3533
ZTF25abzswyh,61066.2376968,1,18.1777
ZTF25abzswyh,61069.1091204,1,17.5622
ZTF25abzswyh,61069.1565856,2,16.7315
ZTF25abzswyh,61071.2294329,1,18.8215
ZTF25abzswyh,61073.1403125,1,19.4939
ZTF25abzswyh,61075.1312153,1,20.0127
ZTF25abzswyh,61079.1211111,1,20.1342
ZTF25abzswyh,61080.129456,1,20.3101
ZTF25abztvud,61016.4058912,1,18.8546
ZTF25abztvud,61050.419456,1,19.7871
ZTF25abzudli,60982.5039699,1,18.3769
ZTF25abzudli,60985.5218519,1,19.35
ZTF25abzudli,60987.5599306,2,18.5095
ZTF25abzudli,60988.5506481,2,19.2921
ZTF25abzudli,60991.4826157,1,18.9967
ZTF25abzudli,61005.4160532,1,20.0353
ZTF25abzudli,61006.4171296,2,19.1879
ZTF25abzudli,61007.4094329,1,20.1638
ZTF25abzudli,61009.4590625,1,20.1966
ZTF25abzudli,61010.436794,1,19.857
ZTF25abzudli,61011.4993634,1,20.0562
ZTF25abzudli,61014.3760532,2,18.6299
ZTF25abzudli,61014.4597222,1,18.8804
ZTF25abzudli,61015.4189583,1,19.1115
ZTF25abzudli,61016.4642824,2,19.2874
ZTF25abzudli,61017.433206,1,19.4411
ZTF25abzudli,61021.3980671,1,19.969
ZTF25abzudli,61022.4131134,1,19.7136
ZTF25abzudli,61022.460787,2,20.1465
ZTF25abzudli,61025.3972917,1,20.0798
ZTF25abzudli,61027.4389468,1,20.1528
ZTF25abzudli,61030.4394792,1,20.0393
ZTF25acberoe,60966.5422222,2,17.8984
ZTF25acberoe,60967.5414815,2,18.2342
ZTF25acberoe,60967.5464931,2,17.5023
ZTF25acberoe,60968.5430093,2,18.0545
ZTF25acberoe,60968.5480556,2,17.4537
ZTF25acberoe,60969.5418519,2,18.5509
ZTF25acberoe,60969.5467477,2,17.9084
ZTF25acberoe,60970.5434028,2,18.7022
ZTF25acberoe,60970.548206,2,17.8984
ZTF25acberoe,60971.5454977,2,18.1476
ZTF25acberoe,60971.5484954,2,17.824
ZTF25acberoe,60971.5504051,2,17.375
ZTF25acberoe,60972.5435648,2,18.9814
ZTF25acberoe,60972.5488079,2,18.0789
ZTF25acberoe,60973.5443981,2,18.6653
ZTF25acberoe,60973.5494329,2,18.0649
ZTF25acberoe,60974.544838,2,18.7412
ZTF25acberoe,60974.5467477,2,18.4843
ZTF25acberoe,60974.5499074,2,18.0281
ZTF25acberoe,60974.5518171,2,17.9501
ZTF25acberoe,60975.5427315,2,18.7228
ZTF25acberoe,60975.5452778,2,18.512
ZTF25acberoe,60975.5477199,2,18.2158
ZTF25acberoe,60975.5502778,2,17.7911
ZTF25acberoe,60975.5527315,2,17.4858
ZTF25acberoe,60977.5431713,2,19.1701
ZTF25acberoe,60977.5456713,2,18.7359
ZTF25acberoe,60977.5507292,2,18.1904
ZTF25acberoe,60978.5401505,2,19.6893
ZTF25acberoe,60978.5450463,2,19.1637
ZTF25acberoe,60978.5501042,2,18.6807
ZTF25acberoe,60978.555162,2,18.0139
ZTF25acberoe,60979.5493981,2,18.9708
ZTF25acberoe,60979.5544329,2,18.1344
ZTF25acberoe,60980.5484144,2,18.9117
ZTF25acberoe,60980.5553125,2,17.9792
ZTF25acberoe,60982.5375347,2,18.7051
ZTF25acberoe,60988.4904398,1,18.923
ZTF25acberoe,60991.4861343,1,18.242
ZTF25acberoe,61006.5448032,2,16.951
ZTF25acberoe,61006.5709028,2,17.9783
ZTF25acberoe,61013.4875579,2,18.688
ZTF25acberoe,61013.5253819,1,18.6165
ZTF25acberoe,61013.526331,1,18.8294
ZTF25acberoe,61015.4557639,1,19.3914
ZTF25acberoe,61015.4562269,1,19.2816
ZTF25acberoe,61017.4967593,2,19.6803
ZTF25acberoe,61017.5410185,1,19.4544
ZTF25acberoe,61017.5449537,1,19.7949
ZTF25acberoe,61022.5015741,2,19.8691
ZTF25acberoe,61022.5270255,1,19.9339
ZTF25acberoe,61025.4324537,1,19.9059
ZTF25acberoe,61025.4790394,2,20.0509
ZTF25acberoe,61027.4574306,1,19.8536
ZTF25acberoe,61029.4988657,1,20.6284
ZTF25acberoe,61029.5437731,2,20.5884
ZTF25acberoe,61030.4795486,1,20.4773
ZTF25acberoe,61030.5071759,2,20.4129
ZTF25acberoe,61031.4926157,1,20.1401
ZTF25acberoe,61031.5442014,2,19.1989
ZTF25acberoe,61037.4974537,1,19.5917
ZTF25acberoe,61038.3925579,1,19.5949
ZTF25acberoe,61038.4984491,2,19.9016
ZTF25acberoe,61050.4797338,1,19.2934
ZTF25acberoe,61050.5357755,2,19.1131
ZTF25acberoe,61050.5367245,2,19.0688
ZTF25acberoe,61052.3838194,1,19.8153
ZTF25acberoe,61052.3988542,1,19.6984
ZTF25acberoe,61052.470706,2,19.7196
ZTF25acberoe,61054.4359375,1,20.1704
ZTF25acberoe,61054.4623148,1,20.3446
ZTF25acberoe,61054.5858449,2,18.5011
ZTF25acberoe,61056.404537,1,20.3116
ZTF25acberoe,61056.4360532,2,20.2985
ZTF25acberoe,61056.4416435,2,20.1214
ZTF25acberoe,61056.584919,1,18.3795
ZTF25acberoe,61058.3391435,2,20.0997
ZTF25acberoe,61058.3951968,1,20.3659
ZTF25acberoe,61058.4179051,1,20.2335
ZTF25acberoe,61058.4637269,2,20.0315
ZTF25acberoe,61060.4354977,1,20.5125
ZTF25acberoe,61060.4372569,1,20.4902
ZTF25acberoe,61060.4574306,2,20.4989
ZTF25acberoe,61060.4584259,2,20.474
ZTF25acberoe,61065.3584375,2,20.0759
ZTF25acberoe,61065.358912,2,20.2063
ZTF25acberoe,61065.3942708,1,19.6994
ZTF25acberoe,61065.4132292,1,20.3729
ZTF25acberoe,61069.4631481,2,19.9478
ZTF25acberoe,61069.4636227,2,19.8965
ZTF25acberoe,61069.5102431,1,20.0872
ZTF25acberoe,61069.5270949,1,20.3039
ZTF25acberoe,61071.3378472,2,19.1445
ZTF25acberoe,61071.3746644,2,19.3097
ZTF25acberoe,61071.4503125,1,19.2256
ZTF25acberoe,61071.4517824,1,19.3995
ZTF25acberoe,61073.4003935,1,18.8504
ZTF25acberoe,61073.401331,1,19.1465
ZTF25acberoe,61073.4376505,2,19.1566
ZTF25acberoe,61073.4638542,2,18.2275
ZTF25acberoe,61077.345625,2,19.4236
ZTF25acberoe,61078.4205208,1,18.249
ZTF25acberoe,61078.4445718,1,19.8766
ZTF25acberoe,61079.4357176,2,19.9955
ZTF25acberoe,61079.4405903,1,19.8378
ZTF25acberoe,61079.4585532,1,19.8827
ZTF25acberoe,61080.3853356,1,20.3608
ZTF25acberoe,61085.4426042,1,20.5303
ZTF25acberoe,61086.3557986,1,16.5793
ZTF25acberoe,61086.4246065,2,19.2195
ZTF25acberoe,61094.4197917,1,20.2561
ZTF25acberoe,61094.4202546,1,20.2982
ZTF25acberoe,61095.3633912,1,20.4695
ZTF25acberoe,61095.3657523,1,20.3377
ZTF25acberoe,61095.4303472,2,20.3204
ZTF25acberoe,61096.3993634,1,20.1959
ZTF25acberoe,61096.4231944,1,20.3228
ZTF25acberoe,61096.4628819,2,19.8003
ZTF25acberoe,61096.4638194,2,19.7481
ZTF25acbxwck,60969.5423264,2,18.4412
ZTF25acbxwck,60969.5472106,2,17.7053
ZTF25acbxwck,60970.5438657,2,18.4386
ZTF25acbxwck,60970.548669,2,17.7603
ZTF25acbxwck,60971.5440625,2,18.248
ZTF25acbxwck,60971.5489583,2,17.539
ZTF25acbxwck,60974.5453125,2,18.6583
ZTF25acbxwck,60974.5503819,2,17.8956
ZTF25acbxwck,60975.5438426,2,18.6328
ZTF25acbxwck,60975.5488426,2,17.8294
ZTF25acbxwck,60977.5486806,2,18.3359
ZTF25acbxwck,60977.5537384,2,17.6451
ZTF25acbxwck,60980.5454861,2,19.2623
ZTF25acbxwck,60980.5493634,2,18.764
ZTF25acbxwck,60980.5532639,2,18.236
ZTF25acbxwck,60981.5505556,2,18.7339
ZTF25acbxwck,61006.5438657,2,16.4176
ZTF25acbxwck,61050.4779745,1,19.3041
ZTF25acbxwck,61050.53625,2,19.0131
ZTF25acbxwck,61052.3824074,1,19.7245
ZTF25acbxwck,61065.3947338,1,19.7196
ZTF25acbxwck,61070.368206,1,19.1318
ZTF25acbxwck,61072.3208796,2,18.7016
ZTF25acbxwck,61073.3999306,1,19.0347
ZTF25acbxwck,61073.4425926,2,18.8917
ZTF25acbxwck,61077.3781019,2,19.4245
ZTF25acbxwck,61077.4392593,1,19.5334
ZTF25acbxwck,61078.4455208,1,19.5347
ZTF25acbxwck,61079.4361806,2,19.8348
ZTF25acbxwck,61079.4401157,1,19.7318
ZTF25acbypmg,60951.1404051,1,20.0967
ZTF25acbypmg,60951.1637384,2,20.505
ZTF25acbypmg,60953.1410764,1,19.7712
ZTF25acbypmg,60953.1750926,2,20.1131
ZTF25acbypmg,60955.1777199,1,19.2834
ZTF25acbypmg,60955.2611458,2,19.5339
ZTF25acbypmg,60957.216331,2,19.7249
ZTF25acbypmg,60957.2582407,1,19.1666
ZTF25acbypmg,60960.1635069,2,20.675
ZTF25acbypmg,60960.207419,1,20.4408
ZTF25acbypmg,60965.2139931,1,20.1286
ZTF25acbypmg,60965.2618519,2,19.6994
ZTF25acbypmg,60967.1359954,2,20.2398
ZTF25acbypmg,60967.1797569,1,20.3069
ZTF25acbypmg,60969.1301505,2,20.6306
ZTF25acbypmg,60969.2403241,1,20.1499
ZTF25acbypmg,60972.116088,1,20.3574
ZTF25acbypmg,60972.1808218,2,19.9942
ZTF25acbypmg,60974.1206713,2,20.2349
ZTF25acbypmg,60974.1734838,1,20.3776
ZTF25acbypmg,60976.1154514,2,20.4095
ZTF25acbypmg,60976.1797454,1,19.4984
ZTF25acbypmg,60980.1085417,2,20.2485
ZTF25acbypmg,60982.1018634,2,18.1373
ZTF25acbypmg,60982.1764583,1,18.3835
ZTF25acbypmg,61007.0997801,2,18.1409
ZTF25acbypmg,61011.1346759,1,19.15
ZTF25acbypmg,61013.1143056,1,18.5887
ZTF25acbypmg,61015.0951042,1,19.303
ZTF25acbypmg,61017.0948727,1,19.6054
ZTF25acbypmg,61022.1365278,1,18.7804
ZTF25accgpkr,60991.4913194,1,19.0465
ZTF25accgpkr,61016.4518981,1,19.3617
ZTF25accgpkr,61016.4912963,2,19.0645
ZTF25accgpkr,61020.5326389,1,20.1649
ZTF25accgpkr,61022.5398727,1,20.3738
ZTF25accgpkr,61027.4637269,1,20.219
ZTF25accgpkr,61027.5358218,2,20.1969
ZTF25accgpkr,61027.5473611,2,20.325
ZTF25accgpkr,61030.44625,1,20.6842
ZTF25accgpkr,61030.4753009,1,20.7718
ZTF25acctbaz,60954.2829398,1,19.3197
ZTF25acctbaz,60956.3307523,2,19.5709
ZTF25acctbaz,60956.4034028,1,19.3372
ZTF25acctbaz,60959.3401273,2,19.9367
ZTF25acctbaz,60959.3921875,1,19.9081
ZTF25acctbaz,60961.2954167,1,20.1185
ZTF25acctbaz,60961.3910069,2,20.2588
ZTF25acctbaz,60966.2758333,1,20.1877
ZTF25acctbaz,60966.3919676,2,20.4226
ZTF25acctbaz,60968.2843056,1,20.5044
ZTF25acctbaz,60968.3236458,2,20.4516
ZTF25acctbaz,60970.3244329,1,20.5755
ZTF25acctbaz,60970.3258681,1,19.8521
ZTF25acctbaz,60970.3863657,2,19.5249
ZTF25acctbaz,60970.407419,2,18.295
ZTF25acctbaz,60973.2811806,2,20.5335
ZTF25acctbaz,60973.3463194,1,20.5029
ZTF25acctbaz,60975.3438657,1,20.1944
ZTF25acctbaz,60975.3927431,2,20.1767
ZTF25acctbaz,60977.3427778,2,20.3976
ZTF25acctbaz,60977.4039583,1,20.4027
ZTF25acctbaz,60979.3682755,1,20.7169
ZTF25acctbaz,60979.4011111,2,20.6356
ZTF25acctbaz,60981.3233449,2,20.0634
ZTF25acctbaz,60981.4110532,1,19.9509
ZTF25acctbaz,60983.2013657,1,19.3045
ZTF25acctbaz,60985.2761921,1,19.321
ZTF25acctbaz,60985.4014583,1,19.3131
ZTF25acctbaz,60987.1496991,1,19.4232
ZTF25acctbaz,60987.3596644,2,19.9488
ZTF25acctbaz,61016.1304398,1,19.0637
ZTF25acctbaz,61037.3638657,1,19.7215
ZTF25acctbaz,61037.3667245,1,19.7872
ZTF25acctbaz,61049.1841435,1,19.9511
ZTF25acctbaz,61049.1975463,1,20.0481
ZTF25acctbaz,61051.1983681,1,19.7975
ZTF25acctbaz,61051.2401157,1,19.7379
ZTF25acctbaz,61053.2865278,1,19.6653
ZTF25acctbaz,61053.2875116,1,19.6614
ZTF25acctbaz,61055.2118403,1,20.0396
ZTF25acctbaz,61057.2211111,1,19.6371
ZTF25acctbaz,61057.2807755,1,19.6424
ZTF25acctbaz,61059.3252778,1,20.3126
ZTF25acctbaz,61061.1725231,2,18.9889
ZTF25acctbaz,61061.2264468,1,20.5556
ZTF25acctbaz,61061.2433912,1,20.3156
ZTF25acctbaz,61066.1121412,1,17.2086
ZTF25acctbaz,61067.1545602,1,19.875
ZTF25acctbaz,61070.1408796,1,18.9577
ZTF25acctbaz,61070.1700579,2,18.9924
ZTF25acctbaz,61071.1362037,1,18.9489
ZTF25acctbaz,61072.140162,1,19.091
ZTF25acctbaz,61072.174919,2,19.1368
ZTF25acctbaz,61073.1853819,2,19.7038
ZTF25acctbaz,61073.2819213,1,19.2158
ZTF25acctbaz,61074.2213889,1,19.4708
ZTF25acctbaz,61075.1625579,1,19.6004
ZTF25acdceqb,60972.4912616,1,20.1037
ZTF25acdceqb,60972.5248843,2,20.3135
ZTF25acdceqb,60975.4964583,2,19.9199
ZTF25acdceqb,60977.4948148,2,19.6555
ZTF25acdceqb,60977.5134375,1,20.0273
ZTF25acdceqb,60979.4724769,2,19.9482
ZTF25acdceqb,60979.524375,1,20.2945
ZTF25acdceqb,60984.4762384,1,18.9546
ZTF25acdceqb,60984.540463,1,18.9812
ZTF25acdceqb,60985.4737269,1,19.2247
ZTF25acdceqb,61068.3255903,2,19.8427
ZTF25acdceqb,61070.3885185,1,19.4205
ZTF25acerukf,60976.2088426,1,20.157
ZTF25acerukf,60976.3253125,2,19.8378
ZTF25acerukf,60978.1851273,2,20.2893
ZTF25acerukf,60978.2741319,1,20.0364
ZTF25acerukf,60982.1691782,1,17.9729
ZTF25acerukf,60984.186169,1,19.2486
ZTF25acerukf,60984.262581,1,19.0217
ZTF25acerukf,60986.1217014,1,19.6951
ZTF25acerukf,60986.1719097,2,19.8106
ZTF25acerukf,60987.0984722,2,20.3898
ZTF25acerukf,60987.1164352,1,20.2509
ZTF25acerukf,60989.0959375,2,20.1464
ZTF25acerukf,60989.1326273,1,20.3932
ZTF25acerukf,60992.1704977,2,20.3557
ZTF25acerukf,60992.2144329,1,18.7409
ZTF25acerukf,61003.1076505,1,20.3343
ZTF25acerukf,61013.2577431,1,17.2978
ZTF25acerukf,61032.1310417,2,15.7597
ZTF25acerukf,61038.185544,1,18.2666
ZTF25acerukf,61052.1097685,1,19.3093
